"group","MIU_VALVE","date","flux_start","flux_end","TIMESTAMP","n","CH4_slope_ppm_per_day","CO2_slope_ppm_per_day","N2O_slope_ppm_per_day","CH4_R2","CO2_R2","N2O_R2","CH4_p","CO2_p","N2O_p","CH4_rmse","CO2_rmse","N2O_rmse","CH4_init","CO2_init","N2O_init","CH4_max","CO2_max","N2O_max","CH4_min","CO2_min","N2O_min","Flag","Flag_CO2_slope","Flag_N2O_slope","Flag_CH4_slope"
1,10,2025-05-12,2025-05-12 12:30:30,2025-05-12 12:34:10,2025-05-12 12:27:00,23,0.226313359683531,-7967.30769960476,-1.0964595608738e-26,0.651948419254402,0.98863247169436,0.488397418019493,3.20786965545659e-06,6.64387344013295e-22,0.141771642814615,0.0001269515403215,0.655903234505585,2.52683869263215e-29,2.0344,405.288,1.207849e-13,2.034934,405.288,1.207849e-13,2.034157,384.426,1.207849e-13,"No issues","No issues","No issues","No issues"
2,20,2025-05-12,2025-05-12 12:37:50,2025-05-12 12:41:30,2025-05-12 12:34:20,23,0.201204426877327,-13007.8213754941,-1.0964595608738e-26,0.699038883958772,0.995352320043896,0.488397418019493,6.7602209618878e-07,5.52797279553054e-26,0.141771642814615,0.00010135721173236,0.682412307694823,2.52683869263215e-29,2.035743,402.5683,1.207849e-13,2.036438,402.5683,1.207849e-13,2.035633,370.1475,1.207849e-13,"No issues","No issues","No issues","No issues"
3,30,2025-05-12,2025-05-12 12:45:10,2025-05-12 12:48:50,2025-05-12 12:41:40,23,-0.515104505928723,-49.7278102767275,-1.0964595608738e-26,0.862886677835199,0.00406768180270395,0.488397418019493,1.59980411863057e-10,0.772499246060003,0.141771642814615,0.00015764162011295,0.597383685789776,2.52683869263215e-29,2.036542,418.5336,1.207849e-13,2.03661,419.4443,1.207849e-13,2.035136,417.1328,1.207849e-13,"No issues","No issues","No issues","No issues"
4,40,2025-05-12,2025-05-12 12:52:30,2025-05-12 12:56:10,2025-05-12 12:49:00,23,-0.0782381027668529,-10516.3766324111,-1.0964595608738e-26,0.12049117335899,0.993665781157572,0.488397418019493,0.104631032029055,1.42790364219399e-24,0.141771642814615,0.00016228313565986,0.644621953641775,2.52683869263215e-29,2.029805,401.203,1.207849e-13,2.030107,401.203,1.207849e-13,2.029472,376.5474,1.207849e-13,"No issues","No issues","No issues","No issues"
5,50,2025-05-12,2025-05-12 12:59:50,2025-05-12 13:03:30,2025-05-12 12:56:20,23,-0.768405059288516,1509.5002055336,-1.0964595608738e-26,0.599447403126772,0.420061493516162,0.488397418019493,1.45491394804863e-05,0.00082474373075626,0.141771642814615,0.00048223313232075,1.36169646200927,2.52683869263215e-29,2.024626,421.8285,1.207849e-13,2.025446,426.3093,1.207849e-13,2.022421,420.3215,1.207849e-13,"No issues","No issues","No issues","No issues"
6,60,2025-05-12,2025-05-12 13:07:10,2025-05-12 13:10:50,2025-05-12 13:03:40,23,-0.0825922529644591,140.054229249024,-1.0964595608738e-26,0.0407111692448694,0.0214969339805111,0.488397418019493,0.355883323111474,0.504410438487202,0.141771642814615,0.00030780085005177,0.725440265958346,2.52683869263215e-29,2.007783,428.5084,1.207849e-13,2.00878,430.3718,1.207849e-13,2.007701,427.1637,1.207849e-13,"No issues","No issues","No issues","No issues"
7,70,2025-05-12,2025-05-12 13:14:30,2025-05-12 13:18:10,2025-05-12 13:11:00,23,0.426655494071101,-5342.69084584981,-1.0964595608738e-26,0.77322195754892,0.933540351940223,0.488397418019493,3.31081085083892e-08,7.69343101271996e-14,0.141771642814615,0.00017739376451439,1.09442274783383,2.52683869263215e-29,2.006671,416.7735,1.207849e-13,2.008157,416.7735,1.207849e-13,2.006665,400.9707,1.207849e-13,"No issues","No issues","No issues","No issues"
9,90,2025-05-12,2025-05-12 13:42:40,2025-05-12 13:46:20,2025-05-12 13:39:10,23,10.0321498814229,-2260.59709090915,-1.0964595608738e-26,0.180858455239261,0.128489525232954,0.488397418019493,0.0430716741886768,0.0930421387877062,0.141771642814615,0.0163914236658042,4.51999759360517,2.52683869263215e-29,2.008118,422.3737,1.207849e-13,2.049453,426.908,1.207849e-13,2.007667,409.3378,1.207849e-13,"No issues","No issues","No issues","No issues"
10,100,2025-05-12,2025-05-12 13:50:00,2025-05-12 13:53:40,2025-05-12 13:46:30,23,-0.410750039525888,141.902608695598,-1.0964595608738e-26,0.843154055824634,0.0282113709086654,0.488397418019493,6.6332734381761e-10,0.44363747231766,0.141771642814615,0.00013601079821641,0.639406116453379,2.52683869263215e-29,2.008674,430.2279,1.207849e-13,2.008963,432.7857,1.207849e-13,2.007699,430.2279,1.207849e-13,"No issues","No issues","No issues","No issues"
11,110,2025-05-12,2025-05-12 13:57:20,2025-05-12 14:01:00,2025-05-12 13:53:50,23,-1.23097802371548,-7.53609486171121,-1.0964595608738e-26,0.7267837888327,0.00010051638272339,0.488397418019493,2.40671723924064e-07,0.963787234906761,0.141771642814615,0.00057944672397805,0.577056980236072,2.52683869263215e-29,2.003599,431.1944,1.207849e-13,2.00363,431.9046,1.207849e-13,1.999579,429.9997,1.207849e-13,"No issues","No issues","No issues","No issues"
12,120,2025-05-12,2025-05-12 14:04:40,2025-05-12 14:08:20,2025-05-12 14:01:10,23,-0.527876679842081,974.463083003998,-1.0964595608738e-26,0.778732977576071,0.313275478792946,0.488397418019493,2.54900465193445e-08,0.00548395524381611,0.141771642814615,0.00021602754728451,1.107658954953,2.52683869263215e-29,1.998144,429.1672,1.207849e-13,1.998144,432.4953,1.207849e-13,1.996427,427.1616,1.207849e-13,"No issues","No issues","No issues","No issues"
13,130,2025-05-12,2025-05-12 14:12:00,2025-05-12 14:15:40,2025-05-12 14:08:30,23,0.212098339920663,-15076.5950988142,-1.0964595608738e-26,0.660152532945871,0.997989889626858,0.488397418019493,2.48343618915233e-06,8.31515013158581e-30,0.141771642814615,0.00011683413211431,0.519472723819288,2.52683869263215e-29,1.997209,406.4254,1.207849e-13,1.997679,406.4254,1.207849e-13,1.996983,368.328,1.207849e-13,"No issues","No issues","No issues","No issues"
14,140,2025-05-12,2025-05-12 14:19:20,2025-05-12 14:23:00,2025-05-12 14:15:50,23,0.166345612648052,956.503494071145,-1.0964595608738e-26,0.521780710328932,0.779936651171748,0.488397418019493,9.93216968278143e-05,2.40545093891098e-08,0.141771642814615,0.00012226255909397,0.390070718855504,2.52683869263215e-29,1.993831,432.9263,1.207849e-13,1.994563,435.7638,1.207849e-13,1.993831,432.9263,1.207849e-13,"No issues","No issues","No issues","No issues"
15,150,2025-05-12,2025-05-12 14:26:40,2025-05-12 14:30:20,2025-05-12 14:23:10,23,0.111440632410884,-9766.25217391303,-1.0964595608738e-26,0.235870409287057,0.963420558260014,0.488397418019493,0.0188054934067995,1.43558604893342e-16,0.141771642814615,0.00015399369593046,1.46100301320644,2.52683869263215e-29,1.99076,398.6336,1.207849e-13,1.991361,398.6336,1.207849e-13,1.990666,371.254,1.207849e-13,"No issues","No issues","No issues","No issues"
16,160,2025-05-12,2025-05-12 14:34:00,2025-05-12 14:37:40,2025-05-12 14:30:30,23,0.355213280632348,-13668.076173913,-1.0964595608738e-26,0.79616085808752,0.995988562842202,0.488397418019493,1.06650610185136e-08,1.17790135452981e-26,0.141771642814615,0.00013798922341117,0.665951815346949,2.52683869263215e-29,1.990319,405.5519,1.207849e-13,1.991447,405.5519,1.207849e-13,1.990319,369.8403,1.207849e-13,"No issues","No issues","No issues","No issues"
17,170,2025-05-12,2025-05-12 14:41:20,2025-05-12 14:45:00,2025-05-12 14:37:50,23,0.277180079051429,358.486577075081,-1.0964595608738e-26,0.756169191447018,0.475359140013673,0.488397418019493,7.15939976348525e-08,0.00027338036972507,0.141771642814615,0.00012083963644027,0.289138301753355,2.52683869263215e-29,1.989897,433.7988,1.207849e-13,1.991019,435.0542,1.207849e-13,1.989897,433.2081,1.207849e-13,"No issues","No issues","No issues","No issues"
18,180,2025-05-12,2025-05-12 14:48:40,2025-05-12 14:52:20,2025-05-12 14:45:10,23,0.377649960474186,-12949.8505612649,-1.0964595608738e-26,0.902567427916026,0.997835484231576,0.488397418019493,4.33809415072158e-12,1.80875474785629e-29,0.141771642814615,9.52608154451485e-05,0.463050393468424,2.52683869263215e-29,1.990383,404.7771,1.207849e-13,1.991309,404.7771,1.207849e-13,1.990346,371.5015,1.207849e-13,"No issues","No issues","No issues","No issues"
19,190,2025-05-12,2025-05-12 14:56:00,2025-05-12 14:59:40,2025-05-12 14:52:30,23,0.963957628458382,-8882.4228616601,-1.0964595608738e-26,0.978179243714241,0.993775963470503,0.488397418019493,6.28297824852596e-19,1.18756435558143e-24,0.141771642814615,0.00011053408438871,0.539679426959573,2.52683869263215e-29,1.992198,415.4531,1.207849e-13,1.994765,415.4531,1.207849e-13,1.992198,392.0374,1.207849e-13,"No issues","No issues","No issues","No issues"
20,200,2025-05-12,2025-05-12 15:03:20,2025-05-12 15:07:00,2025-05-12 14:59:50,23,0.357612332015705,854.088758893287,-1.0964595608738e-26,0.00466807807182755,0.00386030164368214,0.488397418019493,0.756746170671806,0.778229901354328,0.141771642814615,0.004009036345038,10.5333157963847,2.52683869263215e-29,1.991334,433.14,1.207849e-13,2.006016,470.3685,1.207849e-13,1.990933,431.9669,1.207849e-13,"No issues","No issues","No issues","No issues"
21,210,2025-05-12,2025-05-12 15:10:40,2025-05-12 15:14:20,2025-05-12 15:07:10,23,0.0887222134387226,164.883984189707,-1.0964595608738e-26,0.253842536486031,0.0653746195309384,0.488397418019493,0.0142401243412489,0.238980707589728,0.141771642814615,0.0001167825645493,0.478635896849449,2.52683869263215e-29,1.992761,434.1029,1.207849e-13,1.99333,435.5365,1.207849e-13,1.992718,433.6943,1.207849e-13,"No issues","No issues","No issues","No issues"
22,220,2025-05-12,2025-05-12 15:18:00,2025-05-12 15:21:40,2025-05-12 15:14:30,23,0.130035415019531,-15079.5729960475,-1.0964595608738e-26,0.440467117667721,0.994727816323364,0.488397418019493,0.00055507843083138,2.07783290626563e-25,0.141771642814615,0.00011252015056969,0.842839293619206,2.52683869263215e-29,1.991916,405.8246,1.207849e-13,1.992484,405.8246,1.207849e-13,1.991916,366.9066,1.207849e-13,"No issues","No issues","No issues","No issues"
23,230,2025-05-12,2025-05-12 15:25:20,2025-05-12 15:29:00,2025-05-12 15:21:50,23,0.0429182608695261,406.634940711469,-1.0964595608738e-26,0.0204433969651876,0.0570728935877014,0.488397418019493,0.515157925091273,0.272282708701388,0.141771642814615,0.00022808301663293,1.26894092300699,2.52683869263215e-29,1.990932,428.0303,1.207849e-13,1.991739,431.9614,1.207849e-13,1.990723,426.8295,1.207849e-13,"No issues","No issues","No issues","No issues"
24,240,2025-05-12,2025-05-12 15:32:40,2025-05-12 15:36:20,2025-05-12 15:29:10,23,0.0707079841899605,-706.553928853813,-1.0964595608738e-26,0.147614191879081,0.540386549455336,0.488397418019493,0.0702909791796709,6.44978169354689e-05,0.141771642814615,0.00013044730177074,0.500267178912677,2.52683869263215e-29,1.990643,430.0662,1.207849e-13,1.990993,431.1833,1.207849e-13,1.990396,428.2838,1.207849e-13,"No issues","No issues","No issues","No issues"
25,10,2025-05-12,2025-05-12 15:40:00,2025-05-12 15:43:40,2025-05-12 15:36:30,23,0.147008063241058,-8167.54396837946,-1.0964595608738e-26,0.549573619682568,0.990963293844244,0.488397418019493,5.17983701634034e-05,5.96441779040315e-23,0.141771642814615,0.00010217689992271,0.598798044130264,2.52683869263215e-29,1.991136,407.0094,1.207849e-13,1.991719,407.0094,1.207849e-13,1.991136,386.873,1.207849e-13,"No issues","No issues","No issues","No issues"
26,20,2025-05-12,2025-05-12 15:47:20,2025-05-12 15:51:00,2025-05-12 15:43:50,23,0.0955949407114413,-8528.03857707509,-1.0964595608738e-26,0.215804857277949,0.992586013811254,0.488397418019493,0.025532049261471,7.45900317019205e-24,0.141771642814615,0.00013990362587048,0.56585292168327,2.52683869263215e-29,1.991567,411.9678,1.207849e-13,1.991921,411.9678,1.207849e-13,1.991298,391.2804,1.207849e-13,"No issues","No issues","No issues","No issues"
27,30,2025-05-12,2025-05-12 15:54:40,2025-05-12 15:58:20,2025-05-12 15:51:10,23,0.161009644268719,20.8956521739209,-1.0964595608738e-26,0.560265787763641,0.00089789364256663,0.488397418019493,3.99162488571907e-05,0.892040674403816,0.141771642814615,0.00010951221485266,0.535132115045367,2.52683869263215e-29,1.991627,429.5835,1.207849e-13,1.992031,431.3354,1.207849e-13,1.991411,428.7359,1.207849e-13,"No issues","No issues","No issues","No issues"
28,40,2025-05-12,2025-05-12 16:02:00,2025-05-12 16:05:40,2025-05-12 15:58:30,23,0.199693280632366,-6681.82169169964,-1.0964595608738e-26,0.595138010570449,0.989949300037479,0.488397418019493,1.63305147790786e-05,1.82274298611626e-22,0.141771642814615,0.00012645054501026,0.516891220430334,2.52683869263215e-29,1.991979,416.8295,1.207849e-13,1.992755,416.8295,1.207849e-13,1.991979,399.7509,1.207849e-13,"No issues","No issues","No issues","No issues"
29,50,2025-05-12,2025-05-12 16:09:20,2025-05-12 16:13:00,2025-05-12 16:05:50,23,0.15399177865604,-0.580553359639773,-1.0964595608738e-26,0.419084149453347,7.90257746721287e-07,0.488397418019493,0.00084027130863955,0.9967880795598,0.141771642814615,0.0001391925934209,0.501383671142415,2.52683869263215e-29,1.991411,431.6085,1.207849e-13,1.992067,432.0058,1.207849e-13,1.99127,430.1347,1.207849e-13,"No issues","No issues","No issues","No issues"
30,60,2025-05-12,2025-05-12 16:16:40,2025-05-12 16:20:20,2025-05-12 16:13:10,23,0.233783715415055,37.1921264821818,-1.0964595608738e-26,0.731075987513635,0.00383301120090859,0.488397418019493,2.03273866992879e-07,0.778996238649624,0.141771642814615,0.00010885800819304,0.46031977752045,2.52683869263215e-29,1.991657,433.5984,1.207849e-13,1.992196,434.168,1.207849e-13,1.991389,432.0557,1.207849e-13,"No issues","No issues","No issues","No issues"
31,70,2025-05-12,2025-05-12 16:24:00,2025-05-12 16:27:40,2025-05-12 16:20:30,23,0.539342608695617,-6793.88727272725,-1.0964595608738e-26,0.890040904011416,0.99500791132266,0.488397418019493,1.55445911282084e-11,1.17116556351906e-25,0.141771642814615,0.00014554186121129,0.369452671357942,2.52683869263215e-29,1.99283,416.6597,1.207849e-13,1.994587,416.6597,1.207849e-13,1.99283,399.3469,1.207849e-13,"No issues","No issues","No issues","No issues"
32,80,2025-05-12,2025-05-12 16:31:20,2025-05-12 16:35:00,2025-05-12 16:27:50,23,0.0585163636361484,701.889865612641,-1.0964595608738e-26,0.107253084362174,0.479342152594122,0.488397418019493,0.127147083328361,0.00025146543855457,0.141771642814615,0.00012961319309669,0.561610172870938,2.52683869263215e-29,1.992151,425.8152,1.207849e-13,1.992561,428.7334,1.207849e-13,1.992024,425.8152,1.207849e-13,"No issues","No issues","No issues","No issues"
33,90,2025-05-12,2025-05-12 16:38:40,2025-05-12 16:42:20,2025-05-12 16:35:10,23,-0.171715731225199,19.0865454544946,-1.0964595608738e-26,0.467278387525073,0.00068226053785552,0.488397418019493,0.00032331228903821,0.905828618728199,0.141771642814615,0.00014076185785662,0.560811097485653,2.52683869263215e-29,1.991787,432.1545,1.207849e-13,1.992019,433.4402,1.207849e-13,1.991268,431.5374,1.207849e-13,"No issues","No issues","No issues","No issues"
34,100,2025-05-12,2025-05-12 16:46:00,2025-05-12 16:49:40,2025-05-12 16:42:30,23,0.0698200790516742,406.495778656144,-1.0964595608738e-26,0.142389073065714,0.500840922681959,0.488397418019493,0.07588908985607,0.00015851781638065,0.141771642814615,0.00013155269619009,0.311557506117347,2.52683869263215e-29,1.991375,433.9995,1.207849e-13,1.991799,435.3221,1.207849e-13,1.991172,433.682,1.207849e-13,"No issues","No issues","No issues","No issues"
35,110,2025-05-12,2025-05-12 16:53:20,2025-05-12 16:57:00,2025-05-12 16:49:50,23,-0.0926494861659838,423.506845849809,-1.0964595608738e-26,0.150361109545049,0.0276924387862981,0.488397418019493,0.0675141909749113,0.447920952840048,0.141771642814615,0.00016908498429103,1.92661199593131,2.52683869263215e-29,1.991578,436.9584,1.207849e-13,1.991965,439.7727,1.207849e-13,1.991141,432.9115,1.207849e-13,"No issues","No issues","No issues","No issues"
36,120,2025-05-12,2025-05-12 17:00:40,2025-05-12 17:04:20,2025-05-12 16:57:10,23,0.057295494070931,909.027889328054,-1.0964595608738e-26,0.126346409552357,0.251070479844391,0.488397418019493,0.0960135383230792,0.0148683786107679,0.141771642814615,0.00011567013571931,1.20534800067817,2.52683869263215e-29,1.992242,432.3472,1.207849e-13,1.992386,437.1295,1.207849e-13,1.99189,432.271,1.207849e-13,"No issues","No issues","No issues","No issues"
37,130,2025-05-12,2025-05-12 17:08:00,2025-05-12 17:11:40,2025-05-12 17:04:30,23,0.261829565217213,-550.809391304351,-1.0964595608738e-26,0.802177538874634,0.571764691794371,0.488397418019493,7.76018989601634e-09,2.99570473128024e-05,0.141771642814615,9.98237387998277e-05,0.365970855989703,2.52683869263215e-29,1.992477,436.1478,1.207849e-13,1.993181,436.3984,1.207849e-13,1.99243,434.2974,1.207849e-13,"No issues","No issues","No issues","No issues"
38,140,2025-05-12,2025-05-12 17:15:20,2025-05-12 17:19:00,2025-05-12 17:11:50,23,0.221907984189675,569.200126482157,-1.0964595608738e-26,0.674946773856393,0.575122712450998,0.488397418019493,1.54117772392713e-06,2.75104426078729e-05,0.141771642814615,0.00011823008492603,0.375603025758969,2.52683869263215e-29,1.994313,435.7462,1.207849e-13,1.994913,437.0035,1.207849e-13,1.994071,434.6938,1.207849e-13,"No issues","No issues","No issues","No issues"
39,150,2025-05-12,2025-05-12 17:22:40,2025-05-12 17:26:20,2025-05-12 17:19:10,23,0.203287588932686,150.374418972368,-1.0964595608738e-26,0.661287994172842,0.0578594502492467,0.488397418019493,2.39587076822801e-06,0.268904380160796,0.141771642814615,0.00011169749593447,0.465861965568822,2.52683869263215e-29,1.994738,435.9016,1.207849e-13,1.995421,437.1649,1.207849e-13,1.994738,434.6049,1.207849e-13,"No issues","No issues","No issues","No issues"
40,160,2025-05-12,2025-05-12 17:30:00,2025-05-12 17:33:40,2025-05-12 17:26:30,23,0.203893754940746,11.7109565217441,-1.0964595608738e-26,0.69171122911893,0.0004149690070299,0.488397418019493,8.7434315879994e-07,0.926494666534746,0.141771642814615,0.00010450401107771,0.441272644636547,2.52683869263215e-29,1.995511,437.2607,1.207849e-13,1.996256,438.3395,1.207849e-13,1.995511,436.7567,1.207849e-13,"No issues","No issues","No issues","No issues"
41,170,2025-05-12,2025-05-12 17:37:20,2025-05-12 17:41:00,2025-05-12 17:33:50,23,0.0500385770751252,662.856189723334,-1.0964595608738e-26,0.148299293125993,0.626436504355048,0.488397418019493,0.0695880260626956,6.86100865603918e-06,0.141771642814615,9.20643540752302e-05,0.392984660229072,2.52683869263215e-29,1.995741,436.3764,1.207849e-13,1.996117,437.9862,1.207849e-13,1.995648,435.4193,1.207849e-13,"No issues","No issues","No issues","No issues"
42,180,2025-05-12,2025-05-12 17:44:40,2025-05-12 17:48:20,2025-05-12 17:41:10,23,0.167207905138249,528.622007905133,-1.0964595608738e-26,0.452100991654183,0.552426681622839,0.488397418019493,0.00044033046491871,4.83470066592565e-05,0.141771642814615,0.00014131944689776,0.365302468440349,2.52683869263215e-29,1.995326,434.7781,1.207849e-13,1.995846,437.001,1.207849e-13,1.995174,434.7781,1.207849e-13,"No issues","No issues","No issues","No issues"
43,190,2025-05-12,2025-05-12 17:52:00,2025-05-12 17:55:40,2025-05-12 17:48:30,23,0.792873675889266,474.95326482212,-1.0964595608738e-26,0.968418268238591,0.355983680802785,0.488397418019493,3.062628049753e-17,0.00265387550911482,0.141771642814615,0.00010992667160939,0.490452400697178,2.52683869263215e-29,1.995573,433.3544,1.207849e-13,1.99776,436.0654,1.207849e-13,1.995573,433.3544,1.207849e-13,"No issues","No issues","No issues","No issues"
44,200,2025-05-12,2025-05-12 17:59:20,2025-05-12 18:03:00,2025-05-12 17:55:50,23,0.0597969960473529,-537.758893280619,-1.0964595608738e-26,0.0701361654548659,0.207504200357388,0.488397418019493,0.222004984191453,0.0289377892439245,0.141771642814615,0.00016715933416078,0.806835940307887,2.52683869263215e-29,1.994982,435.0967,1.207849e-13,1.9953,437.1662,1.207849e-13,1.994703,433.7977,1.207849e-13,"No issues","No issues","No issues","No issues"
45,210,2025-05-12,2025-05-12 18:06:40,2025-05-12 18:10:20,2025-05-12 18:03:10,23,0.0719544664029516,507.954308300393,-1.0964595608738e-26,0.195713065347141,0.682877266792194,0.488397418019493,0.0345317121984933,1.18298597426587e-06,0.141771642814615,0.00011198657181433,0.265753874142682,2.52683869263215e-29,1.995308,435.9862,1.207849e-13,1.995533,437.5573,1.207849e-13,1.995032,435.681,1.207849e-13,"No issues","No issues","No issues","No issues"
46,220,2025-05-12,2025-05-12 18:14:00,2025-05-12 18:17:40,2025-05-12 18:10:30,23,0.237881739130269,1894.95007114621,-1.0964595608738e-26,0.732919168162074,0.852338168240081,0.488397418019493,1.88900630353663e-07,3.50312508865295e-10,0.141771642814615,0.00011024706100967,0.60553398794943,2.52683869263215e-29,1.995694,436.76,1.207849e-13,1.996265,441.6995,1.207849e-13,1.99538,436.7343,1.207849e-13,"No issues","No issues","No issues","No issues"
47,230,2025-05-12,2025-05-12 18:21:20,2025-05-12 18:25:00,2025-05-12 18:17:50,23,0.0894137549407593,-374.65840316207,-1.0964595608738e-26,0.0686882736480412,0.0146277982829865,0.488397418019493,0.227017773353543,0.58251680248609,0.141771642814615,0.00025276862398788,2.36079754717168,2.52683869263215e-29,1.994902,444.3488,1.207849e-13,1.995836,445.6618,1.207849e-13,1.994902,436.5465,1.207849e-13,"No issues","No issues","No issues","No issues"
48,240,2025-05-12,2025-05-12 18:28:40,2025-05-12 18:32:20,2025-05-12 18:25:10,23,0.117502292490009,-1513.36771541501,-1.0964595608738e-26,0.168368359170884,0.126992226825235,0.488397418019493,0.0518056891499373,0.0951081705087365,0.141771642814615,0.00020049068426852,3.04633420377191,2.52683869263215e-29,1.996196,436.6287,1.207849e-13,1.996585,445.1661,1.207849e-13,1.995677,433.5845,1.207849e-13,"No issues","No issues","No issues","No issues"
49,10,2025-05-12,2025-05-12 18:36:00,2025-05-12 18:39:40,2025-05-12 18:32:30,23,0.105737549407223,2486.01059288529,-1.0964595608738e-26,0.342537844940749,0.968704910741148,0.488397418019493,0.00334891770609314,2.78264876747113e-17,0.141771642814615,0.00011246643672638,0.343050389856444,2.52683869263215e-29,1.99652,441.0085,1.207849e-13,1.996962,447.5473,1.207849e-13,1.996416,441.0085,1.207849e-13,"No issues","No issues","No issues","No issues"
50,20,2025-05-12,2025-05-12 18:43:20,2025-05-12 18:47:00,2025-05-12 18:39:50,23,0.107846324110813,2226.73546245059,-1.0964595608738e-26,0.317990626145935,0.946264693981744,0.488397418019493,0.00507082084824341,8.20949900963667e-15,0.141771642814615,0.00012125675890858,0.407384748867895,2.52683869263215e-29,1.996965,442.0229,1.207849e-13,1.997346,447.9295,1.207849e-13,1.996859,441.9739,1.207849e-13,"No issues","No issues","No issues","No issues"
51,30,2025-05-12,2025-05-12 18:50:40,2025-05-12 18:54:20,2025-05-12 18:47:10,23,0.0597286956518714,436.483067193729,-1.0964595608738e-26,0.154252480821524,0.274026263102116,0.488397418019493,0.0637651343512056,0.0103644329246949,0.141771642814615,0.00010737419332097,0.545436700828165,2.52683869263215e-29,1.997451,439.0764,1.207849e-13,1.997608,440.7947,1.207849e-13,1.997095,437.8033,1.207849e-13,"No issues","No issues","No issues","No issues"
52,40,2025-05-12,2025-05-12 18:58:00,2025-05-12 19:01:40,2025-05-12 18:54:30,23,0.233963003952411,2433.82482213439,-1.0964595608738e-26,0.750682168063764,0.938917714327874,0.488397418019493,9.07332239291276e-08,3.16401265348359e-14,0.141771642814615,0.00010351622016077,0.476590943474193,2.52683869263215e-29,1.997946,441.9785,1.207849e-13,1.998822,449.7494,1.207849e-13,1.997946,441.9785,1.207849e-13,"No issues","No issues","No issues","No issues"
53,50,2025-05-12,2025-05-12 19:05:20,2025-05-12 19:09:00,2025-05-12 19:01:50,23,0.0348246640314906,834.86390513831,-1.0964595608738e-26,0.0364311203251042,0.608205330872426,0.488397418019493,0.382995422800942,1.1462532448807e-05,0.141771642814615,0.00013750061803675,0.514437277080279,2.52683869263215e-29,1.998746,438.6728,1.207849e-13,1.998983,440.5971,1.207849e-13,1.998457,437.132,1.207849e-13,"No issues","No issues","No issues","No issues"
54,60,2025-05-12,2025-05-12 19:12:40,2025-05-12 19:16:20,2025-05-12 19:09:10,23,0.0951168379445805,566.032695652154,-1.0964595608738e-26,0.228494119550396,0.438325599845173,0.488397418019493,0.021054176559745,0.00057897860064411,0.141771642814615,0.0001341844240514,0.49192399942453,2.52683869263215e-29,1.999423,439.0063,1.207849e-13,1.999868,441.0401,1.207849e-13,1.999354,438.7886,1.207849e-13,"No issues","No issues","No issues","No issues"
55,70,2025-05-12,2025-05-12 19:20:00,2025-05-12 19:23:40,2025-05-12 19:16:30,23,0.265227509881296,3697.67582608696,-1.0964595608738e-26,0.746325557299896,0.973459740019128,0.488397418019493,1.09115821596015e-07,4.92032821213574e-18,0.141771642814615,0.0001187149363939,0.468743241292167,2.52683869263215e-29,1.999818,446.6794,1.207849e-13,2.000796,457.1978,1.207849e-13,1.999818,446.6794,1.207849e-13,"No issues","No issues","No issues","No issues"
56,80,2025-05-12,2025-05-12 19:27:20,2025-05-12 19:31:00,2025-05-12 19:23:50,23,-0.0110817391305244,732.292932806299,-1.0964595608738e-26,0.0052222971124562,0.064309316455035,0.488397418019493,0.743157719892492,0.242978432744785,0.141771642814615,0.00011742288625089,2.14450293306782,2.52683869263215e-29,1.999621,447.6041,1.207849e-13,1.999989,450.2782,1.207849e-13,1.99953,440.9954,1.207849e-13,"No issues","No issues","No issues","No issues"
57,90,2025-05-12,2025-05-12 19:34:40,2025-05-12 19:38:20,2025-05-12 19:31:10,23,-0.205140237154237,1582.09754940711,-1.0964595608738e-26,0.535875377689648,0.228908699091346,0.488397418019493,7.17218600821388e-05,0.0209213026606708,0.141771642814615,0.00014657127040738,2.22929533282263,2.52683869263215e-29,2.000043,446.787,1.207849e-13,2.000043,454.0968,1.207849e-13,1.999307,445.3914,1.207849e-13,"No issues","No issues","No issues","No issues"
58,100,2025-05-12,2025-05-12 19:42:00,2025-05-12 19:45:40,2025-05-12 19:38:30,23,-0.00590798418977524,628.360221343859,-1.0964595608738e-26,0.0012980677639696,0.570045522554741,0.488397418019493,0.870357552965913,3.12849632763666e-05,0.141771642814615,0.00012581174407653,0.418965004303144,2.52683869263215e-29,1.999957,445.9937,1.207849e-13,2.000123,447.7164,1.207849e-13,1.999691,445.4514,1.207849e-13,"No issues","No issues","No issues","No issues"
59,110,2025-05-12,2025-05-12 19:49:20,2025-05-12 19:53:00,2025-05-12 19:45:50,23,0.00294545454527079,734.05252173912,-1.0964595608738e-26,0.00012917866527663,0.0262016151424856,0.488397418019493,0.958951315023956,0.460579343249444,0.141771642814615,0.00019894886770002,3.43566035928081,2.52683869263215e-29,1.99983,443.9886,1.207849e-13,2.000179,460.9648,1.207849e-13,1.999393,443.9886,1.207849e-13,"No issues","No issues","No issues","No issues"
60,120,2025-05-12,2025-05-12 19:56:40,2025-05-12 20:00:20,2025-05-12 19:53:10,23,-0.0593103557313026,1646.95048221346,-1.0964595608738e-26,0.0214176941078876,0.0786292520231943,0.488397418019493,0.505205710482197,0.194980320442637,0.141771642814615,0.00030779066804277,4.32830917541187,2.52683869263215e-29,1.999545,444.295,1.207849e-13,2.000458,452.7386,1.207849e-13,1.999347,436.1636,1.207849e-13,"No issues","No issues","No issues","No issues"
61,130,2025-05-12,2025-05-12 20:04:00,2025-05-12 20:07:40,2025-05-12 20:00:30,23,0.112712727272536,2532.46339920946,-1.0964595608738e-26,0.303705005544146,0.956557772998919,0.488397418019493,0.00642068614061744,8.76051594393957e-16,0.141771642814615,0.00013102561769949,0.414339379069691,2.52683869263215e-29,2.000095,443.4615,1.207849e-13,2.000752,450.6329,1.207849e-13,2.000095,443.4615,1.207849e-13,"No issues","No issues","No issues","No issues"
62,140,2025-05-12,2025-05-12 20:11:20,2025-05-12 20:15:00,2025-05-12 20:07:50,23,0.203355889327964,867.134134387321,-1.0964595608738e-26,0.621574217420468,0.575951920693225,0.488397418019493,7.88568350072074e-06,2.69350558799534e-05,0.141771642814615,0.0001218184903317,0.571233032008955,2.52683869263215e-29,2.001386,443.6848,1.207849e-13,2.002087,446.0149,1.207849e-13,2.001349,442.9362,1.207849e-13,"No issues","No issues","No issues","No issues"
63,150,2025-05-12,2025-05-12 20:18:40,2025-05-12 20:22:20,2025-05-12 20:15:10,23,0.147878893280737,3059.13030830036,-1.0964595608738e-26,0.423980672972144,0.977051931041378,0.488397418019493,0.00076509204622184,1.06683051741835e-18,0.141771642814615,0.00013233181990827,0.3599356154499,2.52683869263215e-29,2.000894,449.1157,1.207849e-13,2.001569,456.5834,1.207849e-13,2.000894,448.9966,1.207849e-13,"No issues","No issues","No issues","No issues"
64,160,2025-05-12,2025-05-12 20:26:00,2025-05-12 20:29:40,2025-05-12 20:22:30,23,0.160224189722872,2413.31079841893,-1.0964595608738e-26,0.59216995960669,0.935211802766668,0.488397418019493,1.7670662794526e-05,5.88321603500725e-14,0.141771642814615,0.00010208386390084,0.48766188175944,2.52683869263215e-29,2.001224,443.8771,1.207849e-13,2.001807,449.1064,1.207849e-13,2.00122,443.3028,1.207849e-13,"No issues","No issues","No issues","No issues"
65,170,2025-05-12,2025-05-12 20:33:20,2025-05-12 20:37:00,2025-05-12 20:29:50,23,0.0468028458494874,619.714245059274,-1.0964595608738e-26,0.0624983633140424,0.525863123478619,0.488397418019493,0.249952313140826,9.04683875507953e-05,0.141771642814615,0.00013916709188544,0.451772284132563,2.52683869263215e-29,2.001267,444.636,1.207849e-13,2.001369,446.5636,1.207849e-13,2.000843,443.4856,1.207849e-13,"No issues","No issues","No issues","No issues"
66,180,2025-05-12,2025-05-12 20:40:40,2025-05-12 20:44:20,2025-05-12 20:37:10,23,0.167421343873543,3679.32265612642,-1.0964595608738e-26,0.690369016498814,0.973359812495027,0.488397418019493,9.15936140050765e-07,5.11860340858362e-18,0.141771642814615,8.6080539346337e-05,0.467317885998991,2.52683869263215e-29,2.001275,450.6974,1.207849e-13,2.001885,460.3156,1.207849e-13,2.001275,450.6974,1.207849e-13,"No issues","No issues","No issues","No issues"
67,190,2025-05-12,2025-05-12 20:48:00,2025-05-12 20:51:40,2025-05-12 20:44:30,23,0.570035098814142,2569.3985454545,-1.0964595608738e-26,0.944796589660639,0.953584882576274,0.488397418019493,1.09028004069695e-14,1.75789141143311e-15,0.141771642814615,0.00010578594956281,0.4352052419554,2.52683869263215e-29,2.002654,442.1526,1.207849e-13,2.004362,449.6103,1.207849e-13,2.002654,442.0428,1.207849e-13,"No issues","No issues","No issues","No issues"
68,200,2025-05-12,2025-05-12 20:55:20,2025-05-12 20:59:00,2025-05-12 20:51:50,23,-0.115111778656142,-216.858023715424,-1.0964595608738e-26,0.353361398830451,0.0109783006714757,0.488397418019493,0.00277791458288178,0.634227131146069,0.141771642814615,0.00011955111217552,1.58024142004071,2.52683869263215e-29,2.00151,439.1941,1.207849e-13,2.001574,440.6191,1.207849e-13,2.001028,434.9413,1.207849e-13,"No issues","No issues","No issues","No issues"
69,210,2025-05-12,2025-05-12 21:02:40,2025-05-12 21:06:20,2025-05-12 20:59:10,23,0.00448221343846977,430.752664031578,-1.0964595608738e-26,0.00110852355739181,0.280325190369521,0.488397418019493,0.880124324383905,0.00937427741305899,0.141771642814615,0.00010329797772999,0.529880156300298,2.52683869263215e-29,2.001065,437.6494,1.207849e-13,2.00133,439.4476,1.207849e-13,2.00097,437.0084,1.207849e-13,"No issues","No issues","No issues","No issues"
70,220,2025-05-12,2025-05-12 21:10:00,2025-05-12 21:13:40,2025-05-12 21:06:30,23,0.123307826086911,3084.51073517783,-1.0964595608738e-26,0.258952044670862,0.956752468966061,0.488397418019493,0.0131471475453337,8.35615478062872e-16,0.141771642814615,0.0001601462307312,0.503477127252343,2.52683869263215e-29,2.001001,446.6419,1.207849e-13,2.001749,454.2765,1.207849e-13,2.001001,445.8599,1.207849e-13,"No issues","No issues","No issues","No issues"
71,230,2025-05-12,2025-05-12 21:17:20,2025-05-12 21:21:00,2025-05-12 21:13:50,23,0.138453438734882,4149.2421818182,-1.0964595608738e-26,0.245392154577627,0.584876471814942,0.488397418019493,0.0162378842261637,2.14004530670008e-05,0.141771642814615,0.0001864003242992,2.68372479701075,2.52683869263215e-29,2.000852,435.464,1.207849e-13,2.001257,446.8919,1.207849e-13,2.000408,433.8102,1.207849e-13,"No issues","No issues","No issues","No issues"
72,240,2025-05-12,2025-05-12 21:24:40,2025-05-12 21:28:20,2025-05-12 21:21:10,23,-0.183079209486423,1659.61166798422,-1.0964595608738e-26,0.439240390371073,0.290368497628077,0.488397418019493,0.00056865584646228,0.00797682330454117,0.141771642814615,0.00015881402483277,1.99186898728177,2.52683869263215e-29,2.000635,436.4437,1.207849e-13,2.000817,443.9464,1.207849e-13,1.999957,436.4437,1.207849e-13,"No issues","No issues","No issues","No issues"
73,10,2025-05-12,2025-05-12 21:32:00,2025-05-12 21:35:40,2025-05-12 21:28:30,23,0.0444550197626782,3092.29441897232,-1.0964595608738e-26,0.0720909127280388,0.961224447802019,0.488397418019493,0.215433890773635,2.65063532947395e-16,0.141771642814615,0.00012244635325752,0.476826105073672,2.52683869263215e-29,1.999999,442.777,1.207849e-13,2.000068,450.0146,1.207849e-13,1.999547,442.3985,1.207849e-13,"No issues","No issues","No issues","No issues"
197,120,2025-05-17,2025-05-17 13:49:40,2025-05-17 13:53:20,2025-05-17 13:40:40,23,-0.427637312253064,-624.010339920973,-81.3543083004051,0.347269259917314,0.430441175642129,0.0164597811902433,0.00308710584288768,0.00067535643781362,0.559629645737193,0.00045011351106017,0.551082690206139,0.482811032898565,1.993826,423.5132,350.5157,1.994742,423.9396,350.8407,1.992547,421.7099,349.1549,"No issues","No issues","No issues","No issues"
198,130,2025-05-17,2025-05-17 13:57:00,2025-05-17 14:00:40,2025-05-17 13:53:40,23,-4.44206988142313,-4094.75810276685,-140.044837944679,0.40120220410272,0.653850691688121,0.0951958897915305,0.0011763845067778,3.02460788474247e-06,0.152028336841894,0.0041663564562832,2.28735349490653,0.331472790738807,2.012645,425.823,350.8884,2.014881,433.1844,351.1684,1.994848,417.8593,349.6131,"No issues","No issues","No issues","No issues"
199,140,2025-05-17,2025-05-17 14:04:20,2025-05-17 14:08:00,2025-05-17 14:01:00,23,1.11647241106721,-863.729359683797,308.412996047419,0.386134498121647,0.197828704443257,0.209539382768733,0.00155150056320652,0.0334569709196132,0.0280646881862279,0.00108075661695738,1.33530102786317,0.459888505017436,1.997162,422.4344,350.6233,2.002853,422.5336,352.0312,1.997162,417.3662,349.423,"No issues","No issues","No issues","No issues"
200,150,2025-05-17,2025-05-17 14:11:40,2025-05-17 14:15:20,2025-05-17 14:08:20,23,0.815856758893223,-3250.34067984187,861.224442687737,0.935023724887435,0.966788027826802,0.66710728269178,6.06559032909656e-14,5.19929018419268e-17,1.98958265871147e-06,0.00016511730885386,0.4625121861722,0.467071372068039,2.004865,415.9161,351.9218,2.006469,415.9161,354.8353,2.00458,407.4988,351.6708,"No issues","No issues","No issues","No issues"
201,160,2025-05-17,2025-05-17 14:19:00,2025-05-17 14:22:40,2025-05-17 14:15:40,23,-1.61051478260892,-3360.29150988142,609.835446640287,0.973108143455042,0.960640979311155,0.538070734102315,5.65040377858573e-18,3.10153058722582e-16,6.81187610996895e-05,0.00020554511070064,0.52219311078922,0.433803761395565,2.002356,421.176,353.0055,2.002884,421.176,354.4308,1.998815,412.0977,352.2687,"No issues","No issues","No issues","No issues"
202,170,2025-05-17,2025-05-17 14:26:20,2025-05-17 14:30:00,2025-05-17 14:23:00,23,-0.922823715414986,-1617.5830197629,452.296316205523,0.898427502705237,0.646272633906049,0.346845773925246,6.72912387965304e-12,3.81634629063056e-06,0.00310974198354672,0.00023821981809291,0.91876749535849,0.476513614381688,1.997426,431.2243,352.4873,1.997426,431.2243,354.3499,1.994981,424.2536,352.1622,"No issues","No issues","No issues","No issues"
203,180,2025-05-17,2025-05-17 14:33:40,2025-05-17 14:37:20,2025-05-17 14:30:20,23,-0.658996363636259,-5199.28904347824,-79.7031462450653,0.790485951769333,0.974134468637014,0.0132243864917816,1.42748978883537e-08,3.75342217383356e-18,0.601328479183693,0.00026046844061858,0.650440843845275,0.528578505233821,1.9951,417.0904,352.722,1.995684,417.0904,353.5775,1.993846,403.5938,351.4115,"No issues","No issues","No issues","No issues"
204,190,2025-05-17,2025-05-17 14:41:00,2025-05-17 14:44:40,2025-05-17 14:37:40,23,1.72465328063215,-2591.20942292487,-24.9603794466474,0.9489287941851,0.947703402229529,0.00179539637474654,4.80710523182572e-15,6.16965201374928e-15,0.847771209612548,0.00030717483810563,0.467321334578838,0.451849068409016,1.993245,418.1376,353.2149,1.997843,418.1376,353.5172,1.993245,411.8556,351.725,"No issues","No issues","No issues","No issues"
205,200,2025-05-17,2025-05-17 14:48:20,2025-05-17 14:52:00,2025-05-17 14:45:00,23,-1.38875193675893,-421.515889328073,1617.13821343873,0.930731147418916,0.111616290082647,0.887396701901605,1.18988184684839e-13,0.119222165274484,1.99766724574086e-11,0.0002908667954517,0.912983749843852,0.44225870087318,2.000465,426.2488,354.7892,2.000592,429.3137,359.0353,1.997049,425.4948,354.4845,"No issues","No issues","No issues","No issues"
206,210,2025-05-17,2025-05-17 14:55:40,2025-05-17 14:59:20,2025-05-17 14:52:20,23,0.053735335968459,-782.25723320164,-139.932142292515,0.00710108198174103,0.632316639914283,0.0587501618048871,0.702254646412482,5.78444389802182e-06,0.26513828126522,0.00048782361448074,0.457964554558626,0.430009452657105,1.996454,426.4183,352.9417,1.996454,426.8467,353.5739,1.994865,424.2055,351.8144,"No issues","No issues","No issues","No issues"
207,220,2025-05-17,2025-05-17 15:03:00,2025-05-17 15:06:40,2025-05-17 14:59:40,23,0.504637470355677,-4648.62564426884,-149.530909090922,0.766195170956382,0.977043118693268,0.0447181603050786,4.57989984452597e-08,1.07114437693704e-18,0.332736713526202,0.00021401741966539,0.547062251673147,0.530600147099481,1.997291,419.1608,352.4457,1.99912,419.1608,353.776,1.997291,407.9718,351.7034,"No issues","No issues","No issues","No issues"
208,230,2025-05-17,2025-05-17 15:10:20,2025-05-17 15:14:00,2025-05-17 15:07:00,23,0.855129486166114,124.228173913043,58.6896758892957,0.719075819180286,0.0170215480227555,0.0130797713367539,3.23853662803138e-07,0.552947944720542,0.603337327907908,0.00041034741017284,0.724778277940164,0.391394984790089,2.002038,425.3658,352.374,2.00469,427.4719,353.4702,2.002038,424.5778,352.0615,"No issues","No issues","No issues","No issues"
209,240,2025-05-17,2025-05-17 15:17:40,2025-05-17 15:21:20,2025-05-17 15:14:20,23,-2.02473106719375,536.772806324097,52.219920948585,0.757733943738634,0.225446878076286,0.00169055264969879,6.68525847176763e-08,0.0220557217552935,0.852233945704037,0.00087895745904644,0.763847379470235,0.974242443435105,2.005649,425.7553,352.2756,2.006993,429.0457,355.9067,2.001365,425.7553,350.9477,"No issues","No issues","No issues","No issues"
210,10,2025-05-17,2025-05-17 15:25:00,2025-05-17 15:28:40,2025-05-17 15:21:40,23,-0.847223715414792,-1112.89347035574,43.8266561264673,0.493535456894274,0.345643142850196,0.0034457007488982,0.00018580375966577,0.00317486654965743,0.790203951980021,0.00065890991620081,1.17559991574251,0.572219478090984,2.004057,421.9132,352.1671,2.004133,424.4919,353.1866,2.000409,417.9468,351.147,"No issues","No issues","No issues","No issues"
211,20,2025-05-17,2025-05-17 15:32:20,2025-05-17 15:36:00,2025-05-17 15:29:00,23,1.5920139130431,-4444.65761264824,359.437660079054,0.466675117192739,0.954110644564268,0.150549222363558,0.00032735624491138,1.55931714798772e-15,0.0673280524148133,0.00130661625065079,0.748354742814215,0.655489931145632,2.000966,418.0305,351.7829,2.006056,418.7867,354.5724,2.000966,405.3766,351.7829,"No issues","No issues","No issues","No issues"
212,30,2025-05-17,2025-05-17 15:39:40,2025-05-17 15:43:20,2025-05-17 15:36:20,23,-0.211825138340202,1113.79759683795,-322.008189723338,0.178079116624002,0.354343548862834,0.176759146215852,0.0448818928631724,0.00273084141466368,0.0457672505651076,0.0003493804547191,1.15426985671472,0.533521619547986,1.993047,425.1884,353.4194,1.993047,427.934,353.4194,1.991553,423.0062,351.2494,"No issues","No issues","No issues","No issues"
213,40,2025-05-17,2025-05-17 15:47:00,2025-05-17 15:50:40,2025-05-17 15:43:40,23,-0.454419604743119,-2866.84420553359,107.334071146248,0.834742032178837,0.927437438981097,0.0152059862084717,1.15324970423294e-09,1.94104699488954e-13,0.575102019904799,0.00015522966426606,0.615645454933067,0.663155845228715,1.990453,417.8486,352.0648,1.990453,417.8486,353.4814,1.989077,409.8972,350.5002,"No issues","No issues","No issues","No issues"
214,50,2025-05-17,2025-05-17 15:54:20,2025-05-17 15:58:00,2025-05-17 15:51:00,23,0.165150355731334,-539.12831620556,1681.96724110667,0.276350036104816,0.460468564471923,0.785600886356971,0.00998825684306487,0.00037174039888967,1.82339680430161e-08,0.0002051760283565,0.448036217103779,0.674591149701719,1.990214,425.3353,356.4421,1.990955,425.6364,360.9223,1.990051,423.4226,355.8073,"No issues","No issues","No issues","No issues"
215,60,2025-05-17,2025-05-17 16:01:40,2025-05-17 16:05:20,2025-05-17 15:58:20,23,0.660567272727059,-839.034498023744,5139.92319367587,0.343741184694553,0.586265027994001,0.928075901538948,0.00328044691247797,2.06393877990924e-05,1.76847762256e-13,0.00070073117485378,0.541136135145831,1.09853700393517,1.990813,418.225,371.3376,1.994322,419.5553,383.7249,1.990813,416.7044,371.3376,"No issues","No issues","No issues","No issues"
216,70,2025-05-17,2025-05-17 16:09:00,2025-05-17 16:12:40,2025-05-17 16:05:40,23,0.686384822134324,-747.175588932795,-277.240695652155,0.92265539352683,0.367322978327882,0.136221165029954,3.80266227221392e-13,0.00217425356308898,0.0830708289704611,0.0001525722398266,0.752839248634284,0.535979969599525,1.994218,409.2766,352.967,1.99608,409.2766,353.7151,1.994129,405.1664,351.128,"No issues","No issues","No issues","No issues"
217,80,2025-05-17,2025-05-17 16:16:20,2025-05-17 16:20:00,2025-05-17 16:13:00,23,0.688860711462188,-4287.19702766798,-8.59645849801573,0.815132615495745,0.967317766687758,0.00029722442244563,3.78347187529177e-09,4.39050896532607e-17,0.937767809789865,0.00025186047885236,0.605002709233679,0.38275896330003,1.998146,406.4325,351.876,1.999896,406.4325,353.2178,1.998103,395.0612,351.4338,"No issues","No issues","No issues","No issues"
218,90,2025-05-17,2025-05-17 16:23:40,2025-05-17 16:27:20,2025-05-17 16:20:20,23,-0.131350197628408,-1970.24528063244,-71.3346403162078,0.0301570270259595,0.724479823078672,0.00692250122494532,0.428105277812158,2.63226985521169e-07,0.705858359067497,0.00057187324081985,0.932816992213344,0.655953602834839,2.000717,406.437,352.057,2.000717,406.437,353.3537,1.998768,399.9844,350.3462,"No issues","No issues","No issues","No issues"
219,100,2025-05-17,2025-05-17 16:31:00,2025-05-17 16:34:40,2025-05-17 16:27:40,23,0.170315573122538,-140.326577075101,13.8154624505534,0.328815198077027,0.0424619369988999,0.00027760739900065,0.00422941105060473,0.345522404640307,0.939852812814349,0.0001868151408385,0.511600134551527,0.636505578075418,1.999984,411.649,351.988,2.000389,412.2675,353.1714,1.999624,410.2876,350.4673,"No issues","No issues","No issues","No issues"
220,110,2025-05-17,2025-05-17 16:38:20,2025-05-17 16:42:00,2025-05-17 16:35:00,23,0.975133280632507,508.638166007894,95.5616442687593,0.688366757667858,0.134950712818617,0.0133362844849168,9.81332045217216e-07,0.0846324172046095,0.599783540125156,0.0005037192163642,0.988676872897072,0.631049406533612,1.9972,410.0503,351.3463,2.000172,412.569,352.6352,1.997157,408.4895,349.8615,"No issues","No issues","No issues","No issues"
221,120,2025-05-17,2025-05-17 16:45:40,2025-05-17 16:49:20,2025-05-17 16:42:20,23,-0.52853407114633,1035.14798418975,-31.9107984189895,0.63784984154136,0.624529185557689,0.00395064647662029,4.91425517312661e-06,7.24754387344955e-06,0.775713494710631,0.00030575297978116,0.616207187280012,0.38900627861396,1.99765,409.6153,350.8391,1.99811,413.972,351.5123,1.996505,409.6153,349.6223,"No issues","No issues","No issues","No issues"
222,130,2025-05-17,2025-05-17 16:53:00,2025-05-17 16:56:40,2025-05-17 16:49:40,23,1.61943652173922,-2394.9166482214,-31.8322529644727,0.926714220502811,0.899686716749132,0.00120400407764213,2.15483711459536e-13,5.89925921322855e-12,0.875106002631198,0.00034963384573994,0.613955037450823,0.703889344035771,1.992582,401.9685,350.9586,1.996008,402.2808,352.1685,1.992221,396.0182,349,"No issues","No issues","No issues","No issues"
223,140,2025-05-17,2025-05-17 17:00:20,2025-05-17 17:04:00,2025-05-17 16:57:00,23,-0.666970434782878,1250.70147035572,-5.13618972335111,0.52881908540751,0.455543519481641,8.74514278907739e-05,8.45148848610058e-05,0.00041081659917141,0.966221164088452,0.00048334748583242,1.04974280228474,0.421649131560918,1.992552,408.1628,351.3849,1.992784,412.4206,352.0351,1.990679,407.6422,350.1376,"No issues","No issues","No issues","No issues"
224,150,2025-05-17,2025-05-17 17:07:40,2025-05-17 17:11:20,2025-05-17 17:04:20,23,1.7071086166005,-3460.22181818185,537.339699604729,0.823246529440683,0.785675042567931,0.309050198727286,2.35119692550992e-09,1.8167088583e-08,0.00588059142075116,0.00060728530311509,1.38749501090353,0.616836775868006,1.991412,405.002,352.323,1.995215,405.8227,354.3307,1.991298,396.7908,351.7296,"No issues","No issues","No issues","No issues"
225,160,2025-05-17,2025-05-17 17:15:00,2025-05-17 17:18:40,2025-05-17 17:11:40,23,-0.838498339921263,-2976.88724110673,192.882023715391,0.83287073585589,0.86833881308009,0.0640762273432414,1.29929490527567e-09,1.04184386136201e-10,0.243863347817444,0.00028837144391066,0.889936986202858,0.565947469301027,1.994123,410.8904,352.1183,1.994123,411.4293,353.4879,1.991665,403.3221,351.5339,"No issues","No issues","No issues","No issues"
226,170,2025-05-17,2025-05-17 17:22:20,2025-05-17 17:26:00,2025-05-17 17:19:00,23,1.54647462450582,650.673960474316,454.872948616585,0.838264419608036,0.311808708506044,0.273072776615485,9.18023447926193e-10,0.00561872922640899,0.0105225972983893,0.00052151603151682,0.742141108856359,0.569782320213453,1.990638,415.1215,351.1549,1.995045,417.0463,352.9633,1.990638,414.0808,350.433,"No issues","No issues","No issues","No issues"
227,180,2025-05-17,2025-05-17 17:29:40,2025-05-17 17:33:20,2025-05-17 17:26:20,23,-0.715788142292707,-1356.22387351776,-271.247335968446,0.662612405110323,0.521587987504389,0.123136845126742,2.29728779425994e-06,9.9758584331828e-05,0.100644075122597,0.00039213162528462,0.997197608447742,0.55571225837216,1.999913,414.9805,351.2515,2.000091,416.5728,351.9623,1.99812,410.9004,349.6807,"No issues","No issues","No issues","No issues"
228,190,2025-05-17,2025-05-17 17:37:00,2025-05-17 17:40:40,2025-05-17 17:33:40,23,2.30607747035588,-698.187130434805,-579.285533596798,0.788113692055248,0.214586925602184,0.324128280907554,1.60879088883097e-08,0.0260066134220079,0.00457637712634041,0.0009180017288964,1.02549103832194,0.642212793826936,1.998247,419.0617,351.6685,2.004342,421.1279,351.9723,1.998247,415.8722,348.9493,"No issues","No issues","No issues","No issues"
229,200,2025-05-17,2025-05-17 17:44:20,2025-05-17 17:48:00,2025-05-17 17:41:00,23,1.17756711462458,-728.203446640344,472.76509090908,0.727517119916691,0.0694017385286494,0.371736794101357,2.33869965393638e-07,0.224531870578941,0.0020102921608564,0.00055328164943859,2.04720469774724,0.471857687377202,1.995262,418.0924,351.4471,1.998785,423.6411,353.2197,1.995146,417.3745,350.9081,"No issues","No issues","No issues","No issues"
230,210,2025-05-17,2025-05-17 17:51:40,2025-05-17 17:55:20,2025-05-17 17:48:20,23,1.83967968379457,3738.98732015813,51.7520632411328,0.938937958591115,0.920677031325919,0.0029816596501816,3.15298840679733e-14,4.96231491041305e-13,0.804556257674836,0.0003601820117471,0.842582458577953,0.726545478144768,1.995197,415.8404,350.1169,1.999632,423.4662,352.4963,1.99513,414.8513,349.772,"No issues","No issues","No issues","No issues"
231,220,2025-05-17,2025-05-17 17:59:00,2025-05-17 18:02:40,2025-05-17 17:55:40,23,3.25560664031659,1301.2873043478,44.3534229248723,0.819199321359428,0.574591463237519,0.00300359483994158,2.98873596897385e-09,2.78849447403905e-05,0.803852210364217,0.00117422076877281,0.859625528169954,0.620391528460253,2.000971,421.116,351.6537,2.012,424.6581,352.2571,2.000971,420.4501,349.9403,"No issues","No issues","No issues","No issues"
232,230,2025-05-17,2025-05-17 18:06:20,2025-05-17 18:10:00,2025-05-17 18:03:00,23,-3.66921675889327,-5113.43800790513,-230.48907509884,0.933295705727944,0.708308303185234,0.0580789445698507,7.99700177870693e-14,4.83917329729846e-07,0.267970491627431,0.00075310100522838,2.51928011043029,0.712624641758064,2.005702,434.5872,350.3904,2.006663,437.2189,351.9268,1.996918,420.0116,348.5663,"No issues","No issues","No issues","No issues"
233,240,2025-05-17,2025-05-17 18:13:40,2025-05-17 18:17:20,2025-05-17 18:10:20,23,7.14644110671929,9545.15525691694,70.9606956521859,0.754550313787418,0.980351000157642,0.00861196750039141,7.68188040169341e-08,2.08770146141974e-19,0.673646949577907,0.00312924490237638,1.03746873807912,0.584522327658394,1.996295,419.2892,350.3429,2.017545,441.6731,350.9755,1.996295,419.2519,348.6479,"No issues","No issues","No issues","No issues"
234,10,2025-05-17,2025-05-17 18:21:00,2025-05-17 18:24:40,2025-05-17 18:17:40,23,-5.37109185770731,-3749.29384980243,-204.148173913074,0.854230380750808,0.407162444597464,0.0411825988651664,3.05638920018409e-10,0.00105262508645481,0.353054105663658,0.00170341779078415,3.47333020037058,0.756256593453426,2.022456,450.0836,349.5489,2.022919,450.0836,350.9569,2.009698,434.4607,347.8875,"No issues","No issues","No issues","No issues"
235,20,2025-05-17,2025-05-17 18:28:20,2025-05-17 18:32:00,2025-05-17 18:25:00,23,1.01571225296452,5915.01913043473,-153.352316205512,0.230175933598741,0.905558272722983,0.04801517327745,0.020520069758567,3.12230778671862e-12,0.31511203840577,0.00142609702089628,1.46653525874484,0.524238242030802,2.011188,448.1243,348.4841,2.016395,465.3214,350.0978,2.010404,448.1243,348.07,"No issues","No issues","No issues","No issues"
236,30,2025-05-17,2025-05-17 18:35:40,2025-05-17 18:39:20,2025-05-17 18:32:20,23,0.150995098814023,2049.22956521731,-63.250434782641,0.00568651538284575,0.560858627887523,0.0120079496951525,0.73237470687203,3.93368129167109e-05,0.618676236780851,0.00153290062708949,1.39212644500764,0.440472101196983,2.009791,462.4879,347.6542,2.011212,468.3356,348.5954,2.005815,460.13,346.7823,"No issues","No issues","No issues","No issues"
237,40,2025-05-17,2025-05-17 18:43:00,2025-05-17 18:46:40,2025-05-17 18:39:40,23,0.359183241106671,5792.42760474306,50.5986403162034,0.0313025099460026,0.797963735925365,0.00976021473369227,0.41932890126083,9.70535873437109e-09,0.653809507400527,0.00153402757686767,2.23767132962574,0.391283866804799,2.012534,476.4328,347.0555,2.012623,491.7393,348.3822,2.006987,476.4328,346.8557,"No issues","No issues","No issues","No issues"
238,50,2025-05-17,2025-05-17 18:50:20,2025-05-17 18:54:00,2025-05-17 18:47:00,23,-0.317041897233138,3541.46343083007,118.81622134384,0.0494596746692276,0.654691403718609,0.0788647982839257,0.307758182666134,2.94669330615132e-06,0.194284638781767,0.00106706014519061,1.97460727676747,0.311751408035326,2.014925,496.1183,347.3087,2.014925,506.7115,348.2625,2.010554,495.8569,346.8893,"No issues","No issues","No issues","No issues"
239,60,2025-05-17,2025-05-17 18:57:40,2025-05-17 19:01:20,2025-05-17 18:54:20,23,5.35875509881389,-742.917913043533,4284.27120948615,0.923268966342322,0.109207933891528,0.991564227268462,3.49653141597504e-13,0.123531253143191,2.89502555083771e-23,0.0011860361076685,1.62897530533528,0.303383223484283,2.011946,511.3971,360.3135,2.027755,515.4942,371.0781,2.011946,509.3146,360.3135,"No issues","No issues","No issues","No issues"
240,70,2025-05-17,2025-05-17 19:05:00,2025-05-17 19:08:40,2025-05-17 19:01:40,23,-1.73282371541521,-4938.79048221343,8.51108300392815,0.756626064911034,0.76434561690819,0.00046678123535655,7.01790119299097e-08,4.98030521463897e-08,0.922053517584477,0.00075450715381242,2.105358555527,0.302370447934998,2.026748,518.2433,346.4571,2.026748,521.2482,347.2588,2.020752,506.9531,346.0576,"No issues","No issues","No issues","No issues"
241,80,2025-05-17,2025-05-17 19:12:20,2025-05-17 19:16:00,2025-05-17 19:09:00,23,-1.21267351778674,-1466.30788932809,54.2373438735273,0.559757500867596,0.447307971965669,0.0142548855757484,4.04192341126387e-05,0.00048466959877452,0.587399382536235,0.00082566240640384,1.25134207674094,0.346267281690723,2.016098,511.3204,346.6672,2.016664,515.679,346.968,2.012142,509.2989,345.4532,"No issues","No issues","No issues","No issues"
242,90,2025-05-17,2025-05-17 19:19:40,2025-05-17 19:23:20,2025-05-17 19:16:20,23,0.225912094861433,1392.27111462451,165.712980237183,0.0392630263812423,0.559547012227087,0.0543351263493547,0.364762355449031,4.06292157190379e-05,0.284441817269459,0.00085795092133828,0.948348361788355,0.530759054567528,2.013379,511.5107,346.3264,2.014781,517.1986,347.8199,2.011104,511.5107,345.7176,"No issues","No issues","No issues","No issues"
243,100,2025-05-17,2025-05-17 19:27:00,2025-05-17 19:30:40,2025-05-17 19:23:40,23,-2.67755478260898,1787.70649802367,83.5177233201121,0.45356170479385,0.131649280843076,0.0282856899529519,0.00042757748446404,0.0888294088179158,0.443029017588912,0.00225633372813558,3.52490286013079,0.375817633667657,2.035615,532.7306,347.0325,2.035843,538.8445,348.0464,2.025983,525.0243,346.5342,"No issues","No issues","No issues","No issues"
244,110,2025-05-17,2025-05-17 19:34:20,2025-05-17 19:38:00,2025-05-17 19:31:00,23,0.294092964426818,3464.56657707504,102.636711462436,0.0169850482162338,0.197797652962619,0.0276073702029158,0.553377599969872,0.0334725099409654,0.448629044272476,0.00171768649275542,5.35664547967586,0.467652902398244,2.021744,512.68,346.1711,2.027184,539.4948,348.1544,2.02136,512.68,346.1711,"No issues","No issues","No issues","No issues"
245,120,2025-05-17,2025-05-17 19:41:40,2025-05-17 19:45:20,2025-05-17 19:38:20,23,1.51931667984167,370.74137549408,-117.385328063234,0.11503736460157,0.00805585400069371,0.0690701610637202,0.113365428512635,0.683812473087139,0.225683327425389,0.00323522065640164,3.15843154581775,0.330856487568966,2.018545,541.8836,347.0583,2.031532,541.8836,347.1567,2.018545,531.6628,345.7285,"No issues","No issues","No issues","No issues"
246,130,2025-05-17,2025-05-17 19:49:00,2025-05-17 19:52:40,2025-05-17 19:45:40,23,2.17369422924892,211.067003952553,-51.1518735177944,0.379700273988149,0.00261319644205008,0.0140236452830684,0.00174303610373944,0.81681801659034,0.590468078468091,0.00213300261349263,3.16576534765884,0.329288779024437,2.021793,535.2327,345.6967,2.029648,537.7288,346.5413,2.021426,528.1799,345.2821,"No issues","No issues","No issues","No issues"
247,140,2025-05-17,2025-05-17 19:56:20,2025-05-17 20:00:00,2025-05-17 19:53:00,23,1.07454450592853,2796.93533596831,-133.485438735209,0.337688555268832,0.84316620279231,0.0924722933338904,0.00363850348977249,6.62783842178292e-10,0.158328138680736,0.0011553404067781,0.926100791291954,0.321048482337572,2.029319,523.9608,345.7882,2.031882,533.3644,346.1912,2.027286,523.3396,344.854,"No issues","No issues","No issues","No issues"
248,150,2025-05-17,2025-05-17 20:03:40,2025-05-17 20:07:20,2025-05-17 20:00:20,23,3.29382071146233,8810.11408695652,237.83051383399,0.821602434670491,0.637014922759052,0.272565550364823,2.59357769472101e-09,5.03741882995047e-06,0.0106076562050846,0.00117835501527238,5.10579895972292,0.298292009566636,2.034074,531.862,346.1235,2.042436,547.6999,346.9526,2.034074,523.8246,345.6475,"No issues","No issues","No issues","No issues"
249,160,2025-05-17,2025-05-17 20:11:00,2025-05-17 20:14:40,2025-05-17 20:07:40,23,0.0651500395254384,5453.04806324104,227.85609486163,0.00076114595689427,0.554345711456659,0.108723474213623,0.900558091720222,4.61450736450434e-05,0.124417311488399,0.00181229112311613,3.75370916181711,0.500861695126712,2.047244,527.8153,345.9277,2.050066,547.4656,347.311,2.044213,527.8153,345.2679,"No issues","No issues","No issues","No issues"
250,170,2025-05-17,2025-05-17 20:18:20,2025-05-17 20:22:00,2025-05-17 20:15:00,23,-3.60148837944676,-8940.96569169967,-70.5995573122583,0.817832855709472,0.930207587569631,0.0200829829196904,3.23704005984136e-09,1.28810730711478e-13,0.518923614063681,0.00130496048666477,1.88023092091489,0.378612644509972,2.050006,542.5516,346.4973,2.05202,545.66,346.4973,2.042537,524.7612,344.8905,"No issues","No issues","No issues","No issues"
251,180,2025-05-17,2025-05-17 20:25:40,2025-05-17 20:29:20,2025-05-17 20:22:20,23,-0.380791778656203,2843.40521739134,139.724679841922,0.110474462843244,0.317307364217932,0.0628367365374717,0.121245482127251,0.00512883598278143,0.248631879014567,0.00082956117894536,3.2020188558905,0.414272911106551,2.040288,518.6363,345.3485,2.04315,529.7499,346.4486,2.040288,516.2699,344.6052,"No issues","No issues","No issues","No issues"
252,190,2025-05-17,2025-05-17 20:33:00,2025-05-17 20:36:40,2025-05-17 20:29:40,23,1.20816569169956,7871.34564426878,220.591494071141,0.722195130189991,0.942644748997305,0.33578042939652,2.8747305058081e-07,1.63066406232533e-14,0.00375869131087627,0.00057528326965992,1.49064471694584,0.238193278246946,2.043043,536.8315,345.5604,2.046494,553.6808,346.3921,2.043043,536.0546,345.2871,"No issues","No issues","No issues","No issues"
253,200,2025-05-17,2025-05-17 20:40:20,2025-05-17 20:44:00,2025-05-17 20:37:00,23,-2.60279146245079,-1980.38362055341,214.849992094863,0.882995033597675,0.157556793255581,0.137562997920711,2.99473163602491e-11,0.0607433378295044,0.0814527985811363,0.0007274028309689,3.5157150752982,0.413010233340165,2.045837,561.8586,345.9198,2.045845,562.1093,346.8896,2.038739,548.2875,345.0715,"No issues","No issues","No issues","No issues"
254,210,2025-05-17,2025-05-17 20:47:40,2025-05-17 20:51:20,2025-05-17 20:44:20,23,2.40156142292506,3487.0416758893,230.699098814227,0.895861188018865,0.604502921415667,0.14471366926144,8.755963088013e-12,1.26860679611198e-05,0.073345894370841,0.00062862586044321,2.16542013943746,0.430585580176062,2.037088,555.1772,345.3421,2.043273,566.6356,346.8519,2.037088,554.685,344.7321,"No issues","No issues","No issues","No issues"
255,220,2025-05-17,2025-05-17 20:55:00,2025-05-17 20:58:40,2025-05-17 20:51:40,23,0.237173122529469,259.065960474338,-9.46899604745754,0.0322091729989657,0.0206005855586117,0.00054186764897154,0.412564039141092,0.513530078910059,0.916037903341857,0.00099811143422274,1.37139665739184,0.312213891523758,2.038047,559.3279,346.2074,2.042103,565.2825,346.6141,2.038047,559.3279,345.5107,"No issues","No issues","No issues","No issues"
256,230,2025-05-17,2025-05-17 21:02:20,2025-05-17 21:06:00,2025-05-17 20:59:00,23,-0.831847588933021,-897.144474308354,-120.045628458501,0.292294890244951,0.0318545643672872,0.0382667293340802,0.00773212807390617,0.415191233923638,0.371041749408557,0.00099373803343024,3.79716481845061,0.462035763738349,2.038157,552.8688,345.8977,2.038157,556.8469,346.8008,2.033731,543.7523,345.3206,"No issues","No issues","No issues","No issues"
257,240,2025-05-17,2025-05-17 21:09:40,2025-05-17 21:13:20,2025-05-17 21:06:20,23,0.299659446639878,521.185802371529,-265.8789249012,0.15964092083709,0.0416037432332899,0.155940434919544,0.0589102971815745,0.350551424534924,0.0622034613482891,0.00052783830685491,1.9204876692666,0.474901659388509,2.038673,564.8494,346.2308,2.040318,567.0594,347.1322,2.038289,559.3897,345.1661,"No issues","No issues","No issues","No issues"
258,10,2025-05-17,2025-05-17 21:17:00,2025-05-17 21:20:40,2025-05-17 21:13:40,23,-2.39643035573148,-7839.72768379449,9.49887747035826,0.808583029203658,0.889394478226783,0.00020918198738386,5.47298479500315e-09,1.65367941924865e-11,0.947777698853362,0.00089516958234561,2.12253452571952,0.504170360966199,2.039754,562.9818,345.0487,2.039754,563.9584,346.7208,2.032202,544.6271,344.8873,"No issues","No issues","No issues","No issues"
259,20,2025-05-17,2025-05-17 21:24:20,2025-05-17 21:28:00,2025-05-17 21:21:00,23,-0.113950671937026,-2873.2644426878,-144.274339920944,0.0509210996993718,0.394462160811506,0.0629550152400014,0.300532352442936,0.00133241173361542,0.248172224388117,0.00037768675793554,2.7331040319281,0.427333308643735,2.030872,534.6255,345.3661,2.030872,537.6301,346.0655,2.029528,525.0173,344.5325,"No issues","No issues","No issues","No issues"
260,30,2025-05-17,2025-05-17 21:31:40,2025-05-17 21:35:20,2025-05-17 21:28:20,23,1.67334260869578,8328.84388932808,-317.945169960493,0.852853618646357,0.90316956523177,0.332743503118814,3.3759136893606e-10,4.06348645453852e-12,0.00395760419478195,0.00053362357788367,2.09372004761866,0.345665822332278,2.025988,517.0994,345.0499,2.030865,535.7182,345.599,2.025842,517.0994,343.7455,"No issues","No issues","No issues","No issues"
261,40,2025-05-17,2025-05-17 21:39:00,2025-05-17 21:42:40,2025-05-17 21:35:40,23,1.88367367588928,-459.039272727356,34.1109249011667,0.648482854062188,0.048788889008174,0.00313547118866756,3.56791189678309e-06,0.311146372698061,0.799675594258704,0.00106473681851265,1.55611049413154,0.46695255410647,2.031607,543.8339,344.549,2.036797,545.5562,345.7031,2.031377,540.8217,343.8919,"No issues","No issues","No issues","No issues"
262,50,2025-05-17,2025-05-17 21:46:20,2025-05-17 21:50:00,2025-05-17 21:43:00,23,-1.77505897233224,5558.48935968376,144.280316205536,0.774599010968754,0.786688159725145,0.0536639450418617,3.10323489426333e-08,1.72754029019486e-08,0.2875212342379,0.000735131142869,2.2221611408185,0.465158623353507,2.034365,536.3428,345.0607,2.035006,549.4818,346.0786,2.030141,536.3428,344.0495,"No issues","No issues","No issues","No issues"
263,60,2025-05-17,2025-05-17 21:53:40,2025-05-17 21:57:20,2025-05-17 21:50:20,23,0.35841486166006,-2715.55456126482,1843.89894071146,0.144518612647765,0.847591021915455,0.909888944973515,0.0735559981784549,4.89601363686957e-10,1.90320530819285e-12,0.00066948676478812,0.884063032097847,0.445496763840314,2.027926,547.4258,350.2002,2.030519,547.4258,355.6914,2.027926,539.6887,350.2002,"No issues","No issues","No issues","No issues"
264,70,2025-05-17,2025-05-17 22:01:00,2025-05-17 22:04:40,2025-05-17 21:57:40,23,-2.21921644268774,-6028.66330434776,-268.945612648212,0.8334937753127,0.662461210066079,0.224357165986428,1.24890782085296e-09,2.30835238242172e-06,0.0224247492236222,0.00076151123276127,3.3038113674178,0.383917562182167,2.027833,526.882,344.2952,2.027833,526.882,345.1672,2.021877,509.5497,343.3047,"No issues","No issues","No issues","No issues"
265,80,2025-05-17,2025-05-17 22:08:20,2025-05-17 22:12:00,2025-05-17 22:05:00,23,-0.567849486165941,-486.464442687726,-31.5394150197686,0.751495489643716,0.0703486583430985,0.00292544781255694,8.76307649585326e-08,0.221279865750468,0.806373061952155,0.00025069737207718,1.35767505329653,0.447027116668108,2.019368,502.0224,343.4573,2.019942,506.3034,344.3895,2.018026,501.4242,342.6149,"No issues","No issues","No issues","No issues"
266,90,2025-05-17,2025-05-17 22:15:40,2025-05-17 22:19:20,2025-05-17 22:12:20,23,-0.896220711462535,-2408.66210276687,124.023272727229,0.873710096107594,0.374127419944224,0.0862961134554696,6.70899718603797e-11,0.00192633406648664,0.173668580543878,0.00026159426052658,2.39178241488459,0.309829596098111,2.017386,487.8223,343.67,2.017386,487.8223,344.477,2.014429,475.5372,343.153,"No issues","No issues","No issues","No issues"
267,100,2025-05-17,2025-05-17 22:23:00,2025-05-17 22:26:40,2025-05-17 22:19:40,23,1.139139604743,-260.092173913036,166.722972332025,0.850868868444571,0.00811448210593365,0.0977138877171412,3.88994928784618e-10,0.682721986657827,0.146439758750609,0.0003661359612854,2.20770098603246,0.388957392511761,2.015634,484.4675,343.673,2.019193,492.0453,344.8488,2.015634,484.2617,343.0818,"No issues","No issues","No issues","No issues"
268,110,2025-05-17,2025-05-17 22:30:20,2025-05-17 22:34:00,2025-05-17 22:27:00,23,-0.18687841897217,-4514.21558893285,189.876806324053,0.365975757653061,0.860709329703745,0.130175793249775,0.00222670928582273,1.88976015198884e-10,0.0907694889194123,0.00018884196880445,1.39420825817968,0.376821038905425,2.017095,467.246,343.484,2.01721,469.5168,343.9998,2.016446,458.9366,342.447,"No issues","No issues","No issues","No issues"
269,120,2025-05-17,2025-05-17 22:37:40,2025-05-17 22:41:20,2025-05-17 22:34:20,23,1.89370529644289,5134.94324110674,333.215430830021,0.959105443519653,0.790682630119829,0.331118912027344,4.63890015243586e-16,1.4133245720845e-08,0.00406798251570708,0.00030020959103247,2.02838214368616,0.363596895023598,2.017702,462.7721,343.2899,2.022749,477.5102,344.2242,2.017702,461.7109,342.5183,"No issues","No issues","No issues","No issues"
270,130,2025-05-17,2025-05-17 22:45:00,2025-05-17 22:48:40,2025-05-17 22:41:40,23,-0.54893881422949,-4037.83228458505,-43.7310355731466,0.770267323192413,0.864494081397058,0.00805882650925379,3.79931840096224e-08,1.41230199668188e-10,0.683757074185878,0.00023015858820846,1.22732333660048,0.372485535761128,2.021488,470.6619,342.5719,2.021615,470.6619,343.5592,2.019901,458.123,342.072,"No issues","No issues","No issues","No issues"
271,140,2025-05-17,2025-05-17 22:52:20,2025-05-17 22:56:00,2025-05-17 22:49:00,23,0.902555573122283,-1265.79073517785,76.623652173888,0.933743332025071,0.534852313882779,0.0567677733892854,7.44952381625521e-14,7.34597051212866e-05,0.273606742869259,0.00018458125183478,0.906260395490028,0.239791524736678,2.020771,446.6682,342.6971,2.023334,446.8896,343.231,2.020771,442.6356,342.3652,"No issues","No issues","No issues","No issues"
272,150,2025-05-18,2025-05-17 23:00:00,2025-05-17 23:03:20,2025-05-17 22:56:20,21,0.809197714285757,-587.862233766293,38.5142025974085,0.820538122115392,0.343475179111253,0.00547838484031221,1.61479060566031e-08,0.00523942006604099,0.749838185073546,0.00026522431869842,0.569607145737408,0.363683609086869,2.02667,443.4558,343.4018,2.028713,444.916,343.9452,2.02667,442.4359,342.4881,"No issues","No issues","No issues","No issues"
273,160,2025-05-18,2025-05-17 23:07:00,2025-05-17 23:10:40,2025-05-17 23:03:40,23,0.148391146244902,487.167936758894,42.7808063241073,0.339836898579311,0.192764131594573,0.00454977724536813,0.003507458182322,0.0360853234383005,0.759759102819129,0.00015878553724424,0.765382283674802,0.48582098305671,2.030656,442.6186,342.3215,2.031358,443.7644,343.7262,2.030562,440.547,341.8355,"No issues","No issues","No issues","No issues"
274,170,2025-05-18,2025-05-17 23:14:20,2025-05-17 23:18:00,2025-05-17 23:11:00,23,0.126910671936499,-16.2819604743039,66.8233992094581,0.330716521019663,0.00068155918321075,0.0128723921175926,0.00409576019511281,0.905876825862122,0.606242433867943,0.00013860785613204,0.478651534826729,0.449260440277299,2.031848,440.3307,343.2329,2.031926,441.1646,343.5491,2.031332,439.0929,341.9864,"No issues","No issues","No issues","No issues"
275,180,2025-05-18,2025-05-17 23:21:40,2025-05-17 23:25:20,2025-05-17 23:18:20,23,0.650672252964086,1080.39016600789,-12.8532806324421,0.742122856228239,0.756130064839034,0.00079392728789768,1.29989718998648e-07,7.17163725398516e-08,0.898449789789613,0.00029447159247489,0.471057688170702,0.3500771408613,2.032389,441.844,343.1837,2.03406,444.9019,343.578,2.032231,441.844,342.2208,"No issues","No issues","No issues","No issues"
276,190,2025-05-18,2025-05-17 23:29:00,2025-05-17 23:32:40,2025-05-17 23:25:40,23,0.0447282213437856,242.725090909025,-35.2908142292645,0.0800625876830078,0.0654954294242804,0.00419541644297506,0.190788849287033,0.238532128291403,0.769047521345403,0.00011640149372698,0.703902465073364,0.417420521914642,2.033128,441.9467,343.4521,2.033448,444.5076,343.6184,2.032978,441.5331,342.0667,"No issues","No issues","No issues","No issues"
277,200,2025-05-18,2025-05-17 23:36:20,2025-05-17 23:40:00,2025-05-17 23:33:00,23,0.232306719367741,1067.39772332018,62.3625296442434,0.531882466841208,0.597847529245795,0.0115055819550448,7.87247411755038e-05,1.51886885866683e-05,0.626157324848525,0.0001673185083741,0.672107929434431,0.44378143957812,2.032676,442.2151,343.4065,2.033429,444.4612,344.089,2.03256,440.7498,342.1397,"No issues","No issues","No issues","No issues"
278,210,2025-05-18,2025-05-17 23:43:40,2025-05-17 23:47:20,2025-05-17 23:40:20,23,-0.659986719367864,-707.201928853814,85.6094229248972,0.812133056326831,0.496344112206646,0.044109992685863,4.48750445190572e-09,0.00017484188539005,0.336122672284005,0.00024370216271918,0.546929756792726,0.305963509132652,2.034341,443.6385,342.5236,2.034809,444.1653,343.9256,2.032938,440.9842,342.5236,"No issues","No issues","No issues","No issues"
279,220,2025-05-18,2025-05-17 23:51:00,2025-05-17 23:54:40,2025-05-17 23:47:40,23,-0.315855177865603,-662.097201581038,113.490498023688,0.134031406254274,0.156594046515186,0.041547921134003,0.0857806989968074,0.0616089151620234,0.350881821392489,0.00061637977537886,1.17968227973048,0.418487653940588,2.033458,446.9091,343.449,2.035504,451.3543,344.2203,2.033401,446.6154,342.4236,"No issues","No issues","No issues","No issues"
280,230,2025-05-18,2025-05-17 23:58:20,2025-05-18 00:02:00,2025-05-17 23:55:00,23,-1.16782577075109,-1255.4901818182,161.269185770755,0.83183771598875,0.711273816044306,0.0691321178023405,1.38691277361121e-09,4.33879477960857e-07,0.225467666631694,0.00040312120670472,0.614116252817112,0.454326512832927,2.031453,444.237,342.7907,2.031455,445.3663,344.1954,2.028685,441.606,342.4316,"No issues","No issues","No issues","No issues"
281,240,2025-05-18,2025-05-18 00:05:40,2025-05-18 00:09:20,2025-05-18 00:02:20,23,-1.30886608695636,-644.165786561275,-213.422513834008,0.633531242712695,0.0745958177205256,0.129581449384783,5.58223059895983e-06,0.207329251517227,0.0915640557205968,0.00076426200642282,1.74188203356655,0.424664032389304,2.030027,443.9054,344.2133,2.03093,448.8684,344.3727,2.026509,442.5499,342.5663,"No issues","No issues","No issues","No issues"
282,10,2025-05-18,2025-05-18 00:13:00,2025-05-18 00:16:40,2025-05-18 00:09:40,23,0.105839999999925,1563.08271936759,227.475320158077,0.111087076934825,0.771013631772538,0.0984066575754741,0.120155568497202,3.67011634891028e-08,0.144940478555131,0.00022985834073471,0.653985838005426,0.528615615544679,2.026499,444.8642,343.2601,2.026978,448.4432,344.5017,2.026022,443.4763,342.1917,"No issues","No issues","No issues","No issues"
283,20,2025-05-18,2025-05-18 00:20:20,2025-05-18 00:24:00,2025-05-18 00:17:00,23,0.406976442687502,1719.00910671935,193.683699604757,0.366593215214058,0.788188055771717,0.0897999867537011,0.00220252422031414,1.60280454702428e-08,0.16477978433784,0.00041070596566207,0.68414959134958,0.473408389817937,2.024788,447.1332,342.7064,2.02695,452.0616,344.1559,2.024281,446.2437,342.0207,"No issues","No issues","No issues","No issues"
284,30,2025-05-18,2025-05-18 00:27:40,2025-05-18 00:31:20,2025-05-18 00:24:20,23,-0.847454229248967,-0.023905138360574,-28.8978972332311,0.834347591485371,4.61790880351417e-10,0.00261022075700869,1.18273330876339e-09,0.999922356668631,0.8169206258685,0.00028990400571796,0.854045838542867,0.433683276422049,2.026314,448.6475,343.6751,2.026314,450.2592,344.5639,2.023948,446.331,342.1534,"No issues","No issues","No issues","No issues"
285,40,2025-05-18,2025-05-18 00:35:00,2025-05-18 00:38:40,2025-05-18 00:31:40,23,0.00121233201587606,-861.201391304352,-164.351241106785,2.43744456431856e-05,0.389554828849277,0.132650018176656,0.982163265899902,0.00145778075282498,0.0875356038440932,0.00018852176784486,0.827668360807647,0.32264810129766,2.023961,449.5145,342.7881,2.024606,451.8649,343.6067,2.023789,448.0907,341.9534,"No issues","No issues","No issues","No issues"
286,50,2025-05-18,2025-05-18 00:42:20,2025-05-18 00:46:00,2025-05-18 00:39:00,23,-0.126808221343722,-1289.06750988145,-55.9115573122946,0.104411679175208,0.790357989775381,0.0127568557811462,0.132599568466232,1.43677492322074e-08,0.607873630171405,0.00028512787498839,0.509701007372951,0.377619510581583,2.024902,450.9629,343.547,2.025101,451.1335,344.0645,2.023829,447.043,342.2832,"No issues","No issues","No issues","No issues"
287,60,2025-05-18,2025-05-18 00:49:40,2025-05-18 00:53:20,2025-05-18 00:46:20,23,-0.167498181818286,-233.339762845886,813.505517786549,0.0579455295732153,0.0472192213370773,0.652438652802286,0.268537678890145,0.319257503945877,3.15969961271022e-06,0.00051850235370473,0.804708207570611,0.455846887257974,2.0244,449.0445,346.827,2.025505,450.2354,349.4052,2.023579,447.4345,346.6233,"No issues","No issues","No issues","No issues"
288,70,2025-05-18,2025-05-18 00:57:00,2025-05-18 01:00:40,2025-05-18 00:53:40,23,-0.848965375494167,-1509.8135335969,-261.870545454604,0.895442845046548,0.79109805536483,0.220029997075934,9.13435051784095e-12,1.38382293984961e-08,0.0239489354886113,0.00022272066637641,0.595651161029843,0.378527339465454,2.021148,444.8884,342.456,2.021192,446.7846,343.266,2.019269,442.3635,341.3924,"No issues","No issues","No issues","No issues"
289,80,2025-05-18,2025-05-18 01:04:20,2025-05-18 01:08:00,2025-05-18 01:01:00,23,0.0110475889327428,695.816252964395,67.3877312252504,0.00219736545220567,0.493805244570954,0.0235615972602532,0.831803447044338,0.00018472413584828,0.484390310742258,0.00018073875200709,0.540864075280267,0.333053109278145,2.019111,443.0152,341.5444,2.019476,444.8763,342.4775,2.018734,442.2508,341.2733,"No issues","No issues","No issues","No issues"
290,90,2025-05-18,2025-05-18 01:11:40,2025-05-18 01:15:20,2025-05-18 01:08:20,23,1.66089486165971,2744.44733596839,46.3827984189317,0.760706947425266,0.910262450575082,0.0110729718324989,5.86210558141963e-08,1.8216471177388e-12,0.6327611569025,0.00071517296833357,0.661563118855528,0.336526732653864,2.018537,442.7603,341.793,2.023838,449.4762,342.7364,2.0184,442.7603,341.1157,"No issues","No issues","No issues","No issues"
291,100,2025-05-18,2025-05-18 01:19:00,2025-05-18 01:22:40,2025-05-18 01:15:40,23,-0.0604287747036963,294.133090909049,18.4112252963874,0.064592164124733,0.166386801327537,0.00157453098830887,0.241909564861861,0.0533413014455945,0.857342375034486,0.00017654969355554,0.505451322549298,0.355940583055659,2.018265,444.4731,341.7682,2.018583,445.9514,342.5721,2.017913,443.9202,340.9553,"No issues","No issues","No issues","No issues"
292,110,2025-05-18,2025-05-18 01:26:20,2025-05-18 01:30:00,2025-05-18 01:23:00,23,0.197388142292252,512.010498023731,4.74431620549749,0.518960136446114,0.25595370267723,0.00011920514265659,0.00010589366817897,0.0137785346974194,0.9605665239995,0.00014590063758403,0.670209736909801,0.333589859172752,2.0171,443.1463,341.7865,2.01772,444.1129,342.3109,2.017085,441.4095,340.9171,"No issues","No issues","No issues","No issues"
293,120,2025-05-18,2025-05-18 01:33:40,2025-05-18 01:37:20,2025-05-18 01:30:20,23,-0.13536284585018,61.5215810276528,263.649770750953,0.237206252987044,0.00928115075944414,0.176273854120531,0.0184234244680856,0.661909437281302,0.0460970003393094,0.00018635994242475,0.48799388826643,0.437559854526404,2.017252,443.3326,341.0196,2.017508,444.685,342.5694,2.01664,442.5757,340.6274,"No issues","No issues","No issues","No issues"
294,130,2025-05-18,2025-05-18 01:41:00,2025-05-18 01:44:40,2025-05-18 01:37:40,23,0.256749723319976,72.3241422924313,-145.322750988191,0.216708836164871,0.00750298094020548,0.0744708204924815,0.0251851698109741,0.69432863888017,0.207725533408902,0.00037475366068305,0.63862155310774,0.39332195999433,2.017139,444.327,341.5235,2.018224,445.6223,342.0439,2.016739,443.1537,340.3937,"No issues","No issues","No issues","No issues"
295,140,2025-05-18,2025-05-18 01:48:20,2025-05-18 01:52:00,2025-05-18 01:45:00,23,-0.110091699604929,-17.963857707478,29.6790830039228,0.318601947481249,0.00059092857767376,0.00227612631512363,0.00501943239530089,0.912332875441764,0.828858128637939,0.00012360709594951,0.567174045763954,0.477056784233958,2.01682,443.2035,340.9363,2.017215,443.9638,342.0703,2.016647,441.9048,340.255,"No issues","No issues","No issues","No issues"
296,150,2025-05-18,2025-05-18 01:55:40,2025-05-18 01:59:20,2025-05-18 01:52:20,23,-0.0266286166008451,317.858940711446,139.705043478249,0.0368998196487925,0.306937932273478,0.176189806752874,0.379894410184898,0.00608874800252832,0.0461543434198857,0.00010444431618356,0.366697383309234,0.231925163603022,2.016965,443.9276,341.088,2.016965,445.2483,341.8016,2.016548,443.3119,340.7321,"No issues","No issues","No issues","No issues"
297,160,2025-05-18,2025-05-18 02:03:00,2025-05-18 02:06:40,2025-05-18 01:59:40,23,-0.131768537549293,162.166482213426,7.01871936758164,0.323670937980563,0.107590039435241,0.00021936212967267,0.0046116138385321,0.126516098346901,0.946523780805827,0.000146235055154,0.358566624482437,0.363782671491162,2.017352,443.6805,340.8653,2.017745,444.5496,341.7146,2.016922,442.8376,340.6402,"No issues","No issues","No issues","No issues"
298,170,2025-05-18,2025-05-18 02:10:20,2025-05-18 02:14:00,2025-05-18 02:07:00,23,0.326074624505822,-472.317723320198,106.914023715377,0.719919305859351,0.321644653396348,0.0374268421845505,3.13624809107728e-07,0.00477078888644021,0.376447914272829,0.00015614542914254,0.526607810340532,0.416267544102203,2.016824,442.6078,340.6427,2.017721,443.4951,342.0207,2.016699,440.8491,340.6427,"No issues","No issues","No issues","No issues"
299,180,2025-05-18,2025-05-18 02:17:40,2025-05-18 02:21:20,2025-05-18 02:14:20,23,0.183659762845673,968.631083003903,32.0695968379189,0.415987680398047,0.681183514893643,0.00649379793374087,0.0008912603768142,1.2524094835099e-06,0.714729872013692,0.00016706958149024,0.508755734161743,0.304538358129154,2.017436,441.7708,341.1125,2.017996,444.703,341.8849,2.017156,441.4552,340.7079,"No issues","No issues","No issues","No issues"
300,190,2025-05-18,2025-05-18 02:25:00,2025-05-18 02:28:40,2025-05-18 02:21:40,23,0.0626485375491398,306.668774703524,133.0799051383,0.0751533629134973,0.128322824471851,0.037338926201322,0.205571845210714,0.0932699004440672,0.377019909035807,0.00016872684453475,0.61363205153626,0.518777189192158,2.017719,440.9237,340.9156,2.018289,443.241,342.854,2.017513,440.9237,340.2583,"No issues","No issues","No issues","No issues"
301,200,2025-05-18,2025-05-18 02:32:20,2025-05-18 02:36:00,2025-05-18 02:29:00,23,0.299283794466268,812.545897233244,-29.1489011857381,0.693557206188609,0.513661759041603,0.00582350588821456,8.19941919847602e-07,0.00011932484984197,0.729286441739092,0.00015273176110089,0.607003352944887,0.292397913741659,2.017864,440.342,341.4538,2.018419,442.9954,341.8918,2.017527,439.6629,340.7403,"No issues","No issues","No issues","No issues"
302,210,2025-05-18,2025-05-18 02:39:40,2025-05-18 02:43:20,2025-05-18 02:36:20,23,-0.154239367588975,514.181596837972,-17.4405059288531,0.279774232607071,0.177444779248107,0.00098966431177059,0.00945721038782232,0.0453052733475147,0.886690665021558,0.00018999330719654,0.849923902188614,0.425414913773168,2.018497,441.0999,341.506,2.019231,443.8376,342.0398,2.018285,440.279,340.1531,"No issues","No issues","No issues","No issues"
303,220,2025-05-18,2025-05-18 02:47:00,2025-05-18 02:50:40,2025-05-18 02:43:40,23,0.402178339920495,2086.26289328064,32.38890118573,0.624651563991448,0.626036646238754,0.00507288126118006,7.22215986323265e-06,6.94045237937885e-06,0.746740050632915,0.00023934792256793,1.23793053174635,0.348238750645343,2.019031,446.573,341.714,2.020458,451.4136,342.1783,2.018715,444.6108,340.858,"No issues","No issues","No issues","No issues"
304,230,2025-05-18,2025-05-18 02:54:20,2025-05-18 02:58:00,2025-05-18 02:51:00,23,0.09427162055336,79.4905612648479,207.823588932766,0.0331265960506874,0.00367122419545536,0.237990211308575,0.405875281003419,0.783600646504428,0.0182026381607033,0.00039101189532494,1.0053656496636,0.28550134860375,2.020893,450.0656,341.216,2.020923,450.6865,342.21,2.019639,446.6679,340.9745,"No issues","No issues","No issues","No issues"
305,240,2025-05-18,2025-05-18 03:01:40,2025-05-18 03:05:20,2025-05-18 02:58:20,23,0.0265005533595512,-333.311051383405,95.9159525691797,0.0011668120293945,0.0242044866810622,0.0312780293993982,0.877035692686046,0.478416876140439,0.419513746278487,0.00059526941829504,1.62477706254466,0.409810727937217,2.020046,447.5441,341.1569,2.022317,452.7744,342.5724,2.020046,446.5902,340.9236,"No issues","No issues","No issues","No issues"
306,10,2025-05-18,2025-05-18 03:09:00,2025-05-18 03:12:40,2025-05-18 03:05:40,23,1.76246608695664,3479.29384980233,65.3361581027477,0.369843024013729,0.741063261759164,0.0191715475531928,0.0020791875206201,1.35795004852492e-07,0.528660095970134,0.00176623718307082,1.57896644148006,0.358784879092692,2.022113,451.6123,342.3833,2.029965,461.8957,342.7088,2.021533,451.6123,340.9218,"No issues","No issues","No issues","No issues"
307,20,2025-05-18,2025-05-18 03:16:20,2025-05-18 03:20:00,2025-05-18 03:13:00,23,-0.083889960474369,1371.20727272724,-7.45584189723443,0.00608364729269171,0.120084105066023,0.00035117117454317,0.723531203352932,0.105258578075397,0.932367081982012,0.00082321919797336,2.84966312337909,0.305403202327693,2.023224,459.8106,342.1171,2.025665,470.933,342.4287,2.022905,459.8106,341.1909,"No issues","No issues","No issues","No issues"
308,30,2025-05-18,2025-05-18 03:23:40,2025-05-18 03:27:20,2025-05-18 03:20:20,23,0.00286861660090502,-2953.47130434787,-51.8092648221584,0.00015822461753415,0.763681822413051,0.0130364272552565,0.954574371504226,5.13158145423684e-08,0.603942127608642,0.00017507079951484,1.26135603410877,0.346091787997346,2.022136,465.6775,342.1671,2.022564,465.9274,342.4717,2.021945,458.0899,341.3934,"No issues","No issues","No issues","No issues"
309,40,2025-05-18,2025-05-18 03:31:00,2025-05-18 03:34:40,2025-05-18 03:27:40,23,0.26299920948618,2987.08961264819,208.702956521701,0.036112575817768,0.841522862641623,0.126620500269069,0.385122614630899,7.40093225754058e-10,0.0956282329484686,0.00104316008865876,0.995201900118735,0.420814486093398,2.025539,471.4088,341.5735,2.028038,477.941,342.7757,2.023485,470.514,341.111,"No issues","No issues","No issues","No issues"
310,50,2025-05-18,2025-05-18 03:38:20,2025-05-18 03:42:00,2025-05-18 03:35:00,23,-0.430599841897471,706.132173913015,376.684363636369,0.408320644942449,0.197724519305786,0.374367645208638,0.00103001478198995,0.0335091354576703,0.00191807909871228,0.0003979504503341,1.09201873981615,0.373852797572626,2.025825,480.8287,342.2295,2.026315,484.5508,343.5347,2.024621,479.2166,341.7338,"No issues","No issues","No issues","No issues"
311,60,2025-05-18,2025-05-18 03:45:40,2025-05-18 03:49:20,2025-05-18 03:42:20,23,1.84161770750958,2029.37378656124,987.390640316181,0.620801945610498,0.253671960451486,0.794214312729213,8.06068475981636e-06,0.0142780489910292,1.17972056564442e-08,0.00110501606871367,2.67241123323818,0.385869391357198,2.025849,492.1408,345.2454,2.031667,504.696,347.7398,2.025849,492.1408,344.4023,"No issues","No issues","No issues","No issues"
312,70,2025-05-18,2025-05-18 03:53:00,2025-05-18 03:56:40,2025-05-18 03:49:40,23,-1.14252047430826,2028.35440316206,144.108711462452,0.790390459024469,0.774694305589527,0.0871225187035209,1.43441372814104e-08,3.08931690990828e-08,0.171526669896144,0.00045171162362469,0.839802836624656,0.358132609051346,2.02857,494.6949,342.1907,2.029917,500.5026,342.837,2.02664,493.9846,341.4053,"No issues","No issues","No issues","No issues"
313,80,2025-05-18,2025-05-18 04:00:20,2025-05-18 04:04:00,2025-05-18 03:57:00,23,-1.0353400790513,3844.98441106718,-79.9951304348102,0.92326661290573,0.661501109609982,0.0280988959452303,3.49766167604899e-13,2.37975210013895e-06,0.444560680932054,0.00022915231077747,2.11164308862013,0.361195687448496,2.029417,516.2694,342.4362,2.029703,529.7917,342.4362,2.027256,516.2694,341.1096,"No issues","No issues","No issues","No issues"
314,90,2025-05-18,2025-05-18 04:07:40,2025-05-18 04:11:20,2025-05-18 04:04:20,23,-0.918700079051374,6044.06418972337,-40.143557312294,0.861362830573796,0.637621187972036,0.00526602494907458,1.79809812583977e-10,4.94770967093135e-06,0.74212000224554,0.00028296526479586,3.49817629247942,0.423584900156386,2.029735,522.4176,342.3553,2.029735,532.3405,342.8555,2.027051,513.602,341.3403,"No issues","No issues","No issues","No issues"
315,100,2025-05-18,2025-05-18 04:15:00,2025-05-18 04:18:40,2025-05-18 04:11:40,23,-0.165397944664118,-6024.5123478261,97.0181501975818,0.0343799032449756,0.957346765656817,0.040871450700566,0.396980871527036,7.224130820493e-16,0.354918104253334,0.00067296662598962,0.976283258049638,0.360822796678314,2.024451,517.2331,341.3122,2.026208,517.2331,342.5344,2.023667,501.5437,341.1183,"No issues","No issues","No issues","No issues"
316,110,2025-05-18,2025-05-18 04:22:20,2025-05-18 04:26:00,2025-05-18 04:19:00,23,-1.58946118577099,2216.79519367588,34.9783399209641,0.863309306582345,0.708310981957108,0.00368533341775077,1.54843667824236e-10,4.83869857969931e-07,0.783194830996366,0.00048556657639472,1.09215987899144,0.44154163231322,2.029081,502.1329,341.2698,2.029081,507.0265,342.5475,2.025289,499.1794,340.508,"No issues","No issues","No issues","No issues"
317,120,2025-05-18,2025-05-18 04:29:40,2025-05-18 04:33:20,2025-05-18 04:26:20,23,-1.29108237154131,2319.39860869557,-96.6535968379795,0.879588382140531,0.250485952532995,0.0670480819903011,4.05498819876529e-11,0.0150041509910033,0.232851786924084,0.00036674229692799,3.08025157891981,0.276800625836213,2.027021,512.4901,341.5589,2.027207,520.0189,341.5589,2.023671,505.3584,340.4397,"No issues","No issues","No issues","No issues"
318,130,2025-05-18,2025-05-18 04:37:00,2025-05-18 04:40:40,2025-05-18 04:33:40,23,-0.319867826086904,487.091098814154,-187.161011857695,0.334922462638699,0.0711102665386843,0.133685430693672,0.00381392442890496,0.21870272826022,0.0862168822723479,0.00034605661599581,1.35157054087966,0.365783195472356,2.024725,519.6134,340.0638,2.025011,521.6371,341.5511,2.02367,516.1138,339.6613,"No issues","No issues","No issues","No issues"
319,140,2025-05-18,2025-05-18 04:44:20,2025-05-18 04:48:00,2025-05-18 04:41:00,23,0.58193644268794,1070.61552569167,-167.457201581043,0.702138610988509,0.362293563884836,0.0848095307176235,6.05202211466781e-07,0.00237611132266137,0.177594515936068,0.00029099386173059,1.09050138998554,0.422327964678033,2.026722,528.8914,339.6325,2.028302,531.4493,341.2751,2.026694,526.5294,339.453,"No issues","No issues","No issues","No issues"
320,150,2025-05-18,2025-05-18 04:51:40,2025-05-18 04:55:20,2025-05-18 04:48:20,23,0.485325533596669,-526.453470355776,182.094830039515,0.143919217345689,0.129942192284552,0.20408946382578,0.0742053807885952,0.0910809539475362,0.0304614304285531,0.00090874851927469,1.04585517137783,0.276078156306017,2.029306,514.86,340.4869,2.029972,517.1401,340.988,2.026695,513.0825,339.8403,"No issues","No issues","No issues","No issues"
321,160,2025-05-18,2025-05-18 04:59:00,2025-05-18 05:02:40,2025-05-18 04:55:40,23,1.06590450592845,6610.62194466398,53.5483636363468,0.975640598874716,0.879272324358383,0.0120266034449179,1.99777390361666e-18,4.16882648455886e-11,0.618402184466935,0.00012930617507902,1.88060087801344,0.372614652886713,2.027786,517.3547,340.5403,2.030474,534.5917,341.4775,2.027786,517.3547,340.0534,"No issues","No issues","No issues","No issues"
322,170,2025-05-18,2025-05-18 05:06:20,2025-05-18 05:10:00,2025-05-18 05:03:00,23,0.337199051383146,799.52528063241,-25.5981343873739,0.458663775554331,0.333875770979619,0.00358923749627471,0.00038564557989144,0.00388232728493445,0.785975463631462,0.00028124529378739,0.867021684796347,0.327445493171063,2.03057,514.666,340.7148,2.031591,518.2105,341.0722,2.030178,514.6435,339.8402,"No issues","No issues","No issues","No issues"
323,180,2025-05-18,2025-05-18 05:13:40,2025-05-18 05:17:20,2025-05-18 05:10:20,23,0.330889802371087,5020.31383399212,252.778055335969,0.702421440908275,0.884959964499294,0.252205328166926,5.99088586335184e-07,2.50432673997345e-11,0.0146080822913057,0.00016534760821789,1.3896523123344,0.334168892016411,2.033725,514.7707,340.0091,2.034146,527.5378,341.0575,2.033123,514.3112,339.4441,"No issues","No issues","No issues","No issues"
324,190,2025-05-18,2025-05-18 05:21:00,2025-05-18 05:24:40,2025-05-18 05:17:40,23,-0.263921264822335,-2131.11832411068,121.975968379453,0.561957456773229,0.521443070195925,0.0586564985273945,3.82830846851543e-05,0.00010008825691311,0.265531370823869,0.00017889302437264,1.56741324996327,0.375148200580834,2.032275,508.6763,340.3741,2.032275,509.332,340.6985,2.031098,502.5575,339.3576,"No issues","No issues","No issues","No issues"
325,200,2025-05-18,2025-05-18 05:28:20,2025-05-18 05:32:00,2025-05-18 05:25:00,23,0.294195415019998,-1276.32350988144,174.051604743029,0.132614598891152,0.591802701913874,0.127228903698112,0.087581070961045,1.78432774275138e-05,0.094778538422755,0.00057764215819426,0.813804254228007,0.349983776171282,2.029429,491.3776,340.4117,2.031721,491.9451,340.7114,2.029429,487.3345,339.3362,"No issues","No issues","No issues","No issues"
326,210,2025-05-18,2025-05-18 05:35:40,2025-05-18 05:39:20,2025-05-18 05:32:20,23,0.887939288537392,568.068901185747,38.5641106719082,0.915376599685406,0.360249914728647,0.0173523810799742,9.81255793154126e-13,0.00246297987689422,0.549081242461994,0.00020727226885261,0.581188273705359,0.22280004847383,2.031957,487.8493,340.4564,2.034228,489.6102,340.5303,2.031957,487.0513,339.4925,"No issues","No issues","No issues","No issues"
327,220,2025-05-18,2025-05-18 05:43:00,2025-05-18 05:46:40,2025-05-18 05:39:40,23,0.955923794466431,342.05947826085,-151.259762845872,0.851802223105889,0.176549642111758,0.0940435052341625,3.63998703053579e-10,0.0459093239089213,0.154660786552372,0.00030611691478607,0.567152061859319,0.360433607241903,2.036488,490.7694,339.913,2.039436,492.4075,340.7919,2.036488,489.9162,339.5888,"No issues","No issues","No issues","No issues"
328,230,2025-05-18,2025-05-18 05:50:20,2025-05-18 05:54:00,2025-05-18 05:47:00,23,-0.422591620553521,-977.757723320185,186.886102766762,0.126085483269601,0.195115562733622,0.215571045820352,0.0963817958095293,0.0348412055353454,0.0256225076735649,0.00085415248780161,1.52463070043763,0.273697730833627,2.039093,495.5417,340.6461,2.041188,500.3777,341.0651,2.038267,493.805,339.8242,"No issues","No issues","No issues","No issues"
329,240,2025-05-18,2025-05-18 05:57:40,2025-05-18 06:01:20,2025-05-18 05:54:20,23,0.586956521739012,-2778.17833992098,-15.8089802371349,0.424151454852079,0.560886637683367,0.00114508119989495,0.00076258526155492,3.93096273054339e-05,0.878177760289135,0.00052506392985496,1.88722419792058,0.35846727662361,2.036957,490.3187,340.5959,2.039099,491.3788,341.2734,2.036957,481.3711,339.8707,"No issues","No issues","No issues","No issues"
330,10,2025-05-18,2025-05-18 06:05:00,2025-05-18 06:08:40,2025-05-18 06:01:40,23,0.751082371541287,-2769.90545454551,-8.33520948621419,0.505121869036036,0.855985494972251,0.00035690483533574,0.00014428543984251,2.6888626263248e-10,0.931818424670027,0.00057075695209733,0.872263011657211,0.338668952439638,2.040523,481.7648,341.0958,2.042706,483.0092,341.1378,2.03996,474.5627,339.9282,"No issues","No issues","No issues","No issues"
331,20,2025-05-18,2025-05-18 06:12:20,2025-05-18 06:16:00,2025-05-18 06:09:00,23,0.764264347825885,-580.867541502031,-27.8682687747319,0.760109768201042,0.168859704633547,0.00320093090371845,6.01965723723387e-08,0.0514316491375317,0.797636988904216,0.00032962817168599,0.989381672934119,0.377561974261139,2.041835,470.9625,340.5894,2.043624,472.9041,341.3982,2.041482,468.3415,339.677,"No issues","No issues","No issues","No issues"
332,30,2025-05-18,2025-05-18 06:19:40,2025-05-18 06:23:20,2025-05-18 06:16:20,23,0.125817865612817,-4142.96196047432,40.1316047430854,0.145975695468741,0.85501502633231,0.0061841382059693,0.0720008358039421,2.88679975244173e-10,0.721344806460543,0.00023364137203977,1.30977942794884,0.390582238920351,2.043657,472.8127,341.3232,2.043985,472.8127,341.4734,2.04301,463.627,339.9643,"No issues","No issues","No issues","No issues"
333,40,2025-05-18,2025-05-18 06:27:00,2025-05-18 06:30:40,2025-05-18 06:23:40,23,0.656008221343767,-1918.79459288536,-28.6793359683991,0.75041972132122,0.60145181107085,0.00640850561084275,9.17554147436202e-08,1.37825392151355e-05,0.716533898919891,0.00029045234763811,1.19917090603881,0.274161984768891,2.04647,466.9853,340.6594,2.048754,468.3529,341.5043,2.04647,462.286,340.3615,"No issues","No issues","No issues","No issues"
334,50,2025-05-18,2025-05-18 06:34:20,2025-05-18 06:38:00,2025-05-18 06:31:00,23,0.606447747035622,997.481169960477,146.296885375497,0.646296512661181,0.736944427330786,0.0878685698339984,3.81358021342901e-06,1.60666727769739e-07,0.169617420259727,0.00034443695989514,0.45753432954644,0.361875855274897,2.050687,467.8954,340.9961,2.052042,470.0514,342.1486,2.050045,466.7964,340.7377,"No issues","No issues","No issues","No issues"
335,60,2025-05-18,2025-05-18 06:41:40,2025-05-18 06:45:20,2025-05-18 06:38:20,23,0.0750365217387963,-1663.10181818183,456.062229249018,0.080009305692612,0.601399697161603,0.534603541203648,0.19094288185507,1.38019951396327e-05,7.38880608327273e-05,0.00019534700475957,1.03948599806746,0.32668735384576,2.054447,470.814,343.6989,2.054664,471.282,345.1827,2.053936,465.8812,343.2912,"No issues","No issues","No issues","No issues"
336,70,2025-05-18,2025-05-18 06:49:00,2025-05-18 06:52:40,2025-05-18 06:45:40,23,-0.0698456916995054,-2296.96107509887,154.794308300406,0.0517233674905792,0.85736046941112,0.11029855829563,0.296653952708914,2.42944926659378e-10,0.121560317569183,0.00022960235946008,0.719290714774828,0.33752411940828,2.053842,460.9969,340.7599,2.053842,460.9969,341.7567,2.052897,453.8717,340.4059,"No issues","No issues","No issues","No issues"
337,80,2025-05-18,2025-05-18 06:56:20,2025-05-18 07:00:00,2025-05-18 06:53:00,23,0.147870355731019,-2099.1059288538,23.1871304347628,0.437471402274336,0.868684806475482,0.00334494560257925,0.00058877275830288,1.01327020360024e-10,0.793228485483773,0.00012873338299608,0.62657538155506,0.307282273857484,2.054515,448.8891,340.5318,2.054984,448.8891,341.668,2.054186,442.4984,340.3775,"No issues","No issues","No issues","No issues"
338,90,2025-05-18,2025-05-18 07:03:40,2025-05-18 07:07:20,2025-05-18 07:00:20,23,0.214668142292648,-1563.423367589,-65.0117312252766,0.595343484106903,0.884101877916711,0.0111204508267805,1.62412601132096e-05,2.70875088637647e-11,0.632028808995661,0.00013587503230117,0.434586506332748,0.470668168383348,2.055671,439.2138,341.1495,2.056633,439.8643,341.5222,2.055671,435.0418,339.794,"No issues","No issues","No issues","No issues"
339,100,2025-05-18,2025-05-18 07:11:00,2025-05-18 07:14:40,2025-05-18 07:07:40,23,-0.0974817391307158,-520.203984189726,-127.101059288543,0.161573973848413,0.446420024571967,0.0516242253884603,0.0572587329998317,0.00049332044731669,0.297129915672967,0.00017048357220902,0.444738392888674,0.418239664607039,2.056719,437.8296,340.2995,2.05719,438.9705,341.4754,2.056258,436.7613,339.9903,"No issues","No issues","No issues","No issues"
340,110,2025-05-18,2025-05-18 07:18:20,2025-05-18 07:22:00,2025-05-18 07:15:00,23,-0.238206166008144,114.466339920913,-68.2022134387736,0.38003899559861,0.0267931966919875,0.0208860830177814,0.00173243219179514,0.455492168663586,0.510595573361966,0.00023357894935093,0.52963989908866,0.358508268994605,2.05383,435.0953,339.6725,2.054651,436.9642,341.014,2.05333,434.7713,339.6244,"No issues","No issues","No issues","No issues"
341,120,2025-05-18,2025-05-18 07:25:40,2025-05-18 07:29:20,2025-05-18 07:22:20,23,-0.55564079051409,302.060205533545,-101.701849802371,0.703745552228765,0.313923588899965,0.0491806858072759,5.71206241484899e-07,0.00542536825348957,0.30916181216496,0.00027677784551716,0.342831230694209,0.343315297468824,2.053223,434.6523,339.8592,2.053223,435.7777,340.7032,2.051495,434.0213,339.0151,"No issues","No issues","No issues","No issues"
342,130,2025-05-18,2025-05-18 07:33:00,2025-05-18 07:36:40,2025-05-18 07:29:40,23,-0.603101027667913,-1775.57976284586,-100.57745454548,0.898996425074134,0.775513516915777,0.0452421580788495,6.34191671562861e-12,2.97198514252745e-08,0.329854065861776,0.0001552001206887,0.733420752605414,0.354722058895199,2.051153,432.6673,340.0432,2.051313,433.0399,340.8962,2.04968,427.8693,339.3215,"No issues","No issues","No issues","No issues"
343,140,2025-05-18,2025-05-18 07:40:20,2025-05-18 07:44:00,2025-05-18 07:37:00,23,-0.132297865612895,-381.158039525678,-82.0578023715222,0.399051054707456,0.247834827866995,0.0248265534085499,0.00122424882443145,0.0156347692136795,0.472747001183175,0.00012464360190609,0.509792124279325,0.394834592264062,2.048352,433.9832,339.373,2.048376,434.5426,340.0592,2.047871,431.9743,338.6028,"No issues","No issues","No issues","No issues"
344,150,2025-05-18,2025-05-18 07:47:40,2025-05-18 07:51:20,2025-05-18 07:44:20,23,-0.45667351778672,-4171.90937549406,-25.0218498023726,0.723762912108958,0.938298979888643,0.00215281275065522,2.70627177196197e-07,3.51825602270799e-14,0.833493923436221,0.00021660139771569,0.821340071583963,0.413581304620842,2.045947,424.4274,339.3462,2.046137,424.4389,340.1851,2.044764,413.7082,338.7666,"No issues","No issues","No issues","No issues"
345,160,2025-05-18,2025-05-18 07:55:00,2025-05-18 07:58:40,2025-05-18 07:51:40,23,0.0525998418969586,-1466.92344664033,138.322814229255,0.0677986579793685,0.835861998173829,0.0557092244689191,0.230161193272966,1.07312942950041e-09,0.278259895324745,0.00014974121329427,0.499065245059477,0.437215680493671,2.044457,428.5932,338.9883,2.045244,428.5932,340.5182,2.044457,424.3121,338.2774,"No issues","No issues","No issues","No issues"
346,170,2025-05-18,2025-05-18 08:02:20,2025-05-18 08:06:00,2025-05-18 07:59:00,23,-0.3095288537551,135.459320158075,-2.74823715418699,0.751323927706746,0.0485174778756977,4.66805345621222e-05,8.82770651786588e-08,0.312530396593936,0.975317724232433,0.00013671530156143,0.460545758272416,0.308808151175222,2.044474,432.0982,339.3033,2.044474,433.3624,339.963,2.043495,431.49,338.8698,"No issues","No issues","No issues","No issues"
347,180,2025-05-18,2025-05-18 08:09:40,2025-05-18 08:13:20,2025-05-18 08:06:20,23,-0.131017233201718,-4802.41849802376,-72.9354308300273,0.44523656946719,0.983689537951442,0.020719590268109,0.00050507073457853,2.94996157216523e-20,0.512303436539864,0.00011227925393594,0.474762824298869,0.384958665637548,2.042837,422.5948,339.2838,2.042881,422.5948,340.0655,2.04237,410.8788,338.644,"No issues","No issues","No issues","No issues"
348,190,2025-05-18,2025-05-18 08:17:00,2025-05-18 08:20:40,2025-05-18 08:13:40,23,-0.00241612648239766,-1110.27244268774,-82.8278893280869,0.00017266701335572,0.785197638615503,0.0422357070828725,0.952548630598616,1.86015718614182e-08,0.346838997030701,0.00014115298780018,0.445832977812904,0.302815866228964,2.041733,429.6916,339.0476,2.042127,429.9723,339.9878,2.041577,426.0887,338.8572,"No issues","No issues","No issues","No issues"
349,200,2025-05-18,2025-05-18 08:24:20,2025-05-18 08:28:00,2025-05-18 08:21:00,23,-0.313703715415133,50.9717312253452,120.275288537526,0.640590542237222,0.00558363037571943,0.0572626022172815,4.52897279555773e-06,0.734721332205727,0.271463319104675,0.00018040008904998,0.522237173220433,0.374669922929465,2.041724,432.1403,339.4779,2.041724,434.0757,339.9355,2.040461,431.8366,338.4116,"No issues","No issues","No issues","No issues"
350,210,2025-05-18,2025-05-18 08:31:40,2025-05-18 08:35:20,2025-05-18 08:28:20,23,-0.519731857707547,-61.9416284585363,78.4771541502086,0.761940547744616,0.00959057638017458,0.0166184736713313,5.54843825735848e-08,0.656650256068652,0.557727054844064,0.00022303555757229,0.483259324366027,0.463469647355243,2.038936,433.1658,338.8959,2.03913,433.5163,340.3987,2.037751,431.8849,338.5891,"No issues","No issues","No issues","No issues"
351,220,2025-05-18,2025-05-18 08:39:00,2025-05-18 08:42:40,2025-05-18 08:35:40,23,0.246069249011914,-4542.55256916998,-50.4961897233344,0.750806257414787,0.977551192218208,0.00656975750323364,9.02535233253238e-08,8.46621401659623e-19,0.713134422400709,0.00010883649925954,0.528493248402219,0.476722031726654,2.037827,428.6223,340.8855,2.038602,428.6458,340.8855,2.037827,417.3497,338.3985,"No issues","No issues","No issues","No issues"
352,230,2025-05-18,2025-05-18 08:46:20,2025-05-18 08:50:00,2025-05-18 08:43:00,23,0.0653464031617924,-42.0107193676327,86.3854861660157,0.127117142981808,0.00228148105983455,0.0301686471027498,0.094934049292937,0.828659827927734,0.428014920520514,0.00013146501765806,0.674478789386634,0.376030931072794,2.036813,431.5352,339.2949,2.037145,432.8818,340.4914,2.036676,430.1464,338.9562,"No issues","No issues","No issues","No issues"
353,240,2025-05-18,2025-05-18 08:53:40,2025-05-18 08:57:20,2025-05-18 08:50:20,23,0.122488221344198,176.360158102759,-124.942766798417,0.350923822396692,0.060907675431086,0.055043756752534,0.00289801118303447,0.256269693353423,0.281233464395517,0.000127893458994,0.531656598481949,0.397443620711395,2.036839,430.754,340.2023,2.037421,432.0767,340.7474,2.036839,429.9513,339.1447,"No issues","No issues","No issues","No issues"
354,10,2025-05-18,2025-05-18 09:01:00,2025-05-18 09:04:40,2025-05-18 08:57:40,23,-0.0554769960473297,-4.6299130435272,253.334703557289,0.0485535603215989,4.91985357703359e-05,0.120993003388907,0.312345959978867,0.974660974060611,0.103862636873602,0.00018854158980927,0.506755717991801,0.524231749124221,2.037923,427.1047,339.6336,2.038663,427.8214,340.509,2.037866,425.6129,338.6573,"No issues","No issues","No issues","No issues"
355,20,2025-05-18,2025-05-18 09:08:20,2025-05-18 09:12:00,2025-05-18 09:05:00,23,0.404184664031896,-4092.21562055336,-214.881581027705,0.831857435650975,0.966716581359215,0.140885769932403,1.38519126631423e-09,5.31811745328462e-17,0.0775802729243829,0.00013951047219069,0.582955607912811,0.407383727824477,2.038254,423.0023,340.0967,2.039429,423.0023,340.7162,2.038254,411.4948,339.0334,"No issues","No issues","No issues","No issues"
356,30,2025-05-18,2025-05-18 09:15:40,2025-05-18 09:19:20,2025-05-18 09:12:20,23,0.381064980237108,194.802972332018,-336.409328063245,0.864604942844435,0.0839908069862517,0.41478646208893,1.40013583607338e-10,0.179797570910064,0.00091179582552752,0.00011577217243338,0.493903625383403,0.306778924633014,2.038994,430.5916,340.2517,2.039879,431.6261,340.4889,2.038758,429.8429,339.0664,"No issues","No issues","No issues","No issues"
357,40,2025-05-18,2025-05-18 09:23:00,2025-05-18 09:26:40,2025-05-18 09:19:40,23,-0.020481581028064,-2555.92885375501,113.614292490094,0.00663513301951292,0.899108215002337,0.0277893029574529,0.711769572192835,6.26824873752654e-12,0.447116715686351,0.00019240026005837,0.657329731958441,0.515925430217002,2.038415,427.2741,340.0395,2.038464,427.7453,341.2121,2.037838,421.6231,339.0041,"No issues","No issues","No issues","No issues"
358,50,2025-05-18,2025-05-18 09:30:20,2025-05-18 09:34:00,2025-05-18 09:27:00,23,-0.05084110671939,-283.595193675913,-48.0424980237178,0.0987732940415253,0.140970183096732,0.00586606252277183,0.14415355218365,0.0774843231266857,0.728335289232652,0.00011790299821232,0.537467179683535,0.480161442597378,2.037738,431.0313,339.6786,2.037868,432.2976,341.8009,2.037351,429.5658,339.5443,"No issues","No issues","No issues","No issues"
359,60,2025-05-18,2025-05-18 09:37:40,2025-05-18 09:41:20,2025-05-18 09:34:20,23,-0.186246640316288,-274.675162055323,304.048600790495,0.441709516320167,0.206644853144507,0.177522783050823,0.00054163164856869,0.0293142043659135,0.0452530023943207,0.00016075436626815,0.413193528120553,0.50244727401495,2.036781,430.3513,341.6292,2.036858,431.7151,343.6568,2.035979,429.5627,341.0918,"No issues","No issues","No issues","No issues"
360,70,2025-05-18,2025-05-18 09:45:00,2025-05-18 09:48:40,2025-05-18 09:41:40,23,-0.655291067193998,-98.8306719367942,-47.0982450592961,0.911754824262846,0.0261697755483026,0.00373079691423059,1.52639839225337e-12,0.460855598415669,0.781892817092021,0.00015651403746958,0.462856076542578,0.590887590340397,2.036284,427.8382,339.853,2.036284,427.9016,341.3232,2.034695,425.9579,339.2566,"No issues","No issues","No issues","No issues"
361,80,2025-05-18,2025-05-18 09:52:20,2025-05-18 09:56:00,2025-05-18 09:49:00,23,0.18653691699583,-2733.93932015817,140.949818181781,0.442063055437281,0.951901942635449,0.0522737706001576,0.00053786027131585,2.55714768464546e-15,0.294028373200316,0.00016088955102317,0.471812158482385,0.46076199723301,2.034618,428.4597,340.0814,2.035293,428.9739,341.5114,2.034513,421.7438,339.9218,"No issues","No issues","No issues","No issues"
362,90,2025-05-18,2025-05-18 09:59:40,2025-05-18 10:03:20,2025-05-18 09:56:20,23,0.171988932806132,-2166.01897233201,-19.4049960474325,0.518911528290856,0.896113911892407,0.00060775113997472,0.0001060103309807,8.53431391365143e-12,0.911098508356103,0.00012713903562148,0.566202703549821,0.604131181247026,2.034722,423.3219,341.199,2.035182,423.3219,342.2486,2.034519,417.3777,339.8257,"No issues","No issues","No issues","No issues"
363,100,2025-05-18,2025-05-18 10:07:00,2025-05-18 10:10:40,2025-05-18 10:03:40,23,0.145701818181857,243.193802371501,-0.280031620550716,0.601965788093658,0.142842626424524,2.4246801527135e-07,1.35919881395509e-05,0.0753860949379873,0.998220867142391,9.0960295684208e-05,0.457368729184079,0.436608702685868,2.0347,428.8663,341.5845,2.035141,430.2029,342.2935,2.034505,428.2957,340.6957,"No issues","No issues","No issues","No issues"
364,110,2025-05-18,2025-05-18 10:14:20,2025-05-18 10:18:00,2025-05-18 10:11:00,23,-0.0353198418974439,-19.0720316205983,-24.7119367589307,0.0330411758958005,0.00106193956125055,0.003358782590737,0.406491588296646,0.882652879959776,0.792810272262148,0.00014669239176621,0.449085397762117,0.326811894784297,2.033907,429.5221,340.5629,2.033907,430.5392,341.6508,2.033326,428.6996,340.3018,"No issues","No issues","No issues","No issues"
365,120,2025-05-18,2025-05-18 10:21:40,2025-05-18 10:25:20,2025-05-18 10:18:20,23,-0.170853438735327,-208.818213438694,105.065644268749,0.296550203576355,0.0704790423762432,0.0386950051344586,0.00721625476013967,0.220836258541854,0.368324961336194,0.0002020243698708,0.582211215620626,0.402046669540158,2.033695,429.7949,341.8793,2.033695,431.3224,342.2095,2.032717,429.1866,340.7303,"No issues","No issues","No issues","No issues"
366,130,2025-05-18,2025-05-18 10:29:00,2025-05-18 10:32:40,2025-05-18 10:25:40,23,0.0781527272729915,-3115.44739920951,5.65783399202687,0.167555548303847,0.959325482842434,6.05006405392863e-05,0.0524302838849069,4.38295669868562e-16,0.971901814723588,0.00013373804141782,0.492505666346508,0.558431196612719,2.032592,425.4938,341.2065,2.032826,425.4938,342.5573,2.032234,416.419,340.1383,"No issues","No issues","No issues","No issues"
367,140,2025-05-18,2025-05-18 10:36:20,2025-05-18 10:40:00,2025-05-18 10:33:00,23,0.130983083003665,50.1179762845879,165.91958893281,0.358845890627043,0.0105801423031217,0.0938412202226642,0.00252435319019401,0.640477715748608,0.155127838314174,0.00013441725760027,0.372092296437046,0.395836271333185,2.032633,430.1973,340.7024,2.032917,430.978,342.4342,2.032224,429.4768,340.7024,"No issues","No issues","No issues","No issues"
368,150,2025-05-18,2025-05-18 10:43:40,2025-05-18 10:47:20,2025-05-18 10:40:20,23,0.114317786561117,-3677.73467193673,151.64736758894,0.375458651432142,0.968318891960775,0.0731000871508174,0.00188099802699364,3.16549026629465e-17,0.212126943904634,0.00011319466099085,0.510721297427703,0.414576752208066,2.0327,421.9813,341.326,2.033186,421.9813,342.4334,2.032691,412.2809,340.6714,"No issues","No issues","No issues","No issues"
369,160,2025-05-18,2025-05-18 10:51:00,2025-05-18 10:54:40,2025-05-18 10:47:40,23,-0.0658757312252462,-3333.11990513838,92.8817075098744,0.164676883483808,0.983221725244228,0.0178182498919667,0.0547020879341436,3.97064853617581e-20,0.543718917985004,0.00011390662263524,0.334280813871103,0.529427131688254,2.033051,426.4318,341.154,2.03311,426.5494,342.8185,2.032682,418.5123,340.7158,"No issues","No issues","No issues","No issues"
370,170,2025-05-18,2025-05-18 10:58:20,2025-05-18 11:02:00,2025-05-18 10:55:00,23,0.0159993675889076,-84.4209960474112,130.548521739099,0.0146811283451074,0.0163840429841913,0.051528597252415,0.581825082860764,0.560541948579726,0.297589890441918,0.00010062921736855,0.502186820868278,0.430004019088097,2.031757,430.772,340.4281,2.032045,431.115,342.3052,2.031603,429.5422,340.4281,"No issues","No issues","No issues","No issues"
371,180,2025-05-18,2025-05-18 11:05:40,2025-05-18 11:09:20,2025-05-18 11:02:20,23,-0.0134295652174645,-4382.85343873524,36.071999999996,0.0065782116402486,0.952924301639979,0.00478650601171276,0.712957495453479,2.03972098450726e-15,0.753771366356596,0.00012670316627489,0.747891725690402,0.39932972738922,2.030911,421.3402,341.2397,2.030911,421.7943,342.026,2.030334,411.5514,340.6694,"No issues","No issues","No issues","No issues"
372,190,2025-05-18,2025-05-18 11:13:00,2025-05-18 11:16:40,2025-05-18 11:09:40,23,0.325383083003965,-2853.40268774707,95.6547035572726,0.797333054541759,0.95806687361013,0.025992899405883,1.00317838621939e-08,6.03938067900886e-16,0.462394894760836,0.00012594448131322,0.458306874107397,0.449544433464993,2.030874,424.8509,340.4069,2.031927,425.0688,342.4575,2.030874,417.424,340.4069,"No issues","No issues","No issues","No issues"
373,200,2025-05-18,2025-05-18 11:20:20,2025-05-18 11:24:00,2025-05-18 11:17:00,23,0.218936916995946,-195.129106719395,80.4203003952467,0.385621722892557,0.065441207082877,0.0227481332760837,0.00156602078247523,0.238733341952183,0.492121313073353,0.00021216257340278,0.566124976193309,0.404677127958951,2.031165,430.7384,341.1506,2.032127,431.6692,342.054,2.030883,429.2654,340.4166,"No issues","No issues","No issues","No issues"
374,210,2025-05-18,2025-05-18 11:27:40,2025-05-18 11:31:20,2025-05-18 11:24:20,23,-0.478188142292265,234.053501976285,147.6227667984,0.8136485557074,0.151506021342306,0.0423189946140826,4.11819250394107e-09,0.0663891154159767,0.346353534862777,0.00017569497922842,0.425243001554638,0.539148874153957,2.03062,428.5605,341.4269,2.030903,430.0758,341.8112,2.029507,428.3476,339.7976,"No issues","No issues","No issues","No issues"
375,220,2025-05-18,2025-05-18 11:35:00,2025-05-18 11:38:40,2025-05-18 11:31:40,23,0.169854545454508,-4056.61574703558,168.395478260855,0.409780776207305,0.977335213370477,0.125399044377287,0.00100214763783811,9.36258314522566e-19,0.0973574364307016,0.0001565022746736,0.474275305049517,0.341429373977904,2.029156,423.8468,341.3612,2.029455,423.8468,341.8291,2.028779,413.198,340.1042,"No issues","No issues","No issues","No issues"
376,230,2025-05-18,2025-05-18 11:42:20,2025-05-18 11:46:00,2025-05-18 11:39:00,23,-0.0303168379446655,104.830007905165,-192.153770751005,0.0149396080939574,0.0246775001066071,0.142903691401253,0.578495126697449,0.47409590638172,0.0753186271016116,0.00018899848550165,0.505966490059357,0.361288880801129,2.029462,429.176,341.6608,2.029977,430.7603,342.4186,2.029047,428.4716,340.793,"No issues","No issues","No issues","No issues"
377,240,2025-05-18,2025-05-18 11:49:40,2025-05-18 11:53:20,2025-05-18 11:46:20,23,0.443790355731025,-334.658276679859,200.864632411051,0.839060587851131,0.173496614499631,0.0649877098886086,8.7129465083392e-10,0.0480289857677658,0.240423859173655,0.00014921930063522,0.560778019099901,0.584937026769675,2.029816,429.6626,341.7774,2.031187,431.2285,342.7692,2.029682,428.2833,340.5273,"No issues","No issues","No issues","No issues"
378,10,2025-05-18,2025-05-18 11:57:00,2025-05-18 12:00:40,2025-05-18 11:53:40,23,0.375361897233212,-34.9288221344017,-146.795478260889,0.810906061146818,0.00264157190167196,0.0479470392153348,4.8082334663387e-09,0.815842622946842,0.315464258059946,0.00013916060628881,0.52106385623908,0.502197944601914,2.031374,426.0725,341.1233,2.032358,427.1854,342.9715,2.031348,424.9708,340.6567,"No issues","No issues","No issues","No issues"
379,20,2025-05-18,2025-05-18 12:04:20,2025-05-18 12:08:00,2025-05-18 12:01:00,23,1.00923225296424,-4746.07664822136,40.6950830039478,0.977104372869044,0.971988045820939,0.00525512132964822,1.04148251127682e-18,8.67750479897881e-18,0.742378314111429,0.00011860677857548,0.618569618155946,0.429852064224496,2.031045,422.4466,341.5939,2.033522,422.4466,342.6385,2.031045,409.4333,340.9738,"No issues","No issues","No issues","No issues"
380,30,2025-05-18,2025-05-18 12:11:40,2025-05-18 12:15:20,2025-05-18 12:08:20,23,0.192180237154019,110.621881422863,152.752126482207,0.62297273254187,0.0273282851798021,0.0902608157583981,7.57755233151542e-06,0.450963930205227,0.163647505817737,0.00011478183988839,0.506676298534288,0.372313414315306,2.034792,430.3912,341.962,2.035361,431.3736,342.6126,2.034665,429.1688,340.6951,"No issues","No issues","No issues","No issues"
381,40,2025-05-18,2025-05-18 12:19:00,2025-05-18 12:22:40,2025-05-18 12:15:40,23,-0.699148458498233,-1474.14279841897,91.9459920948704,0.732156603400165,0.845348801865822,0.0184535981639258,1.94731283077707e-07,5.71425331412167e-10,0.536555790409457,0.00032465379229465,0.48407296083609,0.51482578091188,2.03624,425.8091,341.8948,2.036547,425.8091,343.2107,2.034681,420.8416,340.8726,"No issues","No issues","No issues","No issues"
382,50,2025-05-18,2025-05-18 12:26:20,2025-05-18 12:30:00,2025-05-18 12:23:00,23,0.00702640316187986,87.6183083003645,-85.2363320158427,0.00158366624985149,0.0200782118171126,0.0265163345261583,0.856933257476945,0.518973777851453,0.457862261584017,0.00013544708687982,0.469938093654466,0.396501594215025,2.034675,430.286,342.1546,2.034952,431.2053,343.3055,2.034377,429.3122,341.8931,"No issues","No issues","No issues","No issues"
383,60,2025-05-18,2025-05-18 12:33:40,2025-05-18 12:37:20,2025-05-18 12:30:20,23,0.214966956521755,179.229628458443,617.590102766829,0.696849273827037,0.104637023817286,0.611925336812666,7.30499782033436e-07,0.132158403369153,1.03423907266295e-05,0.00010885394777904,0.402512412068634,0.377590753046163,2.033366,429.4023,343.3658,2.033813,430.4113,345.8658,2.033144,428.7454,343.3658,"No issues","No issues","No issues","No issues"
384,70,2025-05-18,2025-05-18 12:41:00,2025-05-18 12:44:40,2025-05-18 12:37:40,23,0.718289644268572,-1195.35253754945,372.128727272741,0.939812844675183,0.645326574773145,0.292773200576787,2.70850630224921e-14,3.92741658164167e-06,0.00767246898510552,0.00013955436387315,0.68035119698759,0.444037335368883,2.035357,426.4067,342.5194,2.037477,427.0858,343.2701,2.035357,423.1896,341.2306,"No issues","No issues","No issues","No issues"
385,80,2025-05-18,2025-05-18 12:48:20,2025-05-18 12:52:00,2025-05-18 12:45:00,23,0.432939130434949,-3580.8710513834,179.456727272703,0.512581998876218,0.932638250792897,0.0723158812872435,0.00012224610191602,8.86730313117381e-14,0.214691732999423,0.00032412202479404,0.738841607064411,0.493464095030532,2.040231,423.5837,343.1028,2.042023,423.5837,343.9182,2.040231,414.3001,341.9844,"No issues","No issues","No issues","No issues"
386,90,2025-05-18,2025-05-18 12:55:40,2025-05-18 12:59:20,2025-05-18 12:52:20,23,0.758697865612586,-1338.15415019765,-188.14112252968,0.935992085679929,0.591352908417929,0.114129423326821,5.17841676592451e-14,1.80567781406701e-05,0.114890376360158,0.00015232185073282,0.854023023078854,0.402422869817079,2.044527,423.0041,342.8023,2.04664,423.0041,343.9546,2.044527,418.0781,342.3733,"No issues","No issues","No issues","No issues"
387,100,2025-05-18,2025-05-18 13:03:00,2025-05-18 13:06:40,2025-05-18 12:59:40,23,-0.918145138340169,-467.988332015837,-382.573565217395,0.904318258332698,0.371864947111215,0.27392896337008,3.58285578173206e-12,0.00200570705031571,0.0103804702060284,0.00022928614947244,0.466961972277625,0.478187405370548,2.050209,429.5254,344.1822,2.050283,430.8791,344.6041,2.04811,428.7583,342.752,"No issues","No issues","No issues","No issues"
388,110,2025-05-18,2025-05-18 13:10:20,2025-05-18 13:14:00,2025-05-18 13:07:00,23,-1.52180964426906,-338.95778656127,213.70083794466,0.901294466522131,0.346849539453382,0.118509430808312,4.97471846444735e-12,0.00310954003271103,0.107722461057843,0.00038664315457875,0.357103632889373,0.447456890070786,2.042557,429.6765,342.6035,2.042557,430.3362,344.2995,2.038585,428.6802,342.528,"No issues","No issues","No issues","No issues"
389,120,2025-05-18,2025-05-18 13:17:40,2025-05-18 13:21:20,2025-05-18 13:14:20,23,-0.233860553359596,379.994371541467,-139.945802371567,0.210102907745968,0.287630879315204,0.0776266059908145,0.027827423808746,0.0083370433401578,0.197972403088558,0.00034812787155149,0.459118241204936,0.370356999300317,2.037942,430.1178,342.7895,2.038867,431.8165,344.136,2.037446,429.4106,342.5034,"No issues","No issues","No issues","No issues"
390,130,2025-05-18,2025-05-18 13:25:00,2025-05-18 13:28:40,2025-05-18 13:21:40,23,0.814234624505935,-3657.48616600792,110.428079051371,0.672562727645867,0.967216752175339,0.0325509018497702,1.6666846641493e-06,4.5353222781459e-17,0.410054508038352,0.00043617404734697,0.516962893334445,0.462194382224576,2.037049,423.7227,343.7917,2.039093,423.7227,345.2699,2.03704,414.0475,343.3085,"No issues","No issues","No issues","No issues"
391,140,2025-05-18,2025-05-18 13:32:20,2025-05-18 13:36:00,2025-05-18 13:29:00,23,0.770163794466081,21.8638102766257,270.256980237132,0.743633196380987,0.00119609260542525,0.151994737481416,1.2210398067612e-07,0.875513904688692,0.0659145248224167,0.00034717400876393,0.485060778527113,0.490088501804394,2.04207,428.4433,343.5816,2.044285,430.145,344.6526,2.04207,428.1879,342.2982,"No issues","No issues","No issues","No issues"
392,150,2025-05-18,2025-05-18 13:39:40,2025-05-18 13:43:20,2025-05-18 13:36:20,23,-0.566287114624531,-4787.12860079053,228.486166007862,0.643648287605796,0.981479719318328,0.134226728103563,4.13171613638458e-06,1.12115408377733e-19,0.0855354280820932,0.00032349263051675,0.504859819118115,0.445507573304948,2.04433,423.1228,344.0682,2.044607,423.1228,345.2746,2.042865,411.1633,342.9056,"No issues","No issues","No issues","No issues"
393,160,2025-05-18,2025-05-18 13:47:00,2025-05-18 13:50:40,2025-05-18 13:43:40,23,-0.500001581027994,-3084.55171541499,36.2248221343518,0.701529327529899,0.950862421103952,0.00460503686261063,6.18565478867112e-07,3.2024097168672e-15,0.758346490849984,0.00025038706511462,0.538335087136518,0.408883910423405,2.043153,425.9781,344.4137,2.043153,425.9781,344.7682,2.041643,418.0991,343.4103,"No issues","No issues","No issues","No issues"
394,170,2025-05-18,2025-05-18 13:54:20,2025-05-18 13:58:00,2025-05-18 13:51:00,23,-0.439410592885447,69.610909090887,-67.9964584980212,0.717187777204251,0.0179600318269083,0.00821986387479382,3.47856774261019e-07,0.542105660829348,0.680773267966938,0.00021184380381784,0.395185437073241,0.573421905521801,2.040345,429.7221,344.2146,2.040726,430.6786,345.9441,2.039509,429.1496,343.5736,"No issues","No issues","No issues","No issues"
395,180,2025-05-18,2025-05-18 14:01:40,2025-05-18 14:05:20,2025-05-18 13:58:20,23,0.428994782608741,-6041.34241897233,-105.356774703564,0.764852433872438,0.99298834405366,0.0329967311790285,4.86754101941505e-08,4.15119515683269e-24,0.406812777291741,0.0001826190266229,0.389748337340738,0.437878452509008,2.038152,421.9893,344.0334,2.039496,422.091,344.9805,2.038152,407.5603,343.0001,"No issues","No issues","No issues","No issues"
396,190,2025-05-18,2025-05-18 14:09:00,2025-05-18 14:12:40,2025-05-18 14:05:40,23,1.56459130434767,-3420.57002371546,-114.520126482214,0.986150268965027,0.964901632855413,0.0419812159719649,5.29126949597807e-21,9.29498821110862e-17,0.34832782834845,0.00014235169047386,0.500856156917563,0.420004477422235,2.04388,421.1898,343.8608,2.047452,421.8484,345.037,2.043681,412.4829,343.2773,"No issues","No issues","No issues","No issues"
397,200,2025-05-18,2025-05-18 14:16:20,2025-05-18 14:20:00,2025-05-18 14:13:00,23,-0.431180395257006,-11.6486324110613,180.891035573101,0.739763612357562,0.00057504062942507,0.0764623248266321,1.43236491575928e-07,0.913515086291806,0.201510459351575,0.00019634015536224,0.372832159758793,0.482650988500023,2.050794,429.5616,344.8774,2.051066,430.3095,345.1157,2.049869,428.7802,343.3014,"No issues","No issues","No issues","No issues"
398,210,2025-05-18,2025-05-18 14:23:40,2025-05-18 14:27:20,2025-05-18 14:20:20,23,0.858868932806295,310.627636363605,-40.0308616600475,0.880422727932281,0.135653471639627,0.00608888201899886,3.76787213485792e-11,0.0837650170938049,0.723416814780869,0.0002430066662888,0.601978773058638,0.392656262951688,2.047678,430.2609,344.239,2.050179,431.3816,344.4803,2.047678,429.1794,343.1542,"No issues","No issues","No issues","No issues"
399,220,2025-05-18,2025-05-18 14:31:00,2025-05-18 14:34:40,2025-05-18 14:27:40,23,-0.600061660078913,-3896.14738339922,106.76632411065,0.888157374624247,0.980525224439946,0.0309548534126371,1.8597108252894e-11,1.90116295947807e-19,0.421964941507098,0.00016348096339021,0.42155555653821,0.458621611269027,2.048765,423.7573,343.8653,2.049092,424.2608,345.0867,2.047402,414.7475,342.9964,"No issues","No issues","No issues","No issues"
400,230,2025-05-18,2025-05-18 14:38:20,2025-05-18 14:42:00,2025-05-18 14:35:00,23,-0.378563478261415,-147.199304347858,-17.616379446646,0.5070856235878,0.0630923148039558,0.00102417817566661,0.00013815651454205,0.247639882205437,0.884744377375692,0.00028654735403717,0.435490337227491,0.42239520739115,2.042875,429.1263,343.7489,2.043443,430.1912,344.269,2.04208,428.4761,342.6899,"No issues","No issues","No issues","No issues"
401,240,2025-05-18,2025-05-18 14:45:40,2025-05-18 14:49:20,2025-05-18 14:42:20,23,0.648332964426779,299.183051383339,-85.1347351779161,0.860151898914083,0.199506223449103,0.0133740189705457,1.97127089662409e-10,0.0326277173462313,0.599264389072021,0.00020070186596435,0.460097993264554,0.561390024908732,2.043009,429.1559,343.4452,2.044672,430.8879,344.4341,2.042828,429.0399,341.9405,"No issues","No issues","No issues","No issues"
402,10,2025-05-18,2025-05-18 14:53:00,2025-05-18 14:56:40,2025-05-18 14:49:40,23,-0.0317596837946287,215.601296442708,-9.16420553359101,0.0197509760222446,0.0735419752157166,0.00025130744119691,0.522434275816369,0.210696801736229,0.942768038763895,0.00017177608248074,0.587501787656563,0.4437620559966,2.043281,424.4885,342.0247,2.043811,426.2794,343.9249,2.043143,423.6893,342.0247,"No issues","No issues","No issues","No issues"
403,20,2025-05-18,2025-05-18 15:00:20,2025-05-18 15:04:00,2025-05-18 14:57:00,23,0.0512167588932074,-5139.63974703561,192.303177865606,0.0432498156199349,0.985709773715698,0.117389844166939,0.340987183175876,7.35232869048878e-21,0.109509992447617,0.00018494041796543,0.47510576073479,0.40482586642594,2.044206,419.5719,342.9528,2.044941,420.3187,343.9556,2.044206,407.1392,341.9028,"No issues","No issues","No issues","No issues"
404,30,2025-05-18,2025-05-18 15:07:40,2025-05-18 15:11:20,2025-05-18 15:04:20,23,-0.428960632411314,-199.345802371587,-67.5567747035815,0.734822039369678,0.11104664585937,0.00695994765915295,1.75035907911256e-07,0.12022718794299,0.705098371643754,0.00019783706436984,0.433018503446216,0.619529368748277,2.045018,429.2355,343.482,2.045459,429.2355,344.1895,2.043741,427.6009,341.8461,"No issues","No issues","No issues","No issues"
405,40,2025-05-18,2025-05-18 15:15:00,2025-05-18 15:18:40,2025-05-18 15:11:40,23,-0.265534861660196,-1137.87433992099,-36.7302450592924,0.664185199354347,0.484284593377686,0.00318045077515779,2.18501651181797e-06,0.00022651239008473,0.79827240351535,0.00014495709020134,0.901491478824302,0.499229632767353,2.044121,421.4964,343.393,2.04448,423.3098,344.3882,2.043548,418.3079,342.2801,"No issues","No issues","No issues","No issues"
406,50,2025-05-18,2025-05-18 15:22:20,2025-05-18 15:26:00,2025-05-18 15:19:00,23,0.595169644268698,30.5832094861201,29.5723636363285,0.862628222272377,0.00216184551321163,0.0030830367040366,1.63197342458974e-10,0.833149729031706,0.801324881410149,0.00018234350403234,0.504444487460904,0.408261831033874,2.044036,427.6995,342.6567,2.045622,429.6359,344.0421,2.044036,427.609,342.526,"No issues","No issues","No issues","No issues"
407,60,2025-05-18,2025-05-18 15:29:40,2025-05-18 15:33:20,2025-05-18 15:26:20,23,0.50508142292464,-162.526766798459,285.198545454526,0.677455513881257,0.0423659793382985,0.256118449822023,1.41844016482775e-06,0.34608006018996,0.0137431136229626,0.00026756445051213,0.593237573362891,0.37315680283446,2.045758,429.4091,344.6245,2.047304,429.7798,345.8792,2.04571,427.5475,344.285,"No issues","No issues","No issues","No issues"
408,70,2025-05-18,2025-05-18 15:37:00,2025-05-18 15:40:40,2025-05-18 15:33:40,23,-0.0472297233201479,-1900.86147035576,84.4875889327838,0.0120185973704568,0.834067819453763,0.0375357408705252,0.61851977395774,1.20405807099261e-09,0.375741020344269,0.0003287573634481,0.650920112936281,0.328454579747648,2.04767,425.6859,343.4869,2.047811,425.7466,344.6635,2.046625,420.6362,343.3358,"No issues","No issues","No issues","No issues"
409,80,2025-05-18,2025-05-18 15:44:20,2025-05-18 15:48:00,2025-05-18 15:41:00,23,-0.716983399209902,-4767.89947826088,9.17530434784016,0.85195510624976,0.975019282459158,0.00023801468787349,3.60046027300817e-10,2.60330206310096e-18,0.944299883175828,0.00022946162098333,0.585916243800702,0.456540705014937,2.048034,423.2986,344.4443,2.048209,423.2986,344.6981,2.046418,411.3873,343.0029,"No issues","No issues","No issues","No issues"
410,90,2025-05-18,2025-05-18 15:51:40,2025-05-18 15:55:20,2025-05-18 15:48:20,23,0.0719288537550925,-2488.84249802374,204.056822134373,0.0573312263520992,0.909374520431278,0.0883489182403248,0.271167637286386,2.02094959681344e-12,0.168400229551476,0.00022392350324777,0.603203395768039,0.503242628832637,2.046043,421.2648,343.6881,2.046155,421.2648,345.1735,2.045211,414.828,343.2373,"No issues","No issues","No issues","No issues"
411,100,2025-05-18,2025-05-18 15:59:00,2025-05-18 16:02:40,2025-05-18 15:55:40,23,-0.352156837944555,-286.380142292514,123.460648221346,0.519100538270458,0.14746829098934,0.0355302329253773,0.00010555735335768,0.0704415878189798,0.389053233098434,0.0002602256651516,0.528641730819192,0.493840189471408,2.045761,429.2904,345.1165,2.045923,429.6219,345.7476,2.044641,427.176,343.8035,"No issues","No issues","No issues","No issues"
412,110,2025-05-18,2025-05-18 16:06:20,2025-05-18 16:10:00,2025-05-18 16:03:00,23,0.223726482213242,74.621596837959,164.803731225273,0.392990605324064,0.0144499028491565,0.0705834046390655,0.00136892020016827,0.584835953525598,0.220481906456052,0.00021346988292877,0.473133852838181,0.459127753310301,2.045934,428.2599,344.0291,2.046935,429.5708,345.3156,2.045934,427.4851,343.5038,"No issues","No issues","No issues","No issues"
413,120,2025-05-18,2025-05-18 16:13:40,2025-05-18 16:17:20,2025-05-18 16:10:20,23,0.787691383398904,442.644616600763,-29.4272252964609,0.938216806694163,0.398185358737512,0.00232178657358998,3.56790918047064e-14,0.00124401258434312,0.827174935127332,0.00015518590096966,0.41778853095889,0.468323560136436,2.046486,428.8947,344.6399,2.048646,430.9648,345.3677,2.046486,428.8947,343.7688,"No issues","No issues","No issues","No issues"
414,130,2025-05-18,2025-05-18 16:21:00,2025-05-18 16:24:40,2025-05-18 16:17:40,23,-0.406455652174114,-3859.08332015816,-73.0208063241315,0.716158483568689,0.978775586224101,0.0178467919004496,3.61612521162296e-07,4.69555494779319e-19,0.543393461883113,0.00019645322006726,0.436287769918102,0.415880693977924,2.049059,424.2308,344.8139,2.049462,424.2308,345.5372,2.048012,414.4063,343.7789,"No issues","No issues","No issues","No issues"
415,140,2025-05-18,2025-05-18 16:28:20,2025-05-18 16:32:00,2025-05-18 16:25:00,23,-0.381278418972293,-95.3917470355873,-63.4596047430664,0.606854184130562,0.0474227350692914,0.00936653592040454,1.1895996316323e-05,0.318191125037505,0.660447970519273,0.00023560769665805,0.328231460709172,0.501045255824869,2.047062,429.4696,344.1022,2.047507,429.4696,345.5685,2.046095,428.1676,343.2727,"No issues","No issues","No issues","No issues"
416,150,2025-05-18,2025-05-18 16:35:40,2025-05-18 16:39:20,2025-05-18 16:32:20,23,0.171946245058993,-5043.98333596839,257.151841897244,0.528903260360758,0.983099780767495,0.116053751704576,8.4350720797101e-05,4.28458623771008e-20,0.111682926218105,0.00012458685393149,0.507730915779759,0.544860809508909,2.045663,425.7547,344.5293,2.046142,425.7547,346.6772,2.045445,412.1184,344.15,"No issues","No issues","No issues","No issues"
417,160,2025-05-18,2025-05-18 16:43:00,2025-05-18 16:46:40,2025-05-18 16:39:40,23,0.286793359683714,-1465.12970750987,-121.475667984207,0.407983316455417,0.872938676302303,0.0517790509772484,0.00103655347585928,7.15485180165577e-11,0.296387033690203,0.00026523293934854,0.429144439799644,0.399098064395568,2.045382,423.8939,344.4837,2.04603,423.8939,345.38,2.044804,419.2194,343.8457,"No issues","No issues","No issues","No issues"
418,170,2025-05-18,2025-05-18 16:50:20,2025-05-18 16:54:00,2025-05-18 16:47:00,23,0.440085059288518,-213.056252964434,94.2596679841719,0.59091627617227,0.145594853725804,0.030980414998125,1.82662566220921e-05,0.0724041344816354,0.421770316355652,0.00028112038866811,0.396246825661153,0.404726054512051,2.045392,429.9441,344.6941,2.046344,429.9972,346.0564,2.044966,428.5791,344.1371,"No issues","No issues","No issues","No issues"
419,180,2025-05-18,2025-05-18 16:57:40,2025-05-18 17:01:20,2025-05-18 16:54:20,23,0.655606956521491,-1449.12521739129,-8.20629249013495,0.866341516622341,0.81789821131277,0.00010660732597637,1.22154932092658e-10,3.22475099409386e-09,0.962706906341016,0.00019770144783556,0.52495972604999,0.61015884613919,2.044719,425.826,344.8431,2.046559,426.0741,345.8752,2.044719,421.8412,343.1664,"No issues","No issues","No issues","No issues"
420,190,2025-05-18,2025-05-18 17:05:00,2025-05-18 17:08:40,2025-05-18 17:01:40,23,0.958425296442836,-2079.52164426879,153.049233201573,0.878929863482117,0.905029729296988,0.0346188019025952,4.29543633218271e-11,3.31161604895592e-12,0.395316270455801,0.00027309406960626,0.517176110823446,0.620493383871048,2.046881,425.0821,344.723,2.049117,425.911,345.8144,2.046867,420.4518,343.1885,"No issues","No issues","No issues","No issues"
421,200,2025-05-18,2025-05-18 17:12:20,2025-05-18 17:16:00,2025-05-18 17:09:00,23,-0.251336916996174,40.6814229249043,-69.8081264822138,0.442212158053602,0.00608474855643111,0.0141281598270844,0.00053627696310576,0.723507134116621,0.589077152330057,0.00021671454570542,0.399173856592049,0.447698881712989,2.048419,429.9803,345.1544,2.04882,431.0428,345.2458,2.047683,429.5721,343.5372,"No issues","No issues","No issues","No issues"
422,210,2025-05-18,2025-05-18 17:19:40,2025-05-18 17:23:20,2025-05-18 17:16:20,23,0.00445660079023131,18.3173122529381,220.472822134372,6.53675020913302e-05,0.0007722929200472,0.0716187859804722,0.970793969271043,0.899836106724125,0.217000766817597,0.00042317615592635,0.505842775573457,0.609420910193139,2.048291,431.1821,343.8761,2.050137,431.8702,345.2611,2.048291,430.0494,342.6908,"No issues","No issues","No issues","No issues"
423,220,2025-05-18,2025-05-18 17:27:00,2025-05-18 17:30:40,2025-05-18 17:23:40,23,0.974979604743032,-3355.48999209488,11.794624505917,0.930954060354626,0.944709465857107,0.00022454425542092,1.1501598600195e-13,1.10853006332394e-14,0.945896704599244,0.00020385110673091,0.623224909070597,0.604222614710933,2.050104,425.5775,344.6898,2.052961,425.5775,345.3658,2.050059,416.75,342.9307,"No issues","No issues","No issues","No issues"
424,230,2025-05-18,2025-05-18 17:34:20,2025-05-18 17:38:00,2025-05-18 17:31:00,23,0.553984505928826,320.614007905087,-119.315667984213,0.736875051229166,0.232475023808215,0.043072971553811,1.61118947667207e-07,0.0198107061463446,0.341998441741733,0.00025415245089024,0.447252932613306,0.431764634075903,2.048929,429.7413,343.5553,2.050241,431.544,344.4556,2.048684,429.7163,342.8001,"No issues","No issues","No issues","No issues"
425,240,2025-05-18,2025-05-18 17:41:40,2025-05-18 17:45:20,2025-05-18 17:38:20,23,0.423436837944858,349.292490118609,6.64477470351107,0.433604413756312,0.331363256436555,8.46800339665073e-05,0.00063504514621053,0.00405120053940086,0.966760418372129,0.00037154747706171,0.380929659596983,0.554349877122053,2.048333,430.5551,342.612,2.04919,431.9959,344.7714,2.047778,430.248,342.612,"No issues","No issues","No issues","No issues"
426,10,2025-05-18,2025-05-18 17:49:00,2025-05-18 17:52:40,2025-05-18 17:45:40,23,0.156920158102627,814.051067193602,-33.6874624506358,0.0393142816110446,0.501449016730191,0.00219676940727537,0.364443136343594,0.00015642081179274,0.831825944538543,0.00059553436589264,0.623168714997315,0.55120241431341,2.049789,428.2182,343.2756,2.050046,430.3564,344.7528,2.048125,427.0927,342.3572,"No issues","No issues","No issues","No issues"
427,20,2025-05-18,2025-05-18 17:56:20,2025-05-18 18:00:00,2025-05-18 17:53:00,23,-0.0713739130434227,-2980.51655335969,11.9124426876877,0.069494114000598,0.936798162664319,0.00030653898751604,0.224212264484554,4.53143229596182e-14,0.93680206371021,0.0002005107467104,0.594355068638634,0.522280710640922,2.048782,430.0096,342.955,2.048782,430.0096,344.0356,2.047951,421.4322,341.7757,"No issues","No issues","No issues","No issues"
428,30,2025-05-18,2025-05-18 18:03:40,2025-05-18 18:07:20,2025-05-18 18:00:20,23,-0.289243636363764,441.246166007883,-326.376000000027,0.37486541136505,0.353058247582252,0.189906856775562,0.00190107806570925,0.00279259530130002,0.0376547308308109,0.00028676456681594,0.458567160515086,0.517520987168358,2.049441,432.2499,342.732,2.050122,433.8332,345.029,2.048852,431.4642,342.7268,"No issues","No issues","No issues","No issues"
429,40,2025-05-18,2025-05-18 18:11:00,2025-05-18 18:14:40,2025-05-18 18:07:40,23,0.306959051383178,-261.527335968348,151.385264822111,0.306968344794506,0.0831263462055159,0.0437505213364971,0.00608570282522405,0.182155878530427,0.338144697178386,0.00035409743402392,0.666829933311689,0.543363160225524,2.048148,429.9375,343.4644,2.049565,430.8738,344.7795,2.047677,427.8287,342.7129,"No issues","No issues","No issues","No issues"
430,50,2025-05-18,2025-05-18 18:18:20,2025-05-18 18:22:00,2025-05-18 18:15:00,23,-0.0398105928854868,45.7689486165849,34.3747351778529,0.0098603223372101,0.0108600694744685,0.00379711710679369,0.652146842664094,0.63606871792317,0.780008644256275,0.00030627667038613,0.335348290842118,0.427463323663473,2.049322,433.0317,344.0236,2.049823,434.223,345.3321,2.048851,432.9515,343.5014,"No issues","No issues","No issues","No issues"
431,60,2025-05-18,2025-05-18 18:25:40,2025-05-18 18:29:20,2025-05-18 18:22:20,23,2.00635826086956,1223.5580395257,378.292837944631,0.782553120781956,0.585745216828965,0.259934257384678,2.11837772246317e-08,2.09213566175836e-05,0.0129463102376998,0.0008119714438999,0.789980845425888,0.490054188511712,2.048666,434.2159,344.3388,2.052782,436.6924,345.9037,2.047804,432.5598,343.5681,"No issues","No issues","No issues","No issues"
432,70,2025-05-18,2025-05-18 18:33:00,2025-05-18 18:36:40,2025-05-18 18:29:40,23,0.253915256917085,368.511367588871,385.326924901177,0.150302372436664,0.214056031025962,0.330717608661029,0.067572415770307,0.0262160990998641,0.00409568487656493,0.00046350100236929,0.542120142161808,0.420840950044759,2.047395,432.0979,343.0201,2.048647,434.0825,344.5475,2.046785,431.6442,342.8258,"No issues","No issues","No issues","No issues"
433,80,2025-05-18,2025-05-18 18:40:20,2025-05-18 18:44:00,2025-05-18 18:37:00,23,2.45191588932803,3029.22071146243,152.66077470351,0.63051033026613,0.842886240364485,0.0938212146751281,6.09751939435444e-06,6.7541354159348e-10,0.155174109931302,0.00144103062627181,1.0040749718201,0.36424741418661,2.047915,434.5579,343.617,2.055482,441.4874,344.0992,2.047915,433.7251,342.7558,"No issues","No issues","No issues","No issues"
434,90,2025-05-18,2025-05-18 18:47:40,2025-05-18 18:51:20,2025-05-18 18:44:20,23,-0.330266561264623,283.274181818203,188.915478260835,0.500223965814355,0.117733461376197,0.0584917254495104,0.00016067164862095,0.108958174747826,0.266224562633012,0.00025344438040959,0.595346133553332,0.581895491139684,2.049532,436.5861,343.7913,2.050356,438.6159,345.1069,2.049085,436.0554,342.744,"No issues","No issues","No issues","No issues"
435,100,2025-05-18,2025-05-18 18:55:00,2025-05-18 18:58:40,2025-05-18 18:51:40,23,0.110561264821962,-155.951999999982,38.6827826086666,0.0149771464940442,0.0312204214901715,0.00425348887950965,0.578014615361292,0.419949186598825,0.767497017434643,0.00068837360381001,0.666955182060332,0.454393435598202,2.049747,438.5515,343.7201,2.051162,439.5237,344.7261,2.048326,436.9248,342.7432,"No issues","No issues","No issues","No issues"
436,110,2025-05-18,2025-05-18 19:02:20,2025-05-18 19:06:00,2025-05-18 18:59:00,23,0.24230418972312,-690.687747035616,142.053723320139,0.204889069054317,0.337338989903879,0.067946624736607,0.0300979076478016,0.00366025126143096,0.229634953878417,0.00036646118943168,0.743201857344054,0.403925866131865,2.050367,439.5984,343.2276,2.051795,439.5984,344.9897,2.050205,435.6487,343.2276,"No issues","No issues","No issues","No issues"
437,120,2025-05-18,2025-05-18 19:09:40,2025-05-18 19:13:20,2025-05-18 19:06:20,23,0.279382766798403,550.556679841849,80.5756837944757,0.100249727773305,0.195009266321511,0.0290892044685051,0.141029757660606,0.03489654364284,0.436528837201397,0.00064258650712884,0.858781041631964,0.35738830634279,2.049625,437.3619,343.7879,2.052573,440.4319,344.5342,2.049611,436.9084,343.0826,"No issues","No issues","No issues","No issues"
438,130,2025-05-18,2025-05-18 19:17:00,2025-05-18 19:20:40,2025-05-18 19:13:40,23,-0.725563636363748,1239.52667193667,-24.3337233201913,0.322942361352049,0.353730683837182,0.00169461000791832,0.00466826968336424,0.0027601277770774,0.852058625896494,0.00080656322637603,1.28628994164128,0.453438076207927,2.054949,438.6216,343.859,2.056084,444.6393,344.8226,2.052915,438.5465,342.8446,"No issues","No issues","No issues","No issues"
439,140,2025-05-18,2025-05-18 19:24:20,2025-05-18 19:28:00,2025-05-18 19:21:00,23,0.725981976284521,3153.0903083004,153.623810276643,0.14308469660457,0.893775971750704,0.0704685700835595,0.0751189955237406,1.07936523336984e-11,0.22087185156751,0.00136398875663805,0.834537874403955,0.428356575842601,2.057723,442.9876,343.0839,2.061906,450.9898,345.0856,2.057108,442.9876,343.0839,"No issues","No issues","No issues","No issues"
440,150,2025-05-18,2025-05-18 19:31:40,2025-05-18 19:35:20,2025-05-18 19:28:20,23,0.632333596837899,-89.4829090909172,191.121581027639,0.17389473239646,0.00496726959396894,0.172802143521225,0.0477472775315617,0.749307197390138,0.0485242694167358,0.0010581161311466,0.972327363247252,0.321035059028271,2.051954,443.1563,344.3651,2.055721,446.597,344.5918,2.051291,442.7263,343.3514,"No issues","No issues","No issues","No issues"
441,160,2025-05-18,2025-05-18 19:39:00,2025-05-18 19:42:40,2025-05-18 19:35:40,23,0.679964584980109,1799.18864822133,25.5170276679386,0.313295181142638,0.693969231172178,0.00278112896808557,0.00548216556716672,8.08227601257697e-07,0.811123665614001,0.00077287112036156,0.917279604242387,0.37096023680665,2.054666,448.5932,344.917,2.057318,454.5583,345.1584,2.053932,447.8905,343.7639,"No issues","No issues","No issues","No issues"
442,170,2025-05-18,2025-05-18 19:46:20,2025-05-18 19:50:00,2025-05-18 19:43:00,23,-0.358295335968529,-1601.05432411071,220.932142292469,0.252607560436103,0.51302938639557,0.211486743713185,0.0145168598900029,0.00012102786637939,0.0272528875202601,0.00047315662840939,1.19756451700097,0.327517434799316,2.05594,456.4438,344.2313,2.056339,456.8387,345.3883,2.054162,450.5392,343.7224,"No issues","No issues","No issues","No issues"
443,180,2025-05-18,2025-05-18 19:53:40,2025-05-18 19:57:20,2025-05-18 19:50:20,23,6.59956837944631,5367.47705928853,30.3919683794308,0.686302080711056,0.919537307654066,0.0031118073286905,1.05318547733147e-06,5.767427078438e-13,0.800418099933981,0.00342551828489511,1.21897667564251,0.417626742699227,2.053965,449.1169,343.9301,2.073886,463.615,344.8266,2.052825,449.1169,343.3825,"No issues","No issues","No issues","No issues"
444,190,2025-05-18,2025-05-18 20:01:00,2025-05-18 20:04:40,2025-05-18 19:57:40,23,-0.241347984189773,8274.26333596834,245.07547826086,0.0105234307590825,0.928886384318753,0.0953578905323015,0.641379483219613,1.56945912199235e-13,0.151662090042183,0.00179671980471862,1.75766868791655,0.579525481856477,2.061688,468.2688,343.5855,2.06352,485.4328,345.6642,2.05723,466.137,343.119,"No issues","No issues","No issues","No issues"
445,200,2025-05-18,2025-05-18 20:08:20,2025-05-18 20:12:00,2025-05-18 20:05:00,23,-2.03174039525724,-3642.30213438742,-182.42011067196,0.60952294771897,0.646639621475136,0.0771041056675382,1.10537324691223e-05,3.77403595391222e-06,0.199551647087385,0.00124848560346931,2.06712307057865,0.484532503228635,2.062977,490.7937,344.4401,2.067818,493.7931,344.4401,2.061302,483.5112,342.0893,"No issues","No issues","No issues","No issues"
446,210,2025-05-18,2025-05-18 20:15:40,2025-05-18 20:19:20,2025-05-18 20:12:20,23,-2.05235003952578,3516.83345454549,-71.9553201581241,0.368869581134253,0.534455947824011,0.0225172266348724,0.00211544453579909,7.4143275695993e-05,0.494352166617429,0.00206104353228113,2.51993205917294,0.363975886371172,2.074695,485.1111,343.2311,2.074695,494.5034,344.1815,2.064204,482.5488,342.8927,"No issues","No issues","No issues","No issues"
447,220,2025-05-18,2025-05-18 20:23:00,2025-05-18 20:26:40,2025-05-18 20:19:40,23,2.95963541501957,756.263810276664,176.658118577058,0.0866658617188169,0.0277311891984576,0.141940028517144,0.172706713142633,0.447598958706009,0.0763903740098561,0.00737635189402148,3.43791270124193,0.333466778390804,2.065186,501.5333,343.2715,2.089796,515.3723,344.2461,2.064004,501.5333,342.584,"No issues","No issues","No issues","No issues"
448,230,2025-05-18,2025-05-18 20:30:20,2025-05-18 20:34:00,2025-05-18 20:27:00,23,4.60077438735178,7066.14118577064,-148.64812648228,0.65425796251786,0.626253727906561,0.0771629636423343,2.98663224346477e-06,6.89721932522715e-06,0.199373058201338,0.00256770494634507,4.19090850115685,0.39466634506637,2.065065,522.4587,343.3303,2.081291,542.5429,344.4829,2.065065,521.1595,342.9069,"No issues","No issues","No issues","No issues"
449,240,2025-05-18,2025-05-18 20:37:40,2025-05-18 20:41:20,2025-05-18 20:34:20,23,4.30856822134363,1901.59399209486,4.81090909087653,0.309114575202292,0.15856645483684,6.69968311116026e-05,0.00587435276420013,0.0598484245073372,0.97043237215043,0.00494525673904967,3.36306022828009,0.451230104678886,2.071382,532.4742,343.2228,2.08201,537.5441,344.7947,2.065402,525.3835,342.6765,"No issues","No issues","No issues","No issues"
450,10,2025-05-18,2025-05-18 20:45:00,2025-05-18 20:48:40,2025-05-18 20:41:40,23,-1.68339130434804,-2433.8128695652,-184.617675889338,0.321976293892753,0.202880478395039,0.0693283981501294,0.00474439188145264,0.0310190712290616,0.224785984284759,0.00187546155491145,3.70374750115168,0.519312197562847,2.08552,547.5636,344.3643,2.088404,551.3497,344.9411,2.080413,536.4077,342.8318,"No issues","No issues","No issues","No issues"
451,20,2025-05-18,2025-05-18 20:52:20,2025-05-18 20:56:00,2025-05-18 20:49:00,23,-4.32617264822145,-17513.8024980237,-12.679968379487,0.86344926564637,0.89924916730566,0.0006512213113165,1.53175804353749e-10,6.17646817765106e-12,0.907986669893166,0.00132082430139369,4.50067179294175,0.381351103199321,2.071846,519.9838,343.7441,2.071846,522.9374,343.9318,2.061775,483.5038,342.5577,"No issues","No issues","No issues","No issues"
452,30,2025-05-18,2025-05-18 20:59:40,2025-05-18 21:03:20,2025-05-18 20:56:20,23,1.91203541501953,3298.91848221339,23.1640790513414,0.765541992375472,0.664939435358644,0.00187300203128863,4.71783824992399e-08,2.13296764198716e-06,0.84455405444934,0.00081237500726687,1.79785554007629,0.410536155825212,2.059658,476.7042,343.3654,2.063802,485.9167,343.7637,2.058722,474.593,342.0735,"No issues","No issues","No issues","No issues"
453,40,2025-05-18,2025-05-18 21:07:00,2025-05-18 21:10:40,2025-05-18 21:03:40,23,0.213430197628347,-1645.87645849807,46.6261185770752,0.0920345304391822,0.367658839080775,0.00912772215159522,0.159366298454835,0.00216135556556322,0.664555572225901,0.00051466866557419,1.65715468710445,0.372966214664129,2.058694,475.094,342.7286,2.058867,475.094,343.6575,2.057005,467.5193,342.0008,"No issues","No issues","No issues","No issues"
454,50,2025-05-18,2025-05-18 21:14:20,2025-05-18 21:18:00,2025-05-18 21:11:00,23,-1.23248916996057,-3090.86608695654,591.384948616563,0.915197807333293,0.793262300967984,0.662688955122789,1.00333299303002e-12,1.23896720589637e-08,2.29170421121233e-06,0.00028803267837172,1.21141854209063,0.323924112545959,2.061005,473.3336,344.5984,2.061005,475.9421,346.5645,2.057249,467.1722,344.5351,"No issues","No issues","No issues","No issues"
455,60,2025-05-18,2025-05-18 21:21:40,2025-05-18 21:25:20,2025-05-18 21:18:20,23,0.824479683794031,1707.65587351775,247.389154150157,0.494070593299687,0.725740669089934,0.166140671358277,0.00018366788068959,2.50656561749129e-07,0.0535351176223359,0.00064053521772058,0.805940402134058,0.425502059789846,2.054269,456.2691,344.0257,2.056221,459.6897,344.6407,2.053154,454.8305,342.8168,"No issues","No issues","No issues","No issues"
456,70,2025-05-18,2025-05-18 21:29:00,2025-05-18 21:32:40,2025-05-18 21:25:40,23,-0.0793821343873066,1006.70343083,84.0368063241142,0.0295163736151945,0.426668067064154,0.0220610751679933,0.433130260432547,0.00072651075980481,0.498807914126802,0.00034946040377985,0.895925999705338,0.429560821567813,2.054031,459.1929,342.8351,2.054161,461.0518,343.4136,2.052979,456.87,341.7044,"No issues","No issues","No issues","No issues"
457,80,2025-05-18,2025-05-18 21:36:20,2025-05-18 21:40:00,2025-05-18 21:33:00,23,-1.599279367589,-2747.87601581029,-168.937612648244,0.95726457652584,0.865004526467376,0.0798954245663022,7.37192686963724e-16,1.35706857764644e-10,0.191272556570097,0.00025942686170013,0.833412754314669,0.44014582741006,2.055466,462.4903,342.7657,2.055466,463.2984,343.5281,2.05077,455.8353,341.4709,"No issues","No issues","No issues","No issues"
458,90,2025-05-18,2025-05-18 21:43:40,2025-05-18 21:47:20,2025-05-18 21:40:20,23,-0.643039683794405,-1106.10611857709,158.56790513834,0.0825426371761638,0.372919401268655,0.0653889813667324,0.183767257213754,0.00196834563677328,0.238927330089626,0.00164590265634876,1.10119335865921,0.460247085386166,2.05395,458.9597,341.7014,2.058367,461.6386,343.8965,2.053083,457.0509,341.7014,"No issues","No issues","No issues","No issues"
459,100,2025-05-18,2025-05-18 21:51:00,2025-05-18 21:54:40,2025-05-18 21:47:40,23,-1.19105644268803,-868.921897233266,371.942608695671,0.890360109726173,0.421784470878405,0.207868598388708,1.50748117545621e-11,0.0007980111968998,0.0287795746551839,0.00032088276213519,0.781075328632068,0.557433031152821,2.053159,457.8022,342.5764,2.053364,457.8022,344.965,2.050038,454.603,341.5004,"No issues","No issues","No issues","No issues"
460,110,2025-05-18,2025-05-18 21:58:20,2025-05-18 22:02:00,2025-05-18 21:55:00,23,0.178127430830135,-1119.07209486171,102.813438735157,0.511970459907756,0.69674932844789,0.063091768480387,0.000123929467187,7.33079055582609e-07,0.247641997812423,0.00013351928661013,0.566804472299849,0.304175799015792,2.046776,450.8763,342.1595,2.047582,451.74,343.4767,2.046745,447.9708,342.1595,"No issues","No issues","No issues","No issues"
461,120,2025-05-18,2025-05-18 22:05:40,2025-05-18 22:09:20,2025-05-18 22:02:20,23,-0.800634308300517,-1036.78036363642,-134.760094861685,0.425787173170564,0.376526454329511,0.053899855899786,0.00073895547342864,0.00184534790439601,0.286434311253482,0.00071381710358028,1.02426097712561,0.433459630103784,2.045178,446.5922,342.6808,2.046629,448.4113,344.0076,2.043503,443.865,342.2051,"No issues","No issues","No issues","No issues"
462,130,2025-05-18,2025-05-18 22:13:00,2025-05-18 22:16:40,2025-05-18 22:09:40,23,-0.779999051383765,-430.213944663994,-129.22434782615,0.600393996726675,0.250199205141184,0.0698362307298013,1.4182394007419e-05,0.0150711827993463,0.223033052371034,0.00048854491995397,0.571777503868623,0.362073098761663,2.044309,446.9327,342.8813,2.044309,447.9581,343.8027,2.041441,445.2641,342.2019,"No issues","No issues","No issues","No issues"
463,140,2025-05-18,2025-05-18 22:20:20,2025-05-18 22:24:00,2025-05-18 22:17:00,23,-0.078263715415322,-37.3773913043575,304.660743082959,0.00681644567203067,0.00200128540528511,0.324704619639703,0.708023503435154,0.839383918551157,0.00453232870413718,0.00072528522110887,0.640814101104147,0.337311966426633,2.039688,444.1313,342.0896,2.041571,445.6101,343.8161,2.039009,443.2374,342.0695,"No issues","No issues","No issues","No issues"
464,150,2025-05-18,2025-05-18 22:27:40,2025-05-18 22:31:20,2025-05-18 22:24:20,23,-0.170187509881589,331.520727272646,189.706909090896,0.128057609720871,0.16371984407916,0.111691493097602,0.0936334206339216,0.055478479810121,0.119090132796172,0.00034094276584543,0.575239257203093,0.410740574410215,2.038111,444.6105,343.2085,2.038786,446.4953,344.3094,2.037514,443.917,342.5157,"No issues","No issues","No issues","No issues"
465,160,2025-05-18,2025-05-18 22:35:00,2025-05-18 22:38:40,2025-05-18 22:31:40,23,-0.535628774703721,-46.6133122529821,141.134229248998,0.292369723653833,0.00499844698110945,0.0541607850210742,0.00772276566419745,0.748546270645292,0.285237875223821,0.00063975472199377,0.504913397226776,0.452804917243133,2.038664,443.8307,342.8292,2.041103,445.2918,343.9872,2.037974,443.6667,341.9818,"No issues","No issues","No issues","No issues"
466,170,2025-05-18,2025-05-18 22:42:20,2025-05-18 22:46:00,2025-05-18 22:39:00,23,-0.501666403162107,37.7556047430257,129.238007905131,0.157534466350037,0.00132798790537308,0.0289125075124368,0.0607632751838706,0.86888434355665,0.437946114852936,0.00089066808563538,0.794892512639407,0.575028211031146,2.036729,446.3732,343.1591,2.04008,448.578,346.2329,2.036711,445.5032,343.1141,"No issues","No issues","No issues","No issues"
467,180,2025-05-18,2025-05-18 22:49:40,2025-05-18 22:53:20,2025-05-18 22:46:20,23,-0.199138339920934,-2007.25384980238,-83.8541027668061,0.0213675646652321,0.438409353925916,0.0109162397464586,0.505709899015891,0.00057802638632739,0.635192297234912,0.00103466502202926,1.74415437714703,0.612797401641015,2.038891,459.4641,343.5306,2.038891,459.4641,344.5708,2.035464,451.1874,342.2318,"No issues","No issues","No issues","No issues"
468,190,2025-05-18,2025-05-18 22:57:00,2025-05-18 22:59:50,2025-05-18 22:53:40,18,-0.483652755418221,1705.60287306502,-189.461201238469,0.844675292991509,0.582927040682229,0.0753482897164108,7.16699728942336e-08,0.00022700622828773,0.270319174541323,0.00012453916167306,0.866310803662167,0.398537847955628,2.035582,447.2883,343.2778,2.035582,450.0249,343.8363,2.034523,445.3718,342.2897,"No issues","No issues","No issues","No issues"
469,200,2025-05-19,2025-05-18 23:04:20,2025-05-18 23:08:00,2025-05-18 23:01:00,23,-0.186340553359765,1106.05916205527,182.753075098776,0.252733168200465,0.350632086226276,0.155250607087267,0.0144884835207595,0.0029127025413284,0.0628370764794017,0.00024599524296925,1.15560799637613,0.327283853315446,2.034421,446.0548,343.3774,2.034831,450.6969,343.8764,2.0337,445.7082,342.5081,"No issues","No issues","No issues","No issues"
470,210,2025-05-19,2025-05-18 23:11:40,2025-05-18 23:15:20,2025-05-18 23:08:20,23,-0.144677312253135,-626.704790513861,-117.624379446637,0.272227268613098,0.273796570710886,0.1589647374707,0.0106647423511872,0.0104023290239326,0.059498980963085,0.00018161223561315,0.783593375409375,0.207714418887975,2.032513,445.2626,343.4166,2.032887,446.6536,343.5486,2.032184,442.6469,342.6378,"No issues","No issues","No issues","No issues"
471,220,2025-05-19,2025-05-18 23:19:00,2025-05-18 23:22:40,2025-05-18 23:15:40,23,-0.790363636363739,-420.376126482242,-75.6367114624626,0.687983288731854,0.198801892156924,0.0196573322604098,9.94330391251983e-07,0.0329734584644436,0.523431849269678,0.0004086387332642,0.647903521660335,0.410083124036588,2.030255,443.3437,342.7887,2.031083,444.7842,343.6501,2.029171,441.834,342.104,"No issues","No issues","No issues","No issues"
472,230,2025-05-19,2025-05-18 23:26:20,2025-05-18 23:30:00,2025-05-18 23:23:00,23,-0.270264664031817,227.284932806257,-254.217486166028,0.42499814589122,0.0730390704787018,0.237240521679337,0.00075026847542997,0.2123252698434,0.0184137205915659,0.00024134759075549,0.621636258844917,0.349959177370358,2.027524,441.1673,342.9479,2.027881,442.4357,343.5189,2.026762,439.8629,341.9646,"No issues","No issues","No issues","No issues"
473,240,2025-05-19,2025-05-18 23:33:40,2025-05-18 23:37:20,2025-05-18 23:30:20,23,-0.434296600790476,-161.970118577083,-163.241359683835,0.480377691526211,0.03800185382555,0.0607368137280683,0.00024603780773945,0.372735399711876,0.256959249001207,0.00034677797365046,0.625651113606952,0.492845104692583,2.026531,441.0455,341.8997,2.027498,443.6039,343.8167,2.025609,440.8543,341.4592,"No issues","No issues","No issues","No issues"
474,10,2025-05-19,2025-05-18 23:41:00,2025-05-18 23:44:40,2025-05-18 23:37:40,23,-0.627245217391237,-531.316458498057,-114.519272727259,0.880239497380203,0.292930666904149,0.0178209504378083,3.82929806471686e-11,0.00765292272656927,0.543688109448528,0.00017762591715781,0.633744853468985,0.652711221111328,2.027468,443.5384,343.5491,2.027468,443.6075,343.5491,2.025693,440.9749,340.6651,"No issues","No issues","No issues","No issues"
475,20,2025-05-19,2025-05-18 23:48:20,2025-05-18 23:52:00,2025-05-18 23:45:00,23,0.211031146245191,1640.83162055338,-59.3009644269066,0.19152121498119,0.64797273599779,0.00792734469913027,0.0367601103533559,3.62390649013513e-06,0.686218879174914,0.00033287794651008,0.928509595380066,0.509310020075026,2.024503,441.4035,342.5039,2.025755,446.7395,343.0027,2.024299,441.4035,341.0985,"No issues","No issues","No issues","No issues"
476,30,2025-05-19,2025-05-18 23:55:40,2025-05-18 23:59:20,2025-05-18 23:52:20,23,-0.185734387352248,-166.864695652175,-26.5722687747132,0.141750687229689,0.0823456194237798,0.00167748667257821,0.0766027288574845,0.184314633710188,0.85280001142675,0.00035087228002691,0.427657779946283,0.497676490380204,2.02409,443.688,342.0143,2.024289,444.5432,342.5012,2.022852,443.0004,340.3403,"No issues","No issues","No issues","No issues"
477,40,2025-05-19,2025-05-19 00:03:00,2025-05-19 00:06:40,2025-05-18 23:59:40,23,0.634536284584577,1313.27914624509,223.612079051359,0.528883377006485,0.898194211450233,0.075907824489471,8.43894724378473e-05,6.89399819094007e-12,0.203219992827751,0.00045978342663394,0.339446045835831,0.598993665151729,2.022545,442.6782,341.3031,2.024166,445.5624,342.8156,2.022082,441.9245,340.5192,"No issues","No issues","No issues","No issues"
478,50,2025-05-19,2025-05-19 00:10:20,2025-05-19 00:14:00,2025-05-19 00:07:00,23,-0.435901660079254,127.953960474337,225.959905138302,0.725077363139919,0.0274545662706014,0.266095345065793,2.57199945945455e-07,0.449905176841465,0.0117508908876598,0.00020606972699865,0.584674273439185,0.288101262889095,2.022092,444.1778,343.7942,2.022092,444.7414,344.7941,2.020494,442.4753,343.6485,"No issues","No issues","No issues","No issues"
479,60,2025-05-19,2025-05-19 00:17:40,2025-05-19 00:21:20,2025-05-19 00:14:20,23,-0.319449486166045,-59.1933913042869,343.39048221339,0.674654749537456,0.00935225403352899,0.314440622242192,1.55607491581035e-06,0.660691873111195,0.00537904872635193,0.00017031238635165,0.467721461859246,0.389272804379618,2.01986,443.5005,340.8451,2.020393,444.2488,342.6916,2.019333,442.3448,340.8451,"No issues","No issues","No issues","No issues"
480,70,2025-05-19,2025-05-19 00:25:00,2025-05-19 00:28:40,2025-05-19 00:21:40,23,-0.234799683794626,252.402403162007,200.632411067177,0.468801494964629,0.141628228521939,0.124043756429989,0.00031330526286343,0.076740384716009,0.0993131737427403,0.00019188632774917,0.477055473701771,0.409324216771335,2.020193,443.3776,341.4415,2.02063,444.7704,342.3,2.019684,442.9154,340.6318,"No issues","No issues","No issues","No issues"
481,80,2025-05-19,2025-05-19 00:32:20,2025-05-19 00:36:00,2025-05-19 00:29:00,23,0.803998102766812,707.844806324036,-137.171098814205,0.465754035818458,0.320156706522612,0.0869111259158989,0.00033362015190178,0.00489091265751985,0.172071845818965,0.00066108900065059,0.791906217233493,0.341345396947407,2.019516,444.2531,341.8526,2.022059,446.326,342.3166,2.019197,442.1795,341.0063,"No issues","No issues","No issues","No issues"
482,90,2025-05-19,2025-05-19 00:39:40,2025-05-19 00:43:20,2025-05-19 00:36:20,23,0.99676743083001,517.684553359698,11.4317786561236,0.419544888869456,0.462275285241883,0.00056228622242189,0.00083291809502664,0.00035828237719459,0.91447613219542,0.000900122333416,0.428654575506027,0.370020297852925,2.019431,442.1891,341.1127,2.023644,443.9796,342.3809,2.019273,441.8622,340.9772,"No issues","No issues","No issues","No issues"
483,100,2025-05-19,2025-05-19 00:47:00,2025-05-19 00:50:40,2025-05-19 00:43:40,23,-0.041996205533887,17.7794466402541,-4.51038735179958,0.0229565166370559,0.00077888192063889,6.00649035678531e-05,0.490122036897065,0.899411823863169,0.972003143145359,0.0002103422908447,0.488906516942938,0.446789544046303,2.021456,442.9911,342.0573,2.021456,443.1193,342.616,2.020582,441.46,341.05,"No issues","No issues","No issues","No issues"
484,110,2025-05-19,2025-05-19 00:54:20,2025-05-19 00:58:00,2025-05-19 00:51:00,23,-0.0377530434782596,1260.13887747037,7.74953359684992,0.0102209106375765,0.482402572985352,0.00029148230967917,0.646239829245129,0.00023573358561944,0.938370756966843,0.00028522586479985,1.00212582214314,0.348432579667712,2.020524,443.1645,341.2038,2.021343,447.6008,342.5087,2.020336,442.6761,341.2038,"No issues","No issues","No issues","No issues"
485,120,2025-05-19,2025-05-19 01:01:40,2025-05-19 01:05:20,2025-05-19 00:58:20,23,0.133757786561154,520.707699604679,53.1872252964241,0.0559412838213825,0.261776093375716,0.00984328067033595,0.277231800152589,0.0125774633495207,0.652429173099448,0.00042185670659462,0.67132938435791,0.409545317922875,2.020572,443.0992,342.2501,2.021082,445.8015,342.7779,2.019679,442.5424,341.1095,"No issues","No issues","No issues","No issues"
486,130,2025-05-19,2025-05-19 01:09:00,2025-05-19 01:12:40,2025-05-19 01:05:40,23,-0.0898150197630481,-240.669249011814,32.3487747035057,0.00512302711800045,0.0370462139495186,0.00400055513242045,0.745531393662536,0.378932800353863,0.774336624472881,0.00096091047486813,0.942028421303545,0.391868044106793,2.021384,447.309,341.5952,2.025516,448.8991,342.6511,2.021384,445.8173,341.1151,"No issues","No issues","No issues","No issues"
487,140,2025-05-19,2025-05-19 01:16:20,2025-05-19 01:20:00,2025-05-19 01:13:00,23,0.232784822134185,2224.49264822137,-256.771067193688,0.0421876403351621,0.476642569479633,0.225422768328128,0.347119566621095,0.00026613484028725,0.0220638236082836,0.00085155922323227,1.78956037244528,0.365419867602574,2.024594,449.169,342.2005,2.02646,456.9541,342.8025,2.023062,447.1729,341.2373,"No issues","No issues","No issues","No issues"
488,150,2025-05-19,2025-05-19 01:23:40,2025-05-19 01:27:20,2025-05-19 01:20:20,23,0.124614071146057,1458.46785770752,-115.577075098849,0.02519414928102,0.289436030766998,0.0688941412120176,0.469445842827611,0.00809785098031894,0.226297295888903,0.00059509855377867,1.754424777494,0.326206551870356,2.023673,450.0186,342.215,2.024661,454.86,343.0411,2.022268,447.1779,341.6515,"No issues","No issues","No issues","No issues"
489,160,2025-05-19,2025-05-19 01:31:00,2025-05-19 01:34:40,2025-05-19 01:27:40,23,3.82826276679847,1359.77122529636,-94.0726956522131,0.59854467199646,0.276511023754012,0.0290447177816262,1.49069212942795e-05,0.00996267608748155,0.436885025739147,0.0024070475172771,1.68864429235821,0.417582431314264,2.024353,454.6385,342.2765,2.037443,461.257,343.5051,2.023796,454.6385,341.8115,"No issues","No issues","No issues","No issues"
490,170,2025-05-19,2025-05-19 01:38:20,2025-05-19 01:42:00,2025-05-19 01:35:00,23,0.0571588932805432,7857.43370750987,114.363035573113,0.00160459250820808,0.9190054987874,0.0431472744258414,0.85600064467119,6.18210373835642e-13,0.341573082225677,0.0010946248780307,1.79086163991279,0.413470125495603,2.032525,461.9223,343.1139,2.033484,480.9149,344.1841,2.029467,461.7799,342.5556,"No issues","No issues","No issues","No issues"
491,180,2025-05-19,2025-05-19 01:45:40,2025-05-19 01:49:20,2025-05-19 01:42:20,23,1.71250434782587,4781.01400790508,84.0820553359686,0.650355821249301,0.708558204234055,0.0223594780674634,3.3690053352076e-06,4.79506887529794e-07,0.495885694953544,0.00096401083151093,2.35407753848633,0.426849405853059,2.029604,482.0826,342.4117,2.035486,493.465,343.7185,2.029604,478.8924,341.8575,"No issues","No issues","No issues","No issues"
492,190,2025-05-19,2025-05-19 01:53:00,2025-05-19 01:56:40,2025-05-19 01:49:40,23,-0.463290118577156,-1278.77037154153,30.3407430829718,0.0323805839199221,0.138004088609845,0.00386603332071896,0.411302552615175,0.0809278262281813,0.778069321170963,0.00194435509359244,2.45364533530669,0.373908111634456,2.028366,477.6673,342.7957,2.035086,483.2981,343.4644,2.028366,472.6817,341.7869,"No issues","No issues","No issues","No issues"
493,200,2025-05-19,2025-05-19 02:00:20,2025-05-19 02:04:00,2025-05-19 01:57:00,23,1.31682308300402,364.993043478239,-41.4250434783106,0.157236099554943,0.072113684275927,0.00426766492264341,0.0610303273768003,0.215358638359145,0.767120264504183,0.00234054425827503,1.00516122235928,0.485793519800304,2.036021,481.2906,343.4896,2.039988,483.3513,344.1405,2.031006,479.1082,342.2919,"No issues","No issues","No issues","No issues"
494,210,2025-05-19,2025-05-19 02:07:40,2025-05-19 02:11:20,2025-05-19 02:04:20,23,-1.63436869565221,2234.64379446635,139.60515415018,0.207328567392009,0.625271287172264,0.0554608318094594,0.0290143426411906,7.09485402169505e-06,0.279365396243788,0.00245346383712793,1.3281439373842,0.44231416199297,2.041662,477.0275,342.3173,2.043479,482.9181,343.5406,2.034339,476.3291,341.9747,"No issues","No issues","No issues","No issues"
495,220,2025-05-19,2025-05-19 02:15:00,2025-05-19 02:18:40,2025-05-19 02:11:40,23,0.043550039525568,-3737.00575494073,122.43272727269,0.00248386576313889,0.724387108395897,0.0468503922469331,0.821335702652886,2.64173554858725e-07,0.32120152254168,0.00067003432719032,1.7697045594854,0.423968939373027,2.032969,494.8103,342.3496,2.03387,496.9687,343.7722,2.031234,486.881,341.9048,"No issues","No issues","No issues","No issues"
496,230,2025-05-19,2025-05-19 02:22:20,2025-05-19 02:26:00,2025-05-19 02:19:00,23,-1.65719810276697,-5335.49881422923,-160.139667984202,0.208203619514287,0.457503927635867,0.0668543482760993,0.028634845558144,0.00039483192247926,0.233552062666642,0.0024811306953416,4.4605509995072,0.459326400742684,2.033595,490.4287,343.2522,2.042519,505.1313,344.0251,2.033166,481.7324,342.3239,"No issues","No issues","No issues","No issues"
497,240,2025-05-19,2025-05-19 02:29:40,2025-05-19 02:33:20,2025-05-19 02:26:20,23,-0.813893122529807,1211.90257707508,-101.741976284589,0.396961089783014,0.172002231940229,0.0329309589566955,0.00127246489440709,0.0491009139621992,0.40728874875666,0.00077015594550742,2.04139875976584,0.423291274686416,2.031593,490.4991,343.5558,2.032812,495.491,344.1572,2.029317,487.6456,342.0762,"No issues","No issues","No issues","No issues"
498,10,2025-05-19,2025-05-19 02:37:00,2025-05-19 02:40:40,2025-05-19 02:33:40,23,1.11661754940681,-5749.78510671938,90.2982450593057,0.418932753890996,0.88868810826134,0.0282096312384159,0.00084270052725345,1.76863128160897e-11,0.443651730000075,0.00100962032390677,1.56228515754051,0.406892323478817,2.035263,496.9858,343.4265,2.036062,498.5839,343.5829,2.032286,484.9623,342.1821,"No issues","No issues","No issues","No issues"
499,20,2025-05-19,2025-05-19 02:44:20,2025-05-19 02:48:00,2025-05-19 02:41:00,23,0.255016600790486,-3905.1741343874,-32.3316996047599,0.0278523302670391,0.730890657265832,0.0046929955459776,0.446594577519884,2.04772679235285e-07,0.756116879266659,0.00115668845250022,1.81924496834011,0.361488586875586,2.031966,474.8088,342.1707,2.03488,475.2097,343.0569,2.030079,464.1105,341.7944,"No issues","No issues","No issues","No issues"
500,30,2025-05-19,2025-05-19 02:51:40,2025-05-19 02:55:20,2025-05-19 02:48:20,23,-0.152284268774738,1549.11699604741,-9.13261660080528,0.0349728553493303,0.649059576809533,0.00028735622211473,0.392866974449511,3.50555522265366e-06,0.938807709962865,0.00061414632442976,0.874522990386445,0.413556747715409,2.032855,460.9619,342.5451,2.033223,466.7742,342.6117,2.030876,460.8692,340.9442,"No issues","No issues","No issues","No issues"
501,40,2025-05-19,2025-05-19 02:59:00,2025-05-19 03:02:40,2025-05-19 02:55:40,23,-0.50316901185785,528.356490118613,30.4850276679778,0.709227486769596,0.0489714174639568,0.00247149735819541,4.67874170966125e-07,0.310219860855753,0.82177414015211,0.00024734912496357,1.78757836460429,0.470199075483556,2.035077,467.4978,342.3589,2.035077,472.0543,342.8935,2.033132,465.691,340.9873,"No issues","No issues","No issues","No issues"
502,50,2025-05-19,2025-05-19 03:06:20,2025-05-19 03:10:00,2025-05-19 03:03:00,23,1.0975190513834,1212.97574703559,991.84297233199,0.309897988461758,0.414705626042621,0.786640927576407,0.00579892563337452,0.00091319327740211,1.73160746997755e-08,0.00125739558615379,1.10632295685378,0.396572691132539,2.035725,476.6457,343.5029,2.039631,482.4147,346.7851,2.034405,476.6457,343.5029,"No issues","No issues","No issues","No issues"
503,60,2025-05-19,2025-05-19 03:13:40,2025-05-19 03:17:20,2025-05-19 03:10:20,23,3.15449644268758,1295.1658814229,-19.238513834017,0.453895474064169,0.277916477871221,0.00128267633773482,0.00042471145348243,0.00974194565151634,0.871122176379274,0.00265645583261017,1.60278238110327,0.412141991911545,2.035145,490.06,342.4025,2.046021,493.1583,343.4316,2.034803,486.0618,341.839,"No issues","No issues","No issues","No issues"
504,70,2025-05-19,2025-05-19 03:21:00,2025-05-19 03:24:40,2025-05-19 03:17:40,23,-2.11049075098805,-6175.58001581033,-24.5104505929089,0.618274064679521,0.876400539250706,0.00280540168497558,8.65854639172047e-06,5.34389510386068e-11,0.810315734610181,0.00127315525922794,1.78052189629067,0.354777707393059,2.044163,487.9964,340.6764,2.044163,488.7568,342.1716,2.035938,474.6203,340.6764,"No issues","No issues","No issues","No issues"
505,80,2025-05-19,2025-05-19 03:28:20,2025-05-19 03:32:00,2025-05-19 03:25:00,23,1.36646893280637,4673.14292490118,166.583810276681,0.470956553604384,0.853906186512551,0.0653916998673924,0.00029963088481069,3.12905664706867e-10,0.23891722798987,0.00111190480022212,1.48399518695279,0.483502685416397,2.033575,474.4647,341.3018,2.037891,486.5996,342.3336,2.033043,474.4647,340.3511,"No issues","No issues","No issues","No issues"
506,90,2025-05-19,2025-05-19 03:35:40,2025-05-19 03:39:20,2025-05-19 03:32:20,23,1.2447320158103,4633.79762845848,53.9445059288189,0.79547470403144,0.853687969247634,0.00935448827106756,1.10523664137285e-08,3.17884744534559e-10,0.660653702859151,0.00048456136495107,1.47278752626331,0.426195574974829,2.035353,485.9533,341.844,2.037966,495.8948,342.4798,2.034801,483.3163,340.8073,"No issues","No issues","No issues","No issues"
507,100,2025-05-19,2025-05-19 03:43:00,2025-05-19 03:46:40,2025-05-19 03:39:40,23,0.81331256916964,2340.83981027665,-22.136158102806,0.176008255809363,0.913561598282758,0.00176090906872689,0.0462784469882742,1.22728000603077e-12,0.849223952054157,0.00135102999270967,0.552800894055356,0.404635204579391,2.035756,475.6886,341.5941,2.039932,481.4604,342.6434,2.034811,474.2401,341.1364,"No issues","No issues","No issues","No issues"
508,110,2025-05-19,2025-05-19 03:50:20,2025-05-19 03:54:00,2025-05-19 03:47:00,23,0.3961252173914,-4305.85242687749,-85.1705928853701,0.0713969368878901,0.665427330732113,0.0281405544363045,0.217741438578321,2.0999019721902e-06,0.444218409362806,0.00109678209593953,2.34404880853908,0.384271053731426,2.036484,501.8744,341.4254,2.040272,501.8744,342.1383,2.035978,486.8437,340.8065,"No issues","No issues","No issues","No issues"
509,120,2025-05-19,2025-05-19 03:57:40,2025-05-19 04:01:20,2025-05-19 03:54:20,23,0.157193359683616,-921.25878260871,88.754656126474,0.0219053438676917,0.0694285656162906,0.029285646853584,0.500344202395358,0.224438999676892,0.434961090366214,0.00080642168476881,2.58940509927516,0.392303385972471,2.035398,485.7598,341.8026,2.038905,486.988,342.0854,2.035398,477.2219,340.4782,"No issues","No issues","No issues","No issues"
510,130,2025-05-19,2025-05-19 04:05:00,2025-05-19 04:08:40,2025-05-19 04:01:40,23,0.652482213438682,3471.53492490122,147.159177865624,0.00928855852448648,0.591226988772543,0.0812818097575366,0.661782331657854,1.81169634378128e-05,0.187301060185272,0.00517345530598418,2.2161447134565,0.379834513309233,2.043698,481.0862,340.8063,2.05927,492.2271,341.663,2.043698,479.08,340.2229,"No issues","No issues","No issues","No issues"
511,140,2025-05-19,2025-05-19 04:12:20,2025-05-19 04:16:00,2025-05-19 04:09:00,23,-0.958382608695631,-4565.79263241112,-101.825644268779,0.613291921980846,0.793485699730038,0.0657880889708145,9.95660985215878e-06,1.22482711425477e-08,0.237449443028931,0.00058426452765832,1.78827494439238,0.294590560635501,2.042717,487.0983,341.5554,2.043685,490.0876,341.8007,2.039821,478.7124,340.683,"No issues","No issues","No issues","No issues"
512,150,2025-05-19,2025-05-19 04:19:40,2025-05-19 04:23:20,2025-05-19 04:16:20,23,0.034884426877484,-519.261438735184,139.250845849786,0.00154167158973738,0.269239139426997,0.0683109504494441,0.858824162748616,0.011181676520308,0.2283450481788,0.00068157433010017,0.656775903433371,0.394821477344284,2.038397,477.8286,340.6654,2.039753,478.4681,342.0843,2.037276,475.3325,340.3933,"No issues","No issues","No issues","No issues"
513,160,2025-05-19,2025-05-19 04:27:00,2025-05-19 04:30:40,2025-05-19 04:23:40,23,2.01024284584956,4818.12673517792,72.3728063241362,0.425330637216345,0.698018846793785,0.0375229750583214,0.00074548196799538,7.00923704621055e-07,0.375823794648928,0.00179393544048406,2.43302829924849,0.281406783534463,2.040602,483.0522,341.4976,2.04684,496.8979,342.0825,2.039345,481.5861,340.9229,"No issues","No issues","No issues","No issues"
514,170,2025-05-19,2025-05-19 04:34:20,2025-05-19 04:38:00,2025-05-19 04:31:00,23,-1.33838039525695,-3052.70836363635,145.327019762851,0.338910036109493,0.817757943353626,0.119031663136118,0.00356344858563989,3.25117833988803e-09,0.106898877580657,0.00143509360565287,1.10639404750307,0.303534361417579,2.046135,506.8391,342.5382,2.046488,507.589,343.4118,2.041751,499.3141,342.2663,"No issues","No issues","No issues","No issues"
515,180,2025-05-19,2025-05-19 04:41:40,2025-05-19 04:45:20,2025-05-19 04:38:20,23,-1.88701185770764,-1085.86444268776,-50.7813438735391,0.618409925859649,0.307425933177816,0.0115384164116984,8.62541503141739e-06,0.00604005599528583,0.625662326089353,0.00113801381395582,1.25127011076098,0.360847398862046,2.04765,507.729,341.3975,2.050551,509.2187,342.4796,2.044339,503.8256,341.2528,"No issues","No issues","No issues","No issues"
516,190,2025-05-19,2025-05-19 04:49:00,2025-05-19 04:52:40,2025-05-19 04:45:40,23,1.07372490118548,-232.602972332015,129.25508300395,0.528854438146707,0.059723810395257,0.0547013210259012,8.44459018691599e-05,0.261092264869001,0.282778408489617,0.00077806359676002,0.70856846684798,0.412520793874601,2.042718,500.0755,341.9653,2.046259,500.3201,342.9414,2.0425,497.388,341.3503,"No issues","No issues","No issues","No issues"
517,200,2025-05-19,2025-05-19 04:56:20,2025-05-19 05:00:00,2025-05-19 04:53:00,23,6.18091256916978,9586.87057707509,109.449675889329,0.368597033286621,0.931697481737577,0.0337360586185862,0.00212570012729206,1.0262090236551e-13,0.401515751928382,0.00621072911386372,1.99283048171317,0.449705077198544,2.050746,491.3535,342.9838,2.074038,511.6388,343.0797,2.050746,491.3535,341.1881,"No issues","No issues","No issues","No issues"
518,210,2025-05-19,2025-05-19 05:03:40,2025-05-19 05:07:20,2025-05-19 05:00:20,23,-1.74020869565207,6552.87566798423,109.648600790471,0.368471412938963,0.836235201110221,0.0441638123902715,0.00213044250252809,1.04757405393302e-09,0.335821266894511,0.0017490754235963,2.22633533488654,0.391628370903638,2.061362,520.6299,342.7195,2.061362,535.3955,343.4381,2.054514,518.2886,342.0552,"No issues","No issues","No issues","No issues"
519,220,2025-05-19,2025-05-19 05:11:00,2025-05-19 05:14:40,2025-05-19 05:07:40,23,0.076009802371527,-6103.37966798422,206.000822134387,0.00054845395483184,0.631238917578822,0.155602187740703,0.915530932208317,5.96942806276003e-06,0.0625133555087464,0.0024911104579253,3.58144791572324,0.368423436951282,2.049588,534.9649,342.2029,2.056471,538.4805,343.3249,2.048608,519.9583,341.8802,"No issues","No issues","No issues","No issues"
520,230,2025-05-19,2025-05-19 05:18:20,2025-05-19 05:22:00,2025-05-19 05:15:00,23,-0.969148458498106,-1611.54270355729,-51.0280790514157,0.922235086064703,0.50043483682256,0.00855751387418102,4.02615942774277e-13,0.00015993249160318,0.674625185273043,0.00021605978149652,1.23616578643544,0.421678804861476,2.047861,502.9558,341.9782,2.047861,505.1542,343.3759,2.045285,499.1523,341.4767,"No issues","No issues","No issues","No issues"
521,240,2025-05-19,2025-05-19 05:25:40,2025-05-19 05:29:20,2025-05-19 05:22:20,23,-0.209596837944848,1645.33859288535,56.1352411066728,0.415651995871502,0.478530733854221,0.0110790552981137,0.00089695579246562,0.0002557947941981,0.632667215191524,0.00019079551851348,1.31864326580658,0.407171723778007,2.043598,492.4936,342.325,2.04388,497.7071,343.2798,2.043034,492.1243,341.4852,"No issues","No issues","No issues","No issues"
522,10,2025-05-19,2025-05-19 05:33:00,2025-05-19 05:36:40,2025-05-19 05:29:40,23,3.43614166007908,-4094.38330434792,313.11462450592,0.290125592851424,0.687228552419956,0.293061594058412,0.00800818664831336,1.02037168036821e-06,0.00763670621804915,0.00412649567984825,2.1206258252457,0.373359565633515,2.045767,498.0292,342.4547,2.063166,503.6036,343.6379,2.045767,490.9592,341.6815,"No issues","No issues","No issues","No issues"
523,20,2025-05-19,2025-05-19 05:40:20,2025-05-19 05:44:00,2025-05-19 05:37:00,23,3.52930339920941,4155.43788142296,-16.326355731247,0.352776991386735,0.931672243598263,0.00203990458549193,0.00280627993632126,1.03021017969458e-13,0.837861356535342,0.0036701045665817,0.863965483038549,0.277238481598858,2.05305,484.1082,342.1855,2.068173,496.3561,342.6132,2.05262,484.1082,341.302,"No issues","No issues","No issues","No issues"
524,30,2025-05-19,2025-05-19 05:47:40,2025-05-19 05:51:20,2025-05-19 05:44:20,23,0.402716205533619,-139.533438735147,99.6374703557252,0.00346890856291277,0.00594972286039354,0.0242558930010265,0.789513984400012,0.726476583305031,0.477944280443338,0.00524035492418174,1.38467133011222,0.485170764423084,2.074469,503.4837,341.9386,2.089961,507.6874,343.2919,2.071753,502.8194,341.3714,"No issues","No issues","No issues","No issues"
525,40,2025-05-19,2025-05-19 05:55:00,2025-05-19 05:58:40,2025-05-19 05:51:40,23,-3.35219193675909,483.118577075078,64.5933913043282,0.965343073644512,0.121732710564263,0.0154385119247024,8.13656844303248e-17,0.102740459126499,0.572171401772409,0.00048763587876402,0.996267678860713,0.396022066440427,2.069113,496.8586,341.8449,2.069113,499.6769,342.8256,2.059944,496.1374,341.2313,"No issues","No issues","No issues","No issues"
526,50,2025-05-19,2025-05-19 06:02:20,2025-05-19 06:06:00,2025-05-19 05:59:00,23,0.591788774703375,253.927209486149,2007.90867984191,0.0217142919659671,0.0298062948802217,0.960891544476812,0.502239596702041,0.430845662112862,2.90002354061366e-16,0.00304957512680529,1.11223630045793,0.310995925754757,2.064099,492.2598,345.8906,2.074994,494.8664,351.2865,2.064099,490.6444,345.8906,"No issues","No issues","No issues","No issues"
527,60,2025-05-19,2025-05-19 06:09:40,2025-05-19 06:13:20,2025-05-19 06:06:20,23,-1.02411320158102,406.781786561204,12.7610750988339,0.564560857030295,0.0993363522589759,0.00071438322788047,3.58885483824862e-05,0.142953768197879,0.903646982140289,0.00069050831352961,0.940375505293224,0.366419901478631,2.059927,488.8258,341.9361,2.059927,491.4761,343.086,2.05653,487.7374,341.6758,"No issues","No issues","No issues","No issues"
528,70,2025-05-19,2025-05-19 06:17:00,2025-05-19 06:20:40,2025-05-19 06:13:40,23,0.408701027667999,-1428.57960474314,-278.627193675862,0.217349208076615,0.786256083060652,0.173768833699295,0.0249421676248891,1.76507174286239e-08,0.0478361892053135,0.00059541984992829,0.571849721549999,0.466445534699349,2.055378,479.7997,341.0071,2.057481,479.7997,342.2078,2.054639,475.1841,340.3695,"No issues","No issues","No issues","No issues"
529,80,2025-05-19,2025-05-19 06:24:20,2025-05-19 06:28:00,2025-05-19 06:21:00,23,-0.308393359683684,-2203.25890909088,-124.923130434804,0.317806977099715,0.858258723802567,0.0971786065878827,0.00508635399978818,2.27245544119985e-10,0.147609383561767,0.00034688820813007,0.687412122691633,0.292328421458534,2.055717,464.498,341.1617,2.05607,466.2545,341.5576,2.054431,459.6949,340.4629,"No issues","No issues","No issues","No issues"
530,90,2025-05-19,2025-05-19 06:31:40,2025-05-19 06:35:20,2025-05-19 06:28:20,23,-0.327406482213682,-1403.33065612657,87.0018972331832,0.771002221826238,0.782151402829415,0.0439642935989308,3.6720612608057e-08,2.16032861518165e-08,0.336940362301252,0.00013698962881744,0.568597018247184,0.311478680114595,2.054475,457.812,341.2912,2.054475,458.9691,341.5609,2.053415,454.3829,340.3936,"No issues","No issues","No issues","No issues"
531,100,2025-05-19,2025-05-19 06:39:00,2025-05-19 06:42:40,2025-05-19 06:35:40,23,-0.11436047430842,-89.6382924901544,-104.866719367583,0.147424678575885,0.0352700052794961,0.0325690516104304,0.070486669497049,0.390827431481271,0.409921827008548,0.00021113966473742,0.359920264488384,0.43879099839979,2.054399,454.8317,341.2869,2.054742,455.4221,341.63,2.053881,454.1369,339.9745,"No issues","No issues","No issues","No issues"
532,110,2025-05-19,2025-05-19 06:46:20,2025-05-19 06:50:00,2025-05-19 06:43:00,23,0.462163162055327,328.321707509848,-45.9064031620554,0.190784477618612,0.211961338866156,0.0150704976117853,0.0371658124034641,0.0270584705353553,0.576823028127717,0.00073074946399487,0.486023903002107,0.284921117591694,2.054464,454.2497,340.6139,2.057016,455.3965,341.0981,2.054464,453.3071,340.1139,"No issues","No issues","No issues","No issues"
533,120,2025-05-19,2025-05-19 06:53:40,2025-05-19 06:57:20,2025-05-19 06:50:20,23,-0.947591146244973,-848.271272727232,-56.3350197628681,0.950088384457763,0.652856304202771,0.0153971382925561,3.77494289624977e-15,3.11918164255968e-06,0.572690748506796,0.00016674483850143,0.47489018713055,0.345860996447486,2.053833,452.3839,340.92,2.053833,452.9039,341.0245,2.05131,450.1139,339.6966,"No issues","No issues","No issues","No issues"
534,130,2025-05-19,2025-05-19 07:01:00,2025-05-19 07:04:40,2025-05-19 06:57:40,23,-0.252480948616542,-794.898782608738,113.656980237135,0.178193414553658,0.520580912334161,0.0647238824901252,0.0448060155416922,0.0001020702575842,0.241413651529901,0.00041627486882082,0.585649757895035,0.33170067155942,2.051368,450.5648,339.7188,2.052936,450.5962,340.7101,2.051296,447.1248,339.3317,"No issues","No issues","No issues","No issues"
535,140,2025-05-19,2025-05-19 07:08:20,2025-05-19 07:12:00,2025-05-19 07:05:00,23,-0.87802719367605,-615.701596838001,207.15936758891,0.869263938392133,0.501969589389066,0.207249599489138,9.67027957076836e-11,0.00015464582566429,0.0290488256276878,0.00026142217876602,0.470838647227733,0.311055981713365,2.05013,449.0387,339.6514,2.050396,449.6631,340.8604,2.048265,446.9604,339.5572,"No issues","No issues","No issues","No issues"
536,150,2025-05-19,2025-05-19 07:15:40,2025-05-19 07:19:20,2025-05-19 07:12:20,23,-0.0432853754940451,-1688.30551778662,39.464822134386,0.0445060105527662,0.861296279567973,0.00445463979285558,0.333912899179118,1.80724492022927e-10,0.76221313065301,0.00015397791391029,0.520153356286079,0.452946570537551,2.045616,443.519,339.5015,2.046035,444.1112,340.8105,2.045507,439.2778,339.1353,"No issues","No issues","No issues","No issues"
537,160,2025-05-19,2025-05-19 07:23:00,2025-05-19 07:26:40,2025-05-19 07:19:40,23,-0.219047905138602,-975.840189723317,154.475003952549,0.282044848253981,0.746680709163735,0.0858541707277254,0.00911978697041055,1.07499631592569e-07,0.174825836400839,0.00026831272640872,0.43637309143516,0.386988316049587,2.04405,441.5027,339.9892,2.04405,441.7919,341.0725,2.042793,438.5412,339.2258,"No issues","No issues","No issues","No issues"
538,170,2025-05-19,2025-05-19 07:30:20,2025-05-19 07:34:00,2025-05-19 07:27:00,23,6.34432126482182,368.704316205531,33.679778656116,0.396703677944087,0.0631510932671379,0.00368323599381321,0.00127852301520324,0.247412387874904,0.783255105333045,0.00600661764963717,1.09027275075459,0.425271001861744,2.043804,443.3493,340.2453,2.073759,447.4012,341.0906,2.043025,442.1929,339.3588,"No issues","No issues","No issues","No issues"
540,190,2025-05-19,2025-05-19 13:55:00,2025-05-19 13:58:40,2025-05-19 13:51:40,23,-0.499139288537468,-1549.04528063242,139.976537549392,0.150928280810424,0.356961519478741,0.034097158287506,0.0669545114767714,0.0026089496156662,0.398963558128228,0.00090891072213264,1.59618964553582,0.571972924982958,2.010551,420.2066,338.2862,2.013013,425.7453,339.4932,2.009352,417.5467,337.3702,"No issues","No issues","No issues","No issues"
541,200,2025-05-19,2025-05-19 14:02:20,2025-05-19 14:06:00,2025-05-19 13:59:00,23,-0.238615968379681,-788.773090909068,147.749122529639,0.0352661422438099,0.284390938510714,0.0444351133673871,0.390853852680039,0.00878301566322379,0.334307141202633,0.00095815745334694,0.96060472905258,0.526022657680111,2.009309,424.2752,338.3874,2.012257,425.058,339.4258,2.0086,420.2452,337.5998,"No issues","No issues","No issues","No issues"
542,210,2025-05-19,2025-05-19 14:09:40,2025-05-19 14:13:20,2025-05-19 14:06:20,23,0.456007588932473,752.881233201547,95.8929011857508,0.0875777505445699,0.414632441321815,0.03255964392756,0.170358937433023,0.00091446015714111,0.409990592856926,0.00113001889811089,0.68678650535049,0.401302005743765,2.009448,423.7269,339.021,2.013373,425.1393,339.9034,2.008127,421.2642,338.0466,"No issues","No issues","No issues","No issues"
543,220,2025-05-19,2025-05-19 14:17:00,2025-05-19 14:20:40,2025-05-19 14:13:40,23,0.334390197628403,-1653.83772332013,-155.794909090933,0.0888341251717748,0.748322429285171,0.0805569747401841,0.167180235149533,1.00307355696177e-07,0.189366092194915,0.00082219520916733,0.736348429685518,0.404088689930547,2.007648,421.7466,339.6909,2.011574,422.1956,339.6909,2.007648,417.0681,338.1521,"No issues","No issues","No issues","No issues"
544,230,2025-05-19,2025-05-19 14:24:20,2025-05-19 14:28:00,2025-05-19 14:21:00,23,0.685915256916767,634.975114624479,188.928284584939,0.216744405433098,0.213339041820924,0.0807463000770998,0.0251716133203123,0.0265015739067242,0.188824322299795,0.00100106174050805,0.936112251548711,0.489402242100007,2.008974,423.6537,338.1921,2.012268,424.9196,339.6723,2.008446,421.1832,337.3153,"No issues","No issues","No issues","No issues"
545,240,2025-05-19,2025-05-19 14:31:40,2025-05-19 14:35:20,2025-05-19 14:28:20,23,-0.66920727272741,-789.890656126561,102.621343873486,0.259130202364831,0.313896349172965,0.0293310559103681,0.0131105024519153,0.00542781885232401,0.434599871347195,0.00086873071360365,0.896564017585182,0.453233509851864,2.010845,423.71,337.6137,2.010845,424.5795,339.1906,2.007342,419.8692,337.4492,"No issues","No issues","No issues","No issues"
546,10,2025-05-19,2025-05-19 14:39:00,2025-05-19 14:42:40,2025-05-19 14:35:40,23,0.29712379446616,-112.942387351808,-14.8135019762968,0.0751441233939991,0.00665828882628927,0.00061487302280092,0.205600833524609,0.711287964229514,0.910581147270201,0.0008002755479015,1.05910149301673,0.458504979881668,2.007955,418.5869,338.4222,2.010511,422.0089,339.405,2.007236,418.2931,337.8456,"No issues","No issues","No issues","No issues"
547,20,2025-05-19,2025-05-19 14:46:20,2025-05-19 14:50:00,2025-05-19 14:43:00,23,-0.320755731225271,-6665.5354624506,149.11000790513,0.0664355260349181,0.861410572335761,0.0819780012154475,0.235074166892091,1.7915623437601e-10,0.185340740344925,0.00092312176364436,2.05261543758955,0.383086873083078,2.009136,420.8208,338.3991,2.011431,422.8652,340.0005,2.007549,404.7047,338.3991,"No issues","No issues","No issues","No issues"
548,30,2025-05-19,2025-05-19 14:53:40,2025-05-19 14:57:20,2025-05-19 14:50:20,23,0.26713992094851,282.884869565209,185.742071146202,0.102975230364005,0.0192856513649363,0.0810322795236922,0.135448050864843,0.527423942284632,0.188009175824116,0.00060532306233578,1.54873254256895,0.480224131627029,2.010047,423.6174,339.2231,2.010973,430.0539,340.075,2.008737,421.9381,338.1926,"No issues","No issues","No issues","No issues"
549,40,2025-05-19,2025-05-19 15:01:00,2025-05-19 15:04:40,2025-05-19 14:57:40,23,0.13275889328063,-715.757407114694,-268.248948616619,0.0353405677306022,0.219666364448089,0.193673400598416,0.390345251249648,0.0240814169395386,0.0355992495673087,0.00053250840339913,1.035706803808,0.420214591264248,2.00932,414.2337,339.6329,2.010461,415.6375,340.1618,2.008276,411.0634,338.2997,"No issues","No issues","No issues","No issues"
550,50,2025-05-19,2025-05-19 15:08:20,2025-05-19 15:12:00,2025-05-19 15:05:00,23,0.644414229249028,-242.388711462489,168.388648221295,0.0969156329917362,0.00890246092809713,0.0676331928252562,0.148187600755088,0.668488348767164,0.230751287480108,0.00151023649602647,1.96348752574152,0.479997376052107,2.011105,425.3088,338.6197,2.014238,427.2959,340.284,2.008322,419.4904,338.587,"No issues","No issues","No issues","No issues"
551,60,2025-05-19,2025-05-19 15:15:40,2025-05-19 15:19:20,2025-05-19 15:12:20,23,-0.677591146245073,-158.08809486167,124.779699604751,0.216961946359251,0.0182463650556355,0.0428396002632616,0.0250888534009437,0.538873630502183,0.343338853207838,0.00098827991309655,0.890276358424823,0.452820612535433,2.012045,422.8105,338.9818,2.012615,424.1566,340.211,2.009091,420.8813,338.281,"No issues","No issues","No issues","No issues"
552,70,2025-05-19,2025-05-19 15:23:00,2025-05-19 15:26:40,2025-05-19 15:19:40,23,-0.866185612648069,-3300.74381027667,-315.579415019773,0.235259649388973,0.733778382821827,0.180935143474284,0.0189826687024797,1.82521260908426e-07,0.0430227434546624,0.00119896592854739,1.52638333336605,0.515488456063114,2.011434,418.0006,339.0072,2.013831,419.0247,339.8059,2.008405,408.2323,337.8193,"No issues","No issues","No issues","No issues"
553,80,2025-05-19,2025-05-19 15:30:20,2025-05-19 15:34:00,2025-05-19 15:27:00,23,0.13042814229252,-3435.15728063239,-119.600822134421,0.0204237389117796,0.934466450176941,0.0363910443568472,0.515362118588628,6.63642083892099e-14,0.383262164436063,0.00069348233903543,0.698408010498368,0.472497935154072,2.01028,413.5977,339.3896,2.011777,414.3782,340.5738,2.009121,404.6543,338.4896,"No issues","No issues","No issues","No issues"
554,90,2025-05-19,2025-05-19 15:37:40,2025-05-19 15:41:20,2025-05-19 15:34:20,23,-0.228823399209868,-4241.10792094864,-35.0278577075411,0.0492310539846338,0.791219584326081,0.00288155056725577,0.308907819619859,1.37529874699649e-08,0.807804704007081,0.00077202427455028,1.67258533391524,0.500249226674512,2.01055,413.1476,339.5963,2.01223,419.3787,340.6484,2.009172,403.3678,338.653,"No issues","No issues","No issues","No issues"
555,100,2025-05-19,2025-05-19 15:45:00,2025-05-19 15:48:40,2025-05-19 15:41:40,23,-0.477266086956488,-233.761517786581,-71.3756205533668,0.0283366692502419,0.011282304143085,0.00831920419706879,0.442612364242955,0.629546446188876,0.678949462820897,0.00214563911497728,1.6800525503334,0.598284225465318,2.016392,424.1568,340.0623,2.017,425.6072,340.744,2.009859,420.5237,338.3407,"No issues","No issues","No issues","No issues"
556,110,2025-05-19,2025-05-19 15:52:20,2025-05-19 15:56:00,2025-05-19 15:49:00,23,-1.24159873517794,-361.336411067205,-170.995162055344,0.295438078716153,0.0447474780201677,0.0537835978518903,0.00734788114004942,0.332574586793506,0.286969332676879,0.00147204201529467,1.281737637186,0.550638697717113,2.015494,422.8195,337.9258,2.019137,425.8408,339.7468,2.011862,419.6227,337.5122,"No issues","No issues","No issues","No issues"
557,120,2025-05-19,2025-05-19 15:59:40,2025-05-19 16:03:20,2025-05-19 15:56:20,23,0.570154624505718,160.419699604647,-243.079399209525,0.0743591182271655,0.02674181974365,0.065644519130847,0.208080378221626,0.4559305717366,0.237979871239183,0.00154439858522091,0.743000057420552,0.704072826444352,2.014287,422.2397,341.6883,2.018181,424.699,341.6883,2.013044,420.7633,337.538,"No issues","No issues","No issues","No issues"
558,130,2025-05-19,2025-05-19 16:07:00,2025-05-19 16:10:40,2025-05-19 16:03:40,23,0.0382567588932907,-3883.87380237158,-201.795225296464,0.00292943982027306,0.973449455132839,0.080087184155836,0.806243432749379,4.94040951251609e-18,0.190717789371768,0.00054186540660741,0.492444988010974,0.525067701588176,2.016112,420.3604,340.2412,2.017575,420.3604,340.4099,2.015594,410.1221,338.0578,"No issues","No issues","No issues","No issues"
559,140,2025-05-19,2025-05-19 16:14:20,2025-05-19 16:18:00,2025-05-19 16:11:00,23,0.0643901976283656,-317.722339920982,-228.72948616601,0.0410100425635105,0.14859298753785,0.0492154911529541,0.35408625756505,0.0692888146063716,0.308986271080098,0.00023905304137454,0.583888339459804,0.771835743752671,2.016004,424.2332,338.3056,2.01722,424.8503,341.1534,2.016004,422.3387,337.6976,"No issues","No issues","No issues","No issues"
560,150,2025-05-19,2025-05-19 16:21:40,2025-05-19 16:25:20,2025-05-19 16:18:20,23,0.344208379446694,306.532173912983,122.215873517731,0.680908832882195,0.29376832984419,0.0443245799922681,1.26401084153378e-06,0.00754972378523866,0.334922973591907,0.00018090348845277,0.364888157451042,0.435685498981276,2.016174,420.7535,338.4354,2.01723,421.9021,340.3797,2.015991,420.187,338.4354,"No issues","No issues","No issues","No issues"
561,160,2025-05-19,2025-05-19 16:29:00,2025-05-19 16:32:40,2025-05-19 16:25:40,23,0.240682055335913,-2075.14444268779,128.901628458497,0.592243167893431,0.922999294604994,0.0230794645899013,1.7636436697422e-05,3.62821794557156e-13,0.488948593910173,0.00015332285616083,0.460158654719097,0.643854528102392,2.01623,419.2468,338.4433,2.017154,419.2468,341.2701,2.01623,414.076,338.3393,"No issues","No issues","No issues","No issues"
562,170,2025-05-19,2025-05-19 16:36:20,2025-05-19 16:40:00,2025-05-19 16:33:00,23,-0.0962267193678742,60.4578023715616,165.764205533596,0.15150494388449,0.00634536370295254,0.103986358672877,0.0663901654495229,0.717878119260411,0.133436416214275,0.00017483143859553,0.580837201106922,0.373570417494757,2.016771,425.8413,338.8902,2.016771,426.5711,340.2456,2.016069,424.21,338.5054,"No issues","No issues","No issues","No issues"
563,180,2025-05-19,2025-05-19 16:43:40,2025-05-19 16:47:20,2025-05-19 16:40:20,23,-0.00396996047433738,-3726.84009486171,109.258434782571,0.00019230892376742,0.974483164870512,0.0357110286338638,0.949925482058874,3.25434304655877e-18,0.387827080498532,0.00021976437715409,0.462998504637404,0.435883059164422,2.016851,420.9021,338.434,2.016915,420.9021,339.69,2.016088,410.2611,337.7137,"No issues","No issues","No issues","No issues"
564,190,2025-05-19,2025-05-19 16:51:00,2025-05-19 16:54:40,2025-05-19 16:47:40,23,-0.0533255335970386,-2684.36518577075,-240.674371541561,0.0429217262151011,0.93350505094377,0.121800293596164,0.342866377909857,7.73658027482038e-14,0.102638548317781,0.00019332274115552,0.550034823543708,0.496152196580594,2.015042,421.3623,338.2598,2.015042,421.3623,339.2339,2.014398,413.3031,337.0227,"No issues","No issues","No issues","No issues"
565,200,2025-05-19,2025-05-19 16:58:20,2025-05-19 17:02:00,2025-05-19 16:55:00,23,0.113438418972687,223.868205533573,211.723541501933,0.219528644941394,0.166678332541563,0.0728457982420526,0.0241317740130574,0.0531126208475643,0.212954840912982,0.00016421228582327,0.384301232590638,0.57990316317098,2.013721,426.8401,338.2357,2.014342,427.7939,339.0895,2.013695,426.2112,336.6164,"No issues","No issues","No issues","No issues"
566,210,2025-05-19,2025-05-19 17:05:40,2025-05-19 17:09:20,2025-05-19 17:02:20,23,0.371007747035602,530.750418972356,-176.170624505937,0.761763792863288,0.43863964543059,0.0594174314011983,5.59242596730686e-08,0.00057541557513827,0.262357566304456,0.00015929028667424,0.460967035544575,0.538130510286032,2.014039,425.0645,339.2534,2.015171,427.5663,339.8986,2.013958,425.0645,337.5276,"No issues","No issues","No issues","No issues"
567,220,2025-05-19,2025-05-19 17:13:00,2025-05-19 17:16:40,2025-05-19 17:09:40,23,-0.297115256917004,-3566.41527272728,-65.0510039525735,0.504038690463682,0.972680724099488,0.0101794589426285,0.00014777154529307,6.66921294440704e-18,0.64691248059638,0.00022627132029581,0.458874520908205,0.492473065474913,2.014404,421.0831,338.4915,2.014631,421.3047,339.1956,2.013329,412.0118,337.5621,"No issues","No issues","No issues","No issues"
568,230,2025-05-19,2025-05-19 17:20:20,2025-05-19 17:24:00,2025-05-19 17:17:00,23,-0.0138564426878518,304.832347825997,-92.7015652174391,0.0013697886913271,0.213079506255575,0.038110912811789,0.86685436146399,0.0266056397666524,0.372036812328758,0.00028723668613147,0.449746957236528,0.357550579425959,2.012039,426.2171,338.414,2.012692,427.2253,338.6064,2.011522,424.9812,337.2939,"No issues","No issues","No issues","No issues"
569,240,2025-05-19,2025-05-19 17:27:40,2025-05-19 17:31:20,2025-05-19 17:24:20,23,0.0685992094859132,370.892490118588,18.3548774703035,0.0306019164635517,0.177371683350393,0.0014025242241808,0.424665463782999,0.0453543086710514,0.865286709997097,0.00029642066182337,0.613225659642382,0.376014101046553,2.01218,425.165,337.4695,2.01271,427.9507,338.3828,2.011469,425.1147,337.0952,"No issues","No issues","No issues","No issues"
570,10,2025-05-19,2025-05-19 17:35:00,2025-05-19 17:38:40,2025-05-19 17:31:40,23,0.147853280632095,-2231.68553359683,292.311177865606,0.192067789854248,0.932085091729821,0.217537013075652,0.0364618872489833,9.66500411153482e-14,0.0248713262185806,0.00023281113757217,0.462487897356779,0.425621286124395,2.012928,421.5503,337.4187,2.013577,421.5503,339.3379,2.012496,415.825,337.4187,"No issues","No issues","No issues","No issues"
571,20,2025-05-19,2025-05-19 17:42:20,2025-05-19 17:46:00,2025-05-19 17:39:00,23,0.171109565217192,-2438.02102766802,271.85350197628,0.185037092624549,0.939500226605857,0.0694588912152305,0.0404825000704221,2.86035385193116e-14,0.224334069730187,0.00027569342374136,0.474983444064826,0.763926167204172,2.0137,424.3412,338.7843,2.014276,424.3412,340.3885,2.012708,417.751,337.2167,"No issues","No issues","No issues","No issues"
572,30,2025-05-19,2025-05-19 17:49:40,2025-05-19 17:53:20,2025-05-19 17:46:20,23,-0.393384664031778,-191.143778656147,-32.103747035587,0.638594287078579,0.0670798364825246,0.00417682926045801,4.80675606611229e-06,0.23273723435135,0.769546235855678,0.00022720349779935,0.547266677451216,0.380571334137678,2.015105,428.0283,338.5255,2.01538,429.9498,339.2072,2.013788,427.6391,337.4055,"No issues","No issues","No issues","No issues"
573,40,2025-05-19,2025-05-19 17:57:00,2025-05-19 18:00:40,2025-05-19 17:53:40,23,0.591310671936946,-1208.86662450596,25.7270513834002,0.819014674201603,0.778858916374479,0.00145951060168347,3.02124710494432e-09,2.53362898567239e-08,0.862601899202497,0.00021340478517868,0.494534166669365,0.516632618299283,2.013664,427.7391,338.5026,2.015254,427.7391,340.253,2.013664,424.1312,337.7827,"No issues","No issues","No issues","No issues"
574,50,2025-05-19,2025-05-19 18:04:20,2025-05-19 18:08:00,2025-05-19 18:01:00,23,0.207061185770521,285.60493280624,165.408189723331,0.17286798388067,0.162309948390467,0.0330024450957736,0.0484771008288267,0.0566419383581487,0.406771464513733,0.00034772941091023,0.49813540334806,0.687399534583832,2.01408,429.0566,339.381,2.014961,431.2808,341.5107,2.013195,428.7192,337.815,"No issues","No issues","No issues","No issues"
575,60,2025-05-19,2025-05-19 18:11:40,2025-05-19 18:15:20,2025-05-19 18:08:20,23,-0.0352430039526831,29.6440790513785,88.0375019762834,0.0153208923106285,0.00213253160982848,0.0108481311647942,0.573650209465874,0.834269487251091,0.636255343346356,0.00021691562978516,0.492310674023717,0.645407980298385,2.013392,429.2873,340.6742,2.013759,430.7002,340.6742,2.012801,428.4515,338.1406,"No issues","No issues","No issues","No issues"
576,70,2025-05-19,2025-05-19 18:19:00,2025-05-19 18:22:40,2025-05-19 18:15:40,23,-0.461881422925108,-149.474561264849,-315.199494071185,0.481443897017936,0.062674834551561,0.166241277524582,0.00024056177372423,0.249262659558073,0.0534558118070818,0.00036801720522849,0.443790931588535,0.541937082312858,2.012111,428.4708,339.2198,2.012781,428.8376,339.4749,2.010904,427.3256,337.4359,"No issues","No issues","No issues","No issues"
577,80,2025-05-19,2025-05-19 18:26:20,2025-05-19 18:30:00,2025-05-19 18:23:00,23,-0.144566324110705,1214.84717786562,-144.037849802409,0.165971990160819,0.5744507256429,0.0319765367957044,0.0536683437357534,2.79849332549283e-05,0.414284900258731,0.00024880130351758,0.802754559329618,0.608438174159697,2.010944,430.6084,338.7231,2.01167,434.1476,339.7635,2.010637,430.1082,337.5581,"No issues","No issues","No issues","No issues"
578,90,2025-05-19,2025-05-19 18:33:40,2025-05-19 18:37:20,2025-05-19 18:30:20,23,0.46697833992084,1440.39728063236,210.401075098785,0.230780958034846,0.645673912085269,0.082310407147589,0.0203310931318851,3.88630088405912e-06,0.184412651021696,0.0006545372388455,0.819199792153214,0.539362910500196,2.009351,431.9825,339.1311,2.011956,435.5799,339.8472,2.009284,430.6736,337.7268,"No issues","No issues","No issues","No issues"
579,100,2025-05-19,2025-05-19 18:41:00,2025-05-19 18:44:40,2025-05-19 18:37:40,23,-0.886966007905471,-23.2947035573435,-143.435098814256,0.929724805025802,0.00102826498786384,0.0637654780893279,1.38512765095225e-13,0.88451614373383,0.245048872185324,0.0001872161856108,0.557434520359428,0.421956370498367,2.0087,432.6599,339.823,2.0087,432.6599,339.9409,2.006064,430.4796,338.1964,"No issues","No issues","No issues","No issues"
580,110,2025-05-19,2025-05-19 18:48:20,2025-05-19 18:52:00,2025-05-19 18:45:00,23,-0.264843320158114,430.519588932719,219.95459288536,0.536601450854065,0.526739863307342,0.117959592744288,7.05113811866247e-05,8.86637929836565e-05,0.108596578808999,0.00018895266996855,0.313297826339952,0.461767367897879,2.003689,431.2322,338.0083,2.003689,432.5417,339.3451,2.002602,430.8604,337.5974,"No issues","No issues","No issues","No issues"
581,120,2025-05-19,2025-05-19 18:55:40,2025-05-19 18:59:20,2025-05-19 18:52:20,23,0.155827351778487,-162.125501976303,88.9826086956302,0.406213802537099,0.0605847268939146,0.033117120593862,0.00107148399125535,0.257574854816695,0.405943581813362,0.00014464185968028,0.490129858817517,0.369129181675801,2.002378,432.6844,338.1541,2.002903,433.399,339.2491,2.002267,431.4565,337.8521,"No issues","No issues","No issues","No issues"
582,130,2025-05-19,2025-05-19 19:03:00,2025-05-19 19:06:40,2025-05-19 18:59:40,23,0.34873328063236,2097.43598418968,200.566671936728,0.456813384788443,0.82424660731853,0.122485119342914,0.00040039613979589,2.2140001921762e-09,0.101611650752699,0.0002919517688316,0.743574666314817,0.41215155623845,2.0031,433.1997,338.7754,2.004414,439.0056,339.2528,2.002827,433.1997,337.6351,"No issues","No issues","No issues","No issues"
583,140,2025-05-19,2025-05-19 19:10:20,2025-05-19 19:14:00,2025-05-19 19:07:00,23,0.64700964426867,2039.65641106721,-188.290529644281,0.453307636764165,0.809471321077179,0.097903074886064,0.00042977101792957,5.20954094330112e-09,0.146028710195935,0.00054550449791302,0.759712120691674,0.43880291910855,2.00539,439.8628,338.7566,2.008596,447.3201,339.4124,2.00539,439.8628,337.0564,"No issues","No issues","No issues","No issues"
584,150,2025-05-19,2025-05-19 19:17:40,2025-05-19 19:21:20,2025-05-19 19:14:20,23,0.293853913043322,4592.57748616601,75.8808853754987,0.163808600838564,0.883520434454754,0.0246526769141501,0.0554060251179667,2.85573773925341e-11,0.474321137616122,0.0005097163584467,1.28022310239212,0.366431323727951,2.00902,446.5725,337.766,2.009571,457.5007,339.0871,2.007396,446.5223,337.2268,"No issues","No issues","No issues","No issues"
585,160,2025-05-19,2025-05-19 19:25:00,2025-05-19 19:28:40,2025-05-19 19:21:40,23,0.728867667983997,219.858118576998,-77.117122529627,0.891125411474093,0.0104476156457854,0.0380967929824124,1.40004317997059e-11,0.642589589419921,0.372127159436862,0.00019559382089839,1.64272892495158,0.297498574774813,2.00817,451.8075,337.6823,2.010316,455.2553,338.3995,2.00812,449.0772,337.2032,"No issues","No issues","No issues","No issues"
586,170,2025-05-19,2025-05-19 19:32:20,2025-05-19 19:36:00,2025-05-19 19:29:00,23,0.197021027667758,-4461.59269565222,473.711051383381,0.103796142880953,0.775344349642548,0.337810793186988,0.133812457533416,2.99587748954648e-08,0.0036309269528499,0.00044446541449569,1.84380027806488,0.509190626935728,2.013914,461.0265,338.9905,2.015407,462.9125,340.4444,2.013643,451.839,338.2377,"No issues","No issues","No issues","No issues"
587,180,2025-05-19,2025-05-19 19:39:40,2025-05-19 19:43:20,2025-05-19 19:36:20,23,-0.0155981027667496,-1786.98678260867,-104.297264822131,0.0001928785717744,0.429634220791268,0.0386889282031638,0.949851463195719,0.00068600986020277,0.368363324979299,0.00086218506425428,1.58074287669326,0.399138975133488,2.017762,452.409,336.7326,2.020346,455.3596,337.8387,2.017682,447.5128,336.5606,"No issues","No issues","No issues","No issues"
588,190,2025-05-19,2025-05-19 19:47:00,2025-05-19 19:50:40,2025-05-19 19:43:40,23,0.315334387351501,186.469470355698,-205.151335968369,0.485884863508454,0.0545409784846091,0.127953091268659,0.00021893286753353,0.283505310647799,0.0937770726536148,0.00024902757492446,0.596046614552049,0.411179522058538,2.018725,443.4431,337.809,2.019645,445.0004,337.809,2.018379,441.947,335.9179,"No issues","No issues","No issues","No issues"
589,200,2025-05-19,2025-05-19 19:54:20,2025-05-19 19:58:00,2025-05-19 19:51:00,23,-0.00577138339945592,-597.347573122572,244.345517786514,0.00062302964365927,0.412677149431097,0.12668925540648,0.909992328787601,0.00094891263058198,0.0955318252435721,0.00017746096342136,0.547107838912443,0.492528632270959,2.018461,439.2272,336.491,2.018643,440.863,338.2299,2.017994,438.0665,336.076,"No issues","No issues","No issues","No issues"
590,210,2025-05-19,2025-05-19 20:01:40,2025-05-19 20:05:20,2025-05-19 19:58:20,23,0.995068458498031,1552.00183399205,-52.0090434782727,0.294173978644183,0.354499316931061,0.00415378430941517,0.00750021717403728,0.00272344388824432,0.770166223618338,0.00118334740166895,1.60784980619033,0.618252142771535,2.020824,440.949,337.4594,2.024364,446.4072,338.0146,2.019474,438.8629,335.1822,"No issues","No issues","No issues","No issues"
591,220,2025-05-19,2025-05-19 20:09:00,2025-05-19 20:12:40,2025-05-19 20:05:40,23,-0.348212490118994,-269.613249011818,-65.4275098814213,0.655418851064588,0.093073838102466,0.0112290952714868,2.88075418758412e-06,0.156913284028224,0.630360114821505,0.00019383992533083,0.646139035529922,0.47135535289064,2.019672,442.0168,337.1753,2.020283,443.1718,337.6586,2.018896,440.4259,335.8683,"No issues","No issues","No issues","No issues"
592,230,2025-05-19,2025-05-19 20:16:20,2025-05-19 20:20:00,2025-05-19 20:13:00,23,-0.0896784189723378,632.210656126457,-35.3215494071317,0.164488906650491,0.23764335307404,0.00353329427049476,0.0548537390306875,0.0183000130156912,0.787612585510966,0.00015517020795017,0.869342010869635,0.455400846358916,2.018751,440.1454,337.1109,2.018788,443.1269,337.3132,2.018168,439.1686,335.8135,"No issues","No issues","No issues","No issues"
593,240,2025-05-19,2025-05-19 20:23:40,2025-05-19 20:27:20,2025-05-19 20:20:20,23,-0.316247905138548,-609.169517786628,-67.2297865612586,0.357354717159436,0.271648728171383,0.0157878583907241,0.0025910838181345,0.0107630417834548,0.567821840843421,0.00032559382185118,0.765803527957335,0.407527646331493,2.019323,440.8559,337.0351,2.019951,441.3071,337.7587,2.018233,437.9957,335.7241,"No issues","No issues","No issues","No issues"
594,10,2025-05-19,2025-05-19 20:31:00,2025-05-19 20:34:40,2025-05-19 20:27:40,23,0.321524110672147,628.057138339944,-14.9637628458139,0.396126048837245,0.302519140681966,0.00049029804307082,0.00129221427144823,0.00654661886327362,0.920120084920264,0.0003047772797288,0.732152365290593,0.518700706467718,2.01808,438.8817,335.7643,2.019298,442.3007,337.7965,2.017628,438.8817,335.7026,"No issues","No issues","No issues","No issues"
595,20,2025-05-19,2025-05-19 20:38:20,2025-05-19 20:42:00,2025-05-19 20:35:00,23,0.0307693280631536,893.99155731226,47.3381501976072,0.0112010289921694,0.341020972190684,0.00637409343887475,0.63079024814556,0.00343711726024644,0.717265569479017,0.00022195025599627,0.95409422193884,0.453759906178704,2.017965,440.056,336.0321,2.018433,444.8228,337.7986,2.017646,440.056,336.0321,"No issues","No issues","No issues","No issues"
596,30,2025-05-19,2025-05-19 20:45:40,2025-05-19 20:49:20,2025-05-19 20:42:20,23,0.108392727272736,-91.2134703557681,304.267162055281,0.0758197455181161,0.0144745051427358,0.190933844514705,0.203493015317586,0.584514138665618,0.0370832126831579,0.00029053597855969,0.57783473476665,0.48085954156858,2.020103,445.3982,336.3134,2.020116,446.9482,338.2946,2.018971,444.5201,336.1397,"No issues","No issues","No issues","No issues"
597,40,2025-05-19,2025-05-19 20:53:00,2025-05-19 20:56:40,2025-05-19 20:49:40,23,-0.223333754941005,35.5255968379918,-17.9262924901154,0.28096079363879,0.00233902223529849,0.00107805061639483,0.00927944984452645,0.82654406702104,0.881772093248163,0.0002742965775095,0.56328514266762,0.418937537745555,2.018839,440.176,336.5354,2.01903,441.0793,337.7424,2.017736,439.0957,335.8076,"No issues","No issues","No issues","No issues"
598,50,2025-05-19,2025-05-19 21:00:20,2025-05-19 21:04:00,2025-05-19 20:57:00,23,-0.333015652174124,-600.204237154142,395.918608695632,0.683215786435538,0.393490654405308,0.253868028596832,1.16953761264324e-06,0.00135641205828506,0.0142344647725584,0.00017409249980309,0.572088463866682,0.521101508040813,2.019436,439.2801,337.1941,2.019656,440.7573,339.7368,2.018501,437.6655,337.1885,"No issues","No issues","No issues","No issues"
599,60,2025-05-19,2025-05-19 21:07:40,2025-05-19 21:11:20,2025-05-19 21:04:20,23,0.116443636363299,-748.260711462463,50.5550988142533,0.065434462284967,0.268029237232197,0.00683936699373848,0.238758384807653,0.0113976029928435,0.707553955037813,0.00033785470187497,0.949338994891042,0.467712905618832,2.01995,441.4796,337.4641,2.020543,443.541,339.1045,2.019115,439.4156,336.9943,"No issues","No issues","No issues","No issues"
600,70,2025-05-19,2025-05-19 21:15:00,2025-05-19 21:18:40,2025-05-19 21:11:40,23,-0.284454071146328,121.569581027602,78.1698023715199,0.260518112684533,0.00331931129782711,0.0137448223236221,0.0128282992150111,0.794005702607238,0.594211258387739,0.00036793369205997,1.61730357101768,0.508366229337806,2.020769,443.3338,337.8657,2.021589,446.9823,338.049,2.019676,441.8218,336.0613,"No issues","No issues","No issues","No issues"
601,80,2025-05-19,2025-05-19 21:22:20,2025-05-19 21:26:00,2025-05-19 21:19:00,23,-0.667013122529735,3035.10393675888,28.957660079015,0.71193101617551,0.724361343590093,0.00206013405858126,4.23447689944961e-07,2.64437148683843e-07,0.83706978203857,0.00032574388164727,1.43740315289205,0.489305961108398,2.023348,447.7174,336.9166,2.023854,455.0673,338.0714,2.021921,447.185,336.0861,"No issues","No issues","No issues","No issues"
602,90,2025-05-19,2025-05-19 21:29:40,2025-05-19 21:33:20,2025-05-19 21:26:20,23,0.102228616600841,-1260.33267984194,-2.81056126484396,0.0652070437218056,0.253354239863974,1.83634155165923e-05,0.239604533924534,0.0143489427219068,0.984517789724329,0.00029716355117517,1.66108174935296,0.503529516962661,2.023412,446.0262,337.2729,2.023412,451.5959,338.227,2.022175,444.4834,336.1755,"No issues","No issues","No issues","No issues"
603,100,2025-05-19,2025-05-19 21:37:00,2025-05-19 21:40:40,2025-05-19 21:33:40,23,0.750245691699133,4503.74940711454,146.23285375494,0.423639898959102,0.740362043364164,0.0919844598092727,0.00077011668764878,1.39765216264465e-07,0.159485502405767,0.00067183810519684,2.04761749861698,0.35273370549066,2.023611,442.8011,338.3817,2.026203,452.5765,339.2084,2.023257,441.8698,337.7466,"No issues","No issues","No issues","No issues"
604,110,2025-05-19,2025-05-19 21:44:20,2025-05-19 21:48:00,2025-05-19 21:41:00,23,-1.06817549407089,-5743.52366798419,-135.034150197649,0.67483125701692,0.720029059196409,0.0300168179260672,1.5470550720436e-06,3.12315649198921e-07,0.429197726358392,0.00056926175450028,2.74961872728204,0.589326524255163,2.026738,458.8004,337.851,2.028067,463.281,338.7059,2.024738,448.0294,336.0445,"No issues","No issues","No issues","No issues"
605,120,2025-05-19,2025-05-19 21:51:40,2025-05-19 21:55:20,2025-05-19 21:48:20,23,0.772776284584835,5326.96980237149,-66.0755098814407,0.428547322628026,0.343815295165934,0.00939057435850007,0.00070060334696937,0.00327627271629027,0.660037942761315,0.00068510497986337,5.64993284245619,0.521024648029834,2.027132,450.7095,337.1351,2.029388,471.0657,338.62,2.026452,449.688,336.6804,"No issues","No issues","No issues","No issues"
606,130,2025-05-19,2025-05-19 21:59:00,2025-05-19 22:02:40,2025-05-19 21:55:40,23,-0.510110039525737,-2404.01682213435,92.6016758893096,0.289541323693018,0.39373153405336,0.0232513225517579,0.00808409918284593,0.00135042442689859,0.487315909773807,0.00061346614445184,2.29024787300051,0.460785737159582,2.030517,474.9957,338.0191,2.030517,474.9957,338.2171,2.027231,463.8411,336.6026,"No issues","No issues","No issues","No issues"
607,140,2025-05-19,2025-05-19 22:06:20,2025-05-19 22:10:00,2025-05-19 22:03:00,23,0.116016758893128,-4052.47674308298,61.7888063241258,0.0114342069138139,0.616497473912207,0.0160860105111641,0.627236328250666,9.10258949047998e-06,0.564159061885303,0.00082819592680068,2.45387022327983,0.371002464665695,2.033144,480.9917,336.8419,2.035073,485.0635,337.9796,2.030822,474.0243,336.5808,"No issues","No issues","No issues","No issues"
608,150,2025-05-19,2025-05-19 22:13:40,2025-05-19 22:17:20,2025-05-19 22:10:20,23,-0.169828932806457,-116.686102766837,-77.3117786561073,0.0076120076418918,0.00602533054257278,0.016562890848221,0.692220498866081,0.724809265282687,0.558392077110654,0.00148872821329972,1.1506121370385,0.457365589453116,2.038316,480.4556,337.7484,2.039859,483.4812,338.3955,2.034811,478.5793,336.7257,"No issues","No issues","No issues","No issues"
609,160,2025-05-19,2025-05-19 22:21:00,2025-05-19 22:24:40,2025-05-19 22:17:40,23,-2.07062039525686,-162.169043478312,-28.3506403162334,0.916178792401525,0.0111640842440469,0.00258689321667337,8.87515397116293e-13,0.631357449094187,0.817727155582815,0.00048083926273636,1.17173961863342,0.427389405545754,2.036063,473.3739,336.8908,2.036685,475.9279,338.0077,2.031221,471.7762,336.2873,"No issues","No issues","No issues","No issues"
610,170,2025-05-19,2025-05-19 22:28:20,2025-05-19 22:32:00,2025-05-19 22:25:00,23,-1.37705549407115,80.1983241106587,1264.60828458495,0.589177290823021,0.00111597905230709,0.744197025346082,1.91227195745654e-05,0.879724715021538,1.1927329197892e-07,0.00088281206451967,1.84207538956061,0.569216458222743,2.03405,479.0048,339.639,2.034449,484.2481,343.4643,2.029975,477.7841,339.168,"No issues","No issues","No issues","No issues"
611,180,2025-05-19,2025-05-19 22:35:40,2025-05-19 22:39:20,2025-05-19 22:32:20,23,0.3372246640317,91.1682213438389,32.3829249011346,0.104413487217596,0.00338174658851515,0.00240922298450591,0.132596022704517,0.792118219621061,0.823999305428824,0.00075824123448735,1.20157246072404,0.505901983563728,2.03203,471.0977,337.0231,2.033377,473.8486,337.5061,2.030494,470.1685,335.3093,"No issues","No issues","No issues","No issues"
612,190,2025-05-19,2025-05-19 22:43:00,2025-05-19 22:46:40,2025-05-19 22:39:40,23,3.13109501976275,1434.05644268773,76.32227667978,0.689852616262643,0.281591956273521,0.0173331615091284,9.32411835435472e-07,0.00918617470184056,0.549304525356912,0.00161181334181116,1.75854834182559,0.441192550600767,2.0303,478.7331,336.3224,2.038919,481.6915,337.6342,2.029899,474.045,335.7607,"No issues","No issues","No issues","No issues"
613,200,2025-05-19,2025-05-19 22:50:20,2025-05-19 22:54:00,2025-05-19 22:47:00,23,-0.291932964426727,9552.96967588933,-112.719557312301,0.0466576987277243,0.928142048482193,0.0259056034086267,0.322223065552685,1.75141788092294e-13,0.46315751560711,0.00101311444534208,2.04070950345191,0.530659002720094,2.03343,472.6558,336.4668,2.036117,496.8637,338.0178,2.032579,472.2255,335.6343,"No issues","No issues","No issues","No issues"
614,210,2025-05-19,2025-05-19 22:57:40,2025-05-19 22:59:50,2025-05-19 22:54:20,14,1.09194408791215,296.999525274654,-304.090021978123,0.461373989820516,0.0163203531761143,0.078657231125734,0.00754699259438532,0.66339826720558,0.331435357156086,0.00055046593536465,1.07579807224593,0.485575089395181,2.033473,484.265,336.7543,2.036102,486.3926,337.4791,2.032713,482.9752,335.3966,"No issues","No issues","No issues","No issues"
614,210,2025-05-20,2025-05-19 23:00:00,2025-05-19 23:01:20,2025-05-19 22:54:20,9,-7.02273599999949,-4456.85760000009,852.552000000019,0.952920685843284,0.90854346170455,0.128700108070084,6.71351885227704e-06,6.9864390071658e-05,0.343077734329985,0.00046648067523809,0.422575108905683,0.662911998726507,2.038083,486.7924,334.6959,2.038343,487.136,337.108,2.03221,483.3717,334.6959,"No issues","No issues","No issues","No issues"
615,220,2025-05-20,2025-05-19 23:05:00,2025-05-19 23:08:40,2025-05-19 23:01:40,23,-3.75431051383411,-3193.34314624501,-136.623841897232,0.888670014002588,0.562720093779429,0.0532303663763821,1.77166866788024e-11,3.75669628850241e-05,0.289531878084301,0.00102018421501928,2.16118395006324,0.44236577774826,2.041205,488.182,336.737,2.041205,489.4883,337.0581,2.031734,476.7176,335.2607,"No issues","No issues","No issues","No issues"
616,230,2025-05-20,2025-05-19 23:12:20,2025-05-19 23:16:00,2025-05-19 23:09:00,23,-1.36807399209498,1715.40113833989,-68.2158735178184,0.467149499768955,0.24592293158376,0.0131841463516678,0.00032417240583659,0.0161049916163856,0.601886066625772,0.00112175219336987,2.30614517404478,0.453095857770562,2.031735,469.4799,336.3576,2.034673,476.7086,336.8223,2.030126,467.1462,334.9942,"No issues","No issues","No issues","No issues"
617,240,2025-05-20,2025-05-19 23:19:40,2025-05-19 23:23:20,2025-05-19 23:16:20,23,-0.379622134387545,-4137.36303557319,-212.222988142303,0.0620796052969091,0.915338984503288,0.221871233535814,0.251597692669239,9.85863616824841e-13,0.0232887084097601,0.0011328505990486,0.966021923741437,0.305126731887679,2.033335,480.2296,335.8162,2.033335,480.2296,336.3274,2.029652,466.3462,334.9372,"No issues","No issues","No issues","No issues"
618,10,2025-05-20,2025-05-19 23:27:00,2025-05-19 23:30:40,2025-05-19 23:23:40,23,1.53381343873506,65.7297391303868,-15.6886007905002,0.469199556168952,0.00213785342969677,0.00109372973084862,0.00031073717733228,0.834065607339553,0.880921346417653,0.00125248339457159,1.09023674452667,0.364002334279201,2.028603,465.0151,336.7061,2.033945,469.902,336.7061,2.028334,465.0151,334.7531,"No issues","No issues","No issues","No issues"
619,20,2025-05-20,2025-05-19 23:34:20,2025-05-19 23:38:00,2025-05-19 23:31:00,23,-2.01101122529657,3374.36395256915,252.74049011857,0.764223861716077,0.781274167037337,0.188580221697908,5.00774589943579e-08,2.25456909030968e-08,0.0384055890840664,0.00085756435046181,1.37073286620076,0.402496532077935,2.041549,475.8463,335.9181,2.041868,483.3961,336.7374,2.036216,474.6635,334.9897,"No issues","No issues","No issues","No issues"
620,30,2025-05-20,2025-05-19 23:41:40,2025-05-19 23:45:20,2025-05-19 23:38:20,23,-1.01226308300417,-3034.09394466401,-52.9917154150432,0.756633901061986,0.92028216641928,0.00933837374583719,7.01549655501537e-08,5.22892444742609e-13,0.660929127839752,0.00044075082773193,0.685581137509539,0.419032413959479,2.035123,475.8832,336.3426,2.035719,476.8094,337.3047,2.032517,468.8224,335.6113,"No issues","No issues","No issues","No issues"
621,40,2025-05-20,2025-05-19 23:49:00,2025-05-19 23:52:40,2025-05-19 23:45:40,23,1.23851667984164,-1039.22381027671,106.375304347832,0.584212543945302,0.177943275146416,0.0180329553785548,2.17733170639635e-05,0.0449722341702683,0.54127924333524,0.00080216684570629,1.71487230926632,0.602654513931178,2.032509,482.532,335.8511,2.035483,484.3789,337.6213,2.031431,477.9317,335.0468,"No issues","No issues","No issues","No issues"
622,50,2025-05-20,2025-05-19 23:56:20,2025-05-20 00:00:00,2025-05-19 23:53:00,23,-0.812757628458485,387.258118577083,1924.82551778654,0.126436510767228,0.0347123473686259,0.91299594491161,0.0958867049383358,0.394667091800465,1.31464844011639e-12,0.00164015403319968,1.5678319515065,0.456183198984608,2.037233,478.5762,341.7299,2.043203,484.3882,347.7682,2.036851,478.5762,341.7299,"No issues","No issues","No issues","No issues"
623,60,2025-05-20,2025-05-20 00:03:40,2025-05-20 00:07:20,2025-05-20 00:00:20,23,0.720236205533355,-1183.1950671937,83.4246640316059,0.418455270938079,0.77846857493251,0.0197342400182717,0.00085040437542221,2.58156094230627e-08,0.522612321813208,0.00065186037993731,0.484580656426691,0.451407505470875,2.032051,475.9634,336.4727,2.034703,475.9634,338.135,2.032051,472.1644,336.4727,"No issues","No issues","No issues","No issues"
624,70,2025-05-20,2025-05-20 00:11:00,2025-05-20 00:14:40,2025-05-20 00:07:40,23,-0.639940553359604,1278.23079841899,-120.16771541503,0.415446477868827,0.242105826785344,0.0473584166518675,0.00090045924038572,0.0170840545240279,0.318527661552903,0.00058278293778149,1.73629508725287,0.413777223140789,2.034759,466.3417,335.8296,2.034759,472.1814,336.8722,2.031885,465.083,335.2025,"No issues","No issues","No issues","No issues"
625,80,2025-05-20,2025-05-20 00:18:20,2025-05-20 00:22:00,2025-05-20 00:15:00,23,-0.208982134387244,875.679367588893,-3.39282213441171,0.0506631133367947,0.495222694012536,2.55915671552898e-05,0.301792680378488,0.00017914560588155,0.981723428422626,0.00069452198347515,0.678746111340912,0.51489620448228,2.031927,464.2682,335.6831,2.034252,467.6772,336.9867,2.031434,463.1556,334.9757,"No issues","No issues","No issues","No issues"
626,90,2025-05-20,2025-05-20 00:25:40,2025-05-20 00:29:20,2025-05-20 00:22:20,23,0.352771541501845,-712.350071146272,-100.291446640328,0.121306444358288,0.245437682853761,0.0212555418623641,0.103385615366039,0.0162264446411349,0.506839625356291,0.00072892512942214,0.958921382968445,0.522486482566059,2.031733,467.4828,336.3453,2.034592,469.9423,337.6634,2.031306,465.5378,335.4407,"No issues","No issues","No issues","No issues"
627,100,2025-05-20,2025-05-20 00:33:00,2025-05-20 00:36:40,2025-05-20 00:29:40,23,-1.71642308300411,4482.3338181818,492.393770750971,0.107711673308324,0.70220582456779,0.3616318085965,0.126289123329415,6.03744215775884e-07,0.00240392488984539,0.00379278444796232,2.24100424254665,0.502258683042017,2.035976,464.5965,337.7653,2.050828,482.3129,339.0831,2.035976,464.5965,336.9438,"No issues","No issues","No issues","No issues"
628,110,2025-05-20,2025-05-20 00:40:20,2025-05-20 00:44:00,2025-05-20 00:37:00,23,0.994052490118172,1168.674403162,105.291035573104,0.181576368520351,0.350418316114214,0.0439557892963533,0.0426157137790343,0.00292351142735037,0.336988168429149,0.00162024739071076,1.22160165934693,0.376994435018112,2.035816,479.1801,336.7865,2.042289,485.214,337.5002,2.035816,479.1801,335.9886,"No issues","No issues","No issues","No issues"
629,120,2025-05-20,2025-05-20 00:47:40,2025-05-20 00:51:20,2025-05-20 00:44:20,23,-1.52493438735182,-1225.97587351778,32.7500395256522,0.690495533237148,0.0955008953716157,0.00389539759889536,9.11940207839756e-07,0.151339564040586,0.777248641754126,0.00078382078817083,2.89664229932554,0.402069381163608,2.038919,485.9398,336.7203,2.039957,488.8352,337.5428,2.034693,477.1532,336.1297,"No issues","No issues","No issues","No issues"
630,130,2025-05-20,2025-05-20 00:55:00,2025-05-20 00:58:40,2025-05-20 00:51:40,23,-0.439248379446854,-3778.27029249012,24.8954940711601,0.197269714788594,0.829256506096239,0.00188744428322743,0.0337377686899947,1.62974436823523e-09,0.843963013180845,0.00068026382928054,1.3162344624963,0.439527481602338,2.034698,475.9457,336.2791,2.035194,478.7714,337.3127,2.032638,469.3739,335.7975,"No issues","No issues","No issues","No issues"
631,140,2025-05-20,2025-05-20 01:02:20,2025-05-20 01:06:00,2025-05-20 00:59:00,23,1.49544569169975,3664.54074308302,29.5006482213466,0.554291390679412,0.673977341593798,0.00309723634462295,4.62061215939023e-05,1.59113735832507e-06,0.800876785181178,0.00102953161280664,1.95674122291515,0.40633420374512,2.032238,464.301,336.4664,2.039524,473.1935,337.6003,2.032238,463.8073,335.9591,"No issues","No issues","No issues","No issues"
632,150,2025-05-20,2025-05-20 01:09:40,2025-05-20 01:13:20,2025-05-20 01:06:20,23,-1.56981628458489,-3955.24088537551,-63.4314308300774,0.487375594810401,0.66134592454245,0.0133799659943621,0.00021208188166145,2.39147949174107e-06,0.599182653953442,0.00123603046685856,2.17294806531481,0.418181257084603,2.036655,473.2924,337.0662,2.038262,473.2924,337.6795,2.032745,461.4937,335.9685,"No issues","No issues","No issues","No issues"
633,160,2025-05-20,2025-05-20 01:17:00,2025-05-20 01:20:40,2025-05-20 01:13:40,23,-0.843125691699793,309.645818181819,42.686039525677,0.374650628604274,0.0164696793032203,0.0121483099975372,0.0019083967478612,0.559510622705807,0.616620522365765,0.00083628256975444,1.83708444587469,0.29551967381133,2.032827,469.1819,337.1396,2.03569,474.1603,337.4107,2.031863,467.9052,336.3029,"No issues","No issues","No issues","No issues"
634,170,2025-05-20,2025-05-20 01:24:20,2025-05-20 01:28:00,2025-05-20 01:21:00,23,-1.55116173913062,-517.629059288583,900.719999999958,0.754930980810596,0.0477973164769899,0.65906828595111,7.55600394137739e-08,0.316239974226493,2.56975914397696e-06,0.00067851626358067,1.77375726973753,0.497360047455818,2.036241,469.8574,338.4443,2.036241,470.5625,342.0999,2.030449,464.257,338.4443,"No issues","No issues","No issues","No issues"
635,180,2025-05-20,2025-05-20 01:31:40,2025-05-20 01:35:20,2025-05-20 01:28:20,23,0.306890750987832,-1271.70554940705,-30.9212964426973,0.0322324804825583,0.544700753728276,0.00239471692503682,0.412392187719273,5.82172288779414e-05,0.824521937077025,0.0012910261901475,0.892624164891947,0.484532116043835,2.030215,466.8564,336.7153,2.032644,467.3357,337.9005,2.027788,462.4959,336.1051,"No issues","No issues","No issues","No issues"
636,190,2025-05-20,2025-05-20 01:39:00,2025-05-20 01:42:40,2025-05-20 01:35:40,23,1.05361897233183,901.311652173908,108.42004743081,0.642113779014511,0.224429632768051,0.0292900813515518,4.32692837023198e-06,0.022400027448045,0.434925795506368,0.00060389672204971,1.28634684505009,0.479188771926827,2.02809,455.4399,336.0776,2.030286,459.2938,337.8097,2.026788,453.8068,335.8781,"No issues","No issues","No issues","No issues"
637,200,2025-05-20,2025-05-20 01:46:20,2025-05-20 01:50:00,2025-05-20 01:43:00,23,-0.288073992094771,452.701849802408,-29.1651225296567,0.191996842886364,0.20333802031446,0.00345969287102985,0.0365004653720653,0.0308068900934856,0.789787671246451,0.00045370768130921,0.68794325184749,0.380018782677558,2.027863,452.1876,335.9557,2.02882,454.4561,337.5915,2.026429,451.3499,335.9557,"No issues","No issues","No issues","No issues"
638,210,2025-05-20,2025-05-20 01:53:40,2025-05-20 01:57:20,2025-05-20 01:50:20,23,-0.286383557312522,-455.684869565197,-32.2096126482189,0.147759423666913,0.0963589428343735,0.0034787897988941,0.0701413780392222,0.149419527274202,0.789220962523572,0.00052803679302301,1.07134455958376,0.418530658984875,2.02796,452.8112,335.5589,2.028517,454.5927,337.1816,2.026487,450.4859,335.4646,"No issues","No issues","No issues","No issues"
639,220,2025-05-20,2025-05-20 02:01:00,2025-05-20 02:04:40,2025-05-20 01:57:40,23,-0.117297391304219,285.001328063185,-154.673928853759,0.0335628951744057,0.0605660338752614,0.0615307167182882,0.402747717663078,0.257650637724405,0.253773445974999,0.00048323461809438,0.861743549443368,0.463760501712387,2.028185,452.8842,335.8805,2.029761,456.0575,337.0132,2.02791,452.8102,334.8128,"No issues","No issues","No issues","No issues"
640,230,2025-05-20,2025-05-20 02:08:20,2025-05-20 02:12:00,2025-05-20 02:05:00,23,0.00952790513836888,-487.00657707508,308.207241106691,9.25839679677477e-05,0.0999136921305342,0.193567746181353,0.965244618189573,0.14173443335858,0.0356554045255315,0.00076018976859447,1.122217394203,0.48297303220976,2.032457,453.1048,335.1756,2.033009,453.1048,336.9906,2.030616,448.1081,334.5134,"No issues","No issues","No issues","No issues"
641,240,2025-05-20,2025-05-20 02:15:40,2025-05-20 02:19:20,2025-05-20 02:12:20,23,-0.224605849802496,747.243035573106,-9.2888537550005,0.0889763366635677,0.249325129064338,0.00019400222081493,0.166824459357774,0.0152772602037275,0.949705779525026,0.00055177399354748,0.995445263572087,0.511951994417863,2.033298,453.8329,335.7143,2.034231,456.709,336.3124,2.031706,451.9597,334.5371,"No issues","No issues","No issues","No issues"
642,10,2025-05-20,2025-05-20 02:23:00,2025-05-20 02:26:40,2025-05-20 02:19:40,23,0.467149090909102,-3017.13324901185,-75.4215652173521,0.112551804749,0.858085979573352,0.0127123976000684,0.117590365290249,2.30191312225051e-10,0.608503763375837,0.00100707862310274,0.942007445659466,0.510289044805572,2.034846,468.5237,335.6735,2.037291,469.5373,336.712,2.032836,461.1078,334.6606,"No issues","No issues","No issues","No issues"
643,20,2025-05-20,2025-05-20 02:30:20,2025-05-20 02:34:00,2025-05-20 02:27:00,23,-2.33057169960499,-2819.03136758897,51.6692490118448,0.825809730452132,0.679880638565259,0.00621941487241867,2.01404754534086e-09,1.30830989881112e-06,0.720581999759661,0.0008217638112181,1.48508782684335,0.501435682198645,2.039203,466.6147,335.5149,2.041564,467.0432,336.739,2.03536,458.7213,334.6292,"No issues","No issues","No issues","No issues"
644,30,2025-05-20,2025-05-20 02:37:40,2025-05-20 02:41:20,2025-05-20 02:34:20,23,-0.0576626086957762,1104.5582608696,-124.480885375484,0.0128819157331311,0.2290139046315,0.05003295431257,0.606108382934304,0.0208877109000468,0.304898506016047,0.00038752632449152,1.55594259808331,0.41642947413993,2.035019,458.6339,335.5204,2.035019,461.7255,336.2213,2.033502,455.0452,334.4622,"No issues","No issues","No issues","No issues"
645,40,2025-05-20,2025-05-20 02:45:00,2025-05-20 02:48:40,2025-05-20 02:41:40,23,-0.272492964427012,573.222166007853,-102.462545454594,0.121133386494087,0.0405363516507107,0.0275912413961216,0.103648713598917,0.356939999749491,0.448763486168277,0.00056350457103061,2.14105342752941,0.466999641370715,2.034608,457.0516,335.1961,2.035252,464.3784,336.0583,2.033035,456.8825,334.0049,"No issues","No issues","No issues","No issues"
646,50,2025-05-20,2025-05-20 02:52:20,2025-05-20 02:56:00,2025-05-20 02:49:00,23,0.221728695652194,1001.85922529639,1869.77198418971,0.0165976270154482,0.519208544511147,0.825593789497833,0.5579763028829,0.00010529930296691,2.04065851609637e-09,0.00131031925664997,0.740161944998431,0.659779789836784,2.035064,458.1003,340.3853,2.040051,461.3767,344.7861,2.035007,456.4915,339.7307,"No issues","No issues","No issues","No issues"
647,60,2025-05-20,2025-05-20 02:59:40,2025-05-20 03:03:20,2025-05-20 02:56:20,23,-2.93418498023732,-1777.26251383399,22.761106719366,0.866008086996253,0.860481008846531,0.00183513829321354,1.2541459090123e-10,1.92276980365747e-10,0.84611490410003,0.00088609116314676,0.54942724997386,0.407542317462161,2.044938,460.3444,336.5571,2.048286,460.3695,337.0164,2.04014,455.375,335.1418,"No issues","No issues","No issues","No issues"
648,70,2025-05-20,2025-05-20 03:07:00,2025-05-20 03:10:40,2025-05-20 03:03:40,23,1.84834529644242,339.034624505923,-252.251288537562,0.379456999588624,0.119574870902806,0.175306935230559,0.00175068892122492,0.106049025636511,0.0467609044743697,0.00181468127890579,0.706289750350686,0.420041897450651,2.041761,454.3839,335.5568,2.045925,455.8802,335.8523,2.038612,452.9839,334.3707,"No issues","No issues","No issues","No issues"
649,80,2025-05-20,2025-05-20 03:14:20,2025-05-20 03:18:00,2025-05-20 03:11:00,23,-3.22357375494094,-414.703778656166,-108.750450592898,0.839570990971479,0.185949451937868,0.025324804251575,8.42483365910399e-10,0.0399375510859119,0.468281149831034,0.00108183977646483,0.666160416964528,0.517965184508111,2.052787,455.1821,335.9693,2.055655,455.9426,336.5898,2.047578,453.1866,334.2411,"No issues","No issues","No issues","No issues"
650,90,2025-05-20,2025-05-20 03:21:40,2025-05-20 03:25:20,2025-05-20 03:18:20,23,0.240443003952543,1334.34981818175,-151.36904347831,0.00667381683017525,0.799012088416707,0.111541034588495,0.710965532358371,9.18401294745802e-09,0.119354440791755,0.00225207858611225,0.513795847989108,0.327982759269566,2.045002,452.8441,336.0623,2.051365,455.9477,336.1929,2.044157,451.9501,334.9324,"No issues","No issues","No issues","No issues"
651,100,2025-05-20,2025-05-20 03:29:00,2025-05-20 03:32:40,2025-05-20 03:25:40,23,1.34163320158081,1413.91721739126,279.220553359661,0.0980683413257218,0.591221609709412,0.161667802679763,0.145670628261014,1.81195385145563e-05,0.0571797336800736,0.00312369623221999,0.902620917065643,0.488153361734766,2.049228,458.8395,337.6539,2.060562,462.1015,339.1344,2.048603,457.3452,337.0559,"No issues","No issues","No issues","No issues"
652,110,2025-05-20,2025-05-20 03:36:20,2025-05-20 03:40:00,2025-05-20 03:33:00,23,-0.917385296443067,563.106877470351,118.006007905106,0.303680391600809,0.114401148972782,0.0384121106415679,0.00642327688470555,0.11443180161896,0.370116529752696,0.00106649864509287,1.20283693809634,0.453291026088497,2.044834,459.6985,335.6202,2.044834,460.8563,336.8209,2.039634,456.6295,335.0891,"No issues","No issues","No issues","No issues"
653,120,2025-05-20,2025-05-20 03:43:40,2025-05-20 03:47:20,2025-05-20 03:40:20,23,-1.30133596837966,-1529.87592094859,-58.8237154150187,0.683557119493079,0.478076935457412,0.0065116095875169,1.15611835049179e-06,0.00025824572696467,0.714354819214722,0.00067977046075703,1.22722206103553,0.557830516428856,2.040405,463.1314,335.549,2.04068,463.8081,337.1219,2.036032,457.6494,335.1384,"No issues","No issues","No issues","No issues"
654,130,2025-05-20,2025-05-20 03:51:00,2025-05-20 03:54:40,2025-05-20 03:47:40,23,-0.974894229249011,763.563415019707,186.471177865572,0.274220905382481,0.567251935962142,0.0720729191848901,0.0103324210480249,3.35577252259381e-05,0.215493374282365,0.00121764879276885,0.51202041925417,0.513682982194786,2.044161,460.4616,336.182,2.045245,462.589,337.2905,2.040124,459.7904,334.8839,"No issues","No issues","No issues","No issues"
655,140,2025-05-20,2025-05-20 03:58:20,2025-05-20 04:02:00,2025-05-20 03:55:00,23,0.152864822134324,-815.782482213455,-60.9640790513872,0.0144351479139682,0.415762193750963,0.00803121044327555,0.585029126259459,0.0008950824296714,0.684272212203027,0.00096973291179479,0.742436477838747,0.52016977611324,2.043098,462.0294,336.3932,2.047478,463.4615,337.0501,2.04308,459.849,335.1037,"No issues","No issues","No issues","No issues"
656,150,2025-05-20,2025-05-20 04:05:40,2025-05-20 04:09:20,2025-05-20 04:02:20,23,0.277820395256924,875.181628458431,105.817802371529,0.0275699067472196,0.329465110842203,0.0359574338329464,0.448941414374112,0.00418327717341814,0.386164454450354,0.00126674228276928,0.958554394709032,0.420654068474244,2.042736,457.8094,336.1833,2.046173,460.758,336.7797,2.041496,457.09,335.267,"No issues","No issues","No issues","No issues"
657,160,2025-05-20,2025-05-20 04:13:00,2025-05-20 04:16:40,2025-05-20 04:09:40,23,-1.24174387351782,-609.014988142277,13.4295652173789,0.435257718326732,0.255412988269224,0.00063629846465201,0.00061486746748142,0.0138953952151409,0.909042737409699,0.00108591675294206,0.798319643618249,0.408607088299621,2.042306,457.7461,336.7085,2.044339,459.2056,337.7369,2.039255,455.9992,335.9845,"No issues","No issues","No issues","No issues"
658,170,2025-05-20,2025-05-20 04:20:20,2025-05-20 04:24:00,2025-05-20 04:17:00,23,-0.868695652173841,2548.27579446634,844.342292490122,0.403911254221406,0.840252043184029,0.691225361385142,0.00111856035251126,8.05384295936226e-10,8.89196881829655e-07,0.0008102009120943,0.853044902758959,0.433253538107638,2.037808,451.2415,338.8187,2.039263,457.3798,341.2074,2.035343,451.0203,338.3297,"No issues","No issues","No issues","No issues"
659,180,2025-05-20,2025-05-20 04:27:40,2025-05-20 04:31:20,2025-05-20 04:24:20,23,-0.258004743083214,677.422956521767,102.053596837953,0.0699314049154984,0.186698410364197,0.0264227754229788,0.222706249535962,0.0394955059317371,0.458667426919775,0.00072237323970331,1.08549544698724,0.475594581128164,2.039878,459.8633,337.1317,2.04136,460.8867,337.5517,2.037953,456.621,335.6202,"No issues","No issues","No issues","No issues"
660,190,2025-05-20,2025-05-20 04:35:00,2025-05-20 04:38:40,2025-05-20 04:31:40,23,-0.401956363636489,-600.65331225306,-57.7770118577304,0.257193459238746,0.370853193373345,0.00721503453989064,0.013514081627679,0.00204217061638151,0.699981942696245,0.00052444434178651,0.600636138473149,0.520326639556277,2.035921,458.6888,336.3406,2.036442,459.5534,337.5281,2.034086,456.2806,335.5841,"No issues","No issues","No issues","No issues"
661,200,2025-05-20,2025-05-20 04:42:20,2025-05-20 04:46:00,2025-05-20 04:39:00,23,3.39869596837929,1968.41739130437,37.2809169960277,0.465340448457918,0.359716273754778,0.00303466056038976,0.00033646839094621,0.00248614206574232,0.802859737776954,0.00279690796019909,2.01621099191825,0.5187811070646,2.043355,464.2104,337.1352,2.051219,470.9201,338.1755,2.039265,462.0547,336.0162,"No issues","No issues","No issues","No issues"
662,210,2025-05-20,2025-05-20 04:49:40,2025-05-20 04:53:20,2025-05-20 04:46:20,23,-6.87548490118595,-5231.0914150198,269.921454545457,0.802401331927975,0.875058327864385,0.179650049489953,7.6675456806674e-09,5.98978633750292e-11,0.0438498525235366,0.00261946207127201,1.51753969911374,0.442828851769062,2.054779,472.5121,337.1188,2.060027,473.3597,337.7397,2.040245,459.5945,335.9466,"No issues","No issues","No issues","No issues"
663,220,2025-05-20,2025-05-20 04:57:00,2025-05-20 05:00:40,2025-05-20 04:53:40,23,-2.99650055335955,-2899.22200790516,-240.098086956527,0.79691326228494,0.734070909951938,0.136394705006606,1.02545443502111e-08,1.80394405805984e-07,0.0828597716543425,0.00116134756171043,1.33970131985852,0.463831445433744,2.038797,457.9222,336.6825,2.038797,457.9222,336.6825,2.029688,448.8851,334.7289,"No issues","No issues","No issues","No issues"
664,230,2025-05-20,2025-05-20 05:04:20,2025-05-20 05:08:00,2025-05-20 05:01:00,23,-0.470248221343883,205.219636363609,100.796015810257,0.168053889790611,0.031846794722756,0.0237503368823421,0.0520464730242741,0.415249062908274,0.482624383825876,0.00080327281693233,0.868701735278976,0.496136893644206,2.028296,448.6558,335.6853,2.029916,450.6899,336.8475,2.026513,447.1366,334.9633,"No issues","No issues","No issues","No issues"
665,240,2025-05-20,2025-05-20 05:11:40,2025-05-20 05:15:20,2025-05-20 05:08:20,23,-2.32241833992141,-510.042592885402,27.506276679807,0.85579728674571,0.1906882982028,0.0019771315092029,2.72625969897834e-10,0.0372190933591836,0.840343949739047,0.00073190432166469,0.806705335109007,0.474457013212092,2.030767,451.4753,335.0123,2.031727,451.4753,336.6146,2.025262,448.2134,334.7854,"No issues","No issues","No issues","No issues"
666,10,2025-05-20,2025-05-20 05:19:00,2025-05-20 05:22:40,2025-05-20 05:15:40,23,-2.17241359683789,-3100.37094071152,-200.068932806366,0.602857493967618,0.882706902940695,0.159465683491363,1.32670848106424e-05,3.07353121933308e-11,0.0590623071398326,0.00135369542798134,0.867669274844936,0.352643884311721,2.029781,453.5535,335.6815,2.029781,453.599,336.0646,2.021595,446.2459,334.4875,"No issues","No issues","No issues","No issues"
667,20,2025-05-20,2025-05-20 05:26:20,2025-05-20 05:30:00,2025-05-20 05:23:00,23,2.28778150197609,487.829596837975,-56.6013913043357,0.595382392837351,0.107769108214551,0.00707606769778205,1.62244088905961e-05,0.126182093491039,0.702756307150481,0.00144794323124907,1.07763633131674,0.514756337300584,2.02095,445.3823,335.0931,2.025695,446.0254,336.2843,2.017765,441.6883,334.1786,"No issues","No issues","No issues","No issues"
668,30,2025-05-20,2025-05-20 05:33:40,2025-05-20 05:37:20,2025-05-20 05:30:20,23,0.0732521739126588,-48.7502608695793,-4.23889328064931,0.00065016768617876,0.00244633856969078,3.63431204911869e-05,0.908060828844299,0.822669532067387,0.978220765431495,0.00220485074187563,0.755786955574411,0.539816406283774,2.020285,446.2017,335.0875,2.027042,448.2744,336.4499,2.019534,445.4895,333.9883,"No issues","No issues","No issues","No issues"
669,40,2025-05-20,2025-05-20 05:41:00,2025-05-20 05:44:40,2025-05-20 05:37:40,23,0.347495335968234,379.485533596818,209.850403162012,0.120480018857427,0.212626274734024,0.197559501412347,0.104648177214374,0.0267883082716363,0.0335919183740992,0.00072082014818444,0.560647402645206,0.324698186110573,2.017859,444.3694,334.4278,2.019167,445.037,335.55,2.016716,442.6107,334.0532,"No issues","No issues","No issues","No issues"
670,50,2025-05-20,2025-05-20 05:48:20,2025-05-20 05:52:00,2025-05-20 05:45:00,23,1.34347731225273,-15.7287272727245,3453.1399209486,0.701413002144766,0.00012092443260161,0.977928028634351,6.21147091228177e-07,0.960283384683124,7.0862310687646e-19,0.00067296344237052,1.0980519529698,0.398284941914932,2.014581,446.1424,342.4842,2.017773,446.1424,350.8926,2.014141,442.3,342.4842,"No issues","No issues","No issues","No issues"
671,60,2025-05-20,2025-05-20 05:55:40,2025-05-20 05:59:20,2025-05-20 05:52:20,23,-0.272313675889549,-1654.77258498032,188.70886956523,0.140111545091531,0.780004769586918,0.0586505213127898,0.0784658518412751,2.397550672436e-08,0.265556479490958,0.00051792413125847,0.674697213373012,0.580422732866291,2.015016,445.3132,335.9631,2.015519,445.3132,337.0584,2.01306,439.6559,334.9349,"No issues","No issues","No issues","No issues"
672,70,2025-05-20,2025-05-20 06:03:00,2025-05-20 06:06:40,2025-05-20 05:59:40,23,-0.537839999999837,-853.971794466368,37.4055652173661,0.28518506223057,0.323381417820995,0.00393773881595107,0.00867168577299133,0.00463405061094137,0.776071109117003,0.00065373105592304,0.948354157641471,0.456739536561092,2.017346,441.8575,334.4728,2.0174,442.5739,335.1325,2.014371,437.8882,333.4868,"No issues","No issues","No issues","No issues"
673,80,2025-05-20,2025-05-20 06:10:20,2025-05-20 06:14:00,2025-05-20 06:07:00,23,1.12098023715422,-331.038355731212,240.640221343887,0.66011944345534,0.285268082545266,0.209746576990102,2.4860311097742e-06,0.00866012356736269,0.027977227955576,0.00061753624085099,0.402286916913166,0.358605186109518,2.015005,439.1483,334.0077,2.017711,439.6387,335.2044,2.014454,437.7906,333.7617,"No issues","No issues","No issues","No issues"
674,90,2025-05-20,2025-05-20 06:17:40,2025-05-20 06:21:20,2025-05-20 06:14:20,23,0.236712094861408,-615.442909090934,-190.631525691716,0.097650377364226,0.437275929263384,0.10096202415024,0.146578021206044,0.00059103533188282,0.139548165920511,0.00055243794642805,0.536006836171324,0.436734311864386,2.015058,439.2945,335.3087,2.016828,440.1819,335.6059,2.01438,436.9544,333.7304,"No issues","No issues","No issues","No issues"
675,100,2025-05-20,2025-05-20 06:25:00,2025-05-20 06:28:40,2025-05-20 06:21:40,23,0.166601739130581,897.54573913042,219.831652173895,0.0220828444673527,0.54034013875178,0.0809177128425512,0.498593777454177,6.4568622265695e-05,0.188335270751865,0.00085116871393643,0.635556055749604,0.568798206615295,2.015807,437.8086,335.3237,2.019206,441.7765,336.7959,2.015807,437.8086,334.1867,"No issues","No issues","No issues","No issues"
676,110,2025-05-20,2025-05-20 06:32:20,2025-05-20 06:36:00,2025-05-20 06:29:00,23,-0.693769802371706,-1200.64069565212,24.6555889328269,0.704603123834872,0.741348654358326,0.00297547437512843,5.53782748708253e-07,1.34208679749992e-07,0.804755278983102,0.00034487257142662,0.544467266153852,0.346499641837756,2.015112,438.8707,334.7483,2.015195,439.2541,335.4199,2.013143,435.4716,334.1832,"No issues","No issues","No issues","No issues"
677,120,2025-05-20,2025-05-20 06:39:40,2025-05-20 06:43:20,2025-05-20 06:36:20,23,-0.634852173913277,-862.325786561305,56.3734387351874,0.23996775458368,0.573342385296301,0.00692845549971296,0.0176567793728118,2.87838684455186e-05,0.705737359738647,0.00086741069390982,0.57110596343461,0.518154382763519,2.013576,437.1052,334.6562,2.015806,439.0579,335.7205,2.011849,435.8333,333.8135,"No issues","No issues","No issues","No issues"
678,130,2025-05-20,2025-05-20 06:47:00,2025-05-20 06:50:40,2025-05-20 06:43:40,23,1.2982539130436,313.848000000021,284.678608695657,0.71773552006349,0.120876289857099,0.178279511767625,3.4073201842085e-07,0.104040833076086,0.0447489416384738,0.00062505485279142,0.649810009942704,0.469222436303535,2.012496,436.5009,334.2983,2.017208,438.3226,335.7045,2.012496,435.6046,333.9599,"No issues","No issues","No issues","No issues"
679,140,2025-05-20,2025-05-20 06:54:20,2025-05-20 06:58:00,2025-05-20 06:51:00,23,-1.38155478260866,-489.560158102797,3.21780237152657,0.66926092182779,0.295003039411426,2.55284649898038e-05,1.85587233267605e-06,0.0073999781842652,0.981745971324497,0.00074563404370169,0.581030645569784,0.488938311966855,2.02202,440.9459,334.8455,2.023689,442.7273,336.0662,2.019582,439.9953,334.1108,"No issues","No issues","No issues","No issues"
680,150,2025-05-20,2025-05-20 07:01:40,2025-05-20 07:05:20,2025-05-20 06:58:20,23,-0.793163952569379,-1305.19579446647,123.353075098805,0.437235034264826,0.748146689397258,0.0541674149934447,0.00059150969526656,1.01055812580385e-07,0.28520755324883,0.00069084658318876,0.581391548501036,0.395731532656579,2.016839,438.4294,334.8392,2.018521,438.443,335.942,2.015124,434.2921,334.3344,"No issues","No issues","No issues","No issues"
681,160,2025-05-20,2025-05-20 07:09:00,2025-05-20 07:12:40,2025-05-20 07:05:40,23,-0.264254229249312,-1373.51924110676,175.683984189722,0.242528026042618,0.767159611970667,0.0840235115461276,0.0169730578918558,4.38291331287389e-08,0.179709002997644,0.0003585393781028,0.580943149964159,0.445334680154526,2.014392,432.5895,334.4369,2.015223,433.4805,336.1935,2.013634,428.7716,334.4369,"No issues","No issues","No issues","No issues"
682,170,2025-05-20,2025-05-20 07:16:20,2025-05-20 07:20:00,2025-05-20 07:13:00,23,-0.26824126482238,39.2086956521352,20.8538181818048,0.150558418129078,0.00585399361419945,0.00165356640752132,0.0673189661741631,0.728604641908177,0.853842250147199,0.00048916167203721,0.392278002026997,0.393394236985515,2.013828,434.0127,336.1218,2.014852,434.9696,337.8631,2.012892,433.4832,336.0891,"No issues","No issues","No issues","No issues"
683,180,2025-05-20,2025-05-20 07:23:40,2025-05-20 07:27:20,2025-05-20 07:20:20,23,0.15151588932822,-2101.18226086954,165.04278260867,0.0518220159654317,0.906337606526787,0.0854416858007539,0.296181280630431,2.86101710471813e-12,0.175913463282592,0.00049757500576664,0.518577831096282,0.414552873462515,2.012517,432.222,335.1035,2.013982,432.222,336.5693,2.012115,425.5029,334.8957,"No issues","No issues","No issues","No issues"
684,190,2025-05-20,2025-05-20 07:31:00,2025-05-20 07:34:40,2025-05-20 07:27:40,23,-0.362265296442848,-2638.04471146243,-157.751715415048,0.361163217861157,0.970354046094033,0.0562853281369623,0.00242380159206695,1.57492152536085e-17,0.27571589250689,0.00036989846402716,0.354007409242032,0.49591750530962,2.014321,431.697,335.4558,2.014657,432.3906,336.5783,2.013,425.2417,334.8796,"No issues","No issues","No issues","No issues"
685,200,2025-05-20,2025-05-20 07:38:20,2025-05-20 07:42:00,2025-05-20 07:35:00,23,-0.0431914624506445,-271.142324110673,-49.633897233214,0.00911162487591434,0.140168394149456,0.00633583662136749,0.664834708146398,0.0784004849997475,0.718081590440061,0.00034579997380749,0.515574659501931,0.47720919328283,2.012871,436.1952,336.6634,2.013079,436.1952,337.4747,2.011801,433.8579,335.2483,"No issues","No issues","No issues","No issues"
686,210,2025-05-20,2025-05-20 07:45:40,2025-05-20 07:49:20,2025-05-20 07:42:20,23,-0.172731699604967,399.593169960487,252.696948616597,0.0932673490536534,0.312426800940479,0.106813366098351,0.1564610003046,0.00556156409969522,0.127975412524456,0.00041348470836982,0.455109583960774,0.561010384705405,2.011956,435.3733,336.0927,2.012834,436.6647,336.9151,2.011135,434.4238,334.844,"No issues","No issues","No issues","No issues"
687,220,2025-05-20,2025-05-20 07:53:00,2025-05-20 07:56:40,2025-05-20 07:49:40,23,-0.0186033201582591,-4056.33486166011,-149.7195889328,0.00197410064519679,0.961491488533495,0.0871851748213752,0.84046484454406,2.4648009309987e-16,0.171365438796103,0.00032113623882865,0.623235293832066,0.371930028092029,2.01292,430.9176,335.5621,2.013189,430.9176,336.5017,2.011946,418.9999,334.788,"No issues","No issues","No issues","No issues"
688,230,2025-05-20,2025-05-20 08:00:20,2025-05-20 08:04:00,2025-05-20 07:57:00,23,-0.333502292489909,-255.390545454559,44.9783715414716,0.428580010222041,0.186611046337915,0.00506669236303905,0.00070016032898715,0.0395468247503599,0.746889674157372,0.00029564679713486,0.409352900996864,0.483894895102605,2.012193,435.0376,335.2769,2.012312,436.4095,336.5438,2.010432,434.5616,334.3292,"No issues","No issues","No issues","No issues"
689,240,2025-05-20,2025-05-20 08:07:40,2025-05-20 08:11:20,2025-05-20 08:04:20,23,0.367140237154293,-3.47136758897868,47.886260869592,0.299680812576469,1.59472521153343e-05,0.00419072167476131,0.00685745652604322,0.985572121251897,0.769173374333054,0.00043088673437113,0.667370195029949,0.566718249365174,2.011025,435.4996,334.7342,2.012741,436.8875,336.6855,2.010589,434.0756,334.4857,"No issues","No issues","No issues","No issues"
690,10,2025-05-20,2025-05-20 08:15:00,2025-05-20 08:18:40,2025-05-20 08:11:40,23,-0.13012079051409,-3895.13653754943,78.6675415019333,0.0301250056416748,0.958571368233798,0.0170158250564111,0.428354418293868,5.31732887992674e-16,0.553015271780979,0.00056683101010022,0.621689239287066,0.459044650683491,2.014049,428.8436,336.2189,2.014049,429.1341,336.4255,2.01191,419.2584,334.7877,"No issues","No issues","No issues","No issues"
691,20,2025-05-20,2025-05-20 08:22:20,2025-05-20 08:26:00,2025-05-20 08:19:00,23,-0.0382567588929329,-4964.49618972335,-54.5054229249058,0.0108188623678615,0.983101347315828,0.00655825275112919,0.636713412935472,4.28041483306642e-20,0.713375398136317,0.00028084576856506,0.499706124009836,0.515026336396161,2.013438,427.762,335.1684,2.01412,427.762,336.0408,2.01286,414.4356,334.0454,"No issues","No issues","No issues","No issues"
692,30,2025-05-20,2025-05-20 08:29:40,2025-05-20 08:33:20,2025-05-20 08:26:20,23,0.62898687747034,321.883541501995,1.14403162055043,0.7135577081144,0.199124697528184,4.92600673925933e-06,3.98599749978959e-07,0.0328145657058936,0.991980963109035,0.00030595545418689,0.495599948638495,0.395732805183582,2.0118,431.8079,334.6148,2.013273,433.0829,335.843,2.011492,431.0896,334.502,"No issues","No issues","No issues","No issues"
693,40,2025-05-20,2025-05-20 08:37:00,2025-05-20 08:40:40,2025-05-20 08:33:40,23,0.25096126482201,-3683.29432411069,-22.4708300395931,0.185236975123032,0.959174179075351,0.00122042440042202,0.040362499510601,4.55753290392673e-16,0.874263751440731,0.00040408348955637,0.583401771000193,0.493527203252825,2.012912,423.8426,334.1352,2.0139,424.2892,335.2964,2.012235,414.8137,333.5465,"No issues","No issues","No issues","No issues"
694,50,2025-05-20,2025-05-20 08:44:20,2025-05-20 08:48:00,2025-05-20 08:41:00,23,0.0237429249011755,254.71266403159,7184.68591304347,0.00271908089049888,0.104873704334427,0.991077176410126,0.813205999357396,0.131696689894495,5.22050869442223e-23,0.000349095705022,0.571310212512233,0.523380814742072,2.013527,431.5469,348.8484,2.014578,433.1179,367.3592,2.013017,430.9256,348.6506,"No issues","No issues","No issues","No issues"
695,60,2025-05-20,2025-05-20 08:51:40,2025-05-20 08:55:20,2025-05-20 08:48:20,23,-0.44634308300402,314.100711462436,135.150260869549,0.462784658532619,0.136862765382734,0.0669138774121643,0.00035456972205612,0.0822931928063644,0.233336631935374,0.00036920377349366,0.605590127256245,0.387464797138721,2.010766,434.1047,334.7999,2.01141,434.1047,335.0584,2.009388,431.579,333.7609,"No issues","No issues","No issues","No issues"
696,70,2025-05-20,2025-05-20 08:59:00,2025-05-20 09:02:40,2025-05-20 08:55:40,23,0.327987035573202,-1861.27285375491,-38.6554624506072,0.268277909191835,0.931039748821354,0.00609409049454313,0.0113529062027027,1.13521287974694e-13,0.723303054305364,0.00041586263416537,0.388900001718961,0.379002134553077,2.009985,428.5365,334.2689,2.010362,428.5365,334.9325,2.008431,423.6966,333.3418,"No issues","No issues","No issues","No issues"
697,80,2025-05-20,2025-05-20 09:06:20,2025-05-20 09:10:00,2025-05-20 09:03:00,23,0.336200158102567,-3217.49075098818,-65.5974071146304,0.424124767312806,0.957925892277707,0.0193201584182387,0.00076297649014542,6.25643641677187e-16,0.527051096249353,0.00030076541291408,0.517691940755203,0.358804227670837,2.010428,428.3078,334.0504,2.012024,428.3078,334.3922,2.010341,419.6959,333.2223,"No issues","No issues","No issues","No issues"
698,90,2025-05-20,2025-05-20 09:13:40,2025-05-20 09:17:20,2025-05-20 09:10:20,23,0.0888246640315464,-2371.53059288543,-161.962434782619,0.0390889179553575,0.873229945031748,0.076670321376209,0.365849477902522,6.98344795622048e-11,0.200873307076616,0.00033811228129431,0.693721822568171,0.431510778767829,2.013415,427.5745,334.5413,2.013566,428.0383,334.914,2.012355,421.3437,333.3923,"No issues","No issues","No issues","No issues"
699,100,2025-05-20,2025-05-20 09:21:00,2025-05-20 09:24:40,2025-05-20 09:17:40,23,0.533733438735185,-442.838418972326,50.65754940712,0.556433230279309,0.255473580754014,0.00828977673392491,4.38540684891168e-05,0.0138822535021206,0.679488405159,0.000365855830545,0.580396715833265,0.425380669637977,2.013125,433.4597,334.5034,2.014999,433.8506,335.845,2.013104,431.4965,333.9908,"No issues","No issues","No issues","No issues"
700,110,2025-05-20,2025-05-20 09:28:20,2025-05-20 09:32:00,2025-05-20 09:25:00,23,-0.158576442687756,-16.8633675890125,52.3992094861289,0.123864765852129,0.00054340934830818,0.00933890969792773,0.0995744232581564,0.915918955501657,0.660919962993068,0.00032378963853458,0.555233061091664,0.414335166817695,2.013552,430.3995,333.7072,2.013552,431.9023,334.7125,2.012497,429.4536,333.0792,"No issues","No issues","No issues","No issues"
701,120,2025-05-20,2025-05-20 09:35:40,2025-05-20 09:39:20,2025-05-20 09:32:20,23,0.149697391304484,-261.55636363638,-131.267383399211,0.0758518151483776,0.0658138308298565,0.0760421623011756,0.203393560620512,0.237354481052107,0.202804359921096,0.0004011572508214,0.756547181940064,0.351292010099552,2.014623,431.9052,335.0055,2.015714,433.2283,335.0055,2.014353,429.9572,333.3239,"No issues","No issues","No issues","No issues"
702,130,2025-05-20,2025-05-20 09:43:00,2025-05-20 09:46:40,2025-05-20 09:39:40,23,0.772537233201633,-2795.03573122531,384.452679841889,0.634211778732998,0.944418778817041,0.305511082028661,5.47176530016863e-06,1.17143948671208e-14,0.00623322479885506,0.00045043250372361,0.520573067048911,0.445015014608907,2.015083,426.1902,334.5323,2.01623,426.1902,335.5482,2.013675,418.6936,333.1638,"No issues","No issues","No issues","No issues"
703,140,2025-05-20,2025-05-20 09:50:20,2025-05-20 09:54:00,2025-05-20 09:47:00,23,0.265364110672071,103.177992094772,-27.8409486165902,0.320161783143343,0.0321199720396047,0.00455521244998626,0.00489049807444193,0.413222676983045,0.759619749563218,0.00029687445118475,0.434833357303099,0.315973670063777,2.016306,431.8312,334.4505,2.016963,432.4891,335.0369,2.01559,430.5659,333.7885,"No issues","No issues","No issues","No issues"
704,150,2025-05-20,2025-05-20 09:57:40,2025-05-20 10:01:20,2025-05-20 09:54:20,23,-0.0641426086957204,-577.627541502027,137.588584980217,0.025979307559373,0.452004943461905,0.0801673038714055,0.462513506678493,0.00044118113777611,0.190486521921862,0.00030152930071086,0.488289309692538,0.357808606337415,2.016363,428.1028,334.6543,2.016636,429.5175,335.2849,2.015302,426.6147,333.7932,"No issues","No issues","No issues","No issues"
705,160,2025-05-20,2025-05-20 10:05:00,2025-05-20 10:08:40,2025-05-20 10:01:40,23,-0.347930750988196,-3561.79560474314,-248.034592885396,0.340678294851165,0.954422805810455,0.108275300561645,0.00345733854236701,1.45125566979661e-15,0.125242856507747,0.00037160526997235,0.597564760204204,0.546481607805519,2.01729,425.2368,335.0308,2.018112,425.7544,335.9995,2.016227,416.3788,333.426,"No issues","No issues","No issues","No issues"
706,170,2025-05-20,2025-05-20 10:12:20,2025-05-20 10:16:00,2025-05-20 10:09:00,23,-1.56280695652173,210.246545454501,-6.06251383404632,0.927028176508722,0.110004710563576,0.00016613460047951,2.05954036117611e-13,0.12208813148301,0.953453922500285,0.00033662709071641,0.459123663464714,0.361076491627312,2.017967,430.0475,335.1112,2.018613,431.0434,336.1068,2.01437,429.0942,334.5137,"No issues","No issues","No issues","No issues"
707,180,2025-05-20,2025-05-20 10:19:40,2025-05-20 10:23:20,2025-05-20 10:16:20,23,0.116153359683747,-4896.01906719365,232.277691699637,0.0306114207219778,0.964499370166382,0.168245670195743,0.424592415169978,1.04784564975637e-16,0.0518995003826059,0.00050182417363644,0.721145256387859,0.396502275636567,2.012713,420.8614,334.7953,2.014403,420.8614,335.9015,2.012558,409.2212,334.3782,"No issues","No issues","No issues","No issues"
708,190,2025-05-20,2025-05-20 10:27:00,2025-05-20 10:30:40,2025-05-20 10:23:40,23,-0.895819446640499,-3923.85600000001,-46.6244110672054,0.330817323216511,0.880157612819601,0.0110637767293153,0.00408878516987912,3.85704106410709e-11,0.632903208365993,0.00097816316628935,1.11160542488054,0.338421850396554,2.016687,425.0141,335.032,2.016687,425.8665,335.8508,2.01178,413.4757,334.6079,"No issues","No issues","No issues","No issues"
709,200,2025-05-20,2025-05-20 10:34:20,2025-05-20 10:38:00,2025-05-20 10:31:00,23,0.397550988142033,162.696664031609,52.6971699604763,0.110617202407805,0.00874274013372854,0.00830022646731682,0.120990623863295,0.671312304232985,0.679296899215516,0.00086544298147023,1.33002758859566,0.442226765396439,2.011826,429.7695,334.6966,2.01495,429.7695,336.3728,2.010772,425.4652,334.5045,"No issues","No issues","No issues","No issues"
710,210,2025-05-20,2025-05-20 10:41:40,2025-05-20 10:45:20,2025-05-20 10:38:20,23,-0.18430861660064,815.635636363661,36.0771225296066,0.0286169799578697,0.107070580047161,0.00284783152863795,0.440331747073108,0.127490203161289,0.808912229244637,0.00082440684546312,1.80834910956898,0.518284307163201,2.014078,429.2025,335.2617,2.014078,433.6602,336.5889,2.011173,426.0418,334.625,"No issues","No issues","No issues","No issues"
711,220,2025-05-20,2025-05-20 10:49:00,2025-05-20 10:52:40,2025-05-20 10:45:40,23,0.300888853755137,-1753.64509090907,-15.1251225296495,0.0338148823889605,0.196400362030955,0.00053561756409338,0.400956703199222,0.0341789776077645,0.916521880918414,0.00123479518362945,2.72334726677567,0.501611810312918,2.016183,424.8762,335.0327,2.016925,429.5274,336.4065,2.01277,415.3543,334.7778,"No issues","No issues","No issues","No issues"
712,230,2025-05-20,2025-05-20 10:56:20,2025-05-20 11:00:00,2025-05-20 10:53:00,23,-0.212917944664261,480.181660078981,-242.587636363653,0.0160368196085642,0.148337752553646,0.121891276637316,0.56476029162696,0.0695487715099788,0.102501514036546,0.0012804280003946,0.88333617270877,0.499883833532307,2.007602,429.2039,334.2236,2.011435,430.9539,336.1183,2.00699,427.5391,333.684,"No issues","No issues","No issues","No issues"
713,240,2025-05-20,2025-05-20 11:03:40,2025-05-20 11:07:20,2025-05-20 11:00:20,23,1.58999051383383,65.4872727272491,166.093754940705,0.199159183295999,0.00176875274751406,0.122847706465913,0.0327976345052649,0.848892262155962,0.101072181382163,0.00244782327879671,1.19440473503773,0.340737454378305,2.013001,430.6439,335.3518,2.019976,432.1521,336.3244,2.009327,427.6843,334.9344,"No issues","No issues","No issues","No issues"
714,10,2025-05-20,2025-05-20 11:11:00,2025-05-20 11:14:40,2025-05-20 11:07:40,23,0.431735335968264,-2092.81973122531,-136.804837944702,0.0175292005401025,0.157895889767784,0.0562096151105043,0.54703475937935,0.0604413226837745,0.276048646183832,0.00248146961767384,3.71058084308707,0.43037448919305,2.014417,426.9864,335.4704,2.021514,432.6848,336.3067,2.013689,415.7095,334.8159,"No issues","No issues","No issues","No issues"
715,20,2025-05-20,2025-05-20 11:18:20,2025-05-20 11:22:00,2025-05-20 11:15:00,23,0.116503399209283,-53.5048221343985,-256.965723320144,0.00199274414081268,0.00012442765222203,0.172252054737965,0.839722712588783,0.959712637346539,0.0489201075916332,0.00200166903854061,3.68230744752027,0.432468661844804,2.016832,423.6422,335.6319,2.020847,434.0031,336.7535,2.013143,416.6893,334.5155,"No issues","No issues","No issues","No issues"
716,30,2025-05-20,2025-05-20 11:25:40,2025-05-20 11:29:20,2025-05-20 11:22:20,23,-0.365868142292474,-173.571794466445,315.079968379421,0.0355837221307732,0.0225327232035297,0.207203812055101,0.388689918596778,0.494201935897685,0.0290688376304463,0.00146232454582857,0.877679635940263,0.473167922747698,2.013233,430.3653,335.9836,2.018163,430.7714,338.0421,2.013233,427.4252,335.8749,"No issues","No issues","No issues","No issues"
717,40,2025-05-20,2025-05-20 11:33:00,2025-05-20 11:36:40,2025-05-20 11:29:40,23,0.222812964426697,-419.485660079027,-222.871019762862,0.00131454950663471,0.0228063268529715,0.116386461928173,0.869543896972823,0.491561664764098,0.111137737810144,0.00471497007493433,2.10810562056799,0.471461402189974,2.014261,424.9984,336.4985,2.031625,431.8428,336.4985,2.013864,421.6157,334.4712,"No issues","No issues","No issues","No issues"
718,50,2025-05-20,2025-05-20 11:40:20,2025-05-20 11:44:00,2025-05-20 11:37:00,23,-2.61580268774731,-190.87826086959,13759.4219762846,0.447425326736912,0.0161508619851012,0.995110998050054,0.00048353674756169,0.563368261312696,9.40688668625754e-26,0.00223178720426178,1.14376148206244,0.740435321141999,2.015356,429.0832,363.2135,2.021615,432.8374,400.5692,2.013521,428.2221,363.2135,"No issues","No issues","No issues","No issues"
719,60,2025-05-20,2025-05-20 11:47:40,2025-05-20 11:51:20,2025-05-20 11:44:20,23,-0.276659288537536,-4692.08177075101,-87.0812964426757,0.0422601901041802,0.0956421238296005,0.0196161005937041,0.346696200367696,0.151021756046368,0.523872125137868,0.00101115072665629,11.0770400202579,0.472638643329016,2.014686,428.5247,336.0622,2.016539,481.3565,336.8518,2.011851,426.5765,335.1218,"No issues","No issues","No issues","No issues"
720,70,2025-05-20,2025-05-20 11:55:00,2025-05-20 11:58:40,2025-05-20 11:51:40,23,1.07819003952567,-2841.02067984192,-185.536316205534,0.716836473938035,0.887326720381562,0.0624405697951802,3.52497299556468e-07,2.01081351464159e-11,0.250178651543792,0.0005202553076636,0.777240958494198,0.55195986494713,2.01271,419.6318,335.0266,2.016593,420.6461,336.1813,2.01271,412.7327,334.0559,"No issues","No issues","No issues","No issues"
721,80,2025-05-20,2025-05-20 12:02:20,2025-05-20 12:06:00,2025-05-20 11:59:00,23,0.573868458498289,-3644.13002371544,-427.71244268773,0.0348553474964032,0.600381690321831,0.324654158588649,0.3936775526246,1.41871074076413e-05,0.0045361695375918,0.00231838974448778,2.28252440491836,0.473605906760428,2.013398,416.1918,334.8046,2.018639,420.5969,336.0736,2.011076,407.2187,333.9927,"No issues","No issues","No issues","No issues"
722,90,2025-05-20,2025-05-20 12:09:40,2025-05-20 12:13:20,2025-05-20 12:06:20,23,1.46626434782592,-1687.7633833992,-153.710893280651,0.348765775491136,0.319166554068911,0.0671328850701849,0.00300833180069021,0.00497240174789297,0.232546007556448,0.00153824866982776,1.89250009533419,0.439905587544055,2.014384,418.5068,335.5545,2.019447,419.0982,335.9884,2.012989,411.4753,334.3346,"No issues","No issues","No issues","No issues"
723,100,2025-05-20,2025-05-20 12:17:00,2025-05-20 12:20:40,2025-05-20 12:13:40,23,-0.31351588932815,-1438.94248221348,-9.88477470363874,0.0721624444134387,0.374378819028515,0.00021055723195234,0.215197601202663,0.00191769592445703,0.947606543193321,0.00086308289104655,1.42809177276114,0.52293602689671,2.018812,429.6643,335.6922,2.020521,433.9514,336.4121,2.017063,426.4828,334.5054,"No issues","No issues","No issues","No issues"
724,110,2025-05-20,2025-05-20 12:24:20,2025-05-20 12:28:00,2025-05-20 12:21:00,23,0.903776442687862,-479.801739130465,108.009391304331,0.351757938135919,0.133970531913843,0.0977950073057718,0.0028563843376858,0.0858572846042542,0.146263360560596,0.00094193354353592,0.936561083253721,0.251865327655575,2.019098,431.3501,334.7173,2.023235,433.0804,335.1282,2.019098,429.4431,334.1851,"No issues","No issues","No issues","No issues"
725,120,2025-05-20,2025-05-20 12:31:40,2025-05-20 12:35:20,2025-05-20 12:28:20,23,-1.39033992094877,-1453.13018181823,-43.7113992095013,0.473044526243429,0.270590121477059,0.0076458709371685,0.00028690613614134,0.0109451148251474,0.691569241292228,0.00112659945797863,1.83166889582054,0.382320128468267,2.022672,432.807,335.2859,2.024619,434.9459,335.2859,2.018873,428.1187,333.876,"No issues","No issues","No issues","No issues"
726,130,2025-05-20,2025-05-20 12:39:00,2025-05-20 12:42:40,2025-05-20 12:35:40,23,-0.752747193675782,-3696.9748932806,-19.3136442687934,0.118894539325184,0.92821136625656,0.00108977063238362,0.107114504131631,1.73370037473688e-13,0.88113557604676,0.00157323910558415,0.789338888731857,0.448923669295895,2.021535,426.2899,334.2368,2.025428,427.6889,335.5374,2.018818,417.8887,333.6284,"No issues","No issues","No issues","No issues"
727,140,2025-05-20,2025-05-20 12:46:20,2025-05-20 12:50:00,2025-05-20 12:43:00,23,-0.802162529644076,1267.5195889328,-97.7822608695954,0.0882474768264731,0.281764756795584,0.0341788849508458,0.168656496530631,0.00916079129203036,0.398389059000917,0.00197953099285339,1.55366469214921,0.399063560562228,2.02191,429.148,334.5519,2.02454,436.5868,335.4188,2.018292,428.8471,333.6378,"No issues","No issues","No issues","No issues"
728,150,2025-05-20,2025-05-20 12:53:40,2025-05-20 12:57:20,2025-05-20 12:50:20,22,5.46968670274298,2863.67229707042,207.863261056197,0.529219617139348,0.132299623214502,0.132775222200021,0.00012479103943595,0.0961081179349647,0.0954678998799966,0.00397364544433863,5.64890613624931,0.409185756458866,2.017042,427.3485,334.8292,2.034581,451.8691,335.9868,2.017042,426.4039,334.1213,"No issues","No issues","No issues","No issues"
729,160,2025-05-20,2025-05-20 13:01:00,2025-05-20 13:04:40,2025-05-20 12:57:40,23,-0.624530276680039,-4917.31086166009,79.8388932806166,0.713690353757087,0.975365867032268,0.0214722940260198,3.96633188600642e-07,2.24773002370076e-18,0.504657508703645,0.00030368907582862,0.599963906195111,0.413784715558237,2.022432,431.7083,334.6653,2.022432,431.7083,336.71,2.019994,419.6408,334.6623,"No issues","No issues","No issues","No issues"
730,170,2025-05-20,2025-05-20 13:08:20,2025-05-20 13:12:00,2025-05-20 13:05:00,23,-0.0444977075099192,-87.1495968380635,220.604300395209,0.0101779632132519,0.0208970930849835,0.263586346126129,0.646936782910038,0.510482970827547,0.0122245940574394,0.00033689793855139,0.457982843800546,0.283090979510928,2.01828,431.0659,335.5797,2.018768,432.0038,336.2487,2.017284,430.1804,334.8775,"No issues","No issues","No issues","No issues"
731,180,2025-05-20,2025-05-20 13:15:40,2025-05-20 13:19:20,2025-05-20 13:12:20,23,0.0905065612645772,-4531.97454545451,349.652774703581,0.0424185147906128,0.982331188651272,0.248569674667521,0.345774607826068,6.83708842878881e-20,0.0154575106810617,0.00033014353811178,0.466632258088707,0.466734454350364,2.017985,424.2186,334.0658,2.019227,424.2186,336.182,2.017985,412.4924,334.0658,"No issues","No issues","No issues","No issues"
732,190,2025-05-20,2025-05-20 13:23:00,2025-05-20 13:26:40,2025-05-20 13:19:40,23,0.245283794466493,-3270.86580237159,-146.49495652171,0.20458939720244,0.96312530999587,0.0476966524421002,0.0302336570836951,1.56224276854594e-16,0.316762852206287,0.00037130908740754,0.491358092383343,0.502549649857438,2.017539,422.513,335.5419,2.018471,422.513,336.1077,2.016646,414.132,334.1863,"No issues","No issues","No issues","No issues"
733,200,2025-05-20,2025-05-20 13:30:20,2025-05-20 13:34:00,2025-05-20 13:27:00,23,-0.114369011857633,-89.9302766798762,109.587130434783,0.0429115338032472,0.0391521433417666,0.0459309158011481,0.342924969931124,0.36545420653355,0.326112936771939,0.000414677037219,0.342033045308147,0.38345067793066,2.016622,430.0007,335.7527,2.017252,430.0643,336.4842,2.015505,428.7239,334.7739,"No issues","No issues","No issues","No issues"
734,210,2025-05-20,2025-05-20 13:37:40,2025-05-20 13:41:20,2025-05-20 13:34:20,23,-0.113131067193837,-193.816031620547,-33.675509881481,0.0400995074607222,0.105939744432658,0.00327771932420612,0.359598531223672,0.129637767935189,0.795273566156811,0.00042495022923627,0.432271125732391,0.450845748247509,2.016186,429.491,335.8734,2.016186,430.3959,336.2506,2.014141,428.4,334.5084,"No issues","No issues","No issues","No issues"
735,220,2025-05-20,2025-05-20 13:45:00,2025-05-20 13:48:40,2025-05-20 13:41:40,23,0.0509179446637115,-3706.82295652178,-22.3145928854241,0.0133384663257992,0.964260729599425,0.00137409907201396,0.59975349723065,1.12433904505474e-16,0.866646853471367,0.00033621308423873,0.54788579526239,0.46184256173854,2.014238,422.8654,335.5908,2.01539,422.8953,336.3144,2.014171,412.8474,334.538,"No issues","No issues","No issues","No issues"
736,230,2025-05-20,2025-05-20 13:52:20,2025-05-20 13:56:00,2025-05-20 13:49:00,23,0.00992063241084484,-342.857739130469,-98.4806324111027,0.0004741797621153,0.293332618695223,0.0260932260530951,0.92144005548553,0.00760323937577483,0.461520817704362,0.00034968536394159,0.408558166421515,0.461910920033367,2.013956,428.7867,336.0045,2.014744,429.6875,336.1849,2.013252,428.0072,334.4415,"No issues","No issues","No issues","No issues"
737,240,2025-05-20,2025-05-20 13:59:40,2025-05-20 14:03:20,2025-05-20 13:56:20,23,-0.0512423715416095,447.21135177865,-113.960063241115,0.015867795267255,0.2828159436484,0.030519214660297,0.566835416640724,0.00900778787995225,0.425301867049395,0.00030982056712174,0.546749989412351,0.493114988543264,2.013525,428.1052,335.8881,2.014048,429.6139,336.5906,2.012862,427.1177,334.4796,"No issues","No issues","No issues","No issues"
738,10,2025-05-20,2025-05-20 14:07:00,2025-05-20 14:10:40,2025-05-20 14:03:40,23,1.30198482213428,1351.46077470354,62.8619762846063,0.456676037791142,0.173218732688438,0.00894059258368517,0.00040151138830362,0.0482265725709304,0.667818550147493,0.00109029453348427,2.26680377110593,0.508121203383329,2.013714,427.069,335.7673,2.017507,435.9588,336.8433,2.013137,426.0208,334.7989,"No issues","No issues","No issues","No issues"
739,20,2025-05-20,2025-05-20 14:14:20,2025-05-20 14:18:00,2025-05-20 14:11:00,23,-1.09249043478291,-3262.58267193679,-72.7740711462183,0.111261950150819,0.67829982732589,0.0128360262976514,0.119846304721326,1.3791767520611e-06,0.606754875789801,0.00237052091905816,1.72499926662205,0.489969014735905,2.013869,422.5724,336.093,2.022762,422.9388,336.3342,2.01229,411.5536,334.4951,"No issues","No issues","No issues","No issues"
740,30,2025-05-20,2025-05-20 14:21:40,2025-05-20 14:25:20,2025-05-20 14:18:20,23,1.30196774703568,-494.817581027714,84.3800158102641,0.0677396463238468,0.0156872586238955,0.03331012755773,0.230371448230083,0.569067887034294,0.404555525751186,0.00370817282451455,3.00919784957347,0.348985702355453,2.022061,430.1577,336.2304,2.028547,439.2019,336.7344,2.014427,427.8588,335.2225,"No issues","No issues","No issues","No issues"
741,40,2025-05-20,2025-05-20 14:29:00,2025-05-20 14:32:40,2025-05-20 14:25:40,23,-2.0054874308303,-3897.83184189726,27.9775494070831,0.350134467553404,0.894940196554923,0.00203074551254718,0.00293792113771799,9.60854658906796e-12,0.838221089721729,0.00209762021316713,1.0253142169744,0.476160205398031,2.023093,423.7278,336.5109,2.023093,423.7278,336.5109,2.013349,413.6605,334.5948,"No issues","No issues","No issues","No issues"
742,50,2025-05-20,2025-05-20 14:36:20,2025-05-20 14:40:00,2025-05-20 14:33:00,23,1.49869849802366,-143.735620553408,2502.5350197628,0.111834609770037,0.00411017403882398,0.86986980894978,0.118839281343221,0.771344588458269,9.20704920328529e-11,0.0032425425018709,1.71772068691738,0.743112666743837,2.016961,429.3431,341.9365,2.024478,431.3972,349.4134,2.012168,424.4461,341.9365,"No issues","No issues","No issues","No issues"
743,60,2025-05-20,2025-05-20 14:43:40,2025-05-20 14:47:20,2025-05-20 14:40:20,23,-0.00323573122523175,-633.18905928852,232.247810276668,2.33297940192623e-06,0.0523881653882354,0.156549606733072,0.994481338850319,0.293486226248831,0.0616491612429032,0.00162640640865355,2.06749582376827,0.41387386789345,2.012858,425.5466,336.3183,2.019261,429.9791,337.8318,2.011792,422.1535,335.9105,"No issues","No issues","No issues","No issues"
744,70,2025-05-20,2025-05-20 14:51:00,2025-05-20 14:54:40,2025-05-20 14:47:40,23,-4.11537201581028,-4015.39389723321,-308.035636363635,0.583172471437592,0.843845763696425,0.176117866830881,2.23693470807324e-05,6.33012907941742e-10,0.0462034809803154,0.00267116911764516,1.32612999571445,0.51149853292724,2.015543,423.3379,336.2954,2.028275,423.3379,336.8909,2.010307,412.8133,334.4081,"No issues","No issues","No issues","No issues"
745,80,2025-05-20,2025-05-20 14:58:20,2025-05-20 15:02:00,2025-05-20 14:55:00,23,0.972332964426847,-5827.55022924906,44.4166007905238,0.0098813151449866,0.707942513186731,0.0064485813365225,0.651799451976962,4.90439549035256e-07,0.715684584149278,0.00747246446257753,2.8736495035284,0.423273420269726,2.018643,436.062,336.4333,2.037461,436.062,336.7432,2.010619,415.0201,335.0239,"No issues","No issues","No issues","No issues"
746,90,2025-05-20,2025-05-20 15:05:40,2025-05-20 15:09:20,2025-05-20 15:02:20,23,-0.166021185770917,-761.382071146256,-95.9466877470351,0.00259395682096937,0.242948736969481,0.0350314103149574,0.817482536120661,0.0168631311913068,0.392463915671106,0.0024993710406968,1.03185949079671,0.386607575864861,2.021178,420.2334,336.1654,2.021178,421.4037,336.883,2.010405,416.6633,335.3878,"No issues","No issues","No issues","No issues"
747,100,2025-05-20,2025-05-20 15:13:00,2025-05-20 15:16:40,2025-05-20 15:09:40,23,1.48345043478236,1066.4287114624,-56.911304347837,0.0561488018890123,0.690944944502693,0.0103796223869522,0.276316262358097,8.9787368132812e-07,0.64367934075342,0.00466946532643547,0.547571239320476,0.426633223696226,2.014233,425.9916,336.823,2.026486,429.3698,337.3117,2.009772,425.6139,335.6519,"No issues","No issues","No issues","No issues"
748,110,2025-05-20,2025-05-20 15:20:20,2025-05-20 15:24:00,2025-05-20 15:17:00,23,-0.117596205533589,-1828.42377865618,94.7761897233247,0.0104823327775616,0.82059134152414,0.0251166284329441,0.64203480718775,2.75366737688206e-09,0.470139014685051,0.00087717997617553,0.656368439855436,0.453322736304929,2.016539,435.5221,336.2898,2.020057,436.4181,336.763,2.016418,431.2977,334.9236,"No issues","No issues","No issues","No issues"
749,120,2025-05-20,2025-05-20 15:27:40,2025-05-20 15:31:20,2025-05-20 15:24:20,23,-0.531761264822426,-448.607241106743,-118.204079051397,0.450995883279247,0.327156832818408,0.0338951520539737,0.00045020973119907,0.00434928073446754,0.400388513418756,0.00045043362807374,0.493921351844469,0.484493993091564,2.015996,430.5724,335.361,2.015996,430.9589,336.3468,2.013743,428.848,334.4315,"No issues","No issues","No issues","No issues"
750,130,2025-05-20,2025-05-20 15:35:00,2025-05-20 15:38:40,2025-05-20 15:31:40,23,0.152933122529315,166.770782608638,-151.538940711457,0.0864876503373554,0.0633168754374664,0.0448662867949267,0.173169595911963,0.246772048864627,0.331918601548062,0.00038158765300026,0.492457972778099,0.536795499566604,2.013476,427.2259,334.9443,2.01451,428.6469,336.0962,2.012595,426.7755,333.8934,"No issues","No issues","No issues","No issues"
751,140,2025-05-20,2025-05-20 15:42:20,2025-05-20 15:46:00,2025-05-20 15:39:00,23,0.201870355731254,794.207241106678,-12.6509407114862,0.0969465420331905,0.559473037819146,0.0004013004243813,0.148119515359299,4.07032480409283e-05,0.927712265531859,0.00047301587082127,0.541057104939928,0.484745122507133,2.012201,431.8254,334.3831,2.013779,434.1169,335.7064,2.011717,431.338,333.933,"No issues","No issues","No issues","No issues"
752,150,2025-05-20,2025-05-20 15:49:40,2025-05-20 15:53:20,2025-05-20 15:46:20,23,-0.114240948616577,-503.166450592985,88.0383557312449,0.0295328032396902,0.280414573352172,0.0141416542590814,0.433000321198167,0.00936088745147217,0.588898039875118,0.00050277362915867,0.618821168147159,0.564341085968856,2.013394,433.6516,335.526,2.013996,434.7852,336.1238,2.011966,431.5473,333.8257,"No issues","No issues","No issues","No issues"
753,160,2025-05-20,2025-05-20 15:57:00,2025-05-20 16:00:40,2025-05-20 15:53:40,23,-0.0435244268775511,357.946150197647,71.9100711462084,0.00595505572192979,0.150823182265252,0.0249541357641788,0.726358596236243,0.0670578745589267,0.471597167603021,0.00043172356288285,0.652071631325659,0.345098895793151,2.01402,432.6559,334.9823,2.015091,435.2396,335.5464,2.012859,432.2184,334.2306,"No issues","No issues","No issues","No issues"
754,170,2025-05-20,2025-05-20 16:04:20,2025-05-20 16:08:00,2025-05-20 16:01:00,23,-0.268659604742955,425.69331225294,1274.02349407114,0.154806540878195,0.330276458141938,0.886248175243482,0.0632483145676838,0.00412634007385865,2.22358488084547e-11,0.00048194599730703,0.465391445892465,0.350422143368398,2.013109,435.3648,336.7658,2.013998,436.0761,339.3743,2.012067,434.0741,335.7883,"No issues","No issues","No issues","No issues"
755,180,2025-05-20,2025-05-20 16:11:40,2025-05-20 16:15:20,2025-05-20 16:08:20,23,0.902051857707642,172.609612648174,93.3657865612344,0.749257372517946,0.0376299013357122,0.020881067632231,9.64094600910436e-08,0.375131234246187,0.510646880711812,0.00040062926910648,0.670165542647386,0.490842014819641,2.013745,433.1394,335.2811,2.015738,435.5112,335.8074,2.01284,433.1394,333.6659,"No issues","No issues","No issues","No issues"
756,190,2025-05-20,2025-05-20 16:19:00,2025-05-20 16:22:40,2025-05-20 16:15:40,23,-0.172962213438837,-575.904664031631,114.624284584995,0.0350092940301329,0.440209928086152,0.0404367048419455,0.392616084563236,0.00055790008195372,0.357544150036335,0.00069716201884543,0.498592648665789,0.428684882457685,2.016577,434.9371,335.7759,2.01762,436.3587,336.0808,2.015149,434.0502,334.4213,"No issues","No issues","No issues","No issues"
757,200,2025-05-20,2025-05-20 16:26:20,2025-05-20 16:30:00,2025-05-20 16:23:00,23,0.491668932806234,312.563098814207,200.220047430799,0.381529558192535,0.0896999482257226,0.100184707616152,0.00168647311830693,0.165026688475171,0.14116581948841,0.00048059665360097,0.764445427375267,0.460676568322118,2.015884,437.8283,335.4624,2.018193,439.8021,336.8627,2.015884,437.0449,335.109,"No issues","No issues","No issues","No issues"
758,210,2025-05-20,2025-05-20 16:33:40,2025-05-20 16:37:20,2025-05-20 16:30:20,23,-0.633827667984703,571.536853754915,164.983019762814,0.608161026263954,0.481740562831183,0.0942309270668545,1.14765145499691e-05,0.00023905808109165,0.154229382571221,0.0003905964677499,0.455117816524791,0.39270267192566,2.016881,437.7997,335.2062,2.017224,439.3113,335.9662,2.014806,436.9317,334.3315,"No issues","No issues","No issues","No issues"
759,220,2025-05-20,2025-05-20 16:41:00,2025-05-20 16:44:40,2025-05-20 16:37:40,23,0.0545037154148511,7.27313833989488,88.3738814229239,0.00404435504532739,6.3202430096299e-05,0.0279262019950917,0.773135877430741,0.97128151942086,0.445983760880474,0.00065665017695048,0.702350394720955,0.400295037904145,2.016427,438.1065,334.7274,2.018443,439.1817,336.2961,2.016057,436.3625,334.4974,"No issues","No issues","No issues","No issues"
760,230,2025-05-20,2025-05-20 16:48:20,2025-05-20 16:52:00,2025-05-20 16:45:00,23,-0.467072252964598,-874.150292490186,-148.918766798415,0.494449262367392,0.266659157642521,0.107772432647828,0.00018217011277004,0.0116468436898545,0.126175901292709,0.00036259196130154,1.11294419372198,0.328962204054151,2.016222,440.2764,335.1566,2.016222,441.0008,336.1251,2.013977,436.8792,334.6629,"No issues","No issues","No issues","No issues"
761,240,2025-05-20,2025-05-20 16:55:40,2025-05-20 16:59:20,2025-05-20 16:52:20,23,0.22228363636354,-1190.69957312254,-215.509944664035,0.204974296776927,0.572289215202374,0.138444968939458,0.0300594068172661,2.95622569976175e-05,0.0804064818729757,0.00033609416361938,0.790282042175396,0.412745962320977,2.014676,441.9722,335.9017,2.015066,441.9722,336.2941,2.013738,437.541,334.5168,"No issues","No issues","No issues","No issues"
762,10,2025-05-20,2025-05-20 17:03:00,2025-05-20 17:06:40,2025-05-20 16:59:40,23,-0.164270988142404,-88.8169802372231,-141.166671936805,0.0716368408431345,0.0124444399391042,0.0540352384254501,0.216940612752134,0.612331012620179,0.285812791023944,0.00045400872754437,0.607437626830435,0.453464940352861,2.01638,437.0063,335.4237,2.01638,437.8312,336.6748,2.014219,435.1992,334.8732,"No issues","No issues","No issues","No issues"
763,20,2025-05-20,2025-05-20 17:10:20,2025-05-20 17:14:00,2025-05-20 17:07:00,23,0.10443984189685,508.156648221318,157.501565217367,0.0628592012528268,0.396835237129493,0.06219489809861,0.248544500981535,0.00127542348983979,0.251143436338962,0.00030959703664411,0.480975632369027,0.469544097013945,2.015153,438.0331,335.3288,2.016021,440.2199,336.6315,2.014517,437.8965,334.649,"No issues","No issues","No issues","No issues"
764,30,2025-05-20,2025-05-20 17:17:40,2025-05-20 17:21:20,2025-05-20 17:14:20,23,-0.0872964426879858,-1672.00135968382,97.1607272727146,0.0509105505211166,0.89539106773355,0.0465550411926668,0.300583761386476,9.18219819207145e-12,0.322768956813956,0.00028937354092065,0.43876020213169,0.337573081771981,2.014931,439.1636,335.9061,2.015121,440.2319,336.9233,2.014124,435.2434,335.6213,"No issues","No issues","No issues","No issues"
765,40,2025-05-20,2025-05-20 17:25:00,2025-05-20 17:28:40,2025-05-20 17:21:40,23,-0.438420237154058,-1433.52796837946,161.033549407116,0.403558813241008,0.836517574028292,0.0431441606970689,0.00112593198312685,1.02860634479379e-09,0.341590893646635,0.00040919807608923,0.486538003301008,0.582225475972988,2.015804,431.4704,335.9421,2.015935,431.4704,337.3843,2.014185,426.9938,334.8274,"No issues","No issues","No issues","No issues"
766,50,2025-05-20,2025-05-20 17:32:20,2025-05-20 17:36:00,2025-05-20 17:29:00,23,0.109195256916595,-327.427826086988,956.305422924875,0.101803483351799,0.15738638901165,0.754022175147799,0.137818882482607,0.0608956673800191,7.85967489971726e-08,0.00024901226253173,0.581646112620099,0.419338882546203,2.014932,432.2679,338.413,2.015694,433.9954,342.1834,2.014657,431.2092,338.413,"No issues","No issues","No issues","No issues"
767,60,2025-05-20,2025-05-20 17:39:40,2025-05-20 17:43:20,2025-05-20 17:36:20,23,-0.525221501976475,-454.421312253028,-83.2470830039577,0.519712952665364,0.367845916189815,0.0450020665931294,0.0001041017816331,0.00215420199281689,0.331170923083329,0.00038763569338628,0.457351167175529,0.29441952475283,2.016209,432.9299,336.9821,2.016666,434.0804,337.4755,2.014807,431.79,336.2119,"No issues","No issues","No issues","No issues"
768,70,2025-05-20,2025-05-20 17:47:00,2025-05-20 17:50:40,2025-05-20 17:43:40,23,-0.178426245059455,670.833675889364,80.6226403161636,0.0582667729728576,0.500001133154396,0.0294288903320076,0.267174370264055,0.00016145613066623,0.433823113673495,0.00055071232438457,0.515022814200681,0.355464593834497,2.013946,433.3296,336.0838,2.01602,435.3297,337.041,2.013946,432.5817,335.2993,"No issues","No issues","No issues","No issues"
769,80,2025-05-20,2025-05-20 17:54:20,2025-05-20 17:58:00,2025-05-20 17:51:00,23,0.127329011857543,1272.01802371545,191.183051383399,0.1104522525415,0.6590593095761,0.111637318302012,0.121285187871262,2.57048505498216e-06,0.119185231262462,0.00027741970656392,0.70239761689783,0.414049667399183,2.014498,436.489,335.7757,2.015265,440.48,337.3686,2.013714,435.262,335.7511,"No issues","No issues","No issues","No issues"
770,90,2025-05-20,2025-05-20 18:01:40,2025-05-20 18:05:20,2025-05-20 17:58:20,23,0.345386561264831,587.973343873508,145.64717786561,0.214845260275625,0.399607786613812,0.0520005396940143,0.0259052559514117,0.00121169202729405,0.295328215447456,0.0005069122320041,0.553312890145049,0.477435589189845,2.015606,441.6377,335.8284,2.016148,443.3205,337.6206,2.014125,440.8638,335.6713,"No issues","No issues","No issues","No issues"
771,100,2025-05-20,2025-05-20 18:09:00,2025-05-20 18:12:40,2025-05-20 18:05:40,23,-0.682867351778853,298.102197628439,264.887715415023,0.42884505278124,0.028474964401803,0.199666625322992,0.00069657768202722,0.441485006165042,0.03254946763198,0.0006050283352664,1.33682074637984,0.407152530617006,2.015186,440.0358,336.4953,2.016452,444.0003,338.1055,2.013196,439.5114,336.4215,"No issues","No issues","No issues","No issues"
772,110,2025-05-20,2025-05-20 18:16:20,2025-05-20 18:20:00,2025-05-20 18:13:00,23,0.597824822134271,-1484.00708300401,126.255841897243,0.433741238421159,0.456242278798998,0.0448402843226337,0.00063335246496141,0.0004050522244137,0.33206202984036,0.00052441927877759,1.24380851063409,0.44737107166778,2.013959,448.0266,337.5431,2.015392,448.0266,337.5431,2.012996,441.1071,335.781,"No issues","No issues","No issues","No issues"
773,120,2025-05-20,2025-05-20 18:23:40,2025-05-20 18:27:20,2025-05-20 18:20:20,23,0.524521422924844,1109.69957312249,-177.341122529645,0.353973606899121,0.763009618946279,0.0548232764493451,0.00274848483624435,5.2890124595963e-08,0.282227027549209,0.00054402081467854,0.474808371880864,0.565322231136916,2.011575,442.0724,337.3032,2.014735,445.3611,337.5026,2.011575,442.0724,335.1746,"No issues","No issues","No issues","No issues"
774,130,2025-05-20,2025-05-20 18:31:00,2025-05-20 18:34:40,2025-05-20 18:27:40,23,-0.0332025296444894,-1014.43588932812,14.5070039525296,0.0052336266110112,0.469528760326546,0.0005521578335762,0.742888399060028,0.00030862791788427,0.915247182312482,0.00035143333144348,0.827822112623899,0.473847696223552,2.011733,451.93,336.6206,2.012768,452.6057,337.012,2.011414,448.0283,335.1689,"No issues","No issues","No issues","No issues"
775,140,2025-05-20,2025-05-20 18:38:20,2025-05-20 18:42:00,2025-05-20 18:35:00,23,1.60177233201551,2433.92129644266,-160.426529644272,0.732441278349907,0.920490218665768,0.077436061321598,1.92535779678902e-07,5.08687528506309e-13,0.198546718299148,0.00074325276516441,0.549186454601208,0.425123776025288,2.012382,454.5326,336.7639,2.017858,459.6505,337.1681,2.012382,453.5672,335.3463,"No issues","No issues","No issues","No issues"
776,150,2025-05-20,2025-05-20 18:45:40,2025-05-20 18:49:20,2025-05-20 18:42:20,23,3.16010561264813,-1302.81637944666,-190.047557312268,0.601188472883538,0.681274816341388,0.141487115667775,1.38811090314472e-05,1.24857480317599e-06,0.0768993151665548,0.00197602630583037,0.684136605005392,0.359409746188961,2.015458,460.818,336.3677,2.024472,461.8648,336.7289,2.014752,457.3816,335.1564,"No issues","No issues","No issues","No issues"
777,160,2025-05-20,2025-05-20 18:53:00,2025-05-20 18:56:40,2025-05-20 18:49:40,23,-1.69939920948615,1835.10184980232,-109.939731225298,0.866217785741068,0.84309850794132,0.0466226373905507,1.2335547606258e-10,6.65817919156856e-10,0.322409377196721,0.00051273580896546,0.607781036111719,0.381681636607872,2.019568,459.3678,336.042,2.01963,464.3153,336.8661,2.015459,459.3174,335.3077,"No issues","No issues","No issues","No issues"
778,170,2025-05-20,2025-05-20 19:00:20,2025-05-20 19:04:00,2025-05-20 18:57:00,23,0.260173280632327,3977.55120948614,257.806671936737,0.138480090477671,0.91108990786654,0.124973861877649,0.0803650949143999,1.65212311555684e-12,0.0979667575555083,0.00049821210899659,0.953944893699899,0.523730258744986,2.013007,457.2415,337.4862,2.014854,467.436,338.0077,2.012493,457.2415,335.8188,"No issues","No issues","No issues","No issues"
779,180,2025-05-20,2025-05-20 19:07:40,2025-05-20 19:11:20,2025-05-20 19:04:20,23,-0.369274624506346,-583.993992094873,-107.805343873477,0.293019323367696,0.102193888986591,0.0423030367241583,0.00764193830996712,0.13702418420042,0.346446481334355,0.00044036997672771,1.32892291561126,0.393804947461895,2.012451,468.6426,335.8617,2.012958,471.9896,336.3437,2.010914,467.3306,334.9742,"No issues","No issues","No issues","No issues"
780,190,2025-05-20,2025-05-20 19:15:00,2025-05-20 19:18:40,2025-05-20 19:11:40,23,0.988357944664318,-1009.79231620553,149.870703557293,0.404952565224697,0.536181436931122,0.059226270872035,0.00109703932174541,7.12093150791359e-05,0.263150674998624,0.00091981517407544,0.721045769962017,0.458579607481162,2.013395,477.6434,335.235,2.016689,479.0383,337.1054,2.012514,475.2781,335.0677,"No issues","No issues","No issues","No issues"
781,200,2025-05-20,2025-05-20 19:22:20,2025-05-20 19:26:00,2025-05-20 19:19:00,23,-0.117297391304423,-2317.28129644269,-177.908015810307,0.0611137828786828,0.583741460291161,0.0623190525440153,0.255440762310568,2.2041461268239e-05,0.250655327825276,0.00035297004282827,1.50232073058046,0.529816203997639,2.012242,480.1926,336.0178,2.01281,480.1926,337.2551,2.011495,471.8499,334.8774,"No issues","No issues","No issues","No issues"
782,210,2025-05-20,2025-05-20 19:29:40,2025-05-20 19:33:20,2025-05-20 19:26:20,23,0.190959367588813,-800.18864822134,-2.42637154148156,0.0975754100993105,0.407760664089378,9.68478645478676e-06,0.146741402361532,0.00104089023555509,0.988756197962046,0.00044585006186852,0.740373630878065,0.598580785334417,2.012659,466.321,335.5247,2.013008,467.9001,336.6153,2.011366,464.078,334.4763,"No issues","No issues","No issues","No issues"
783,220,2025-05-20,2025-05-20 19:37:00,2025-05-20 19:40:40,2025-05-20 19:33:40,23,0.566039525691326,-645.37555731229,-73.7686956522108,0.497980277486198,0.321622104810103,0.0181728919711878,0.00016873229166479,0.00477258859723051,0.539699683290344,0.00043632859174325,0.719594786167481,0.416284448775187,2.012683,469.3505,335.5217,2.013842,470.7798,336.8235,2.011688,466.7546,334.8058,"No issues","No issues","No issues","No issues"
784,230,2025-05-20,2025-05-20 19:44:20,2025-05-20 19:48:00,2025-05-20 19:41:00,23,0.0252199209484333,2347.50934387353,170.909786561239,0.00197826540656978,0.356498752628691,0.0862331328405948,0.840298745669837,0.00263012250983787,0.173832993569265,0.0004348946229225,2.4213948510563,0.427130071863444,2.012987,471.3943,335.1725,2.013582,479.2293,336.7412,2.012041,467.9651,334.9482,"No issues","No issues","No issues","No issues"
785,240,2025-05-20,2025-05-20 19:51:40,2025-05-20 19:55:20,2025-05-20 19:48:20,23,-0.0341075098815997,2258.79737549406,58.6674782608627,0.00341350383973493,0.688303233646176,0.0066731957185038,0.791165278395106,9.83474570679931e-07,0.710978421331681,0.00044742465367538,1.16698725677126,0.549527161265761,2.013353,471.0018,335.1904,2.014641,476.1567,337.0505,2.012814,468.4565,334.7864,"No issues","No issues","No issues","No issues"
786,10,2025-05-20,2025-05-20 19:59:00,2025-05-20 20:02:40,2025-05-20 19:55:40,23,0.112302924901044,1568.9616758893,262.484395256919,0.0445312874433725,0.682379915106314,0.300562415698267,0.333772483630926,1.20299936796862e-06,0.00675946386117504,0.00039937352621175,0.821799347723329,0.307413709711577,2.014557,474.9345,335.8062,2.01522,478.5571,336.7357,2.013492,473.8275,335.371,"No issues","No issues","No issues","No issues"
787,20,2025-05-20,2025-05-20 20:06:20,2025-05-20 20:10:00,2025-05-20 20:03:00,23,0.234543557311953,3566.29062450591,-162.806798418985,0.136494513687726,0.800904563770792,0.0604784297989225,0.082738628591177,8.3067550463508e-09,0.258006138228978,0.00045290911005337,1.36511612270473,0.492649737765646,2.015317,473.4186,336.5631,2.017264,483.0997,336.9714,2.014859,472.3679,334.5236,"No issues","No issues","No issues","No issues"
788,30,2025-05-20,2025-05-20 20:13:40,2025-05-20 20:17:20,2025-05-20 20:10:20,23,0.144719999999816,4453.97805533589,223.349976284543,0.012377624033515,0.890356142793214,0.160006886929424,0.613293293925239,1.50805701336988e-11,0.0585940766655636,0.00099247132231326,1.19997152840284,0.392886432189995,2.015037,471.9286,335.9342,2.018519,483.9012,337.0562,2.014718,471.9286,335.2155,"No issues","No issues","No issues","No issues"
789,40,2025-05-20,2025-05-20 20:21:00,2025-05-20 20:24:40,2025-05-20 20:17:40,23,-0.323701185770865,4615.9601264822,-72.2259604743018,0.143089107230391,0.806906318823765,0.0152851388610325,0.0751141375944286,6.0034188523196e-09,0.574101187923331,0.00060816501118526,1.73359289047389,0.445068106076171,2.016549,482.8586,336.0017,2.018141,494.585,336.9019,2.015643,482.6117,335.1835,"No issues","No issues","No issues","No issues"
790,50,2025-05-20,2025-05-20 20:28:20,2025-05-20 20:32:00,2025-05-20 20:25:00,23,0.257953517786177,-3971.73116205536,2846.11418181816,0.187747283513797,0.947270320568511,0.98016134361454,0.0388843834431841,6.72912675568006e-15,2.30946114763914e-19,0.00041191993079544,0.719420883487189,0.310865307463448,2.016481,491.7934,341.8718,2.017757,491.7934,349.7563,2.015931,482.985,341.8718,"No issues","No issues","No issues","No issues"
791,60,2025-05-20,2025-05-20 20:35:40,2025-05-20 20:39:20,2025-05-20 20:32:20,23,3.47370687747033,354.082909090918,75.7639209486171,0.857865131963165,0.210312039881385,0.019704184857358,2.34007763962325e-10,0.0277398605262994,0.522932325859413,0.00108554185086735,0.52676056025143,0.410274359104722,2.018036,483.258,339.301,2.027066,484.8651,340.0691,2.01777,482.3933,338.2273,"No issues","No issues","No issues","No issues"
792,70,2025-05-20,2025-05-20 20:43:00,2025-05-20 20:46:40,2025-05-20 20:39:40,23,-1.2230466403162,9638.62947035569,124.152189723315,0.296604626182325,0.738789991715687,0.0345745340589839,0.00720987040962795,1.4905170790911e-07,0.395623990858788,0.00144599372503918,4.40009735742404,0.503672438825911,2.02812,483.1586,336.0379,2.030329,508.6966,337.5588,2.024615,478.4609,335.6009,"No issues","No issues","No issues","No issues"
793,80,2025-05-20,2025-05-20 20:50:20,2025-05-20 20:54:00,2025-05-20 20:47:00,23,-0.383233517786534,-4494.29577865616,43.8223873517718,0.322083997564289,0.745573563922683,0.00502951577925842,0.00473584844833542,1.12610953995299e-07,0.747790575847144,0.00042685409323336,2.01562675057373,0.473206433405306,2.018409,510.4332,336.4676,2.01908,510.6657,337.86,2.017008,498.2656,335.8254,"No issues","No issues","No issues","No issues"
794,90,2025-05-20,2025-05-20 20:57:40,2025-05-20 21:01:20,2025-05-20 20:54:20,23,-0.331811857707558,2563.08673517789,390.457138339886,0.344769896763983,0.714544318348929,0.283503970400979,0.00322294419612838,3.84182180090187e-07,0.00890894300271662,0.00035118564007928,1.24374302839129,0.476555278283188,2.018024,484.6153,335.9924,2.018383,489.4784,338.0558,2.016351,481.5885,335.7562,"No issues","No issues","No issues","No issues"
795,100,2025-05-20,2025-05-20 21:05:00,2025-05-20 21:08:40,2025-05-20 21:01:40,23,0.636107193675754,2407.72894861661,20.0000632410535,0.707258028625231,0.766616278563184,0.00164449505574767,5.02859238492841e-07,4.49292153085014e-08,0.854239533493442,0.00031419296469974,1.01992080761354,0.378329570288864,2.016998,489.3399,338.3165,2.019098,494.3326,338.883,2.016366,487.4081,337.2117,"No issues","No issues","No issues","No issues"
796,110,2025-05-20,2025-05-20 21:12:20,2025-05-20 21:16:00,2025-05-20 21:09:00,23,-0.101690750988397,1636.50052173903,407.725185770744,0.0183647591258055,0.773659798857512,0.276142671090374,0.537547257210857,3.24348450231979e-08,0.0100212976868251,0.0005707901930965,0.679570592919521,0.506803799692715,2.020484,495.6008,336.3427,2.021945,499.4247,338.5663,2.019405,494.2516,336.2555,"No issues","No issues","No issues","No issues"
797,120,2025-05-20,2025-05-20 21:19:40,2025-05-20 21:23:20,2025-05-20 21:16:20,23,-0.89835509881446,3002.31291699599,359.032126482201,0.802317725379844,0.449308170462137,0.279227117180813,7.70203847773065e-09,0.00046569045774459,0.00954024500040865,0.00034235076615543,2.55182394882834,0.442859872178047,2.020601,497.5673,337.1847,2.020601,503.8633,338.382,2.017872,493.4052,336.0214,"No issues","No issues","No issues","No issues"
798,130,2025-05-20,2025-05-20 21:27:00,2025-05-20 21:30:40,2025-05-20 21:23:40,23,-0.344643794466608,-5130.32698814236,-89.8952727273347,0.344707670617413,0.927433765444331,0.0311279616787295,0.00322639576659934,1.94208253793976e-13,0.420649417412965,0.00036481705001183,1.10175107901762,0.385041304192172,2.019307,510.2225,337.1865,2.020153,510.4535,337.8209,2.018386,496.2843,336.2694,"No issues","No issues","No issues","No issues"
799,140,2025-05-20,2025-05-20 21:34:20,2025-05-20 21:38:00,2025-05-20 21:31:00,23,-0.557852015809956,2943.53445059292,-76.464000000009,0.287667634438339,0.752605001668523,0.0297092768564,0.00833210785758704,8.35537202041718e-08,0.431608206979259,0.00067394963151348,1.29566768212176,0.335486082272969,2.022666,489.4798,336.6749,2.023531,494.0259,337.5487,2.020396,486.4659,336.2775,"No issues","No issues","No issues","No issues"
800,150,2025-05-20,2025-05-20 21:41:40,2025-05-20 21:45:20,2025-05-20 21:38:20,23,1.20878039525694,-445.286134387422,-160.494830039577,0.594193604617235,0.241001088772331,0.141381992153731,1.67465289366882e-05,0.0173777491206905,0.0770179250822296,0.00076692953041521,0.606684419659512,0.303652311114686,2.021584,488.0923,337.1124,2.024216,488.424,337.1739,2.020004,485.1897,335.8185,"No issues","No issues","No issues","No issues"
801,160,2025-05-20,2025-05-20 21:49:00,2025-05-20 21:52:40,2025-05-20 21:45:40,23,0.870787351778695,-906.079873517832,-55.6170118577286,0.682084230256647,0.194075132240799,0.0103032567102595,1.21504310917218e-06,0.0353865069472097,0.644908395434446,0.00045641692336171,1.41755987712258,0.418489010385022,2.022237,491.9473,337.2337,2.024677,491.9473,337.4937,2.021702,485.8685,335.405,"No issues","No issues","No issues","No issues"
802,170,2025-05-20,2025-05-20 21:56:20,2025-05-20 22:00:00,2025-05-20 21:53:00,23,-0.965972490118607,454.433264822115,1015.55857707511,0.791630835176447,0.0378664052511279,0.769249580540131,1.34680520321802e-08,0.373605474997918,3.98216501836527e-08,0.00038048078457056,1.75862547773441,0.427026856752237,2.027074,491.4256,338.0626,2.027317,496.3623,340.3113,2.023644,490.3137,336.8331,"No issues","No issues","No issues","No issues"
803,180,2025-05-20,2025-05-20 22:03:40,2025-05-20 22:07:20,2025-05-20 22:00:20,23,0.637806166007845,-4335.43076679847,-2.70384189725517,0.580655717690591,0.925767227606891,3.65883246425353e-05,2.38736765281539e-05,2.46696853897881e-13,0.978147434524354,0.00041612836371544,0.942522637874554,0.343174241126469,2.024938,496.713,336.3599,2.026639,497.397,336.7569,2.024324,487.2483,335.4936,"No issues","No issues","No issues","No issues"
804,190,2025-05-20,2025-05-20 22:11:00,2025-05-20 22:14:40,2025-05-20 22:07:40,23,0.788818339920991,397.881391304373,-23.7685375494219,0.674323250653357,0.239027271090731,0.00152198202198723,1.57314444672067e-06,0.0179144183163412,0.859719858001829,0.000420870906353,0.545038327943338,0.467390143390413,2.027666,487.1485,335.8709,2.029512,489.8982,336.8999,2.026703,487.1485,335.1498,"No issues","No issues","No issues","No issues"
805,200,2025-05-20,2025-05-20 22:18:20,2025-05-20 22:22:00,2025-05-20 22:15:00,23,-0.166704189723625,420.010719367525,-96.2224505928793,0.145219755649991,0.287703719156736,0.0243551562405676,0.07280354174184,0.00832726505650811,0.477033802805757,0.00031050850338659,0.507376759690338,0.467562234992566,2.028457,491.1719,336.7021,2.028887,492.6277,336.9692,2.027568,490.0446,335.0376,"No issues","No issues","No issues","No issues"
806,210,2025-05-20,2025-05-20 22:25:40,2025-05-20 22:29:20,2025-05-20 22:22:20,23,1.3861992094861,-695.852110671992,-17.2125533597094,0.778635768552798,0.114986862893839,0.00061084743727746,2.56093058572062e-08,0.113449701884393,0.910873206613853,0.00056744632988516,1.48210949843377,0.534513690042019,2.02755,497.1624,336.5397,2.033127,498.461,336.9641,2.02755,492.4322,334.9373,"No issues","No issues","No issues","No issues"
807,220,2025-05-20,2025-05-20 22:33:00,2025-05-20 22:36:40,2025-05-20 22:29:40,23,0.551414703557278,3738.29833992094,207.530750988092,0.211332638333915,0.839069318598584,0.0899502934696957,0.0273163030418785,8.70794401955865e-10,0.164409556139209,0.00081781408288325,1.25691832569033,0.506787994415527,2.030458,498.2849,335.3809,2.032777,506.4866,336.9446,2.029097,498.258,334.7001,"No issues","No issues","No issues","No issues"
808,230,2025-05-20,2025-05-20 22:40:20,2025-05-20 22:44:00,2025-05-20 22:37:00,23,-1.42425106719373,-924.317786561268,-268.041486166041,0.863713793535263,0.42857392622353,0.193335423583997,1.50067868477302e-10,0.00070024276646511,0.0357791833056611,0.00043435034737553,0.819409622475473,0.420344518932998,2.02409,504.3207,337.5439,2.024947,505.2561,338.2323,2.021311,500.8843,336.0856,"No issues","No issues","No issues","No issues"
809,240,2025-05-20,2025-05-20 22:47:40,2025-05-20 22:51:20,2025-05-20 22:44:20,23,-1.93985075098844,-6679.0828458498,-366.45040316204,0.778256366035727,0.648232250560355,0.243174825745529,2.6079629452159e-08,3.59532097474167e-06,0.0168043353695109,0.0007949597722687,3.77739254819442,0.496325144509129,2.023605,493.5597,336.7915,2.023939,493.5597,337.0201,2.018553,473.3115,334.8521,"No issues","No issues","No issues","No issues"
810,10,2025-05-20,2025-05-20 22:55:00,2025-05-20 22:58:40,2025-05-20 22:51:40,23,1.82550735177847,-2453.48679841895,146.245660079049,0.836621131782075,0.523074155135291,0.0738465003568865,1.02172850605435e-09,9.6434526583389e-05,0.209717480947154,0.00061934082556738,1.79862290189671,0.397623560219254,2.01817,464.5701,335.6662,2.022972,466.1611,336.7749,2.018054,455.7635,334.8524,"No issues","No issues","No issues","No issues"
811,20,2025-05-21,2025-05-20 23:02:20,2025-05-20 23:06:00,2025-05-20 22:59:00,23,0.0282422134386632,-1586.39535177864,-228.225770750988,0.00210079824920925,0.712857651973103,0.180424073332115,0.835490731262414,4.09126077966057e-07,0.0433498499484634,0.00047256602052323,0.772985309468429,0.373443266541665,2.028076,449.0332,335.9857,2.02996,450.4249,336.7836,2.028076,445.4814,334.7219,"No issues","No issues","No issues","No issues"
812,30,2025-05-21,2025-05-20 23:09:40,2025-05-20 23:13:20,2025-05-20 23:06:20,23,-0.728107826087106,-320.979415019754,-56.771288537563,0.669333346520297,0.0494658389248773,0.0111470363559489,1.85152133003269e-06,0.307727258373024,0.631619564283414,0.00039290021256307,1.08024173518675,0.410513551503944,2.028994,444.7523,335.7983,2.029467,448.131,336.4893,2.026894,444.2684,334.7196,"No issues","No issues","No issues","No issues"
813,40,2025-05-21,2025-05-20 23:17:00,2025-05-20 23:20:40,2025-05-20 23:13:40,23,0.119440316205314,-325.866308300378,137.320505928822,0.0927179812268475,0.0669393499392654,0.0602044288157743,0.157748640665878,0.233244518235949,0.259121747717985,0.00028684858282545,0.934041662642961,0.416534010075618,2.027136,445.2939,335.7045,2.027777,447.0431,336.452,2.026432,443.2719,334.8021,"No issues","No issues","No issues","No issues"
814,50,2025-05-21,2025-05-20 23:24:20,2025-05-20 23:28:00,2025-05-20 23:21:00,23,0.276736126481937,-13.1375810276066,3500.740173913,0.0531505922137002,4.11299289418377e-05,0.974115361752806,0.289903662953068,0.976831180700173,3.78267122366355e-18,0.00089673651704,1.5726790168476,0.43811520724626,2.027338,445.2851,346.1364,2.029766,450.5307,354.3927,2.026881,445.0969,345.6517,"No issues","No issues","No issues","No issues"
815,60,2025-05-21,2025-05-20 23:31:40,2025-05-20 23:35:20,2025-05-20 23:28:20,23,0.188611541501735,1302.34596047426,96.4871146244925,0.0852293017533307,0.358097590071532,0.0246204497227564,0.176476317784193,0.00255763849854394,0.474613798981088,0.00047439763743618,1.33866764562395,0.466252042469865,2.027221,444.4364,337.1271,2.029089,448.6334,337.1271,2.027221,443.3599,335.39,"No issues","No issues","No issues","No issues"
816,70,2025-05-21,2025-05-20 23:39:00,2025-05-20 23:42:40,2025-05-20 23:35:40,23,-0.958971699604881,-1226.20809486173,-14.5351778656424,0.762827981041482,0.651989946764408,0.00069919311046664,5.33229794715861e-08,3.20376343716053e-06,0.904672296911537,0.00041052234821564,0.68778423969098,0.421873742071556,2.027828,441.8804,335.9652,2.028903,443.4699,336.166,2.025311,438.9677,334.7246,"No issues","No issues","No issues","No issues"
817,80,2025-05-21,2025-05-20 23:46:20,2025-05-20 23:50:00,2025-05-20 23:43:00,23,-0.660430671936672,-292.552790513869,-244.164521739159,0.660638807834611,0.0339862714586715,0.222368376135137,2.44558496026508e-06,0.399744880928683,0.0231134372239434,0.00036340330940449,1.19744818210701,0.350546471069131,2.026689,443.1691,336.6027,2.027067,445.3807,336.897,2.024806,441.6829,335.3635,"No issues","No issues","No issues","No issues"
818,90,2025-05-21,2025-05-20 23:53:40,2025-05-20 23:57:20,2025-05-20 23:50:20,23,-0.442526798418829,784.688727272675,-5.40085375499288,0.417972509788138,0.233396247179626,8.82883110519904e-05,0.00085825921955734,0.0195330522484269,0.966060012343651,0.00040091292790388,1.0918137152172,0.441269831113755,2.02497,440.9725,335.3988,2.026419,446.9179,337.0373,2.024404,440.9725,335.1138,"No issues","No issues","No issues","No issues"
819,100,2025-05-21,2025-05-21 00:01:00,2025-05-21 00:04:40,2025-05-20 23:57:40,23,-0.144045533596927,-544.322561264821,-22.2198260869442,0.0563025679305402,0.187718326949518,0.0013417430627956,0.275640191486904,0.038901131642183,0.86821277755021,0.00045275648280336,0.869298481761655,0.465400687478527,2.023711,446.2594,336.3409,2.023711,447.5184,337.4163,2.021809,444.2872,335.2922,"No issues","No issues","No issues","No issues"
820,110,2025-05-21,2025-05-21 00:08:20,2025-05-21 00:12:00,2025-05-21 00:05:00,23,-0.912015177865803,-1695.74172332015,159.166387351739,0.801585414294444,0.740184369471615,0.0536701524777156,8.01023088691078e-09,1.40787776658099e-07,0.287492570850393,0.0003483586155656,0.771320695561351,0.51311984254441,2.021902,445.458,336.8753,2.021902,445.458,337.2275,2.018326,440.5475,335.3739,"No issues","No issues","No issues","No issues"
821,120,2025-05-21,2025-05-21 00:15:40,2025-05-21 00:19:20,2025-05-21 00:12:20,23,-0.707378656126873,193.127905138356,-102.721233201616,0.476256284978022,0.0795834816751194,0.0387271334398499,0.00026829685351447,0.192178796498011,0.368122223790446,0.0005695129444906,0.504241237597069,0.392905842051123,2.018433,440.9893,336.1654,2.018433,442.6152,337.0102,2.016024,440.08,335.6418,"No issues","No issues","No issues","No issues"
822,130,2025-05-21,2025-05-21 00:23:00,2025-05-21 00:26:40,2025-05-21 00:19:40,23,0.888963794466326,1006.51560474306,92.4266561264737,0.761322758812649,0.636992248879944,0.0268899989250601,5.70356649430581e-08,5.0408024264403e-06,0.454667885300987,0.000382135836529,0.583342990289884,0.426869782161265,2.01562,442.2404,336.3237,2.018178,445.2696,337.0515,2.01516,441.8004,335.5562,"No issues","No issues","No issues","No issues"
823,140,2025-05-21,2025-05-21 00:30:20,2025-05-21 00:34:00,2025-05-21 00:27:00,23,0.305900395256858,173.617897233166,141.06166007905,0.132217263025249,0.0384233413811744,0.0733265523428917,0.0880927524514972,0.370045184466215,0.211392656312135,0.00060166404021533,0.666809040631433,0.384994311779643,2.016116,441.9677,336.1483,2.018045,444.2032,337.3675,2.0157,441.4027,335.669,"No issues","No issues","No issues","No issues"
824,150,2025-05-21,2025-05-21 00:37:40,2025-05-21 00:41:20,2025-05-21 00:34:20,23,0.54571162055339,-1129.49985770752,2.28891699603184,0.627817198750842,0.779494810625654,2.08125130803897e-05,6.59301568798099e-06,2.45727102014833e-08,0.983517802081162,0.00032257993004029,0.46121303124699,0.385190757980952,2.0163,445.6628,336.6013,2.017931,446.5234,337.2909,2.015825,442.5716,335.766,"No issues","No issues","No issues","No issues"
825,160,2025-05-21,2025-05-21 00:45:00,2025-05-21 00:48:40,2025-05-21 00:41:40,23,-0.189858023715352,-705.26561264824,-186.123699604769,0.0630257218987955,0.434935827786078,0.150688695186424,0.247897913344621,0.00061874915753886,0.0671903708840931,0.00056201314261276,0.617165440249897,0.339240260855006,2.015648,444.2177,336.6439,2.016931,445.3624,337.3836,2.01441,442.1324,336.0112,"No issues","No issues","No issues","No issues"
826,170,2025-05-21,2025-05-21 00:52:20,2025-05-21 00:56:00,2025-05-21 00:49:00,23,0.261112411067019,519.426213438762,313.732743082985,0.0719444476285293,0.442768722737501,0.227263992698408,0.215918613511047,0.00053040458638139,0.0214531696985165,0.00071999330184383,0.447368842710448,0.444142876659563,2.01575,443.2119,336.992,2.017837,444.8387,338.8972,2.015356,442.5623,336.992,"No issues","No issues","No issues","No issues"
827,180,2025-05-21,2025-05-21 00:59:40,2025-05-21 01:03:20,2025-05-21 00:56:20,23,-0.143669881423018,1332.9727114624,-199.341533596849,0.0781469596337066,0.524950118889767,0.172535820150789,0.196413316368152,9.23832545500934e-05,0.0487155219914497,0.00037883764848733,0.973519022621035,0.335154732284885,2.019468,447.7014,336.5664,2.019468,452.8777,336.9612,2.017822,446.2064,335.4976,"No issues","No issues","No issues","No issues"
828,190,2025-05-21,2025-05-21 01:07:00,2025-05-21 01:10:40,2025-05-21 01:03:40,23,-0.605039051383305,-1358.92173913048,69.5255335968046,0.347701421751692,0.745531389096736,0.0152780969748417,0.00306416348496081,1.12809952077177e-07,0.574190091709323,0.00063623269777042,0.609524525311752,0.428527891775422,2.019397,452.3123,337.1552,2.02011,453.1218,337.6332,2.01738,449.0198,335.9984,"No issues","No issues","No issues","No issues"
829,200,2025-05-21,2025-05-21 01:14:20,2025-05-21 01:18:00,2025-05-21 01:11:00,23,-0.870701976284593,-867.018023715461,112.300363636318,0.748424302627997,0.229098881853784,0.0499829659120763,9.98757959667645e-08,0.0208606153703643,0.305146556950247,0.00038756319537465,1.22103629809455,0.375879329115449,2.017514,448.6393,336.9191,2.017546,449.4946,337.4561,2.014911,444.1709,335.8792,"No issues","No issues","No issues","No issues"
830,210,2025-05-21,2025-05-21 01:21:40,2025-05-21 01:25:20,2025-05-21 01:18:20,23,-0.201631304347653,-24.3747035573103,-54.2433201581189,0.079036445766083,0.00037969506060844,0.0138000095329569,0.193779397285996,0.92968030653642,0.593466581287027,0.00052841857594037,0.960178548664437,0.352047823589476,2.015604,445.6707,336.0088,2.016095,446.8682,336.8812,2.014027,443.1782,335.2271,"No issues","No issues","No issues","No issues"
831,220,2025-05-21,2025-05-21 01:29:00,2025-05-21 01:32:40,2025-05-21 01:25:40,23,-0.300120474308284,-66.5698339921398,-85.3319525691697,0.090700768905541,0.00195690001754622,0.0253349908907148,0.162574273846824,0.841152772649723,0.468190532071599,0.0007295518237299,1.15419821777933,0.406341884412949,2.01522,453.0434,336.166,2.017928,454.1624,337.0777,2.014931,450.4649,335.4694,"No issues","No issues","No issues","No issues"
832,230,2025-05-21,2025-05-21 01:36:20,2025-05-21 01:40:00,2025-05-21 01:33:00,23,0.343499762845903,869.802118577043,-119.211509881431,0.0664797164041723,0.488774272662792,0.0701247706367479,0.234913035522556,0.00020583304669711,0.2220439438088,0.00098822614051374,0.682944227545555,0.333278575918894,2.014642,449.6324,336.4416,2.015616,452.3176,336.7964,2.011953,448.993,335.373,"No issues","No issues","No issues","No issues"
833,240,2025-05-21,2025-05-21 01:43:40,2025-05-21 01:47:20,2025-05-21 01:40:20,23,-0.444498972331996,-1767.13441897238,-82.0654861660402,0.403057890456922,0.515931831438544,0.0193232194742803,0.00113648628492477,0.00011339035370384,0.527018043876154,0.00041530365306379,1.31413288270877,0.448844952230027,2.011538,446.8875,335.7048,2.012408,447.7287,336.8846,2.009961,440.7644,334.8722,"No issues","No issues","No issues","No issues"
834,10,2025-05-21,2025-05-21 01:51:00,2025-05-21 01:54:40,2025-05-21 01:47:40,23,0.0288739920948499,1621.64774703555,-23.3126324110956,0.00266940509215138,0.603064955146227,0.00170773004483859,0.814891200856969,1.31925160653607e-05,0.851493182872374,0.00042848118628213,1.01005912119149,0.432736129333099,2.009497,443.2896,336.1591,2.010833,449.0305,336.3021,2.009261,443.2896,334.841,"No issues","No issues","No issues","No issues"
835,20,2025-05-21,2025-05-21 01:58:20,2025-05-21 02:02:00,2025-05-21 01:55:00,23,0.411057391304152,1054.32758893277,32.9626245059187,0.432705048551966,0.527652277178394,0.00308304164142718,0.00064627523891409,8.68207579960334e-05,0.801324725411751,0.00036134623638837,0.765852565221728,0.455065776711218,2.00864,446.6776,335.2211,2.00947,448.123,336.0826,2.0079,444.1974,334.2441,"No issues","No issues","No issues","No issues"
836,30,2025-05-21,2025-05-21 02:05:40,2025-05-21 02:09:20,2025-05-21 02:02:20,23,0.147392252964523,335.752790513793,-128.945169960446,0.080115685397956,0.128440397077378,0.0300951538454198,0.190635484682579,0.0931092037537166,0.428586868139967,0.00038343794075176,0.671475162588435,0.561996945914569,2.00701,441.0441,335.6153,2.008095,443.4063,336.2253,2.006623,440.9145,334.0665,"No issues","No issues","No issues","No issues"
837,40,2025-05-21,2025-05-21 02:13:00,2025-05-21 02:16:40,2025-05-21 02:09:40,23,0.678052173912738,-640.771256916976,149.37125691699,0.740192802036305,0.266414370367626,0.0884313030995838,1.40739091887587e-07,0.011691910448227,0.168192411696661,0.00030841029676913,0.816323318251114,0.368189433283441,2.006556,444.6402,335.39,2.008197,447.1221,335.8749,2.00609,443.1292,334.4713,"No issues","No issues","No issues","No issues"
838,50,2025-05-21,2025-05-21 02:20:20,2025-05-21 02:24:00,2025-05-21 02:17:00,23,-0.00448221343875801,143.235320158097,4690.37938339917,6.51979376143096e-05,0.0285191233906641,0.980134171923908,0.970831858691922,0.441125927209755,2.342920381558e-19,0.00042616133289515,0.641817804827149,0.512662013456481,2.00753,441.6883,347.8388,2.007952,443.1582,359.4052,2.006394,440.9764,347.804,"No issues","No issues","No issues","No issues"
839,60,2025-05-21,2025-05-21 02:27:40,2025-05-21 02:31:20,2025-05-21 02:24:20,23,0.231324901185614,-377.607272727318,267.463494071139,0.219953783422485,0.27081328649709,0.158605779723633,0.0239766445987659,0.0109064930976402,0.0598138322988671,0.00033444863680369,0.475704583073804,0.472952327574729,2.009033,441.7227,334.94,2.010191,442.9119,337.1396,2.008669,441.0083,334.94,"No issues","No issues","No issues","No issues"
840,70,2025-05-21,2025-05-21 02:35:00,2025-05-21 02:38:40,2025-05-21 02:31:40,23,0.538821818181669,854.817011857704,-120.373470355722,0.485186131679268,0.4568863123045,0.0504842675419129,0.00022221329936489,0.00039980512916014,0.302670186646749,0.00042611684052668,0.715528691112718,0.400789587264417,2.010923,443.9539,335.0102,2.012395,445.4796,335.9257,2.010094,442.1758,334.0801,"No issues","No issues","No issues","No issues"
841,80,2025-05-21,2025-05-21 02:42:20,2025-05-21 02:46:00,2025-05-21 02:39:00,23,0.330795889327889,632.618750988142,-84.0683952569478,0.32476716674461,0.301899278789594,0.0144991546879847,0.00452757213959243,0.00661335849685966,0.584192056352975,0.00036619584933303,0.738554692297291,0.532111337216769,2.012082,443.8884,335.3252,2.013197,445.2642,336.5449,2.011491,441.9201,333.9804,"No issues","No issues","No issues","No issues"
842,90,2025-05-21,2025-05-21 02:49:40,2025-05-21 02:53:20,2025-05-21 02:46:20,23,0.150960948616455,837.50030039524,176.538592885383,0.0379876418480336,0.465944759299402,0.0727168109420077,0.372826565089324,0.00033231416607843,0.213376167964159,0.00058323874949038,0.688372388886017,0.483995181004797,2.012944,441.5741,335.2083,2.013256,443.7914,336.9666,2.011035,439.9034,334.8906,"No issues","No issues","No issues","No issues"
843,100,2025-05-21,2025-05-21 02:57:00,2025-05-21 03:00:40,2025-05-21 02:53:40,23,-0.0463759683795573,-168.634529644304,72.2848695652119,0.0101325500169491,0.0283012797603708,0.0269592054862004,0.647675665933064,0.442901540359807,0.454079968436413,0.00035191253023978,0.758615792800078,0.333404899114134,2.012822,441.6482,335.0959,2.01311,442.236,336.3062,2.011773,439.1811,334.7674,"No issues","No issues","No issues","No issues"
844,110,2025-05-21,2025-05-21 03:04:20,2025-05-21 03:08:00,2025-05-21 03:01:00,23,-0.258132806324065,-267.975747035597,259.200853754894,0.185277618761873,0.0465852471307207,0.193161869769342,0.0403381409862582,0.322608213418991,0.0358719206615856,0.00041557474011847,0.930732369024115,0.406706890409505,2.013867,442.4169,335.5952,2.013867,442.4169,336.3963,2.011953,438.4619,334.8523,"No issues","No issues","No issues","No issues"
845,120,2025-05-21,2025-05-21 03:11:40,2025-05-21 03:15:20,2025-05-21 03:08:20,23,0.177137075098492,323.927430830061,112.65723320153,0.0504487527197691,0.154562643314134,0.0512070219630105,0.302844811975656,0.0634753084307172,0.299143061708927,0.0005900054898804,0.58163264096166,0.372299667193482,2.01355,441.9113,335.1728,2.015653,442.7635,336.4292,2.012748,440.3153,334.9508,"No issues","No issues","No issues","No issues"
846,130,2025-05-21,2025-05-21 03:19:00,2025-05-21 03:22:40,2025-05-21 03:15:40,23,0.1078633992097,708.619162055355,33.0573913043096,0.0439586861801398,0.334892543221675,0.00298029327412116,0.336971882899042,0.00381586407117903,0.804600204265914,0.00038619146935867,0.766687985303217,0.464198298551434,2.012697,442.5717,334.8547,2.014224,445.5963,336.6022,2.012697,441.9033,334.8438,"No issues","No issues","No issues","No issues"
847,140,2025-05-21,2025-05-21 03:26:20,2025-05-21 03:30:00,2025-05-21 03:23:00,23,0.201101976284473,480.513770751035,71.1886482213307,0.182776171990681,0.186848506912917,0.0146000064648518,0.0418641111017813,0.0394074873492114,0.582877918293111,0.00032646727643498,0.769589883477362,0.449006983366008,2.014144,442.0037,335.688,2.015686,445.2173,336.7622,2.014144,442.0037,335.0501,"No issues","No issues","No issues","No issues"
848,150,2025-05-21,2025-05-21 03:33:40,2025-05-21 03:37:20,2025-05-21 03:30:20,23,-0.147716679841932,1392.49821343873,186.659003952525,0.0745796669724436,0.848597616886942,0.0795111027265255,0.207380407361383,4.5644988992836e-10,0.192389739512909,0.00039948587878463,0.451567517190057,0.487592401088424,2.014164,441.0923,336.2243,2.015774,445.2562,336.9147,2.013803,441.0923,335.0433,"No issues","No issues","No issues","No issues"
849,160,2025-05-21,2025-05-21 03:41:00,2025-05-21 03:44:40,2025-05-21 03:37:40,23,0.314164743083068,-104.428743083049,23.817201581007,0.245589449049016,0.0251230516290118,0.00189887663271656,0.0161883663446806,0.470081519570877,0.843496809630466,0.00042273583600455,0.499426234532204,0.419220223604008,2.014032,442.9496,336.4568,2.014974,444.5203,337.5323,2.01323,442.2019,335.448,"No issues","No issues","No issues","No issues"
850,170,2025-05-21,2025-05-21 03:48:20,2025-05-21 03:52:00,2025-05-21 03:45:00,23,-0.0536243478260915,530.844332015758,-27.8418023715102,0.0357991236167142,0.27759250795572,0.00167908414209033,0.387231536466813,0.00979241551064715,0.852730681444778,0.00021365948762939,0.657456511125525,0.52120526873092,2.014407,442.6634,337.2919,2.014627,444.0736,338.6589,2.013833,441.1888,336.2295,"No issues","No issues","No issues","No issues"
851,180,2025-05-21,2025-05-21 03:55:40,2025-05-21 03:59:20,2025-05-21 03:52:20,23,0.13937549407108,555.748363636347,-96.6843320158135,0.0857990209888972,0.589616450528273,0.0324043717414606,0.174970832245052,1.89030432268767e-05,0.411127919408726,0.00034928399886955,0.355959808210165,0.405614846358625,2.01456,442.5463,336.7384,2.015122,443.4391,337.1956,2.013735,441.6516,335.7141,"No issues","No issues","No issues","No issues"
852,190,2025-05-21,2025-05-21 04:03:00,2025-05-21 04:06:40,2025-05-21 03:59:40,23,0.0596945454546056,1125.54782608691,185.102608695641,0.0247712763147023,0.599166774323876,0.12539062784771,0.473246546759461,1.46595144420972e-05,0.0973694607104368,0.0002875585569901,0.706780477318874,0.375318230517503,2.014463,441.2248,336.2637,2.015637,444.9164,337.6022,2.014463,440.8802,335.6479,"No issues","No issues","No issues","No issues"
853,200,2025-05-21,2025-05-21 04:10:20,2025-05-21 04:14:00,2025-05-21 04:07:00,23,-0.0186630830039425,-472.308332015832,110.591146245067,0.00217115844555198,0.308220651783422,0.04189904883357,0.832795641687187,0.00596153641421803,0.348810292448762,0.00030716961302094,0.543239238777701,0.406009792919631,2.015589,442.4246,336.948,2.016376,442.6605,337.9034,2.015117,440.362,336.267,"No issues","No issues","No issues","No issues"
854,210,2025-05-21,2025-05-21 04:17:40,2025-05-21 04:21:20,2025-05-21 04:14:20,23,0.138675415019721,781.238703557324,-109.463335968395,0.153846904767449,0.571656412221718,0.0571396798785994,0.0641460862310662,3.00391420050384e-05,0.271993911537092,0.00024968483304603,0.519188353501651,0.341378411512864,2.015713,440.9391,336.3865,2.016527,443.0903,337.1742,2.01563,439.971,335.8243,"No issues","No issues","No issues","No issues"
855,220,2025-05-21,2025-05-21 04:25:00,2025-05-21 04:28:40,2025-05-21 04:21:40,23,0.039767905138415,960.981438735143,55.8799683794457,0.00410797488553816,0.539820348377385,0.0109268642714083,0.771404188539893,6.53664925057151e-05,0.635026830436638,0.00047537632328181,0.681187508079424,0.40816445008827,2.016933,444.4425,336.5361,2.018282,446.2652,337.6534,2.016569,442.8781,336.0432,"No issues","No issues","No issues","No issues"
856,230,2025-05-21,2025-05-21 04:32:20,2025-05-21 04:36:00,2025-05-21 04:29:00,23,0.484796205533429,261.225960474279,-1.35576284584498,0.352725673015391,0.05470657019127,5.22889830768644e-06,0.00280878354302273,0.28275464955582,0.991738110314576,0.0005041937562817,0.833666799611781,0.455187251849652,2.015894,440.5933,337.193,2.018192,443.4048,337.487,2.015886,439.5329,335.5354,"No issues","No issues","No issues","No issues"
857,240,2025-05-21,2025-05-21 04:39:40,2025-05-21 04:43:20,2025-05-21 04:36:20,23,-0.157739762846246,-752.03345454548,-8.63743873519027,0.0633093892067474,0.446646461513916,0.00039869993997184,0.246800923391563,0.00049110101556906,0.92794627076823,0.00046581964600221,0.64264207086119,0.332038082170188,2.016267,442.419,337.0802,2.017648,443.7184,337.0802,2.015553,440.4747,335.6592,"No issues","No issues","No issues","No issues"
858,10,2025-05-21,2025-05-21 04:47:00,2025-05-21 04:50:40,2025-05-21 04:43:40,23,-0.246547351778844,513.694956521684,135.077691699579,0.218259590243943,0.153194947140454,0.0705918082264955,0.024600549450601,0.064763168251572,0.22045340071409,0.0003582263690265,0.927229835361824,0.376289691537491,2.015801,442.0563,336.3673,2.015803,444.1011,337.2557,2.014429,440.2197,335.7979,"No issues","No issues","No issues","No issues"
859,20,2025-05-21,2025-05-21 04:54:20,2025-05-21 04:58:00,2025-05-21 04:51:00,23,-0.536354466403213,-194.791873517806,-41.6914150197886,0.731460653765164,0.0761269760093692,0.00748866221326895,2.00194726178491e-07,0.202542435863118,0.69460680459254,0.00024950139374429,0.520979079794992,0.368489272142421,2.016089,443.1145,336.2373,2.016089,443.8533,336.8596,2.014449,441.5915,335.4982,"No issues","No issues","No issues","No issues"
860,30,2025-05-21,2025-05-21 05:01:40,2025-05-21 05:05:20,2025-05-21 04:58:20,23,0.588433517786678,480.515478260834,50.6549881422765,0.727980589171285,0.401503646505092,0.0179418129878339,2.29661745947195e-07,0.00116981676192599,0.542312481597474,0.0002761531786224,0.450407884940563,0.287720138877799,2.014686,442.2328,335.7997,2.0159,444.1642,336.6526,2.0139,442.1666,335.4984,"No issues","No issues","No issues","No issues"
861,40,2025-05-21,2025-05-21 05:09:00,2025-05-21 05:12:40,2025-05-21 05:05:40,23,0.479007747035604,1368.75187351782,27.1818498023866,0.476866620896527,0.79506157496333,0.00301247456830303,0.00026488816438531,1.12916694446563e-08,0.803567973353864,0.0003851792531464,0.533517460512719,0.37964245373435,2.014458,440.9109,335.2911,2.015834,445.595,336.4055,2.013864,440.9109,334.599,"No issues","No issues","No issues","No issues"
862,50,2025-05-21,2025-05-21 05:16:20,2025-05-21 05:20:00,2025-05-21 05:13:00,23,-0.14283320158121,881.896411067178,7523.1041264822,0.105437855729075,0.367601960189035,0.975741592525004,0.130602902818243,0.00216353488689942,1.91240772704354e-18,0.0003194101715781,0.888048161028963,0.910695945542586,2.014547,441.9314,351.109,2.014547,444.7964,368.1506,2.013365,440.3489,351.109,"No issues","No issues","No issues","No issues"
863,60,2025-05-21,2025-05-21 05:23:40,2025-05-21 05:27:20,2025-05-21 05:20:20,23,-0.399881739130467,829.190703557323,-61.7384347826511,0.477951402249413,0.507035427063135,0.0189141970931152,0.00025892751223875,0.00013831016520581,0.531466748550782,0.00032085422668649,0.627705194313,0.341371885674444,2.013737,441.711,336.473,2.014254,444.507,337.0135,2.012483,440.8503,335.4996,"No issues","No issues","No issues","No issues"
864,70,2025-05-21,2025-05-21 05:31:00,2025-05-21 05:34:40,2025-05-21 05:27:40,23,-1.34756679841918,-934.253786561268,17.7640790513842,0.809141129973262,0.502292958541142,0.00186505971561767,5.30609306331712e-09,0.00015355254119539,0.844880095428245,0.00050246629306437,0.713979611292313,0.315503042308158,2.012708,443.1085,334.9337,2.013636,444.357,335.6681,2.009824,440.5734,334.4563,"No issues","No issues","No issues","No issues"
865,80,2025-05-21,2025-05-21 05:38:20,2025-05-21 05:42:00,2025-05-21 05:35:00,23,-0.18567462450604,1071.32158102768,-253.903304347823,0.0947244313245923,0.583980599682029,0.237683039732645,0.153099531767607,2.19049674213044e-05,0.0182888466849102,0.00044068122365647,0.694208666787623,0.349099834762752,2.011625,444.6833,335.563,2.011625,446.1181,336.2486,2.009546,442.3922,334.5234,"No issues","No issues","No issues","No issues"
866,90,2025-05-21,2025-05-21 05:45:40,2025-05-21 05:49:20,2025-05-21 05:42:20,23,-0.609162687747296,-664.557723320168,-70.4834466403181,0.474659368161293,0.388897505246597,0.0248570181160657,0.00027740661792508,0.00147537601568859,0.472472040614704,0.0004920116175642,0.639565097267858,0.338929494599158,2.009414,442.8334,335.1115,2.010427,444.6295,335.9824,2.007389,441.2186,334.5154,"No issues","No issues","No issues","No issues"
867,100,2025-05-21,2025-05-21 05:53:00,2025-05-21 05:56:40,2025-05-21 05:49:40,23,-0.530309881423163,109.161106719318,118.666814229226,0.274520493548528,0.0270550780916718,0.0681806380372079,0.0102833304496215,0.453267421136011,0.228805476880083,0.00066186208673017,0.502574278414593,0.336803979045285,2.009478,441.474,335.2167,2.010431,442.5233,336.1956,2.007701,440.6241,334.7431,"No issues","No issues","No issues","No issues"
868,110,2025-05-21,2025-05-21 06:00:20,2025-05-21 06:04:00,2025-05-21 05:57:00,23,0.124383557312114,261.698086956505,34.2509407114719,0.0278678738717761,0.0567887213673095,0.00666882370695594,0.44646594962018,0.273515597672363,0.711069166092321,0.00056400934351195,0.818816510474782,0.320927929702135,2.008188,441.5087,335.6122,2.008484,442.2223,335.9417,2.006316,439.4666,334.7057,"No issues","No issues","No issues","No issues"
869,120,2025-05-21,2025-05-21 06:07:40,2025-05-21 06:11:20,2025-05-21 06:04:20,23,0.275182292490154,-7.42083794469172,115.107509881434,0.225432349323202,8.09958213939988e-05,0.076880753218665,0.0220606036666826,0.967491164711129,0.200230957883038,0.00039161078076183,0.633018857334588,0.306221967758648,2.008693,440.3176,335.8199,2.010362,441.2705,336.1281,2.00847,438.9107,334.8127,"No issues","No issues","No issues","No issues"
870,130,2025-05-21,2025-05-21 06:15:00,2025-05-21 06:18:40,2025-05-21 06:11:40,23,0.718767747035623,2109.4209960475,25.6476521739001,0.718329501279347,0.876676851513047,0.0032505515469433,3.33155846975649e-07,5.21903700126773e-11,0.796106351941718,0.00034554929131101,0.607405041856867,0.344805896720224,2.012796,443.6953,335.2528,2.014507,447.12,336.3314,2.012276,441.5516,334.7998,"No issues","No issues","No issues","No issues"
871,140,2025-05-21,2025-05-21 06:22:20,2025-05-21 06:26:00,2025-05-21 06:19:00,23,1.45674498023697,-474.226719367583,11.8236521738838,0.866089439694151,0.186230163652528,0.00041112412998372,1.24612087769842e-10,0.0397713141010845,0.926835099118042,0.00043976652517677,0.761069638882945,0.447598337174515,2.022203,452.9241,335.2908,2.026703,452.9241,336.3396,2.022203,449.0894,334.6199,"No issues","No issues","No issues","No issues"
872,150,2025-05-21,2025-05-21 06:29:40,2025-05-21 06:33:20,2025-05-21 06:26:20,23,-1.27250466403169,-1163.52882213439,80.6311778655845,0.827393254733111,0.418431655890548,0.0332343651066071,1.82831675611511e-09,0.00085078706388021,0.40509959518852,0.0004462157262001,1.05311998524535,0.33387392959873,2.028209,448.616,335.7054,2.028677,451.0772,336.8171,2.025276,446.5117,335.261,"No issues","No issues","No issues","No issues"
873,160,2025-05-21,2025-05-21 06:37:00,2025-05-21 06:40:40,2025-05-21 06:33:40,23,-1.09825328063255,-363.87889328068,47.6548932805958,0.802347461695351,0.256071826303847,0.00782212351919996,7.68975434302729e-09,0.0137531290885906,0.68820598608288,0.00041848997755774,0.476161266518259,0.412052479420433,2.026392,449.9955,335.7252,2.027501,450.0633,337.0257,2.023437,448.2025,335.2279,"No issues","No issues","No issues","No issues"
874,170,2025-05-21,2025-05-21 06:44:20,2025-05-21 06:48:00,2025-05-21 06:41:00,23,-0.935092173913053,687.591177865613,385.410592885377,0.741402053691746,0.522523606479408,0.27248275601467,1.33913740578957e-07,9.76539256246293e-05,0.0106216014522404,0.00042398711783138,0.504621658004987,0.483490980629658,2.020196,448.4876,336.3004,2.020196,449.8607,338.0035,2.017128,447.0924,335.7448,"No issues","No issues","No issues","No issues"
875,180,2025-05-21,2025-05-21 06:51:40,2025-05-21 06:55:20,2025-05-21 06:48:20,23,-2.08250466403196,-1062.96502766798,50.5465612647952,0.89826236566017,0.732575226071783,0.0156473618693274,6.84545719115041e-12,1.91510530020485e-07,0.569563497049471,0.00053806877965848,0.493067385624985,0.307793187194085,2.019247,446.4727,336.0917,2.019247,447.0376,336.5231,2.012606,443.8634,335.3581,"No issues","No issues","No issues","No issues"
876,190,2025-05-21,2025-05-21 06:59:00,2025-05-21 07:02:40,2025-05-21 06:55:40,23,-0.0688467984191065,54.5276205533749,-76.8866086956497,0.0101701561897397,0.00415191018647175,0.0324948845926876,0.647063664537676,0.770216725447499,0.410464396249664,0.00052145016042359,0.64833835463945,0.322093853141541,2.009333,445.2054,336.064,2.0113,447.663,336.9462,2.009333,444.8428,335.4608,"No issues","No issues","No issues","No issues"
877,200,2025-05-21,2025-05-21 07:06:20,2025-05-21 07:10:00,2025-05-21 07:03:00,23,0.379417233201297,-18.7740711462489,-163.237090909089,0.35954307284036,0.00038034169070805,0.0790732914980346,0.00249370291256001,0.929620597925188,0.193671130545496,0.00038877573335483,0.738926910082954,0.427689972421987,2.006982,445.9778,337.4146,2.008109,446.1792,337.4894,2.005857,443.5504,335.912,"No issues","No issues","No issues","No issues"
878,210,2025-05-21,2025-05-21 07:13:40,2025-05-21 07:17:20,2025-05-21 07:10:20,23,-0.257458339920924,-126.148268774742,-14.6265296442582,0.0915568250229268,0.0402712963734801,0.00046841146935956,0.16050745609693,0.358549972585188,0.921917924860061,0.00062262002081909,0.472792226462376,0.518726449724976,2.008178,447.4179,335.6256,2.009447,448.5478,337.6668,2.00631,446.3393,335.4593,"No issues","No issues","No issues","No issues"
879,220,2025-05-21,2025-05-21 07:21:00,2025-05-21 07:24:40,2025-05-21 07:17:40,23,0.211312885375386,1259.64455335964,71.6155256916748,0.321846014764224,0.572085689379175,0.0121556728807737,0.00475474523622633,2.97148767095449e-05,0.616513090800436,0.00023549336048046,0.836389307696777,0.495649340758399,2.005896,442.5072,336.2574,2.006726,447.29,337.6127,2.005695,442.468,335.8095,"No issues","No issues","No issues","No issues"
880,230,2025-05-21,2025-05-21 07:28:20,2025-05-21 07:32:00,2025-05-21 07:25:00,23,-0.531402687747032,-1083.71724901188,34.3858339920735,0.593743955114197,0.686747573723324,0.00420365751298504,1.69479757074085e-05,1.03728913135062e-06,0.768826786183289,0.00033747115659653,0.561923553787111,0.406315844957539,2.005545,447.7146,337.0488,2.005756,448.5623,337.7523,2.003642,444.9827,335.8293,"No issues","No issues","No issues","No issues"
881,240,2025-05-21,2025-05-21 07:35:40,2025-05-21 07:39:20,2025-05-21 07:32:20,23,-0.440716837944652,19.5578181817605,33.987984189692,0.574478136512875,0.00029162225454562,0.00506735511031105,2.79654333057283e-05,0.938355991500341,0.746873646711912,0.00029120338990027,0.879142619256983,0.365631979583168,2.003616,445.4995,337.2162,2.003616,445.7602,337.7979,2.00167,442.7814,336.3627,"No issues","No issues","No issues","No issues"
882,10,2025-05-21,2025-05-21 07:43:00,2025-05-21 07:46:40,2025-05-21 07:39:40,23,-0.390456284585146,-1945.75105138345,-36.8694071146367,0.44558553199938,0.679396246095337,0.00738453904869473,0.00050157951650974,1.32966478226477e-06,0.696638777840561,0.00033437727194467,1.02617776369954,0.328176570113711,2.002817,449.2497,337.1943,2.003404,449.3283,337.6908,2.001368,444.3481,336.4269,"No issues","No issues","No issues","No issues"
883,20,2025-05-21,2025-05-21 07:50:20,2025-05-21 07:54:00,2025-05-21 07:47:00,23,-0.254051857707543,-1478.56610276677,-39.463114624508,0.133438612806776,0.624274657077511,0.00375817064899036,0.08652941315986,7.30059912994377e-06,0.781112964806079,0.00049704290427879,0.880644715948116,0.49328520820589,2.007485,446.64,336.5166,2.00812,446.64,338.2284,2.005852,441.0799,336.2537,"No issues","No issues","No issues","No issues"
884,30,2025-05-21,2025-05-21 07:57:40,2025-05-21 08:01:20,2025-05-21 07:54:20,23,0.988127430830128,1961.85457707508,0.263810276625798,0.579877890774557,0.795064742390738,2.916200370825e-07,2.43569273305719e-05,1.12898169894888e-08,0.998048854015675,0.00064572119934854,0.764691920175588,0.37505551972067,2.008849,445.2503,337.9348,2.011041,450.9561,337.9348,2.007826,445.2503,336.3942,"No issues","No issues","No issues","No issues"
885,40,2025-05-21,2025-05-21 08:05:00,2025-05-21 08:08:40,2025-05-21 08:01:40,23,-0.622933754940898,-1338.67237944668,-70.4194150197852,0.285709053955537,0.769222524536801,0.0133289948089719,0.00859895116447819,3.98713301111055e-08,0.599883937852361,0.00075618843573217,0.56293417018376,0.465149429221844,2.010727,449.2027,336.9248,2.01211,449.2027,337.856,2.008422,445.0482,336.2022,"No issues","No issues","No issues","No issues"
886,50,2025-05-21,2025-05-21 08:12:20,2025-05-21 08:16:00,2025-05-21 08:09:00,23,-0.985429565217425,-828.197786561266,7078.66406324105,0.77144360777913,0.192175298244792,0.994762548715438,3.59750147856602e-08,0.0364035033472207,1.93848781416102e-25,0.00041179661976407,1.3036362965934,0.394333962674805,2.004725,447.9889,359.0609,2.00511,448.0241,377.4471,2.002031,440.8922,359.0609,"No issues","No issues","No issues","No issues"
887,60,2025-05-21,2025-05-21 08:19:40,2025-05-21 08:23:20,2025-05-21 08:16:20,23,0.652678577074933,481.576695652203,14.0801264821932,0.494804846403207,0.231205515164458,0.00074873936588571,0.00018077384239943,0.0201994721348732,0.901367997978578,0.00050631940147711,0.674192773406551,0.394903670734586,2.000663,442.0713,336.7505,2.002578,444.6035,337.1279,1.999892,441.2304,335.8159,"No issues","No issues","No issues","No issues"
888,70,2025-05-21,2025-05-21 08:27:00,2025-05-21 08:30:40,2025-05-21 08:23:40,23,-0.0724325691700822,-624.985328063208,-296.597881422926,0.0133329465808059,0.349846767700435,0.203615606994075,0.599829507432166,0.00295259348938305,0.0306788405765094,0.00047837527988343,0.654110842495398,0.450335805998848,2.00063,444.7076,336.1826,2.001065,444.7076,336.94,1.999048,441.1562,334.7905,"No issues","No issues","No issues","No issues"
889,80,2025-05-21,2025-05-21 08:34:20,2025-05-21 08:38:00,2025-05-21 08:31:00,23,0.502827509881289,839.515162055314,63.2265296442688,0.313098816200225,0.179225460030413,0.0173428790324662,0.00550002684620747,0.0441264982753009,0.549191611617784,0.00057179196136973,1.3792825004722,0.365386372848979,1.999412,445.4715,336.3605,2.002448,450.6262,336.5322,1.999412,445.4715,335.113,"No issues","No issues","No issues","No issues"
890,90,2025-05-21,2025-05-21 08:41:40,2025-05-21 08:45:20,2025-05-21 08:38:20,23,-0.162000000000209,-2157.19797628461,18.1661976284404,0.0516472972467373,0.897714816911683,0.00124568486770804,0.297019068942853,7.24433935038734e-12,0.872979301974089,0.00053295280676122,0.559035988247352,0.394913400012192,2.001335,447.7247,335.7652,2.001335,447.7247,336.4435,1.999142,442.3928,334.6578,"No issues","No issues","No issues","No issues"
891,100,2025-05-21,2025-05-21 08:49:00,2025-05-21 08:52:40,2025-05-21 08:45:40,23,-0.191061818182021,-15.9583873518007,-108.963035573149,0.0673007885206981,0.00026631489133284,0.0521460264339837,0.23194193525827,0.941086740553732,0.294635223971024,0.00054606863274403,0.750664771857505,0.356657939895346,1.998788,444.6315,335.8515,1.999538,444.9884,336.1953,1.997597,442.3305,334.8932,"No issues","No issues","No issues","No issues"
892,110,2025-05-21,2025-05-21 08:56:20,2025-05-21 09:00:00,2025-05-21 08:53:00,23,-0.360523636363819,-1247.88066403161,-8.29593675891134,0.199813584292703,0.588817633597939,0.00024293329146785,0.0324779340398552,1.93043579320024e-05,0.943728177258875,0.00055389751996413,0.800594289729111,0.408584373261462,1.998903,444.6985,335.4306,1.999845,444.6985,336.3942,1.997072,440.0409,335.063,"No issues","No issues","No issues","No issues"
893,120,2025-05-21,2025-05-21 09:03:40,2025-05-21 09:07:20,2025-05-21 09:00:20,23,0.0478188142291283,-272.33672727275,118.891351778658,0.00412271158762393,0.12720518464202,0.0353514977451731,0.77100513162725,0.0948115210828234,0.390270635300787,0.00057058826500785,0.547674452101843,0.47680796179877,1.997774,442.8389,336.1107,1.998918,443.7989,336.8506,1.996281,441.6337,335.033,"No issues","No issues","No issues","No issues"
894,130,2025-05-21,2025-05-21 09:11:00,2025-05-21 09:14:40,2025-05-21 09:07:40,23,0.036480948616603,-208.123256917025,47.7018498023239,0.00345416310199917,0.0407770156637254,0.0131695745455683,0.789952080424408,0.35548637935965,0.602088243977491,0.00047572495952088,0.77497069197034,0.317017479999827,1.997222,443.8613,335.0317,1.998273,443.8613,336.1177,1.995957,440.1184,334.7422,"No issues","No issues","No issues","No issues"
895,140,2025-05-21,2025-05-21 09:18:20,2025-05-21 09:22:00,2025-05-21 09:15:00,23,-0.293990513833976,369.269501976263,-36.2248221344019,0.102241651832848,0.166069676417356,0.00591895981475641,0.136927288826253,0.0535911507008551,0.727158353676598,0.0006688237868864,0.635295457061119,0.360418485275452,1.999131,443.6385,334.6751,2.001089,446.2151,336.1497,1.998463,443.2957,334.6751,"No issues","No issues","No issues","No issues"
896,150,2025-05-21,2025-05-21 09:25:40,2025-05-21 09:29:20,2025-05-21 09:22:20,23,1.77179762845834,825.316363636352,-50.5542450592694,0.838444751182774,0.747519720632721,0.00968424210793747,9.07244820677208e-10,1.03767498961198e-07,0.655078089117659,0.00059710405826926,0.368243810233868,0.392486072904453,1.999578,441.922,335.5116,2.002913,444.8552,336.5345,1.998555,441.922,335.0376,"No issues","No issues","No issues","No issues"
897,160,2025-05-21,2025-05-21 09:33:00,2025-05-21 09:36:40,2025-05-21 09:29:40,23,0.206173280631973,-974.795193675975,-89.6314624506071,0.0561421854650651,0.605621671175322,0.0169875856963752,0.276345397382505,1.23043709672119e-05,0.553347710350701,0.00064901331668094,0.603923309748347,0.523463915374316,2.002317,442.592,336.3755,2.004726,443.2037,336.6205,2.001988,439.9427,334.4448,"No issues","No issues","No issues","No issues"
898,170,2025-05-21,2025-05-21 09:40:20,2025-05-21 09:44:00,2025-05-21 09:37:00,23,0.415616442687662,-438.416822134454,244.903019762831,0.233747359440953,0.247596826012306,0.158370019412052,0.0194282026584346,0.0156925899278762,0.0600215138016261,0.00057772073078802,0.586749297696053,0.433441858412988,2.00105,445.8428,336.2862,2.002784,446.449,337.7686,1.999717,443.7034,335.3369,"No issues","No issues","No issues","No issues"
899,180,2025-05-21,2025-05-21 09:47:40,2025-05-21 09:51:20,2025-05-21 09:44:20,23,-1.19933786561278,-1713.20784189726,-40.5328695652287,0.594074728039815,0.81313073795204,0.00497458851354397,1.67995733122399e-05,4.24115711712103e-09,0.749128334797228,0.00076112615741155,0.63053818947627,0.440107177786851,2.003871,438.3848,336.2062,2.004733,439.6083,337.0352,2.00101,434.9632,335.1754,"No issues","No issues","No issues","No issues"
900,190,2025-05-21,2025-05-21 09:55:00,2025-05-21 09:58:40,2025-05-21 09:51:40,23,-0.64397027667997,-2009.31566798426,155.683920948628,0.206157393147059,0.829311895818772,0.0919217685876039,0.0295298026214033,1.62415285400115e-09,0.159634886245832,0.00097016625231979,0.699847549652625,0.375671979504608,2.000644,440.3109,335.4506,2.004375,440.3109,336.7345,2.000324,435.4267,335.4268,"No issues","No issues","No issues","No issues"
901,200,2025-05-21,2025-05-21 10:02:20,2025-05-21 10:06:00,2025-05-21 09:59:00,23,0.301435256916822,318.023715415026,211.303494071146,0.0873300557918216,0.0982279577208319,0.100297105816824,0.170993244804508,0.1453256652993,0.140930700479864,0.00074813788721751,0.739780584106345,0.485875088189148,2.00456,439.7892,335.7139,2.005306,442.6063,337.1722,2.001968,439.3173,335.0652,"No issues","No issues","No issues","No issues"
902,210,2025-05-21,2025-05-21 10:09:40,2025-05-21 10:13:20,2025-05-21 10:06:20,23,-0.0211987351781649,-255.918166007934,-234.506845849819,0.00014394899178457,0.137057754987293,0.184198872077733,0.956670082886582,0.0820583061418512,0.0409894979539992,0.00135639747047547,0.493006640257537,0.378893180423942,2.003202,438.9064,336.7723,2.005545,440.4183,336.9997,2.000421,437.935,335.4705,"No issues","No issues","No issues","No issues"
903,220,2025-05-21,2025-05-21 10:17:00,2025-05-21 10:20:40,2025-05-21 10:13:40,23,-0.916531541502211,-1778.25372332024,-235.799430830023,0.867834506909742,0.893783740340394,0.306851475081224,1.084800350698e-10,1.07853242742884e-11,0.00609741264238781,0.00027460003871026,0.470636493397303,0.272084869925283,2.002934,439.3523,336.6436,2.002934,440.0998,336.7762,2.000297,435.0804,335.6007,"No issues","No issues","No issues","No issues"
904,230,2025-05-21,2025-05-21 10:24:20,2025-05-21 10:28:00,2025-05-21 10:21:00,23,-0.0938532806324831,695.461944664031,99.8363952568799,0.019471952577106,0.28989166710709,0.0528854850563381,0.525416387241591,0.00803849961384469,0.291143338455358,0.00051131356263214,0.835661520837538,0.324365374497459,1.999484,439.4098,336.3154,1.999484,440.1605,337.0925,1.997249,436.4989,335.8291,"No issues","No issues","No issues","No issues"
905,240,2025-05-21,2025-05-21 10:31:40,2025-05-21 10:35:20,2025-05-21 10:28:20,23,-0.488202687747108,375.566798419004,-97.0258339920745,0.516449896051525,0.282937705523455,0.0255730518451139,0.00011207441471186,0.00899022058511804,0.466080518273301,0.00036267649098223,0.459021277470507,0.459815221316027,1.995425,436.9584,336.9168,1.996161,438.9048,337.4797,1.994418,436.4348,335.5297,"No issues","No issues","No issues","No issues"
906,10,2025-05-21,2025-05-21 10:39:00,2025-05-21 10:42:40,2025-05-21 10:35:40,23,0.0341672727272262,214.528980237059,80.7353359683308,0.00374553233127352,0.124787182042164,0.0293976609829615,0.78147263927408,0.0982355032565797,0.434070838219658,0.00042781033885185,0.436184682207265,0.356156217879447,1.994964,438.3761,336.5524,1.995266,438.5121,337.5595,1.993587,436.4786,336.2408,"No issues","No issues","No issues","No issues"
907,20,2025-05-21,2025-05-21 10:46:20,2025-05-21 10:50:00,2025-05-21 10:43:00,23,0.209306561264682,-717.752632411096,120.434940711438,0.213882635347033,0.4532018865948,0.0427579736763702,0.0262848675540454,0.00043068706760555,0.343809286737224,0.00030807139128383,0.605278209070749,0.43748928412429,1.994546,437.5567,336.9283,1.995193,439.0805,337.557,1.99388,435.4832,336.0555,"No issues","No issues","No issues","No issues"
908,30,2025-05-21,2025-05-21 10:53:40,2025-05-21 10:57:20,2025-05-21 10:50:20,23,-0.412551462450686,-471.809739130442,-181.790893280648,0.478087970508101,0.215794895229656,0.181313951472355,0.00025818587306454,0.0255358972178746,0.0427818349625449,0.00033092949159443,0.690516000113713,0.296570399898822,1.994997,441.591,337.0646,1.995551,442.4223,337.8284,1.993542,439.3083,336.5126,"No issues","No issues","No issues","No issues"
909,40,2025-05-21,2025-05-21 11:01:00,2025-05-21 11:04:40,2025-05-21 10:57:40,23,0.777753675889416,-1591.48714624507,-143.470956521749,0.122757220466739,0.760060178553019,0.0922191748612188,0.101206536651557,6.03291155203001e-08,0.158927531538419,0.00159621374470442,0.686503739279624,0.345586266980243,1.994148,438.7854,337.3665,1.998737,439.7906,337.3665,1.993531,434.9101,335.7564,"No issues","No issues","No issues","No issues"
910,50,2025-05-21,2025-05-21 11:08:20,2025-05-21 11:12:00,2025-05-21 11:05:00,23,-1.18171636363648,163.415525691699,9579.93125691697,0.641211763334075,0.0377333850021858,0.990617889550249,4.4455586055253e-06,0.374462602690863,8.84476142189043e-23,0.00067864742012733,0.633564357351599,0.715767830946257,1.998771,439.9943,363.4142,2.000428,441.5905,386.5565,1.996416,438.0654,363.2497,"No issues","No issues","No issues","No issues"
911,60,2025-05-21,2025-05-21 11:15:40,2025-05-21 11:19:20,2025-05-21 11:12:20,23,-1.76770814229251,-1124.77090909091,-55.0808537549702,0.932915913350618,0.670041293614938,0.00953678476067359,8.48980054073357e-14,1.80947644155517e-06,0.657557254135797,0.00036392480932381,0.605976361292338,0.430954523820822,1.998051,440.7474,335.9838,1.998104,441.3029,338.0665,1.993473,437.3162,335.9838,"No issues","No issues","No issues","No issues"
912,70,2025-05-21,2025-05-21 11:23:00,2025-05-21 11:26:40,2025-05-21 11:19:40,23,-0.785275256917018,-1096.83433992101,-94.7659446640789,0.7269510338575,0.618669176004286,0.0526284424603552,2.39104878627289e-07,8.56251398289002e-06,0.292351432795745,0.00036948958253005,0.66111247362477,0.308684486881952,1.993498,435.5898,336.7146,1.994214,436.3063,337.2946,1.991735,432.7739,335.9189,"No issues","No issues","No issues","No issues"
913,80,2025-05-21,2025-05-21 11:30:20,2025-05-21 11:34:00,2025-05-21 11:27:00,23,0.0830020553358255,-2136.69163636366,-5.33340711463923,0.0412802339364378,0.873863982553616,9.18168414444571e-05,0.352471835692133,6.62312770534537e-11,0.965388820625466,0.00030709744858651,0.623235356751392,0.427303272281409,1.991526,436.5077,335.8585,1.992321,438.1393,337.0921,1.991018,431.522,335.4331,"No issues","No issues","No issues","No issues"
914,90,2025-05-21,2025-05-21 11:37:40,2025-05-21 11:41:20,2025-05-21 11:34:20,23,0.0386324110669192,-2549.18760474309,-16.065960474341,0.0120890323257648,0.966623667176208,0.00072638164927919,0.617486907300832,5.47632451055964e-17,0.902844889339726,0.00026811897059688,0.363667918159414,0.457487327859579,1.992219,435.4353,336.6281,1.992422,435.4353,336.9768,1.991461,428.6753,335.3175,"No issues","No issues","No issues","No issues"
915,100,2025-05-21,2025-05-21 11:45:00,2025-05-21 11:48:40,2025-05-21 11:41:40,23,-0.0484505928856084,32.0337391304445,-314.241581027656,0.00930206779533652,0.00169569352590552,0.279942762343204,0.661550687426979,0.85201184338448,0.0094317697277862,0.00038387742209367,0.596730205354174,0.386923524477988,1.99062,435.7665,336.6349,1.991348,436.9727,336.7554,1.990028,434.6479,335.1559,"No issues","No issues","No issues","No issues"
916,110,2025-05-21,2025-05-21 11:52:20,2025-05-21 11:56:00,2025-05-21 11:49:00,23,0.493735019762991,1174.5260395257,13.6763003952529,0.462903748594048,0.863421831194757,0.00105322633967019,0.00035370681859837,1.53501446559723e-10,0.883132070547777,0.00040830738931689,0.358636407480109,0.323363908545204,1.991561,436.5648,335.837,1.992476,440.3561,336.8707,1.989945,436.5648,335.6056,"No issues","No issues","No issues","No issues"
917,120,2025-05-21,2025-05-21 11:59:40,2025-05-21 12:03:20,2025-05-21 11:56:20,23,0.0470760474307068,-120.573249011855,138.164015810262,0.0137869447243195,0.041281416738113,0.0586489534952551,0.593642702817898,0.35246478944781,0.265563065932353,0.00030567783164456,0.446099601781928,0.424965050536228,1.993958,439.8357,334.6986,1.994537,439.8357,336.4007,1.993288,438.0614,334.6986,"No issues","No issues","No issues","No issues"
918,130,2025-05-21,2025-05-21 12:07:00,2025-05-21 12:10:40,2025-05-21 12:03:40,23,-0.419765691699814,-1512.18697233199,-99.4607430829882,0.436540288921996,0.800063318639242,0.0232722510013395,0.00059962206527929,8.68686928617895e-09,0.487117684180406,0.00036613294091924,0.580366248616037,0.494688554511773,1.993808,438.1573,335.538,1.994265,438.7112,336.4334,1.992536,433.9709,334.5418,"No issues","No issues","No issues","No issues"
919,140,2025-05-21,2025-05-21 12:14:20,2025-05-21 12:18:00,2025-05-21 12:11:00,23,-0.0545976284585816,1148.47626877474,-19.1488695652216,0.0527733261494713,0.755083667492982,0.00146976152664993,0.291669737972365,7.50604282702138e-08,0.862124696232318,0.0001775849267602,0.502164441566671,0.383188890852507,1.992006,438.6483,335.4762,1.992006,442.3869,336.4521,1.991337,438.6483,335.0153,"No issues","No issues","No issues","No issues"
920,150,2025-05-21,2025-05-21 12:21:40,2025-05-21 12:25:20,2025-05-21 12:18:20,23,0.00271494071135397,-209.144347826115,-133.717660079106,2.32113497838519e-05,0.0969802710722638,0.0468936319423296,0.982593968619245,0.148045255802951,0.320972850034835,0.00043263107158054,0.489965668543852,0.462823193272809,1.992152,442.2961,335.8713,1.993067,442.2961,336.3996,1.991408,440.5655,334.481,"No issues","No issues","No issues","No issues"
921,160,2025-05-21,2025-05-21 12:29:00,2025-05-21 12:32:40,2025-05-21 12:25:40,23,0.154580869564977,-1712.634972332,48.5052332015705,0.325589420839874,0.805755823101945,0.0086042056253681,0.00446547158761588,6.39390207881398e-09,0.673786167731833,0.00017080295747892,0.645579426409302,0.399732388356359,1.993277,439.9744,335.6529,1.994123,441.1208,336.5438,1.993151,435.4205,334.8616,"No issues","No issues","No issues","No issues"
922,170,2025-05-21,2025-05-21 12:36:20,2025-05-21 12:40:00,2025-05-21 12:33:00,23,0.0349100395257121,-463.734924901182,47.3014387351938,0.0125534284548078,0.356771221972022,0.00734605500462748,0.610768210845772,0.00261763708966822,0.697393934893446,0.00023770513495153,0.478046591368537,0.422142224990546,1.99404,442.8938,334.9865,1.994738,443.4991,336.7202,1.993575,441.0118,334.9613,"No issues","No issues","No issues","No issues"
923,180,2025-05-21,2025-05-21 12:43:40,2025-05-21 12:47:20,2025-05-21 12:40:20,23,-0.0584139130436354,-1617.37384980238,176.844237154105,0.0449745653183112,0.855567524786249,0.109520423882056,0.331322187563813,2.77255215882485e-10,0.122963182927866,0.00020665831182192,0.510185714650634,0.387139897948877,1.995424,433.1775,335.6303,1.995424,433.2568,336.5245,1.994302,429.459,334.9064,"No issues","No issues","No issues","No issues"
924,190,2025-05-21,2025-05-21 12:51:00,2025-05-21 12:54:40,2025-05-21 12:47:40,23,0.1734317786561,-1359.28970750995,-91.5148458498189,0.239803092226042,0.745090386675654,0.0488090191567012,0.0177016327418731,1.14909988835365e-07,0.311044024488853,0.00023707018233526,0.610398209856952,0.310161558270019,1.994782,437.9414,336.3706,1.995693,438.4249,336.3706,1.99468,434.1149,335.2256,"No issues","No issues","No issues","No issues"
926,10,2025-05-21,2025-05-21 13:02:40,2025-05-21 13:09:10,2025-05-21 12:59:20,40,-0.144086994371494,-2079.00494409006,-83.36060037523,0.250529265216752,0.936166312751131,0.0708435691588764,0.00100465281825267,2.62256472131702e-24,0.0968962163538283,0.00033296053126443,0.72531030791146,0.403343351007169,1.993663,440.1197,335.9004,1.995005,440.1197,336.5713,1.993312,430.4041,334.8225,"No issues","No issues","No issues","No issues"
927,20,2025-05-21,2025-05-21 13:15:00,2025-05-21 13:21:30,2025-05-21 13:11:40,40,0.133509073170704,-1196.28126979366,-14.1055699812293,0.222014611686706,0.867201142818819,0.00184819475637724,0.00214895986640986,3.01422730320901e-18,0.79224495974696,0.00033390704987654,0.625446861365802,0.437960494744401,1.992482,439.1659,335.636,1.994548,439.1659,336.7896,1.992482,432.3195,334.9218,"No issues","No issues","No issues","No issues"
928,30,2025-05-21,2025-05-21 13:27:20,2025-05-21 13:33:50,2025-05-21 13:24:00,40,-0.166580172607904,-92.4248195122134,43.5417095684832,0.454491167546125,0.0594340193773805,0.0167667838267345,1.85117928617167e-06,0.12953103275975,0.425835896904756,0.00024382674647856,0.491230767196885,0.445480533775587,1.994041,440.9695,335.6192,1.994109,442.2377,336.9877,1.992726,439.8704,335.1815,"No issues","No issues","No issues","No issues"
929,40,2025-05-21,2025-05-21 13:39:40,2025-05-21 13:46:10,2025-05-21 13:36:20,40,-0.110857846153943,-2197.03066716698,20.4297906191337,0.206210256320824,0.943759652357956,0.00376753843672102,0.00324715926824584,2.35520042340247e-25,0.706732416320639,0.00029059217358045,0.716554587010308,0.443849035602583,1.993063,437.7885,335.791,1.993063,437.7885,337.0929,1.991773,426.1339,335.0081,"No issues","No issues","No issues","No issues"
930,50,2025-05-21,2025-05-21 13:52:00,2025-05-21 13:58:30,2025-05-21 13:48:40,40,-0.1080551144466,125.900848030011,15171.3916277674,0.17399210651302,0.0525625543460385,0.999298922323467,0.00741196115072185,0.154719756351597,1.50970711104283e-61,0.00031455204987074,0.714143624465889,0.536884227321439,1.992308,441.2001,379.7227,1.992593,443.5223,447.9107,1.991177,440.499,379.7227,"No issues","No issues","No issues","No issues"
931,60,2025-05-21,2025-05-21 14:04:20,2025-05-21 14:10:50,2025-05-21 14:01:00,40,2.44338065290806,12451.5415924953,-245.662838273921,0.177950915714813,0.267425951680859,0.187818302769892,0.00670414849317845,0.00063354991874712,0.00521403860735728,0.00701632598371608,27.5338523874873,0.682522503094387,1.991529,441.4417,337.4829,2.040608,630.0654,338.1122,1.990766,439.7987,334.0848,"No issues","No issues","No issues","No issues"
932,70,2025-05-21,2025-05-21 14:16:40,2025-05-21 14:23:10,2025-05-21 14:13:20,40,0.836035902438946,-2196.78313846153,-42.8257080675312,0.118420062672288,0.264816377313326,0.00692212545807207,0.0296828559318245,0.00068067978128823,0.609771745130446,0.00304763533442673,4.89026669865539,0.685324627115174,1.993841,450.5901,336.0912,2.001576,475.0065,339.7343,1.989729,437.8872,335.6991,"No issues","No issues","No issues","No issues"
933,80,2025-05-21,2025-05-21 14:29:00,2025-05-21 14:35:30,2025-05-21 14:25:40,40,0.65357304315198,-254.331935459672,-1.76739061915702,0.200171311459303,0.00674712186371492,1.93141152658273e-05,0.00379636576292745,0.614342979344634,0.9785285154817,0.00174546670544905,4.12279178085727,0.537292537176313,1.989595,440.9318,336.9542,1.995591,453.4397,338.4993,1.988519,435.4014,335.5591,"No issues","No issues","No issues","No issues"
934,90,2025-05-21,2025-05-21 14:41:20,2025-05-21 14:47:50,2025-05-21 14:38:00,40,-0.943787887429604,-1347.28488405253,-45.1719624765328,0.0178217948318458,0.00431736262161511,0.0286672310564171,0.411515617151338,0.687078049513076,0.296280025173896,0.00936081564592368,27.3357193484631,0.351301473859064,1.994146,448.8576,336.478,2.049174,612.712,336.9684,1.988977,437.7459,335.3448,"No issues","No issues","No issues","No issues"
935,100,2025-05-21,2025-05-21 14:53:40,2025-05-21 15:00:10,2025-05-21 14:50:20,40,-0.262538476547903,-2041.9854619137,34.8360585365794,0.0148525114730753,0.478916254792471,0.0133461981380626,0.453774742889403,7.57129238788623e-07,0.477789522812272,0.00285669257616581,2.84574830795582,0.400177337867445,1.992012,453.7,335.6667,2.001405,453.7,336.9606,1.989642,438.8919,335.2162,"No issues","No issues","No issues","No issues"
936,110,2025-05-21,2025-05-21 15:06:00,2025-05-21 15:12:30,2025-05-21 15:02:40,40,-0.303127834896733,-1122.65882476549,-61.9170281425838,0.254339216122733,0.274898376646455,0.0488199540079625,0.00090610400059565,0.0005152913805137,0.170650700527069,0.00069344124798322,2.43602091099765,0.365142724798296,1.989268,440.8028,335.2794,1.992238,448.731,336.4394,1.988839,435.6004,334.5358,"No issues","No issues","No issues","No issues"
937,120,2025-05-21,2025-05-21 15:18:20,2025-05-21 15:24:50,2025-05-21 15:15:00,40,-0.18059139962479,-882.472903564744,35.236286679179,0.114257032118094,0.251902820664215,0.0137591045553679,0.0329026962753474,0.00096799156009891,0.471011038530618,0.0006717834762419,2.03181301981808,0.398571663415753,1.988744,438.2057,335.789,1.99155,447.6566,336.3469,1.988562,436.9529,334.321,"No issues","No issues","No issues","No issues"
938,130,2025-05-21,2025-05-21 15:30:40,2025-05-21 15:37:10,2025-05-21 15:27:20,40,-0.503135729831205,-2268.3934198874,3.07571031896109,0.919043454904197,0.942523700338627,0.00011554975032445,2.41745966508362e-22,3.56182622286393e-25,0.947512187684802,0.00019950922684702,0.748404698888325,0.382257220503381,1.991747,450.0089,335.0107,1.991747,450.0089,335.7875,1.989428,438.88,333.8767,"No issues","No issues","No issues","No issues"
939,140,2025-05-21,2025-05-21 15:43:00,2025-05-21 15:49:30,2025-05-21 15:39:40,40,-0.0544368630393574,-8.65726378987769,-50.4546821763466,0.37615527973245,0.00049161474233023,0.0307440305338151,2.57901670302693e-05,0.891979116129338,0.279167115546909,9.36629059862077e-05,0.521532394307149,0.378495030726693,1.988901,441.1384,335.3045,1.989043,442.4512,335.7995,1.98849,439.8688,334.1232,"No issues","No issues","No issues","No issues"
940,150,2025-05-21,2025-05-21 15:55:20,2025-05-21 16:01:50,2025-05-21 15:52:00,40,0.124022904315257,73.7683362101149,-17.3530266416495,0.6760677596771,0.0383338348122458,0.00292748381801878,7.72259015260392e-11,0.225979368031479,0.740199046270633,0.00011469744351253,0.493640620301585,0.42786939300972,1.988644,441.2033,334.4833,1.989375,442.7485,336.3818,1.988511,440.4794,334.4833,"No issues","No issues","No issues","No issues"
941,160,2025-05-21,2025-05-21 16:07:40,2025-05-21 16:14:10,2025-05-21 16:04:20,40,-0.0358584315196328,-66.7846063789705,57.7088780487699,0.146019154791848,0.0269439120862846,0.0435114367018918,0.0149630983553115,0.311482223393656,0.196463266337067,0.00011585914126401,0.53620992422555,0.361493652957638,1.989386,440.0572,335.1967,1.989488,440.5592,336.2296,1.988976,437.9485,334.7513,"No issues","No issues","No issues","No issues"
942,170,2025-05-21,2025-05-21 16:20:00,2025-05-21 16:26:30,2025-05-21 16:16:40,40,-0.0792553846153458,61.1155181988885,307.887291557211,0.395649928096524,0.016314925938939,0.517073871987696,1.37949667189924e-05,0.432193553822371,1.72391346200158e-07,0.00013086918196604,0.634025685646408,0.397535286836052,1.988467,441.4448,335.5931,1.988748,442.5343,338.0921,1.98799,439.6712,335.4772,"No issues","No issues","No issues","No issues"
943,180,2025-05-21,2025-05-21 16:32:20,2025-05-21 16:38:50,2025-05-21 16:29:00,40,0.0130215984991145,-163.253772607872,111.210821763595,0.0302556192604931,0.157932386085289,0.166331900506083,0.283079590462269,0.0111085808244919,0.00899418655607821,9.84940009697481e-05,0.503640882634456,0.332640965896858,1.988175,440.6994,335.5618,1.988561,441.1588,336.9481,1.988165,438.9054,335.5618,"No issues","No issues","No issues","No issues"
944,190,2025-05-21,2025-05-21 16:44:40,2025-05-21 16:51:10,2025-05-21 16:41:20,40,0.0461688855534546,-159.239738836789,66.949139212023,0.22267336094526,0.107490505317272,0.0579714199933682,0.00211203380609261,0.0388973000426905,0.134495334173026,0.00011524892983389,0.613045477871137,0.360570285817391,1.988373,441.8214,336.7062,1.98889,442.0845,337.1756,1.988202,439.6235,335.4098,"No issues","No issues","No issues","No issues"
945,200,2025-05-21,2025-05-21 16:57:00,2025-05-21 17:03:30,2025-05-21 16:53:40,40,0.0733605703564935,324.632600375223,50.8387001876436,0.37070293631495,0.252188929880634,0.0168207515297674,3.06246656102958e-05,0.00096051869194153,0.42508581570352,0.00012770191360456,0.746869857715653,0.519287607545593,1.988434,442.0964,336.5337,1.989173,443.9748,337.8969,1.988434,440.3486,335.3876,"No issues","No issues","No issues","No issues"
946,210,2025-05-21,2025-05-21 17:09:20,2025-05-21 17:15:50,2025-05-21 17:06:00,40,0.0838169155722608,-283.107836397749,-31.5268412757768,0.49513207109236,0.335163849869774,0.0127069678875372,4.09013645010778e-07,9.09267474368813e-05,0.488597156623291,0.00011307846493963,0.532721819186723,0.371280718990381,1.989535,445.4936,336.8734,1.989827,445.6777,337.698,1.989163,443.2672,336.0792,"No issues","No issues","No issues","No issues"
947,220,2025-05-21,2025-05-21 17:21:40,2025-05-21 17:28:10,2025-05-21 17:18:20,40,0.0102099512195014,-1204.2780517824,-124.093904690456,0.0151650224423708,0.785924589132852,0.103837640828673,0.449027637031542,2.75016394184358e-14,0.0425767394747943,0.00010992683833614,0.839729852039839,0.487064256247393,1.989701,446.6974,336.9255,1.989917,447.3562,337.7271,1.989431,441.4416,335.7906,"No issues","No issues","No issues","No issues"
948,230,2025-05-21,2025-05-21 17:34:00,2025-05-21 17:40:30,2025-05-21 17:30:40,40,0.0170433320825549,400.989127204525,31.8565553471005,0.0255425158510169,0.432868283642364,0.0146237272041242,0.324579517981917,3.96048014107182e-06,0.457299142214742,0.00014064489865886,0.613220334882115,0.349374088226547,1.989604,447.0256,336.6882,1.990178,449.1073,337.7832,1.989525,444.92,336.2635,"No issues","No issues","No issues","No issues"
949,240,2025-05-21,2025-05-21 17:46:20,2025-05-21 17:52:50,2025-05-21 17:43:00,40,-0.0632316697936804,249.234659662306,-85.7573493433629,0.2934260655771,0.259417619378771,0.104457835855242,0.00030638455422098,0.00078910181633387,0.0419282425386065,0.00013109435101207,0.562620116564803,0.335477750732298,1.990086,445.4834,336.6932,1.990266,448.3464,338.1898,1.989628,445.4834,336.433,"No issues","No issues","No issues","No issues"
950,10,2025-05-21,2025-05-21 17:58:40,2025-05-21 18:05:10,2025-05-21 17:55:20,40,-0.0687504090056624,-246.693559474675,9.63635572234562,0.253785006154499,0.278533132500152,0.00133022565632528,0.00091983812671507,0.00046573163609422,0.823200485335416,0.00015750493221678,0.530453649525875,0.352761339256389,1.989743,447.8299,336.0648,1.989821,447.8299,337.3693,1.989079,444.7745,336.0281,"No issues","No issues","No issues","No issues"
951,20,2025-05-21,2025-05-21 18:11:00,2025-05-21 18:17:30,2025-05-21 18:07:40,40,0.0665442101313671,-156.141091182004,49.8311594746465,0.376774499911839,0.0884822186878946,0.027918064885642,2.52896367957856e-05,0.0623093962950353,0.302771518377588,0.00011434363572564,0.669563308933528,0.392852606466862,1.989069,447.5432,335.9125,1.989635,448.2943,337.1536,1.989032,445.191,335.3938,"No issues","No issues","No issues","No issues"
952,30,2025-05-21,2025-05-21 18:23:20,2025-05-21 18:29:50,2025-05-21 18:20:00,40,0.0536441876171901,-440.945560975608,-46.1975774859451,0.298339329515101,0.498325332264839,0.0295373821615459,0.00026641984616294,3.61502501642102e-07,0.288956440258405,0.00010991345294751,0.591097938364205,0.353787491092884,1.989447,447.0361,336.1961,1.989698,447.2083,336.9547,1.989205,444.1519,335.2538,"No issues","No issues","No issues","No issues"
953,40,2025-05-21,2025-05-21 18:35:40,2025-05-21 18:42:10,2025-05-21 18:32:20,40,-0.00614363977484596,279.194224390234,-29.7719324577889,0.00668565084448052,0.120588805915367,0.00821711129419772,0.615966163488556,0.0281318878484237,0.578020956930164,0.00010005000586011,1.00732310075225,0.436994139173159,1.989169,443.5059,336.1964,1.989412,447.6573,336.7141,1.988966,443.2909,334.9058,"No issues","No issues","No issues","No issues"
954,50,2025-05-21,2025-05-21 18:48:00,2025-05-21 18:54:30,2025-05-21 18:44:40,40,-0.0174437223264187,143.62743714822,824.528816510297,0.0256493061327514,0.0380833359316244,0.862026109070924,0.323556941876263,0.227532212456822,6.24957966654621e-18,0.00014364114888465,0.964402904923317,0.440721208979164,1.989293,446.3631,338.672,1.989644,447.4345,342.2346,1.988951,443.5073,337.0919,"No issues","No issues","No issues","No issues"
955,60,2025-05-21,2025-05-21 19:00:20,2025-05-21 19:06:50,2025-05-21 18:57:00,40,0.00137624015005219,423.194170356481,66.3041380862967,0.00015695402252604,0.3259127920387,0.0616156361747568,0.938842128339205,0.00011968626801489,0.122487882200345,0.00014675529507412,0.813142915045246,0.345704802752177,1.989627,446.2097,335.856,1.989894,449.9046,336.5429,1.989079,446.2097,335.1616,"No issues","No issues","No issues","No issues"
956,70,2025-05-21,2025-05-21 19:12:40,2025-05-21 19:19:10,2025-05-21 19:09:20,40,0.0766520375234224,522.379506191341,-56.7774439024672,0.105485335590042,0.609808420689686,0.0320209010894947,0.0408756363851123,2.78081725907313e-09,0.269246473597486,0.00029822308451151,0.55827506996752,0.417072848990002,1.990219,447.0586,335.7411,1.99164,449.213,336.834,1.990219,445.8397,334.952,"No issues","No issues","No issues","No issues"
957,80,2025-05-21,2025-05-21 19:25:00,2025-05-21 19:31:30,2025-05-21 19:21:40,40,-3.8426926829268,206.186548592882,108.471876923068,0.813279950006102,0.228001278873808,0.114959267974321,2.01483584731543e-15,0.00183506184853261,0.0323361111379824,0.00245997653457732,0.506897143947879,0.402111650088058,2.011532,448.1936,335.7735,2.018159,450.6671,337.1772,1.999591,448.1936,335.3757,"No issues","No issues","No issues","No issues"
958,90,2025-05-21,2025-05-21 19:37:20,2025-05-21 19:43:50,2025-05-21 19:34:00,40,-0.164880540337655,261.375480675416,-47.9943894934377,0.581588450605809,0.206753639171694,0.0263175051910551,1.07114759429468e-08,0.00320169860613956,0.317251514143307,0.000186845745572,0.684009563395124,0.39002878533042,1.992381,449.616,336.2079,1.992527,451.1198,337.1552,1.991324,447.9104,335.4451,"No issues","No issues","No issues","No issues"
959,100,2025-05-21,2025-05-21 19:49:40,2025-05-21 19:56:10,2025-05-21 19:46:20,40,-0.147619992495301,-144.882506566598,80.48516622888,0.647035808369881,0.0969955715289131,0.0557067670692837,4.02593264988875e-10,0.0504386395529094,0.142590988398866,0.00014566868889854,0.59061545091085,0.442726148188477,1.991392,449.2951,336.5699,1.991685,450.6888,337.6231,1.990623,448.3304,335.2616,"No issues","No issues","No issues","No issues"
960,110,2025-05-21,2025-05-21 20:02:00,2025-05-21 20:08:30,2025-05-21 19:58:40,40,0.210623909943575,-529.331464165097,48.5393741088214,0.0354275060315301,0.418738980088875,0.0263468659989707,0.24478744311861,6.416178503604e-06,0.316978072768187,0.00146833341871333,0.833223443111181,0.39423183376246,1.990894,443.8665,336.4695,1.996811,444.6118,338.0275,1.990894,440.423,336.1585,"No issues","No issues","No issues","No issues"
961,120,2025-05-21,2025-05-21 20:14:20,2025-05-21 20:20:50,2025-05-21 20:11:00,40,0.0957702664165276,2868.87196097558,36.3278769230774,0.264427115470594,0.93547382054061,0.026831655659793,0.0006879923504758,3.22042187033034e-24,0.312506251345601,0.00021340786642191,1.00666087369997,0.292300888018729,1.99188,440.0215,337.1577,1.99267,452.5611,337.8799,1.991746,439.707,336.4264,"No issues","No issues","No issues","No issues"
962,130,2025-05-21,2025-05-21 20:26:40,2025-05-21 20:33:10,2025-05-21 20:23:20,40,0.24987674296439,2203.38892908067,33.08236547843,0.355047989749789,0.890221428961901,0.0153505067325538,4.97875734869567e-05,7.9973660770009e-20,0.446245901800362,0.00044995167636355,1.03376254755596,0.353993994446843,1.994012,445.5681,336.4756,1.995066,455.169,338.0889,1.993089,445.5681,336.4756,"No issues","No issues","No issues","No issues"
963,140,2025-05-21,2025-05-21 20:39:00,2025-05-21 20:45:30,2025-05-21 20:35:40,40,0.396152105065646,-352.62117523453,24.541004127561,0.950955023439739,0.279636093648127,0.00694959895001117,1.74120228470007e-26,0.00045162024870908,0.609060694941947,0.00012019851759791,0.756149403370682,0.391938538618382,1.996845,453.0873,337.1099,1.998635,453.9932,338.8097,1.996845,450.4047,336.8695,"No issues","No issues","No issues","No issues"
964,150,2025-05-21,2025-05-21 20:51:20,2025-05-21 20:57:50,2025-05-21 20:48:00,40,-0.152727804878102,-226.373349343342,-48.8559579737257,0.272665928585228,0.157315272580428,0.0294756791572799,0.00054819848745728,0.0112818066075902,0.289468310008509,0.00033326484638399,0.699990717401968,0.374549050984962,2.000953,449.6962,337.7409,2.001817,451.6308,338.2598,2.000039,448.1339,336.3192,"No issues","No issues","No issues","No issues"
965,160,2025-05-21,2025-05-21 21:03:40,2025-05-21 21:10:10,2025-05-21 21:00:20,40,-0.249059752345326,1242.50729606003,27.701331332063,0.639056127071402,0.726450211896533,0.0104080946506762,6.19206765693871e-10,3.00800434019692e-12,0.531046656556888,0.00025007700171099,1.01867131736576,0.360880120258863,2.002243,449.951,337.5499,2.002243,454.3023,337.5499,2.000294,447.5985,335.751,"No issues","No issues","No issues","No issues"
966,170,2025-05-21,2025-05-21 21:16:00,2025-05-21 21:22:30,2025-05-21 21:12:40,40,-0.230881711069342,-673.400384240148,20.1355767354605,0.755742187474612,0.522161248553636,0.0046055079449137,3.43305519989866e-13,1.40341862987337e-07,0.6773521888049,0.00017536656578288,0.860659943439398,0.395496631168717,1.999827,451.8717,336.3217,2.000193,451.8717,337.5579,1.998941,446.1216,336.0321,"No issues","No issues","No issues","No issues"
967,180,2025-05-21,2025-05-21 21:28:20,2025-05-21 21:34:50,2025-05-21 21:25:00,40,-0.271828502814275,246.286685178238,27.1696390243915,0.24974850798705,0.0454879999676309,0.00732199216988437,0.00102608333176449,0.186372776771531,0.59959206709512,0.00062945812268957,1.50731171729161,0.422662098505901,1.999895,445.3246,336.2066,2.001975,451.1413,337.0487,1.999628,445.3246,335.3186,"No issues","No issues","No issues","No issues"
968,190,2025-05-21,2025-05-21 21:40:40,2025-05-21 21:47:10,2025-05-21 21:37:20,40,0.279161966228816,702.618497560972,-26.2837553471071,0.543343556223184,0.602635545829013,0.00712550198198853,5.82298567429893e-08,3.95235429244051e-09,0.60454932431533,0.00034192719974776,0.762266055822287,0.414521181951704,1.999635,448.3287,336.6909,2.001128,451.3951,336.8318,1.999012,447.0801,335.1466,"No issues","No issues","No issues","No issues"
969,200,2025-05-21,2025-05-21 21:53:00,2025-05-21 21:59:30,2025-05-21 21:49:40,40,0.0305163827392394,1359.79853808631,-24.1388307692295,0.0723708019431397,0.750358620998933,0.00615117762319633,0.0932354131444914,5.21228275872514e-13,0.630484974576305,0.00014596826032727,1.04789624584016,0.409937007147246,1.999957,447.2646,335.702,2.000328,454.4421,337.0891,1.999636,447.2646,335.0498,"No issues","No issues","No issues","No issues"
970,210,2025-05-21,2025-05-21 22:05:20,2025-05-21 22:11:50,2025-05-21 22:02:00,40,-0.0286741013133932,1781.29980337713,-27.886288930599,0.0364563090111398,0.816191199768629,0.00693430586220131,0.237926849365301,1.49225037664806e-15,0.609456282725118,0.00019695138510731,1.12939037584407,0.445859558739592,1.999941,453.2865,336.1686,2.000117,458.2867,337.2722,1.999388,449.7615,335.3249,"No issues","No issues","No issues","No issues"
971,220,2025-05-21,2025-05-21 22:17:40,2025-05-21 22:24:10,2025-05-21 22:14:20,40,0.311421748592825,683.642674671677,21.8408015009445,0.875138320263592,0.674314742772961,0.00384032883877879,9.30617173298758e-19,8.56686248589293e-11,0.704040169296996,0.00015716109328492,0.634770526445172,0.469968455845196,1.99991,453.3446,336.4348,2.001347,456.8545,337.0518,1.999599,452.7853,335.1081,"No issues","No issues","No issues","No issues"
972,230,2025-05-21,2025-05-21 22:30:00,2025-05-21 22:36:30,2025-05-21 22:26:40,40,0.32328756472796,1460.31213208257,145.574111819894,0.854889626375689,0.858167869745883,0.139919827337268,1.63561944071414e-17,1.05765954069865e-17,0.0174174813391682,0.00017795208166826,0.793170854501896,0.482207380413724,2.00239,453.8211,336.4922,2.004297,460.8539,337.936,2.00239,453.8211,335.8754,"No issues","No issues","No issues","No issues"
973,240,2025-05-21,2025-05-21 22:42:20,2025-05-21 22:48:50,2025-05-21 22:39:00,40,0.174450191369637,-863.186980863033,-90.4588547842547,0.650985779661011,0.588051183243261,0.0761669881128798,3.24173696657232e-10,7.92851290671709e-09,0.0847472584623118,0.00017065818671609,0.96524778474464,0.420905207461566,2.004466,458.5637,337.7457,2.004993,460.2831,337.8754,2.003967,454.3294,336.0952,"No issues","No issues","No issues","No issues"
974,10,2025-05-21,2025-05-21 22:54:40,2025-05-21 22:59:50,2025-05-21 22:51:20,32,0.884143108504511,467.188997067471,2.74893255132543,0.861062013416805,0.437891729538501,4.17878609190556e-05,2.14977997436423e-14,3.71834808453459e-05,0.971989386466301,0.00037953278983904,0.565656358814511,0.454426229305517,2.004658,451.7062,337.0615,2.007655,453.7252,338.0869,2.004658,450.4652,336.0045,"No issues","No issues","No issues","No issues"
974,10,2025-05-22,2025-05-21 23:00:00,2025-05-21 23:01:10,2025-05-21 22:51:20,8,-0.72555428571304,-1610.32114285688,-28.2857142857319,0.478966114487414,0.717154074689388,0.00028303384661303,0.0571736636324343,0.00798047328171959,0.968461683188266,0.00020068569212563,0.268192811133005,0.445812666821846,2.007885,454.2201,337.8006,2.008371,454.2201,337.9286,2.007447,452.3171,336.5808,"No issues","No issues","No issues","No issues"
975,20,2025-05-22,2025-05-21 23:07:00,2025-05-21 23:13:30,2025-05-21 23:03:40,40,-0.0707961275796738,379.434110318943,156.319807879913,0.0774807798494034,0.380653907768856,0.225551292048518,0.0820001957024672,2.23584843565152e-05,0.00195776938049228,0.00032637740837415,0.646632891254348,0.386996956118061,2.007608,452.2022,336.641,2.007641,455.756,338.4204,2.006568,452.2022,336.641,"No issues","No issues","No issues","No issues"
976,30,2025-05-22,2025-05-21 23:19:20,2025-05-21 23:25:50,2025-05-21 23:16:00,40,-0.238375654784319,429.238279924953,-21.3934018761806,0.853942162864365,0.466566051421324,0.00538927160869837,1.8518718742766e-17,1.19563726498835e-06,0.652579519742642,0.00013171340267136,0.613199892924867,0.38829450956036,2.005486,456.9789,338.6127,2.00557,460.514,339.0595,2.004127,456.465,337.1341,"No issues","No issues","No issues","No issues"
977,40,2025-05-22,2025-05-21 23:31:40,2025-05-21 23:38:10,2025-05-21 23:28:20,40,-0.108252878048802,912.144819512173,54.075944465297,0.510768757444942,0.67559396057121,0.0294730256866141,2.21810241638073e-07,7.94264068628512e-11,0.289490347565411,0.00014154816619674,0.844471988510219,0.414586755273991,2.004606,459.1654,338.4396,2.004606,462.4481,339.2749,2.003816,457.7124,337.2537,"No issues","No issues","No issues","No issues"
978,50,2025-05-22,2025-05-21 23:44:00,2025-05-21 23:50:30,2025-05-21 23:40:40,40,-0.620148562851734,-344.896156097606,961.103549718562,0.799346842610357,0.340859074688866,0.896692255163356,7.97281204290328e-15,7.66457219422874e-05,2.51276535997876e-20,0.00041511743579318,0.640781446996323,0.435847720419289,2.00408,458.0461,339.7335,2.00408,458.0627,345.6615,2.000586,454.4335,339.7335,"No issues","No issues","No issues","No issues"
979,60,2025-05-22,2025-05-21 23:56:20,2025-05-22 00:02:50,2025-05-21 23:53:00,40,-0.231592525328326,-523.855762851788,-3.55723227018088,0.79473110203768,0.449504476853503,9.02368015088528e-05,1.23156783781903e-14,2.21156129125861e-06,0.953609212615272,0.00015725189050842,0.774535766225186,0.500288647133893,1.998727,455.7899,338.3046,1.998727,456.4855,338.9615,1.997213,452.3015,337.2954,"No issues","No issues","No issues","No issues"
980,70,2025-05-22,2025-05-22 00:08:40,2025-05-22 00:15:10,2025-05-22 00:05:20,40,-0.214368450281505,1377.55349493433,1.7988382739211,0.683145962598737,0.828345005457892,2.79867612803963e-05,5.05074570357604e-11,4.03956997928639e-16,0.974154889830444,0.00019505343567797,0.83782040335787,0.45428624447338,1.998257,451.6268,337.3695,1.998257,457.5999,338.0714,1.996618,451.3115,336.3807,"No issues","No issues","No issues","No issues"
981,80,2025-05-22,2025-05-22 00:21:00,2025-05-22 00:27:30,2025-05-22 00:17:40,40,-0.182189718574138,-432.949589493422,-7.22453133205855,0.571595979022597,0.382815946520649,0.00121918899654837,1.69067107616085e-08,2.08686192553082e-05,0.830627961899421,0.00021072978209635,0.734462347791788,0.27626707082645,1.997745,456.5967,337.6873,1.997917,457.1837,338.1346,1.996669,453.8299,336.9283,"No issues","No issues","No issues","No issues"
982,90,2025-05-22,2025-05-22 00:33:20,2025-05-22 00:39:50,2025-05-22 00:30:00,40,-0.0736815309569205,-254.561551969996,-51.157310318942,0.372234100133084,0.303202898489847,0.0490291599573392,2.91861034117087e-05,0.00023180690222141,0.169713945950087,0.00012784074416128,0.515583689305432,0.301012092638273,1.995775,457.6546,336.8312,1.996087,457.9561,337.5962,1.995359,455.1753,336.1148,"No issues","No issues","No issues","No issues"
983,100,2025-05-22,2025-05-22 00:45:40,2025-05-22 00:52:10,2025-05-22 00:42:20,40,-0.0110763827392333,-473.307629268287,30.2442146341426,0.0120972331054051,0.455276250246988,0.0100486156851168,0.499283422772651,1.7998071708287e-06,0.538263833826775,0.00013373093984932,0.691694032465347,0.401066135279821,1.995275,454.6064,337.007,1.995522,455.46,337.3999,1.994975,451.4734,335.5939,"No issues","No issues","No issues","No issues"
984,110,2025-05-22,2025-05-22 00:58:00,2025-05-22 01:04:30,2025-05-22 00:54:40,40,0.25948124577861,-1014.92661613509,67.8997823639722,0.8672727205687,0.767875532345949,0.0668003937253745,2.98339209871946e-18,1.29424931620315e-13,0.107334454721491,0.00013562135960991,0.745537604540922,0.339067380387023,1.996485,452.6168,336.4149,1.997949,453.8288,337.2473,1.996485,448.7808,335.8936,"No issues","No issues","No issues","No issues"
985,120,2025-05-22,2025-05-22 01:10:20,2025-05-22 01:16:50,2025-05-22 01:07:00,40,0.167827542213801,502.350835272051,9.40892757972278,0.739353205608952,0.442632940369993,0.00105953563338262,1.19126879063612e-12,2.81888637485733e-06,0.841956001078581,0.0001331322631662,0.753140112591991,0.385986407609776,1.999281,453.845,336.5645,2.000213,455.9973,337.3928,1.99915,452.075,335.7472,"No issues","No issues","No issues","No issues"
986,130,2025-05-22,2025-05-22 01:22:40,2025-05-22 01:29:10,2025-05-22 01:19:20,40,0.0283012682926487,464.782883302062,-119.672267166992,0.143214244706697,0.293690478047449,0.188310921823644,0.0160463612883565,0.00030409497930318,0.00514877188980593,9.24844621095707e-05,0.96299180125988,0.331948325011596,2.000498,453.2275,336.712,2.000827,457.3258,337.4238,2.0004,453.2275,335.8495,"No issues","No issues","No issues","No issues"
987,140,2025-05-22,2025-05-22 01:35:00,2025-05-22 01:41:30,2025-05-22 01:31:40,40,0.0673911894933258,-37.5089470919419,-13.2668577861174,0.37442948030761,0.00383689431035072,0.0014981415169006,2.72355388503077e-05,0.704166543873698,0.81256103594506,0.00011637939840804,0.807476790112351,0.457599940336296,2.000373,452.6057,336.4488,2.001011,454.8907,337.4525,2.000373,451.7015,335.7962,"No issues","No issues","No issues","No issues"
988,150,2025-05-22,2025-05-22 01:47:20,2025-05-22 01:53:50,2025-05-22 01:44:00,40,0.126866971857515,-581.649338836777,63.2228352720342,0.637293354442126,0.601570139987199,0.0423410758727569,6.80130605214073e-10,4.16202659452456e-09,0.202728679704719,0.00012787230739345,0.632432105714304,0.401715251120213,2.001501,454.641,336.7515,2.002145,455.466,337.6066,2.001245,451.4437,335.8392,"No issues","No issues","No issues","No issues"
989,160,2025-05-22,2025-05-22 01:59:40,2025-05-22 02:06:10,2025-05-22 01:56:20,40,0.181104450281428,538.411001876192,-37.043554221397,0.7609739670146,0.471582023703458,0.021129804754046,2.2678589103077e-13,9.94348614586782e-07,0.370809801970941,0.00013560843085771,0.761454509281239,0.336858357150982,2.002789,453.0938,337.593,2.003551,457.4578,337.8214,2.002466,452.0591,336.6052,"No issues","No issues","No issues","No issues"
990,170,2025-05-22,2025-05-22 02:12:00,2025-05-22 02:18:30,2025-05-22 02:08:40,40,0.468207759849904,-312.220016510326,91.6073425891152,0.942973852536301,0.246818384466519,0.109682020200534,3.06685976176975e-25,0.00111050075516032,0.0368447916724652,0.00015383163810567,0.728688157363305,0.348702453285591,2.004244,455.9688,337.4893,2.006466,458.5288,338.5314,2.00409,454.7278,336.9047,"No issues","No issues","No issues","No issues"
991,180,2025-05-22,2025-05-22 02:24:20,2025-05-22 02:30:50,2025-05-22 02:21:00,40,0.187859212007554,-82.4611001876221,-17.9405628517974,0.808087331312903,0.0351341169910247,0.00400801948952431,3.40320527012715e-15,0.246786560863674,0.697946621854262,0.00012231368087453,0.577348371025172,0.377849575756731,2.008044,454.8839,338.3404,2.008914,456.5969,338.8766,2.007901,454.3387,337.0073,"No issues","No issues","No issues","No issues"
992,190,2025-05-22,2025-05-22 02:36:40,2025-05-22 02:43:10,2025-05-22 02:33:20,40,0.240942529080536,282.771881425884,57.8493388367762,0.839544423354601,0.250965468584025,0.0348112721667703,1.11393244798572e-16,0.00099286788667245,0.249008795384105,0.00014073071632344,0.652679576495906,0.406971914664551,2.009352,453.3007,338.1928,2.010464,456.0345,339.156,2.009291,452.8073,337.1606,"No issues","No issues","No issues","No issues"
993,200,2025-05-22,2025-05-22 02:49:00,2025-05-22 02:55:30,2025-05-22 02:45:40,40,0.0844021013132925,33.7610836773158,-12.3897275797438,0.299479208564595,0.00287852570965151,0.00116036970791692,0.00025788910068258,0.742305845866555,0.834706075238241,0.0001724647336289,0.839508742320545,0.485658858765084,2.010457,454.1603,338.9544,2.010898,454.573,339.6645,2.010091,451.539,337.6407,"No issues","No issues","No issues","No issues"
994,210,2025-05-22,2025-05-22 03:01:20,2025-05-22 03:07:50,2025-05-22 02:58:00,40,-0.0667516998123742,696.473074671654,-63.5500367729858,0.242660931828629,0.691753422927591,0.0474053074796495,0.00124183032509729,2.97554019685184e-11,0.177137668158103,0.000157553278847,0.621151689429409,0.380606558261794,2.009136,452.4852,338.8535,2.009172,455.4637,339.2965,2.00845,450.9944,337.4938,"No issues","No issues","No issues","No issues"
995,220,2025-05-22,2025-05-22 03:13:40,2025-05-22 03:20:10,2025-05-22 03:10:20,40,-0.0523643977484991,604.466395497185,-82.8872645403258,0.290999198626507,0.534896258918722,0.0634945055981107,0.00032818509711288,8.30816617832495e-08,0.116749517013118,0.00010920271750649,0.753064481381342,0.425299395548853,2.007744,454.5004,338.2063,2.007977,457.8078,339.2299,2.007464,454.0932,336.8899,"No issues","No issues","No issues","No issues"
996,230,2025-05-22,2025-05-22 03:26:00,2025-05-22 03:32:30,2025-05-22 03:22:40,40,-0.254306161350918,6.76772983114303,-44.4659302063669,0.641734209498136,8.16363696235677e-05,0.0247327294351941,5.36465593557833e-10,0.955873026532145,0.332471018391151,0.0002538644120665,1.00069864131121,0.373055158763087,2.006793,455.5901,338.5406,2.007313,457.2273,338.6544,2.005557,453.525,337.1442,"No issues","No issues","No issues","No issues"
997,240,2025-05-22,2025-05-22 03:38:20,2025-05-22 03:44:50,2025-05-22 03:35:00,40,-0.411849185740985,451.571302063775,-40.0311624765394,0.893667383953512,0.277271824234844,0.0182735499618125,4.35495825378562e-20,0.00048238742317904,0.405596210391869,0.00018980313152927,0.974049042400365,0.392014247825317,2.001576,453.6692,338.6452,2.002307,457.4151,338.6452,2.000226,452.4836,336.5845,"No issues","No issues","No issues","No issues"
998,10,2025-05-22,2025-05-22 03:50:40,2025-05-22 03:57:10,2025-05-22 03:47:20,40,-0.008576780487703,132.317061163237,-46.7610416510153,0.0108886098224638,0.0544638108496194,0.025578814182248,0.521663277806613,0.147257325999857,0.324231475585973,0.00010921456114381,0.736581450367668,0.385600154051688,2.000959,479.4076,344.0612,2.000959,481.7945,344.6557,2.000546,478.6101,343.086,"No issues","No issues","No issues","No issues"
999,20,2025-05-22,2025-05-22 04:03:00,2025-05-22 04:09:30,2025-05-22 03:59:40,40,0.0436238949342903,676.847711819887,-121.121939212007,0.208907258202626,0.621965058510441,0.139683616206728,0.00302750289414386,1.51021193614951e-09,0.0175201088840376,0.00011341780562473,0.705007617494639,0.401604937674382,2.000622,452.3452,337.475,2.001106,455.9666,337.8338,2.000513,452.1159,335.891,"No issues","No issues","No issues","No issues"
1000,30,2025-05-22,2025-05-22 04:15:20,2025-05-22 04:21:50,2025-05-22 04:12:00,40,0.00478117823641692,-712.018266416519,90.6126889305951,0.00163637494876103,0.645316269917486,0.0945114067456332,0.804265657461579,4.42083239732245e-10,0.053643324787959,0.00015778211156624,0.705253626267345,0.374721198819156,2.000892,453.308,336.4408,2.001299,454.5897,337.4545,2.000599,450.742,335.6149,"No issues","No issues","No issues","No issues"
1001,40,2025-05-22,2025-05-22 04:27:40,2025-05-22 04:34:10,2025-05-22 04:24:20,40,0.0022831969980725,388.168615384629,102.92776885553,0.00048598965716914,0.355767133252222,0.18145049623976,0.892595267320378,4.86997996104957e-05,0.00613356243608353,0.00013833885628436,0.697876880913437,0.29207596468206,2.00083,450.2517,336.0185,2.001294,453.1182,337.1125,2.000602,449.3621,336.0185,"No issues","No issues","No issues","No issues"
1002,50,2025-05-22,2025-05-22 04:40:00,2025-05-22 04:46:30,2025-05-22 04:36:40,40,0.0347293958723987,291.153329831171,1519.35883227017,0.114378025118841,0.148826170199354,0.966366654307657,0.0328043735552757,0.0139510502799115,1.33313665175745e-29,0.00012911300536471,0.93027447713545,0.378699113876778,2.00045,447.5826,341.509,2.000912,452.0523,348.1184,2.00029,447.5826,341.1118,"No issues","No issues","No issues","No issues"
1003,60,2025-05-22,2025-05-22 04:52:20,2025-05-22 04:58:50,2025-05-22 04:49:00,40,0.0357433395872693,-399.242890806742,-31.8623099437164,0.117657292481199,0.554357822076094,0.0107671734773292,0.0302483457454838,3.62817494845909e-08,0.524007061269071,0.00013077484646922,0.478250146773164,0.408033225927496,2.000324,453.0908,337.5691,2.000727,453.5473,338.2472,1.999898,450.2821,336.2224,"No issues","No issues","No issues","No issues"
1004,70,2025-05-22,2025-05-22 05:04:40,2025-05-22 05:11:10,2025-05-22 05:01:20,40,-0.0090201275797192,243.575459662284,-49.408480300169,0.00766751909542835,0.156041370361818,0.0310754560851957,0.591075325198981,0.0116477997310511,0.276549880226249,0.00013709882000587,0.756822610689503,0.368601913490803,2.000375,454.5475,336.9152,2.000538,457.1637,337.6432,1.999827,453.4168,335.9142,"No issues","No issues","No issues","No issues"
1005,80,2025-05-22,2025-05-22 05:17:00,2025-05-22 05:23:30,2025-05-22 05:13:40,40,0.0308511219512596,332.169744090041,-9.5134018761861,0.124701295735088,0.220796012353986,0.001280642644206,0.0254087547625281,0.00221891740920896,0.826475467853026,0.00010920272823354,0.83370020573203,0.354946962153799,2.000328,457.0039,337.0462,2.000761,459.1413,338.0723,2.000218,454.8107,336.553,"No issues","No issues","No issues","No issues"
1006,90,2025-05-22,2025-05-22 05:29:20,2025-05-22 05:35:50,2025-05-22 05:26:00,40,-0.0707053508442797,-404.2315587242,10.3966919324596,0.489160019996999,0.468328589601329,0.0017320071211475,5.14242390536044e-07,1.12085330971067e-06,0.798742060195398,9.65359579498618e-05,0.575435168899605,0.333475381858294,2,455.5482,337.5438,2.000109,456.4965,338.3959,1.999626,452.6906,336.9597,"No issues","No issues","No issues","No issues"
1007,100,2025-05-22,2025-05-22 05:41:40,2025-05-22 05:48:10,2025-05-22 05:38:20,40,0.0177468517823259,682.764490806741,8.47003677298846,0.036136259438739,0.742847056514515,0.00063276051951747,0.240036533244543,9.19804527372316e-13,0.877553030866274,0.00012245525083409,0.536706480351276,0.449726034580374,1.999823,453.1689,337.8879,2.000059,456.65,339.2686,1.999443,452.341,337.1037,"No issues","No issues","No issues","No issues"
1008,110,2025-05-22,2025-05-22 05:54:00,2025-05-22 06:00:30,2025-05-22 05:50:40,40,-0.108749718574145,-438.098170356448,-31.9923151969987,0.576915241526478,0.292942674238318,0.0117603663127312,1.32773733925917e-08,0.00031061306117584,0.505355087216549,0.00012442443916842,0.90934209968021,0.391819679756714,2.000348,453.5652,338.5094,2.000406,455.833,339.4298,1.999641,451.3857,337.4896,"No issues","No issues","No issues","No issues"
1009,120,2025-05-22,2025-05-22 06:06:20,2025-05-22 06:12:50,2025-05-22 06:03:00,40,0.0796330806754096,93.0173808630491,46.469745590992,0.443992110900508,0.0220005948186698,0.0228958354429508,2.68739247422364e-06,0.361024055113537,0.351322353569177,0.00011906009744439,0.828583073176397,0.4055854305222,1.999801,454.243,338.5237,2.000302,456.8353,339.4948,1.99963,453.459,337.8,"No issues","No issues","No issues","No issues"
1010,130,2025-05-22,2025-05-22 06:18:40,2025-05-22 06:25:10,2025-05-22 06:15:20,40,-0.0215983789868783,717.643749343322,-7.00099362102232,0.0458659443248968,0.372179983703922,0.0005052988098959,0.18451049954185,2.92358287561388e-05,0.890495029523541,0.00013161353462053,1.24528812166056,0.416002229967567,2.000449,452.7303,338.1322,2.000555,459.1906,339.1482,1.999959,452.7261,337.1148,"No issues","No issues","No issues","No issues"
1011,140,2025-05-22,2025-05-22 06:31:00,2025-05-22 06:37:30,2025-05-22 06:27:40,40,0.0528823114445273,-666.118793245779,7.21918198873841,0.246259729957381,0.607741012031808,0.000487972814487,0.00112733689413679,3.07934733406724e-09,0.89237762744195,0.00012360739559505,0.714987966234117,0.436519907839753,2.000473,455.4102,337.7857,2.000737,455.896,338.921,2.000184,451.339,337.1783,"No issues","No issues","No issues","No issues"
1012,150,2025-05-22,2025-05-22 06:43:20,2025-05-22 06:49:50,2025-05-22 06:40:00,40,-0.0207813883677108,-557.715079924968,-39.9980938086557,0.0563419204236116,0.506177555530708,0.0209021821376813,0.14026859258895,2.6597737811085e-07,0.373427074202918,0.00011362814934117,0.735980358422094,0.365743307863882,2.000748,452.0186,337.8747,2.001043,452.0186,338.3259,2.000518,447.1524,336.9285,"No issues","No issues","No issues","No issues"
1013,160,2025-05-22,2025-05-22 06:55:40,2025-05-22 07:02:10,2025-05-22 06:52:20,40,0.0334901313321639,-383.684568855536,-7.89854859285456,0.115485805169317,0.380214265892357,0.00077532774882334,0.0319176825016832,2.2673609239031e-05,0.864574447018195,0.00012382969897418,0.654486636213803,0.378840212315844,2.000787,448.0492,336.5246,2.0013,448.5298,338.1851,2.000688,445.2886,336.4794,"No issues","No issues","No issues","No issues"
1014,170,2025-05-22,2025-05-22 07:08:00,2025-05-22 07:14:30,2025-05-22 07:04:40,40,0.0331716022514319,479.807810881802,27.0354191369545,0.0987882919102485,0.523385052931938,0.00750649678366465,0.0482469623996231,1.33524970370195e-07,0.595013247138788,0.00013385881932393,0.611730805487648,0.415334644072629,2.000907,445.6577,337.5378,2.001116,448.1963,338.3073,2.000539,444.6068,336.0026,"No issues","No issues","No issues","No issues"
1015,180,2025-05-22,2025-05-22 07:20:20,2025-05-22 07:26:50,2025-05-22 07:17:00,40,-0.00153509943713004,-944.091989493412,-124.393548968111,0.00033155522141746,0.858757849571255,0.147239497794675,0.911204783505987,9.76808419729491e-18,0.0145145477121966,0.00011261764328383,0.511541626164325,0.399962338969581,2.000115,445.2142,337.0236,2.000479,445.7349,338.3595,1.999913,441.0907,336.0364,"No issues","No issues","No issues","No issues"
1016,190,2025-05-22,2025-05-22 07:32:40,2025-05-22 07:39:10,2025-05-22 07:29:20,40,0.0927332983113778,-1127.25528855537,-100.351978986865,0.522557587889664,0.867856939220734,0.1082480364275,1.38098738291467e-07,2.74265768912665e-18,0.0381751687315565,0.00011842652662809,0.587679117287441,0.384820173727692,2.000199,443.6347,337.1738,2.000563,444.5981,337.7138,1.999833,439.3914,336.1009,"No issues","No issues","No issues","No issues"
1017,200,2025-05-22,2025-05-22 07:45:00,2025-05-22 07:51:30,2025-05-22 07:41:40,40,0.446655579737432,-287.124706941809,51.6738461538584,0.847540236687772,0.397283138305872,0.0381967079096977,4.19882754087221e-17,1.30795605945996e-05,0.22682788609783,0.00025309880111087,0.472494802540656,0.346434246280819,2.000655,443.349,336.3999,2.002483,444.5569,337.5634,2.000512,442.284,336.0259,"No issues","No issues","No issues","No issues"
1018,210,2025-05-22,2025-05-22 07:57:20,2025-05-22 08:03:50,2025-05-22 07:54:00,40,0.179382123827374,698.606652157624,-33.4540637898678,0.742605434559449,0.673336056685471,0.0124950448089443,9.36507382132901e-13,9.07557042583448e-11,0.492268239139173,0.00014109760853282,0.650110600542004,0.397346580470693,2.002044,442.417,336.4009,2.003147,446.2409,337.63,2.002044,442.079,335.6844,"No issues","No issues","No issues","No issues"
1019,220,2025-05-22,2025-05-22 08:09:40,2025-05-22 08:16:10,2025-05-22 08:06:20,40,0.950211151969973,583.559216510316,-62.2341793621164,0.674292499733785,0.110547367686645,0.0325120366785048,8.57811745063018e-11,0.0360645410980033,0.265544937650719,0.00088232727528691,2.21152579032419,0.453575440219579,2.004727,442.8631,337.1014,2.00831,449.3232,337.6966,2.00443,441.7008,335.7602,"No issues","No issues","No issues","No issues"
1020,230,2025-05-22,2025-05-22 08:22:00,2025-05-22 08:28:30,2025-05-22 08:18:40,40,0.49669787617261,-468.660346716693,109.192417260781,0.735653378871402,0.285112680215617,0.13918598926408,1.56075356352488e-12,0.00038741348436074,0.0177382683165224,0.00039779785241211,0.991490612057439,0.362801647009732,2.00858,447.0057,336.1829,2.010704,448.9069,337.8292,2.008289,443.9423,336.1829,"No issues","No issues","No issues","No issues"
1021,240,2025-05-22,2025-05-22 08:34:20,2025-05-22 08:40:50,2025-05-22 08:31:00,40,0.0315870619137084,-58.4324983114428,64.111231519713,0.0785098592262413,0.011688981095296,0.0376295626131042,0.0799129675814722,0.506657674162016,0.230376914271922,0.00014458137318104,0.717848524679263,0.433172160681472,2.011136,443.7848,337.1168,2.011513,445.7247,338.6144,2.010901,442.5612,336.788,"No issues","No issues","No issues","No issues"
1022,10,2025-05-22,2025-05-22 08:46:40,2025-05-22 08:53:10,2025-05-22 08:43:20,40,-0.0435760750469575,-146.403341088194,-108.689011632264,0.125581604884614,0.126456948410803,0.0768963946301418,0.024860768933897,0.0243274992793698,0.0832105303209232,0.00015362595823036,0.514092966722674,0.503127134862752,2.011479,443.3589,338.0713,2.011835,443.3679,338.9294,2.011164,441.079,337.0716,"No issues","No issues","No issues","No issues"
1023,20,2025-05-22,2025-05-22 08:59:00,2025-05-22 09:05:30,2025-05-22 08:55:40,40,0.258073395872391,-1009.77949418387,222.178086303958,0.701759070856359,0.788461687389677,0.193738982777415,1.57896015252709e-11,2.18939722265751e-14,0.00448012129032857,0.00022477743304054,0.698796359575282,0.60555056208137,2.012283,441.9875,338.3298,2.013654,442.2022,339.9339,2.012133,437.2716,337.099,"No issues","No issues","No issues","No issues"
1024,30,2025-05-22,2025-05-22 09:11:20,2025-05-22 09:17:50,2025-05-22 09:08:00,40,0.0774349868667557,97.9225666041407,41.0197373358338,0.218882982731497,0.034925836061131,0.0196406309895366,0.00233319639188919,0.248217511115358,0.38840321385556,0.00019543806133517,0.6877167363003,0.387193158729746,2.0145,443.6775,338.9217,2.015688,445.0799,340.0583,2.0145,441.7991,338.0696,"No issues","No issues","No issues","No issues"
1025,40,2025-05-22,2025-05-22 09:23:40,2025-05-22 09:30:10,2025-05-22 09:20:20,40,-0.329906161350947,-647.066863789878,-9.34108818011681,0.203944540191376,0.340604895014905,0.00137948408139872,0.00344353856518306,7.72345607097484e-05,0.820009688320021,0.0008708150254007,1.20286376783147,0.335783408762958,2.01647,439.7993,338.615,2.019591,441.6967,339.1729,2.016153,436.5433,337.5455,"No issues","No issues","No issues","No issues"
1026,50,2025-05-22,2025-05-22 09:36:00,2025-05-22 09:42:30,2025-05-22 09:32:40,40,0.142822604127548,-209.068385741087,3123.85327429641,0.331649417265252,0.147106855517675,0.977898307226595,0.00010097254395875,0.0145626546979818,4.54867279182287e-33,0.00027088150897463,0.672572472090011,0.627446086885677,2.015944,444.0724,346.7525,2.016908,445.0335,361.9626,2.015367,441.9943,346.7525,"No issues","No issues","No issues","No issues"
1027,60,2025-05-22,2025-05-22 09:48:20,2025-05-22 09:54:50,2025-05-22 09:45:00,40,-0.0661259887429981,-305.109604502811,-6.43023489681086,0.120227543525705,0.329586018831817,0.00035393487651039,0.0283845280941442,0.00010735606456752,0.90826922086615,0.00023898752900459,0.581383746810705,0.456570823289574,2.014795,443.8109,339.3347,2.015111,444.7837,339.4707,2.014086,441.6983,337.7251,"No issues","No issues","No issues","No issues"
1028,70,2025-05-22,2025-05-22 10:00:40,2025-05-22 10:07:10,2025-05-22 09:57:20,40,-0.200422874296547,56.5823549718504,-119.678345966222,0.661992579300049,0.00938253823812417,0.180588789361396,1.74975665420002e-10,0.552115302682688,0.00626951033819762,0.00019133909231552,0.776772252193462,0.340597144110724,2.014212,442.9177,338.4785,2.014443,444.8535,338.9344,2.013241,441.2145,337.2674,"No issues","No issues","No issues","No issues"
1029,80,2025-05-22,2025-05-22 10:13:00,2025-05-22 10:19:30,2025-05-22 10:09:40,40,-0.389616180112604,-2162.49627917448,26.6946821763551,0.86170453912127,0.928117376031654,0.00660785359254337,6.53335841858487e-18,2.51424364904271e-23,0.618033797107859,0.00020853628052007,0.804054976969035,0.437295266221585,2.013964,446.9366,338.1272,2.014131,446.9366,338.9737,2.012299,436.8587,337.1079,"No issues","No issues","No issues","No issues"
1030,90,2025-05-22,2025-05-22 10:25:20,2025-05-22 10:31:50,2025-05-22 10:22:00,40,-0.174356172607873,-2057.03502889305,-32.1960765478289,0.696232030308902,0.947972700965625,0.0115686013733849,2.24642099970502e-11,5.35295801946447e-26,0.508867176857504,0.00015386901831853,0.643841962255845,0.397608496037144,2.011296,442.3898,337.9172,2.011379,443.357,338.5919,2.0103,434.1376,336.7203,"No issues","No issues","No issues","No issues"
1031,100,2025-05-22,2025-05-22 10:37:40,2025-05-22 10:44:10,2025-05-22 10:34:20,40,-0.845537470919317,-437.658227392153,24.8026356472793,0.961708498348542,0.48691643855055,0.00577852104465543,1.57102805683766e-28,5.60061714729367e-07,0.641071338113715,0.00022541468068173,0.600235662811586,0.434661246276008,2.009815,442.2585,338.0549,2.009815,442.2585,338.9019,2.005984,437.9599,337.1901,"No issues","No issues","No issues","No issues"
1032,110,2025-05-22,2025-05-22 10:50:00,2025-05-22 10:56:30,2025-05-22 10:46:40,40,-0.321522281425903,-151.667094934325,-50.8063609756202,0.896067366879337,0.148292896553069,0.0287975254319189,2.81875231393294e-20,0.0141380001207811,0.295168841492696,0.00014629738911675,0.485619586966214,0.394198766329769,2.002971,438.3693,337.5279,2.003293,438.4984,338.5514,2.001668,436.407,336.8949,"No issues","No issues","No issues","No issues"
1033,120,2025-05-22,2025-05-22 11:02:20,2025-05-22 11:08:50,2025-05-22 10:59:00,40,-0.415264660412835,131.60259962478,19.2059257035687,0.87946760885034,0.0741487897678578,0.00513639322933265,4.74872435791955e-19,0.0891547707213826,0.660324722936931,0.00020539355021281,0.621302212837441,0.357114718925338,2.000134,436.4226,337.168,2.000379,439.0315,337.8442,1.998497,436.3892,336.597,"No issues","No issues","No issues","No issues"
1034,130,2025-05-22,2025-05-22 11:14:40,2025-05-22 11:21:10,2025-05-22 11:11:20,40,0.123112705440868,-1486.32298986865,-56.3298821763823,0.650310953584704,0.895276508703885,0.0444541865674322,3.36454167306115e-10,3.25678848467921e-20,0.191575605141205,0.00012061552773177,0.679166917908234,0.348921822561719,1.998007,436.0317,337.2355,1.998856,436.9527,338.4167,1.997993,430.0107,336.9218,"No issues","No issues","No issues","No issues"
1035,140,2025-05-22,2025-05-22 11:27:00,2025-05-22 11:33:30,2025-05-22 11:23:40,40,0.260407654784169,287.906035272022,-54.4949763602198,0.82688481943371,0.491481884129172,0.0277958478361453,4.74887922389646e-16,4.70590218185327e-07,0.303847373013568,0.00015919106191382,0.391264182100917,0.430591158367626,1.998921,437.8321,338.0701,2.000462,438.7651,339.1911,1.998837,436.4532,336.9379,"No issues","No issues","No issues","No issues"
1036,150,2025-05-22,2025-05-22 11:39:20,2025-05-22 11:45:50,2025-05-22 11:36:00,40,0.385253223264504,-422.830658161376,75.0380757973968,0.759993988192396,0.584618538535657,0.0874127257365295,2.45267226646791e-13,9.30755996870524e-09,0.0639896808246287,0.00028924917509102,0.476182684513037,0.323930191727023,1.999887,439.9497,338.2002,2.001266,440.786,338.6661,1.999445,437.2413,337.3079,"No issues","No issues","No issues","No issues"
1037,160,2025-05-22,2025-05-22 11:51:40,2025-05-22 11:58:10,2025-05-22 11:48:20,40,-0.481976645403427,-2001.76220938088,15.7883437148427,0.94592815935811,0.933865622090764,0.00333407624555313,1.11454003336033e-25,5.14519297861794e-24,0.72341051061637,0.00015395803542575,0.711711190902106,0.364706480292687,2.000508,438.038,338.5616,2.000509,438.9801,338.8275,1.998153,430.2683,337.2252,"No issues","No issues","No issues","No issues"
1038,170,2025-05-22,2025-05-22 12:04:00,2025-05-22 12:10:30,2025-05-22 12:00:40,40,0.0410870093808205,-440.943858911825,143.06308142589,0.139190136166844,0.492815620089704,0.18046672555315,0.0177364393030744,4.47133637809944e-07,0.00628900324170458,0.00013651292907761,0.59764579404,0.407316654367194,1.998386,440.6453,338.4616,1.998927,441.7962,339.7397,1.998303,438.2759,337.6906,"No issues","No issues","No issues","No issues"
1039,180,2025-05-22,2025-05-22 12:16:20,2025-05-22 12:22:50,2025-05-22 12:13:00,40,0.0842424315196672,-1606.08522326452,-29.0102994371401,0.572149322269511,0.941807687605722,0.00446961473545049,1.64892524521693e-08,4.50804805432588e-25,0.681893621688892,9.73289813696716e-05,0.533384197545081,0.57844795866076,1.999131,432.3519,338.1886,1.999528,433.6254,339.7608,1.998859,425.3432,337.3435,"No issues","No issues","No issues","No issues"
1040,190,2025-05-22,2025-05-22 12:28:40,2025-05-22 12:35:10,2025-05-22 12:25:20,40,0.0878467542213159,-1179.86843076925,-29.1403046904449,0.258543779653478,0.840981280628096,0.00916722576858184,0.00080814254580969,9.38176241281777e-17,0.556734072588719,0.00019875647959864,0.68546361775542,0.404757749912013,1.999869,438.4525,338.607,2.000694,439.245,339.5549,1.999729,433.1867,337.7435,"No issues","No issues","No issues","No issues"
1041,200,2025-05-22,2025-05-22 12:41:00,2025-05-22 12:47:30,2025-05-22 12:37:40,40,0.282441275797472,1059.94206979364,78.8006904315191,0.718269352553018,0.622239635299535,0.062872119197498,5.29335774529539e-12,1.48920240157271e-09,0.118618016202778,0.00023633139010667,1.103395872825,0.406462298710451,2.001415,439.4563,339.1087,2.00285,444.5585,340.1779,2.001233,438.3964,338.5359,"No issues","No issues","No issues","No issues"
1042,210,2025-05-22,2025-05-22 12:53:20,2025-05-22 12:59:50,2025-05-22 12:50:00,40,0.198780787992452,1315.07397523452,-16.9777621013321,0.685730477595349,0.727438502519852,0.002834680399267,4.31528802959619e-11,2.80631913115963e-12,0.744209481127075,0.0001797913034022,1.07548451319875,0.425433654801131,2.002554,442.8582,338.2451,2.003759,448.2581,339.168,2.002425,440.7689,337.4371,"No issues","No issues","No issues","No issues"
1043,220,2025-05-22,2025-05-22 13:05:40,2025-05-22 13:12:10,2025-05-22 13:02:20,40,0.183141253283281,12.9899887429714,45.3617020637975,0.505580318664532,0.00024305130949717,0.0190480007805956,2.72302624987508e-07,0.923933933357761,0.395727592403207,0.00024196850641765,1.1130812680549,0.434919005607465,2.002914,441.4059,337.8196,2.003869,443.5402,339.6779,2.002695,438.8216,337.8196,"No issues","No issues","No issues","No issues"
1044,230,2025-05-22,2025-05-22 13:18:00,2025-05-22 13:24:30,2025-05-22 13:14:40,40,0.868190318949259,1424.66913320825,44.9388607879861,0.119747067831878,0.858883878656384,0.0154737318530625,0.0287240378128959,9.6031395266996e-18,0.444412341964283,0.00314489464767602,0.771533826032735,0.47891456564762,2.003644,440.9279,339.4808,2.020232,446.0647,339.8983,2.002678,439.3064,337.9524,"No issues","No issues","No issues","No issues"
1045,240,2025-05-22,2025-05-22 13:30:20,2025-05-22 13:36:50,2025-05-22 13:27:00,40,5.56240768480296,2165.17548968107,-40.9488180112358,0.413912717934898,0.128576894272398,0.0216501154925303,7.54680468970476e-06,0.0230825212621244,0.364920136741407,0.00884319997605191,7.53088539144398,0.367771632066606,2.024546,444.8344,338.9796,2.05229,496.5501,339.7198,2.013641,442.9594,338.0922,"No issues","No issues","No issues","No issues"
1046,10,2025-05-22,2025-05-22 13:42:40,2025-05-22 13:49:10,2025-05-22 13:39:20,40,-0.00935891932449223,-2550.42271519699,-87.4587647279749,3.12521548465217e-06,0.017816262724774,0.052230342927982,0.991362126711624,0.411588872753558,0.156065588215078,0.00707302035002048,25.2999754305851,0.497752175768778,2.014036,441.7527,338.6167,2.036868,567.782,340.2213,2.009378,436.9828,338.2279,"No issues","No issues","No issues","No issues"
1047,20,2025-05-22,2025-05-22 13:55:00,2025-05-22 14:01:30,2025-05-22 13:51:40,40,2.46496687429652,5734.79230018759,2.10472345214038,0.203897876889107,0.106245696848488,7.88412731797467e-05,0.0034477014870531,0.0401138282451003,0.956634296586716,0.00650742232556397,22.2223998723897,0.316680244325288,2.017681,456.3972,338.9928,2.04015,542.2978,339.7198,2.013754,439.1424,338.2612,"No issues","No issues","No issues","No issues"
1048,30,2025-05-22,2025-05-22 14:07:20,2025-05-22 14:13:50,2025-05-22 14:04:00,40,0.082728405253174,-1417.76742664166,15.3471849906423,0.0004629677057227,0.0256193902669759,0.00327096797823337,0.895155627572696,0.323842984563133,0.725938377626121,0.00513568779493368,11.6816659307989,0.357930743250955,2.024549,471.9443,339.0924,2.045763,506.2392,339.7375,2.021597,454.4825,338.2287,"No issues","No issues","No issues","No issues"
1049,40,2025-05-22,2025-05-22 14:19:40,2025-05-22 14:26:10,2025-05-22 14:16:20,40,-5.1248589568481,-7078.39699812382,28.914740712914,0.383877446068321,0.198293782439859,0.00938608943480879,2.01722715727603e-05,0.00398473318112898,0.552039721780831,0.00867439189495905,19.0155048660992,0.396870698610538,2.033796,481.7607,339.0875,2.047363,511.9342,339.313,2.012435,441.8438,337.7161,"No issues","No issues","No issues","No issues"
1050,50,2025-05-22,2025-05-22 14:32:00,2025-05-22 14:38:30,2025-05-22 14:28:40,40,-2.03974514071291,-2070.82758123826,1321.02236397748,0.965193925297945,0.738103240920088,0.961788311299093,2.5582283780592e-29,1.30566055799049e-12,1.50990519200267e-28,0.00051750673662578,1.6480497322203,0.351793980866962,2.023271,457.6,343.3525,2.023271,457.908,349.8694,2.01392,447.447,343.3525,"No issues","No issues","No issues","No issues"
1051,60,2025-05-22,2025-05-22 14:44:20,2025-05-22 14:50:50,2025-05-22 14:41:00,40,0.668774093808696,375.632267166991,55.1999549718749,0.476088449978016,0.165273540485965,0.0448543066918934,8.41384661946001e-07,0.00923720125442354,0.189542790956722,0.00093731263556227,1.12785477521066,0.340323020126015,2.0146,445.7186,338.9341,2.017876,448.4391,339.577,2.013992,442.9075,338.0523,"No issues","No issues","No issues","No issues"
1052,70,2025-05-22,2025-05-22 14:56:40,2025-05-22 15:03:10,2025-05-22 14:53:20,40,0.340843947467211,-1684.11779662286,-78.1782213883794,0.873449348618498,0.769623390919992,0.0811611867017152,1.20236404717644e-18,1.11992003065464e-13,0.0747845813353963,0.00017333600490276,1.23104064756178,0.35143994634379,2.01758,448.3163,339.1063,2.018689,449.6027,339.425,2.017089,441.0236,337.7493,"No issues","No issues","No issues","No issues"
1053,80,2025-05-22,2025-05-22 15:09:00,2025-05-22 15:15:30,2025-05-22 15:05:40,40,0.412525148217569,-1526.08295684803,-5.38686979363734,0.774302401449322,0.691339225965109,0.00035465157842343,7.56198535511339e-14,3.05328486423022e-11,0.908176786794983,0.00029756267987913,1.36236390747614,0.382101172963084,2.020126,447.4677,339.0394,2.021735,448.1328,339.6535,2.019875,437.9661,337.8286,"No issues","No issues","No issues","No issues"
1054,90,2025-05-22,2025-05-22 15:21:20,2025-05-22 15:27:50,2025-05-22 15:18:00,40,-0.141868637898575,135.999921951217,0.811560225124809,0.108523606933626,0.0711460750857022,8.88547307123033e-06,0.0379158238092819,0.0961593423232122,0.985435616256945,0.00054324917963582,0.656533305726868,0.363746156728986,2.023358,445.3487,339.2612,2.024693,447.1868,340.1826,2.02303,444.3285,338.6679,"No issues","No issues","No issues","No issues"
1055,100,2025-05-22,2025-05-22 15:33:40,2025-05-22 15:40:10,2025-05-22 15:30:20,40,0.189100908067566,-485.915058911808,132.08314896809,0.632826002393919,0.365253299884895,0.120696812171144,8.61030886711995e-10,3.63136628776341e-05,0.0280567914580237,0.0001924452879536,0.855821862361673,0.476308908896321,2.022644,444.9689,338.8593,2.023833,446.8008,341.1662,2.022555,442.6254,338.8001,"No issues","No issues","No issues","No issues"
1056,110,2025-05-22,2025-05-22 15:46:00,2025-05-22 15:52:30,2025-05-22 15:42:40,40,0.323023339587195,-544.25272795496,84.8899452157626,0.920461616615083,0.705251043867241,0.0621702647310364,1.72668659545128e-22,1.25945302485495e-11,0.120763337049197,0.0001268642649411,0.470083221033156,0.440500859994339,2.024694,444.0877,339.0914,2.026203,444.5492,341.1755,2.024694,441.2723,339.0914,"No issues","No issues","No issues","No issues"
1057,120,2025-05-22,2025-05-22 15:58:20,2025-05-22 16:04:50,2025-05-22 15:55:00,40,-0.00317232270161504,208.736483302054,23.7669703564746,0.00085460749622947,0.0983424531704244,0.00683795498955759,0.857886470697415,0.0487828568225249,0.611961232508587,0.00014491996534477,0.844439463153677,0.382684285721631,2.025874,440.1736,340.0313,2.025874,442.6304,341.1993,2.025216,438.1249,339.6737,"No issues","No issues","No issues","No issues"
1058,130,2025-05-22,2025-05-22 16:10:40,2025-05-22 16:17:10,2025-05-22 16:07:20,40,0.0664672120075514,6.45333433395011,-72.131112945595,0.273132251465337,7.53626830315591e-05,0.0339318617729358,0.00054116229459025,0.957600882418204,0.255183821532658,0.00014486668968084,0.99313775143455,0.514212387197466,2.025961,439.4614,342.2337,2.026584,444.4435,342.2337,2.025894,439.4614,339.7924,"No issues","No issues","No issues","No issues"
1059,140,2025-05-22,2025-05-22 16:23:00,2025-05-22 16:29:30,2025-05-22 16:19:40,40,-0.366579151969965,-89.6163332082526,533.16524127579,0.796704452759064,0.0263078067506647,0.697543999894971,1.02386400847438e-14,0.317341903231601,2.06725745407191e-11,0.00024740184814455,0.728409429038833,0.469058481795208,2.030594,440.2867,343.4636,2.030826,440.5202,345.4647,2.028684,437.1794,342.1299,"No issues","No issues","No issues","No issues"
1060,150,2025-05-22,2025-05-22 16:35:20,2025-05-22 16:41:50,2025-05-22 16:32:00,40,0.219816675422163,502.910895309572,-210.931740337726,0.604978665626109,0.384877167463053,0.386748192786318,3.52595940877442e-09,1.9536758704342e-05,1.83983239256936e-05,0.0002373125727166,0.849436191667064,0.35486819223954,2.028057,439.3819,346.0097,2.029008,442.6797,346.8441,2.027779,437.9453,344.9145,"No issues","No issues","No issues","No issues"
1061,160,2025-05-22,2025-05-22 16:47:40,2025-05-22 16:54:10,2025-05-22 16:44:20,40,0.619957283302158,-684.287351594751,-157.018464540344,0.929827240643893,0.557486385499821,0.26291831376907,1.58992638213448e-23,3.16543612825191e-08,0.00071705586752114,0.00022754367991389,0.814525273625228,0.351251335163612,2.030897,440.2038,345.6864,2.033815,440.5734,346.3117,2.030897,436.2998,344.5064,"No issues","No issues","No issues","No issues"
1062,170,2025-05-22,2025-05-22 17:00:00,2025-05-22 17:06:30,2025-05-22 16:56:40,40,0.263930116322703,1096.65339737336,248.928693433413,0.852377264358437,0.779383080598796,0.359631539408527,2.26947627879338e-17,4.89136171764569e-14,4.32323784256927e-05,0.0001467470945885,0.779530614597808,0.443793469200062,2.034921,439.1234,344.8028,2.036159,443.8031,347.2123,2.034601,438.5038,344.7496,"No issues","No issues","No issues","No issues"
1063,180,2025-05-22,2025-05-22 17:12:20,2025-05-22 17:18:50,2025-05-22 17:09:00,40,-0.166786041275751,-965.992201125724,-330.416294183861,0.70457056615609,0.873064143242026,0.558935081279226,1.31645390133504e-11,1.27410469638833e-18,2.9706946845184e-08,0.00014429264683799,0.492110430076614,0.392149708218262,2.035363,443.9499,345.9202,2.035446,444.4119,345.9202,2.034491,439.3585,343.1629,"No issues","No issues","No issues","No issues"
1064,190,2025-05-22,2025-05-22 17:24:40,2025-05-22 17:31:10,2025-05-22 17:21:20,40,0.112965973733569,-971.039873921187,-183.581682551611,0.477558905474395,0.744781583979026,0.330971769737027,7.96517343309286e-07,7.95897170351681e-13,0.00010302785513716,0.00015786022147425,0.759448746974506,0.348719278935194,2.034217,440.7566,343.1109,2.034948,441.3923,343.1109,2.034134,436.3417,341.6287,"No issues","No issues","No issues","No issues"
1065,200,2025-05-22,2025-05-22 17:37:00,2025-05-22 17:43:30,2025-05-22 17:33:40,40,0.0176317598499008,-104.246625140701,4.19039999998999,0.0152118561317645,0.0918922565087143,0.00015599415136342,0.448322776057449,0.0572463553566116,0.939029073372835,0.00018953779737104,0.437835631364583,0.448215956334112,2.034756,438.2564,341.4693,2.035491,439.079,342.3407,2.034756,437.0077,340.2221,"No issues","No issues","No issues","No issues"
1066,210,2025-05-22,2025-05-22 17:49:20,2025-05-22 17:55:50,2025-05-22 17:46:00,40,0.228471264540349,530.860890056295,-129.627881425893,0.660050290809734,0.447372975757493,0.157529797676779,1.9536666865457e-10,2.38516370639542e-06,0.0112212910197099,0.00021906362775282,0.788282315186488,0.400510776867964,2.036701,439.3665,340.3151,2.037583,442.0817,340.6638,2.036239,437.8701,338.8911,"No issues","No issues","No issues","No issues"
1067,220,2025-05-22,2025-05-22 18:01:40,2025-05-22 18:08:10,2025-05-22 17:58:20,40,-0.326420172607898,-508.568960600382,12.2978161350816,0.873046678505752,0.517811188289185,0.00235450593880314,1.27745158858333e-18,1.67349794770634e-07,0.766213248119624,0.00016630302853025,0.655680950675572,0.338209723651074,2.037205,440.8728,340.4151,2.037205,442.1748,341.1373,2.03553,438.4396,339.9018,"No issues","No issues","No issues","No issues"
1068,230,2025-05-22,2025-05-22 18:14:00,2025-05-22 18:20:30,2025-05-22 18:10:40,40,0.0579795872420236,-58.3994296435298,151.791912945583,0.181258242514203,0.0209207841548385,0.226994940290194,0.00616364280894051,0.373212237806239,0.00188453888471548,0.00016463401653964,0.533762929574803,0.374241185664135,2.035406,441.5883,339.9406,2.035678,442.1516,341.5221,2.034904,440.0902,339.7866,"No issues","No issues","No issues","No issues"
1069,240,2025-05-22,2025-05-22 18:26:20,2025-05-22 18:32:50,2025-05-22 18:23:00,40,-0.115040060037489,426.552747467182,39.3721395872474,0.391326140840841,0.406612742532346,0.0170048547829643,1.58735181494121e-05,9.62417384513404e-06,0.422541577042923,0.00019168664723192,0.688448131721406,0.399943004869498,2.036204,441.3666,340.753,2.036746,444.4142,341.8266,2.035655,440.4011,339.8456,"No issues","No issues","No issues","No issues"
1070,10,2025-05-22,2025-05-22 18:38:40,2025-05-22 18:45:10,2025-05-22 18:35:20,40,0.157678378986788,256.394188367703,20.4408135084479,0.306161211862866,0.274168568680507,0.00519915181772019,0.00021290599829661,0.00052583465068137,0.658381753531972,0.00031713649071856,0.557361666849002,0.377763389224485,2.034889,444.8714,340.9518,2.036352,446.7455,341.61,2.034889,443.6131,339.9468,"No issues","No issues","No issues","No issues"
1071,20,2025-05-22,2025-05-22 18:51:00,2025-05-22 18:57:30,2025-05-22 18:47:40,40,0.12285172232655,-216.665020637899,53.8070183864784,0.33001074633,0.127597163071957,0.0358730138380593,0.00010601134379668,0.0236498390971368,0.241788305719305,0.00023386810311126,0.756914272074705,0.372685057544196,2.036259,450.6728,341.1778,2.036704,452.5132,342.0829,2.035445,448.386,340.4333,"No issues","No issues","No issues","No issues"
1072,30,2025-05-22,2025-05-22 19:03:20,2025-05-22 19:09:50,2025-05-22 19:00:00,40,0.0575832495309221,432.94407804876,42.8885223264443,0.132739134586851,0.265519919014678,0.0208965381305259,0.0208187826767388,0.00066765220364942,0.373492290791424,0.00019664885385216,0.962039995545206,0.39222752812036,2.036214,452.2738,341.0337,2.037066,455.8151,342.2442,2.036214,451.1612,340.5768,"No issues","No issues","No issues","No issues"
1073,40,2025-05-22,2025-05-22 19:15:40,2025-05-22 19:22:10,2025-05-22 19:12:20,40,0.675241936210165,332.037307317076,37.8004052532757,0.808232560625143,0.277619105640597,0.0183405134463908,3.35432191390308e-15,0.00047774536513396,0.404729175442367,0.00043943893779372,0.715591543771352,0.369480064998038,2.0366,453.9434,341.3246,2.039346,455.428,342.3882,2.03658,452.0186,340.6412,"No issues","No issues","No issues","No issues"
1074,50,2025-05-22,2025-05-22 19:28:00,2025-05-22 19:34:30,2025-05-22 19:24:40,40,0.259298881801121,-290.420631894948,169.75322476548,0.869283589823055,0.33701998529956,0.171991714751926,2.22979208834962e-18,8.6014077955711e-05,0.00779678866111358,0.00013433983976064,0.544214016690408,0.497624183061719,2.04042,458.0131,342.0483,2.041691,458.9525,343.5222,2.040201,456.2851,341.3131,"No issues","No issues","No issues","No issues"
1075,60,2025-05-22,2025-05-22 19:40:20,2025-05-22 19:46:50,2025-05-22 19:37:00,40,0.114647774859179,-561.787875422146,60.4063249530824,0.30620957755874,0.288425065919732,0.0405910513342997,0.00021260960245364,0.00035293058412732,0.212526858123431,0.00023056334353041,1.17892465072808,0.392363873597847,2.04278,462.097,341.287,2.04385,462.771,342.7107,2.042545,458.0767,340.8746,"No issues","No issues","No issues","No issues"
1076,70,2025-05-22,2025-05-22 19:52:40,2025-05-22 19:59:10,2025-05-22 19:49:20,40,0.850507497185699,-393.435368105063,-139.372601876154,0.954432985944497,0.056237436354332,0.110724819770772,4.29697285322638e-27,0.140647800650002,0.0359065949483683,0.00024828505436297,2.15333639417122,0.527707016551062,2.042858,469.3765,341.4294,2.045836,474.9062,342.6626,2.042007,466.9288,340.1902,"No issues","No issues","No issues","No issues"
1077,80,2025-05-22,2025-05-22 20:05:00,2025-05-22 20:11:30,2025-05-22 20:01:40,40,0.0890454934333148,932.613595497187,-26.3914716697876,0.412636343617128,0.290944640913857,0.00891744997840763,7.8761573600453e-06,0.00032869187478943,0.562183611341468,0.00014193895656975,1.94516523700255,0.371721814752226,2.046203,469.3248,341.8254,2.046938,477.4867,342.1423,2.046103,467.1111,340.4871,"No issues","No issues","No issues","No issues"
1078,90,2025-05-22,2025-05-22 20:17:20,2025-05-22 20:23:50,2025-05-22 20:14:00,40,0.530568945590882,893.868220637913,-1.71576135083557,0.485910275245377,0.539535817985378,2.28961764088848e-05,5.81847856226935e-07,6.84011178175375e-08,0.976622567547631,0.00072912688744954,1.10326832501,0.479060423304187,2.048449,480.1781,340.9165,2.051942,483.5889,342.203,2.048304,476.9443,340.0021,"No issues","No issues","No issues","No issues"
1079,100,2025-05-22,2025-05-22 20:29:40,2025-05-22 20:36:10,2025-05-22 20:26:20,40,0.0847036097560919,219.989151219507,-44.7087579737258,0.0560529617791132,0.0497241709856535,0.0300952540277039,0.141320032634482,0.166642539581849,0.284378881625165,0.00046440439015085,1.28487889697301,0.339100169630956,2.050434,478.1174,340.5804,2.052158,483.4189,341.6604,2.050434,476.7991,340.0515,"No issues","No issues","No issues","No issues"
1080,110,2025-05-22,2025-05-22 20:42:00,2025-05-22 20:48:30,2025-05-22 20:38:40,40,-0.406747046904315,-2469.18823564728,-56.9646709193045,0.724711187981777,0.871900985788281,0.0225669280049619,3.39669024455173e-12,1.51616409589925e-18,0.354845753817483,0.00033493156037265,1.26448410640534,0.500878917620736,2.052685,490.7369,339.9903,2.052685,490.7369,342.2614,2.049786,475.3687,339.8863,"No issues","No issues","No issues","No issues"
1081,120,2025-05-22,2025-05-22 20:54:20,2025-05-22 21:00:50,2025-05-22 20:51:00,40,-0.155035317073178,-847.318964352736,-4.01630318951413,0.586220302287604,0.518069250958092,0.00022898007679751,8.63789548508956e-09,1.65618590915366e-07,0.926162419849312,0.00017402220597011,1.09185559365201,0.354566565061499,2.048398,470.0781,341.1427,2.048976,472.6626,341.5828,2.048078,466.6282,340.0703,"No issues","No issues","No issues","No issues"
1082,130,2025-05-22,2025-05-22 21:06:40,2025-05-22 21:13:10,2025-05-22 21:03:20,40,0.236975909943644,280.178341463399,102.342177861158,0.551078456354902,0.0616243692105877,0.125073621434222,4.18185436360341e-08,0.122460525309916,0.0251755376201056,0.00028576074741095,1.46071854651837,0.361640793782797,2.048687,478.3529,339.3194,2.049605,479.5192,341.3354,2.048049,473.841,339.3194,"No issues","No issues","No issues","No issues"
1083,140,2025-05-22,2025-05-22 21:19:00,2025-05-22 21:25:30,2025-05-22 21:15:40,40,-0.45710544090062,-813.110724202612,662.136693433407,0.896442896946149,0.315900268242585,0.799054826290528,2.63088720185018e-20,0.00016055554509353,8.19758823227296e-15,0.00020757014479866,1.59865322511631,0.443627053325343,2.051046,487.17,340.5639,2.051101,487.17,344.5165,2.04873,478.7409,340.5639,"No issues","No issues","No issues","No issues"
1084,150,2025-05-22,2025-05-22 21:31:20,2025-05-22 21:37:50,2025-05-22 21:28:00,40,0.116528150093864,2105.19613958725,27.8263924953068,0.351641981742898,0.663948333224397,0.00768086873427546,5.52623989845134e-05,1.56494568191686e-10,0.590751227972415,0.00021140137220183,2.00100565380111,0.422568659377291,2.048211,475.9402,345.8043,2.048397,482.5169,346.7769,2.047328,472.2084,344.9925,"No issues","No issues","No issues","No issues"
1085,160,2025-05-22,2025-05-22 21:43:40,2025-05-22 21:50:10,2025-05-22 21:40:20,40,0.19381643527194,-1026.24136885553,28.8122116322981,0.731588182250531,0.760474044624602,0.00735487960129366,2.09116564689655e-12,2.36042309351682e-13,0.598770590419143,0.00015684762389038,0.769490879158071,0.447204005346222,2.04819,477.3046,345.9243,2.04973,478.2197,347.2308,2.04819,472.7509,345.4565,"No issues","No issues","No issues","No issues"
1086,170,2025-05-22,2025-05-22 21:56:00,2025-05-22 22:02:30,2025-05-22 21:52:40,40,0.17451016885558,403.409137711064,165.975453658522,0.171014497525437,0.0342932815181266,0.214193089489423,0.00799179393955843,0.252624172205925,0.00263792297437842,0.00051333113770011,2.86011635713345,0.424735855611182,2.051215,477.7089,346.3204,2.053176,490.6548,348.1525,2.050933,477.7089,345.5899,"No issues","No issues","No issues","No issues"
1087,180,2025-05-22,2025-05-22 22:08:20,2025-05-22 22:14:50,2025-05-22 22:05:00,40,-0.0290590919324237,758.685856660395,-155.728138086317,0.0102202525669334,0.368026730924073,0.123714303014164,0.534796203629239,3.33029360506472e-05,0.0260374130346747,0.00038206774282264,1.32828579122709,0.553732306869409,2.051156,477.7261,346.404,2.052413,482.4934,347.2389,2.050764,475.5537,344.7539,"No issues","No issues","No issues","No issues"
1088,190,2025-05-22,2025-05-22 22:20:40,2025-05-22 22:27:10,2025-05-22 22:17:20,40,0.307204682926822,885.659329080671,-214.454120825512,0.49805038950532,0.410363277987616,0.232876168235194,3.65377159931212e-07,8.49688493410387e-06,0.00161258664090665,0.00041204164919428,1.4183864848189,0.520025303748446,2.049843,476.6383,344.7738,2.051724,479.9342,345.5762,2.049584,472.9488,343.1359,"No issues","No issues","No issues","No issues"
1089,200,2025-05-22,2025-05-22 22:33:00,2025-05-22 22:39:30,2025-05-22 22:29:40,40,0.108064840525264,2643.55689005628,-84.1639744840576,0.0520726260834901,0.760915642585726,0.0661566085255421,0.1567090029354,2.27847798313085e-13,0.109102890480712,0.00061600902590415,1.97977507582889,0.422470618603093,2.053298,488.4004,343.9136,2.054508,499.1523,344.4718,2.052353,486.3921,342.7403,"No issues","No issues","No issues","No issues"
1090,210,2025-05-22,2025-05-22 22:45:20,2025-05-22 22:51:50,2025-05-22 22:42:00,40,-0.420350589118223,-1453.07609155723,-371.458563602263,0.871710817754173,0.213897747261055,0.6397508954061,1.55966612045912e-18,0.00265834847210241,5.96648503597537e-10,0.0002154469386417,3.7217280746573,0.372414211245517,2.055421,493.4216,337.4209,2.055533,498.755,337.7566,2.053209,484.1598,335.2137,"No issues","No issues","No issues","No issues"
1091,220,2025-05-22,2025-05-22 22:57:40,2025-05-22 22:59:50,2025-05-22 22:54:20,14,-0.114427780219886,-153.313476923254,13.3834549450754,0.116158240712667,0.00443552724393491,0.00027743107563797,0.233081476632119,0.821038097353307,0.954931818850852,0.00014726741340769,1.07165585882122,0.37483779702492,2.050448,479.6064,342.0399,2.05055,479.6064,342.4999,2.050016,474.999,341.2587,"No issues","No issues","No issues","No issues"
1091,220,2025-05-23,2025-05-22 23:00:00,2025-05-22 23:04:10,2025-05-22 22:54:20,26,0.104193969230837,-3707.20689230772,-204.532283076927,0.118845934604406,0.693308319225688,0.0731025968930185,0.0845797723529276,1.3187186464733e-07,0.181587376668522,0.00024627700476682,2.14033688986806,0.632206296962885,2.050222,478.9294,341.2212,2.050755,482.7841,342.769,2.04979,471.5752,340.4581,"No issues","No issues","No issues","No issues"
1092,230,2025-05-23,2025-05-22 23:10:00,2025-05-22 23:16:30,2025-05-22 23:06:40,40,0.109762041275753,911.632498311454,-82.0409335835111,0.374528348467015,0.689914842545478,0.0498569406232084,2.71506905627375e-05,3.33561232732051e-11,0.16606281893479,0.00018951060110591,0.816549299068484,0.478500226411373,2.050781,470.0703,340.5398,2.05142,476.5087,342.2006,2.050577,470.0703,339.8094,"No issues","No issues","No issues","No issues"
1093,240,2025-05-23,2025-05-22 23:22:20,2025-05-22 23:28:50,2025-05-22 23:19:00,40,-0.202141148217583,2386.47158273922,-29.7732292683045,0.386652696718003,0.724379267016897,0.00769750579102859,1.84548632993393e-05,3.47609757093582e-12,0.590347823809451,0.00034014751536204,1.96674959571574,0.451640456210107,2.050723,473.3378,340.8218,2.052098,488.5156,341.3018,2.050269,473.3378,339.4551,"No issues","No issues","No issues","No issues"
1094,10,2025-05-23,2025-05-22 23:34:40,2025-05-22 23:41:10,2025-05-22 23:31:20,40,0.133099767354624,751.843317073168,-73.0844307692283,0.152446899826964,0.25127487137629,0.0661251522272071,0.0127443424515655,0.00098458945705145,0.109190083595819,0.00041929658248157,1.73393927981439,0.366949019846551,2.0509,482.0917,340.2313,2.052675,487.2808,340.9039,2.050749,480.0257,339.3768,"No issues","No issues","No issues","No issues"
1095,20,2025-05-23,2025-05-22 23:47:00,2025-05-22 23:53:30,2025-05-22 23:43:40,40,0.235877673545977,1331.81271894936,39.8281305816056,0.371472133221596,0.812918560127533,0.0193847039564535,2.98937333100875e-05,2.09067068542118e-15,0.391542727891709,0.00040992636450658,0.853600885180683,0.378468321350422,2.051525,474.0324,339.5834,2.053551,480.721,340.5496,2.051298,473.1619,338.8722,"No issues","No issues","No issues","No issues"
1096,30,2025-05-23,2025-05-22 23:59:20,2025-05-23 00:05:50,2025-05-22 23:56:00,40,0.493277538461444,2161.37964427769,28.1601590994481,0.708500097696258,0.6943289624005,0.0074657690878522,1.01809398725504e-11,2.53267094348477e-11,0.596017782083107,0.00042272745606999,1.91599966283567,0.433800892085564,2.053629,482.0562,339.4695,2.05608,490.0471,340.6979,2.053221,479.4697,338.8622,"No issues","No issues","No issues","No issues"
1097,40,2025-05-23,2025-05-23 00:11:40,2025-05-23 00:18:10,2025-05-23 00:08:20,40,-0.185383924953182,263.575519699815,-22.9348232645394,0.293060009604284,0.0438176176658443,0.00454235838851925,0.00030958155006978,0.194860591063889,0.679452750546257,0.00038468471836325,1.64501902818526,0.453613486520532,2.054198,493.2247,341.0872,2.054943,495.7176,341.0872,2.052921,488.5987,338.6552,"No issues","No issues","No issues","No issues"
1098,50,2025-05-23,2025-05-23 00:24:00,2025-05-23 00:30:30,2025-05-23 00:20:40,40,0.012615534709102,1275.27518499061,334.207195497166,0.00230735552460379,0.480590595037622,0.589498124627198,0.768501104945229,7.11092242528227e-07,7.40740150693834e-09,0.00035048275645557,1.77129560962498,0.372607868030393,2.052933,474.6386,339.805,2.053242,479.1764,341.722,2.052024,470.8082,339.2203,"No issues","No issues","No issues","No issues"
1099,60,2025-05-23,2025-05-23 00:36:20,2025-05-23 00:42:50,2025-05-23 00:33:00,40,0.0120765478424348,-781.0023444653,21.6025936210343,0.00629131102475376,0.503929269701431,0.00528189236847799,0.62660551874151,2.90541371938339e-07,0.655841333580831,0.00020277837489384,1.03528331158003,0.396078255636422,2.053126,476.1346,339.5315,2.05389,476.5773,340.2715,2.052925,470.3624,338.6774,"No issues","No issues","No issues","No issues"
1100,70,2025-05-23,2025-05-23 00:48:40,2025-05-23 00:55:10,2025-05-23 00:45:20,40,-0.439784105065648,24.1831654784126,57.5530176360016,0.821861160802248,0.0011034134464747,0.0447573830115012,8.20128540520425e-16,0.838758976569047,0.190032973184086,0.00027355173620853,0.97212954515048,0.355232316790725,2.056536,472.7383,338.8276,2.056898,473.7103,340.0524,2.054552,469.6795,338.6458,"No issues","No issues","No issues","No issues"
1101,80,2025-05-23,2025-05-23 01:01:00,2025-05-23 01:07:30,2025-05-23 00:57:40,40,0.870973598499015,-2489.77226566602,-6.43161275796733,0.941702462263205,0.904524117986722,0.0004392715837562,4.66572207070326e-25,5.59528523758337e-21,0.897859504567567,0.00028952969316984,1.08072763088673,0.409899880659252,2.055548,482.3397,339.5375,2.059143,483.5995,340.4907,2.055548,472.5858,338.9112,"No issues","No issues","No issues","No issues"
1102,90,2025-05-23,2025-05-23 01:13:20,2025-05-23 01:19:50,2025-05-23 01:10:00,40,-0.118464450281416,1233.39939061913,25.8718559099719,0.168630014436923,0.737610204171065,0.00941218596425345,0.00848779543107292,1.35358480697271e-12,0.551484891053136,0.00035142903660584,0.982841777324994,0.354608132256736,2.062962,473.8407,339.9033,2.063012,479.7561,340.473,2.061548,472.606,338.8902,"No issues","No issues","No issues","No issues"
1103,100,2025-05-23,2025-05-23 01:25:40,2025-05-23 01:32:10,2025-05-23 01:22:20,40,1.21512846529075,849.478234896806,55.0094048780483,0.884268220823987,0.457262714427215,0.0572647272480345,2.18821078834416e-19,1.67581304075121e-06,0.136966998448818,0.00058732213271139,1.23647134585352,0.298200311636935,2.062717,474.9724,339.9598,2.068842,480.7334,340.6918,2.062717,474.1568,339.2251,"No issues","No issues","No issues","No issues"
1104,110,2025-05-23,2025-05-23 01:38:00,2025-05-23 01:44:30,2025-05-23 01:34:40,40,0.51033951219513,3000.59216510319,-67.3173523452212,0.318532069681729,0.909614254599759,0.0609215559919509,0.00014867839692057,1.97055736582605e-21,0.124683149524052,0.00099729855605459,1.26371220658297,0.353111884885241,2.083331,482.0942,340.374,2.087893,495.9879,340.9454,2.083331,481.4648,339.4137,"No issues","No issues","No issues","No issues"
1105,120,2025-05-23,2025-05-23 01:50:20,2025-05-23 01:56:50,2025-05-23 01:47:00,40,-1.30066122326455,-524.837691557235,563.093034146343,0.342137226169162,0.500658458919741,0.794551450366628,7.37491618400916e-05,3.3015904850992e-07,1.25234239706472e-14,0.00240963659428979,0.700281982421976,0.382552063313509,2.095781,494.5171,339.8931,2.10127,494.5171,342.7715,2.0909,489.8018,339.6084,"No issues","No issues","No issues","No issues"
1106,130,2025-05-23,2025-05-23 02:02:40,2025-05-23 02:09:10,2025-05-23 01:59:20,40,3.23879072420272,545.2256600375,-60.8063909943833,0.98203007600974,0.17990218278122,0.0432600957819735,8.89834208570604e-35,0.00637992699110426,0.197790046548084,0.00058534711043942,1.55528779850454,0.382051843713787,2.086229,493.5974,340.6018,2.100959,495.127,341.3358,2.086229,489.1829,339.5049,"No issues","No issues","No issues","No issues"
1107,140,2025-05-23,2025-05-23 02:15:00,2025-05-23 02:21:30,2025-05-23 02:11:40,40,5.76855921951215,-3749.30400900563,360.107662288935,0.930777363569496,0.909099654554593,0.561724861532105,1.22653263364694e-23,2.19559124736446e-21,2.62728692637366e-08,0.00210178546041595,1.58397215610711,0.424975431516146,2.108696,495.4594,340.0579,2.131259,498.034,343.1062,2.108696,482.4523,339.8269,"No issues","No issues","No issues","No issues"
1108,150,2025-05-23,2025-05-23 02:27:20,2025-05-23 02:33:50,2025-05-23 02:24:00,40,2.11471780863028,475.509451407149,105.689002626654,0.543894154269134,0.134552665246429,0.125488617981837,5.68838744231898e-08,0.0199024653032005,0.0249180943270074,0.00258730669721314,1.61121386306801,0.372760796349676,2.133154,482.7161,342.8889,2.142541,488.6959,344.4587,2.129682,481.8333,342.5085,"No issues","No issues","No issues","No issues"
1109,160,2025-05-23,2025-05-23 02:39:40,2025-05-23 02:46:10,2025-05-23 02:36:20,40,2.83965595497194,69.9185110693947,-4.4612712945379,0.88698410006352,0.00335535430383388,0.00017301390315912,1.39159135484126e-19,0.722564243361209,0.935795595744341,0.00135424564631572,1.6099523184925,0.453106639070057,2.150724,482.6826,342.6192,2.161847,487.526,344.558,2.15037,481.5521,342.6192,"No issues","No issues","No issues","No issues"
1110,170,2025-05-23,2025-05-23 02:52:00,2025-05-23 02:58:30,2025-05-23 02:48:40,40,6.23818536585361,-1618.94609831146,105.55567429644,0.918490903765005,0.770709992953894,0.0843846089394238,2.75176232766759e-22,1.02302923469786e-13,0.0690031486053721,0.00248281151523492,1.17977536839504,0.464543483081102,2.154638,486.2287,343.6839,2.176279,487.2763,344.9082,2.153482,479.2914,342.6399,"No issues","No issues","No issues","No issues"
1111,180,2025-05-23,2025-05-23 03:04:20,2025-05-23 03:10:50,2025-05-23 03:01:00,40,-0.674320390243858,1378.89682851783,-112.56169305816,0.967202132196609,0.869262734226148,0.105600408356491,8.26288938244262e-30,2.23658655297326e-18,0.0407594180163602,0.000165901510968,0.71445652556897,0.437666675825229,2.180287,477.7485,342.8504,2.180287,483.6829,344.3531,2.176875,477.132,342.1479,"No issues","No issues","No issues","No issues"
1112,190,2025-05-23,2025-05-23 03:16:40,2025-05-23 03:23:10,2025-05-23 03:13:20,40,0.638250416510233,-110.955431144466,-92.4649395872634,0.655416548479403,0.0295119802009305,0.104598879597479,2.5350450111938e-10,0.289167031619803,0.0417821543673,0.00061830033294429,0.850088900252469,0.36144502968162,2.173564,483.3463,342.2282,2.177704,484.0264,342.86,2.173564,480.8714,341.3025,"No issues","No issues","No issues","No issues"
1113,200,2025-05-23,2025-05-23 03:29:00,2025-05-23 03:35:30,2025-05-23 03:25:40,40,-1.35382234896802,394.595527204514,42.5347362101186,0.954490902173853,0.302497054302857,0.0133846115947337,4.19426215100871e-27,0.00023654843783981,0.477152358285627,0.00039495240432427,0.800542646529823,0.487904322971487,2.174154,485.1717,341.9818,2.174154,488.5876,342.3844,2.16781,483.8875,340.4513,"No issues","No issues","No issues","No issues"
1114,210,2025-05-23,2025-05-23 03:41:20,2025-05-23 03:47:50,2025-05-23 03:38:00,40,1.33953798123841,1006.42099812382,-145.46704390246,0.769237512930776,0.75830080892349,0.204404145951594,1.15637537212073e-13,2.80608956827627e-13,0.00340279537161077,0.00098022838944361,0.759130419430489,0.38342981962431,2.165551,488.0499,341.3063,2.171448,494.6971,342.2419,2.164582,488.0499,340.1138,"No issues","No issues","No issues","No issues"
1115,220,2025-05-23,2025-05-23 03:53:40,2025-05-23 04:00:10,2025-05-23 03:50:20,40,1.39690725703555,-303.944825515933,-0.65213358347754,0.924351809214469,0.187729596238978,5.14206223607026e-06,6.64600715119798e-23,0.00522587631104294,0.98892024252408,0.0005339100121391,0.84469235232887,0.384225913169265,2.180058,492.9659,340.2247,2.186202,494.4783,341.3701,2.179727,490.6224,339.4435,"No issues","No issues","No issues","No issues"
1116,230,2025-05-23,2025-05-23 04:06:00,2025-05-23 04:12:30,2025-05-23 04:02:40,40,-0.478669778611609,166.336372232649,65.6172337711092,0.88084540124955,0.0484250161554669,0.0797767623625675,3.81407945531656e-19,0.172434762840202,0.0774186067446731,0.00023521306093865,0.985130380975802,0.297746166540898,2.18896,495.1293,340.4427,2.18896,498.295,340.9942,2.186417,493.782,339.6162,"No issues","No issues","No issues","No issues"
1117,240,2025-05-23,2025-05-23 04:18:20,2025-05-23 04:24:50,2025-05-23 04:15:00,40,-0.833754326454014,684.668370731666,39.2499962476658,0.61213725346421,0.602420638238114,0.00813717620034459,2.4774860824085e-09,3.99382349594187e-09,0.579883890103035,0.00088669160327456,0.743125436373766,0.578959830110303,2.192078,490.9195,340.7628,2.192625,494.4057,342.3854,2.188214,489.7103,339.6678,"No issues","No issues","No issues","No issues"
1118,10,2025-05-23,2025-05-23 04:30:40,2025-05-23 04:37:10,2025-05-23 04:27:20,40,1.95107248030018,1480.38943339587,-77.7200420262681,0.735946713613146,0.803197911349351,0.0501659878977996,1.52788922970496e-12,5.50454680520465e-15,0.164722008308275,0.0015614061047751,0.979037685906444,0.451826882880756,2.201654,488.7033,341.0626,2.210869,495.848,341.8415,2.201654,488.5002,339.8316,"No issues","No issues","No issues","No issues"
1119,20,2025-05-23,2025-05-23 04:43:00,2025-05-23 04:49:30,2025-05-23 04:39:40,40,1.05953146716696,-952.657990243903,43.1644187617262,0.953948864080945,0.771297355638945,0.0253831652502523,5.25379101351895e-27,9.74020504831056e-14,0.326113137229519,0.0003110221733302,0.693077104912547,0.357346744051052,2.217915,497.694,340.3185,2.222555,498.5965,341.4112,2.217915,493.2157,339.2438,"No issues","No issues","No issues","No issues"
1120,30,2025-05-23,2025-05-23 04:55:20,2025-05-23 05:01:50,2025-05-23 04:52:00,40,-0.487569951219466,949.280690431499,35.250956848026,0.186893482674732,0.717244296753362,0.0137565137797433,0.00533874391365807,5.67530261067167e-12,0.471053092263399,0.00135873086593221,0.796318211865077,0.398775672833297,2.226764,487.0217,340.0888,2.229389,491.4651,341.0061,2.222857,486.6577,339.5934,"No issues","No issues","No issues","No issues"
1121,40,2025-05-23,2025-05-23 05:07:40,2025-05-23 05:14:10,2025-05-23 05:04:20,40,-0.174570146341405,18.6773943715029,9.15207804875803,0.0358525791468148,0.00056151956077443,0.00081077854832142,0.241924918129936,0.884602614451956,0.861542332960451,0.00120948743971537,1.05276574122285,0.429251999650161,2.217885,491.7827,340.3448,2.219058,496.7552,341.4006,2.213981,491.7827,339.3803,"No issues","No issues","No issues","No issues"
1122,50,2025-05-23,2025-05-23 05:20:00,2025-05-23 05:26:30,2025-05-23 05:16:40,40,-5.34874194371483,-1113.13934409004,248.596061538449,0.980968586533096,0.864796542313811,0.37471126811788,2.64913011968629e-34,4.24444106768788e-18,2.69943741085081e-05,0.00099535839550009,0.588039265600187,0.429048151234675,2.207794,490.3908,340.7874,2.207794,490.7108,342.3575,2.184393,484.7626,339.7452,"No issues","No issues","No issues","No issues"
1123,60,2025-05-23,2025-05-23 05:32:20,2025-05-23 05:38:50,2025-05-23 05:29:00,40,-1.57056396247656,-874.996790994374,66.648846529092,0.79086664712348,0.636790341923792,0.0645870558077293,1.75936063205002e-14,6.98532764782524e-10,0.113544718372579,0.00107903495628527,0.88289038420554,0.33887649597713,2.189349,489.642,338.7644,2.190119,490.6101,340.1186,2.181906,485.3501,338.7089,"No issues","No issues","No issues","No issues"
1124,70,2025-05-23,2025-05-23 05:44:40,2025-05-23 05:51:10,2025-05-23 05:41:20,40,-2.55909586491563,-872.202488555347,-165.160813508446,0.774267723297581,0.608550123015172,0.223798896062983,7.58425103958515e-14,2.95906008592787e-09,0.00205035464326292,0.00184611042467312,0.934602828436121,0.410946265177539,2.184616,488.6373,339.8068,2.184798,490.2143,339.8068,2.174648,485.2112,337.7735,"No issues","No issues","No issues","No issues"
1125,80,2025-05-23,2025-05-23 05:57:00,2025-05-23 06:03:30,2025-05-23 05:53:40,40,-1.72007567729846,-535.678216885557,14.1400975609582,0.971951359792301,0.413062876017295,0.00322663773218922,4.22066375849616e-31,7.76460143785664e-06,0.727730418778133,0.00039039213632641,0.853122822557996,0.332043803467769,2.177779,484.2139,338.8627,2.177779,485.7437,339.5489,2.169203,481.7913,338.2271,"No issues","No issues","No issues","No issues"
1126,90,2025-05-23,2025-05-23 06:09:20,2025-05-23 06:15:50,2025-05-23 06:06:00,40,-1.00576003001872,368.434644652899,18.879291557213,0.53236754126558,0.335377589432311,0.00501384273904247,9.22970778819709e-08,9.03476664486905e-05,0.664159774451216,0.0012593915602611,0.692948244080435,0.355327422112104,2.128399,470.261,338.2539,2.128399,471.4643,339.2431,2.122407,468.1927,337.4573,"No issues","No issues","No issues","No issues"
1127,100,2025-05-23,2025-05-23 06:21:40,2025-05-23 06:28:10,2025-05-23 06:18:20,40,-2.710635467167,-1084.86952345215,-24.9828923076836,0.975706883072282,0.676087921483288,0.00463784279667945,2.74437432105337e-32,7.71335576803274e-11,0.67628312378243,0.00057144300223473,1.00325043854758,0.488984545087695,2.116768,470.3843,338.1765,2.116768,470.9623,339.2849,2.105812,464.4269,337.3195,"No issues","No issues","No issues","No issues"
1128,110,2025-05-23,2025-05-23 06:34:00,2025-05-23 06:40:30,2025-05-23 06:30:40,40,-0.962012127579801,86.0319489681016,-35.6053103189617,0.901175245554069,0.0235352425025909,0.016310485309173,1.07907805574219e-20,0.344604524736264,0.432256730047855,0.00042562649876031,0.740369596143718,0.369428350650677,2.092166,460.7378,338.856,2.092181,463.023,338.9187,2.087836,459.6532,337.4599,"No issues","No issues","No issues","No issues"
1129,120,2025-05-23,2025-05-23 06:46:20,2025-05-23 06:52:50,2025-05-23 06:43:00,40,-1.03194425515955,-216.733346341498,76.3988352720574,0.954127688395455,0.125794228652858,0.0456118552472987,4.87898524552612e-27,0.0247301797557802,0.185760181197689,0.0003023069748418,0.763347133880974,0.466906858372283,2.078593,456.1827,337.8285,2.078593,456.7812,339.3598,2.073171,453.7544,337.3068,"No issues","No issues","No issues","No issues"
1130,130,2025-05-23,2025-05-23 06:58:40,2025-05-23 07:05:10,2025-05-23 06:55:20,40,-0.975069388367759,-936.516184615384,-16.7620052532761,0.586758726712155,0.851152274799324,0.00277673206852309,8.42325734994509e-09,2.65711333584037e-17,0.746750495656472,0.00109327006159174,0.523242030506397,0.424399684546837,2.073117,454.8099,338.7433,2.073117,455.2327,339.6587,2.065971,450.7914,337.7422,"No issues","No issues","No issues","No issues"
1131,140,2025-05-23,2025-05-23 07:11:00,2025-05-23 07:17:30,2025-05-23 07:07:40,40,-1.73093160225145,-509.570260412757,753.063291557235,0.973215639414446,0.631898369328812,0.787793293063245,1.75603392883355e-31,9.0392897217634e-10,2.3255663006989e-14,0.00038365059430535,0.519618007753333,0.522185439659448,2.068098,451.6541,340.2529,2.068098,451.6905,344.1328,2.060014,448.1511,340.2529,"No issues","No issues","No issues","No issues"
1132,150,2025-05-23,2025-05-23 07:23:20,2025-05-23 07:29:50,2025-05-23 07:20:00,40,-0.465752735459661,-522.384288180121,122.830324953087,0.581838081494851,0.369237035160442,0.0714943895321733,1.0588611976976e-08,3.20651280418717e-05,0.0953181418304578,0.00052752913355969,0.912200777132125,0.591400588300528,2.055979,446.2449,345.1573,2.056161,449.3915,347.4712,2.053693,444.5053,344.6487,"No issues","No issues","No issues","No issues"
1133,160,2025-05-23,2025-05-23 07:35:40,2025-05-23 07:42:10,2025-05-23 07:32:20,40,-0.168933073170739,-40.0628532833043,62.3028292682962,0.0564096800965586,0.0104410031581615,0.028621245033619,0.140023261113036,0.530394570141115,0.296673450261999,0.00092310152635411,0.521088483775101,0.484928461964414,2.054043,442.0394,345.6206,2.054572,443.7727,347.0125,2.051197,441.4747,344.8272,"No issues","No issues","No issues","No issues"
1134,170,2025-05-23,2025-05-23 07:48:00,2025-05-23 07:54:30,2025-05-23 07:44:40,40,0.299825020637924,499.744813508433,250.048489305824,0.0311052547849413,0.470235795154722,0.403893095470733,0.276316034998201,1.04495225205268e-06,1.05292864102882e-05,0.00223567750667618,0.708682362946111,0.40585692726505,2.048778,441.6513,345.3178,2.056476,444.3992,347.7242,2.047097,440.5545,345.3178,"No issues","No issues","No issues","No issues"
1135,180,2025-05-23,2025-05-23 08:00:20,2025-05-23 08:06:50,2025-05-23 07:57:00,40,-0.630044848030018,-2260.62398499064,-212.709019136951,0.884001369614476,0.953464446741845,0.236849390871726,2.28641703879051e-19,6.41096628760213e-27,0.00145071509596265,0.00030492377853371,0.66724969896146,0.510122832920597,2.041407,437.1042,346.0586,2.041426,437.232,347.1119,2.038466,426.9037,345.006,"No issues","No issues","No issues","No issues"
1136,190,2025-05-23,2025-05-23 08:12:40,2025-05-23 08:19:10,2025-05-23 08:09:20,40,0.310809005628576,-1424.52089155723,-340.979707317092,0.370976531223742,0.929028407902211,0.454483438380043,3.03627482959572e-05,1.97223006958134e-23,1.85169191650569e-06,0.00054072153566314,0.526037210475488,0.499106630169936,2.037505,435.5627,344.3972,2.040433,435.8449,345.2943,2.03744,428.933,342.0079,"No issues","No issues","No issues","No issues"
1137,200,2025-05-23,2025-05-23 08:25:00,2025-05-23 08:31:30,2025-05-23 08:21:40,40,-0.810611932457887,290.857494934317,-220.951546716682,0.772059445915936,0.341187499331017,0.323575688594051,9.1374484484424e-14,7.58912354423057e-05,0.00012822427870008,0.00058846181669617,0.539988468946574,0.426813919580908,2.042638,438.8767,343.0337,2.042638,439.4698,343.1872,2.036969,436.5422,341.084,"No issues","No issues","No issues","No issues"
1138,210,2025-05-23,2025-05-23 08:37:20,2025-05-23 08:43:50,2025-05-23 08:34:00,40,-0.976763347091904,-675.509646529071,-144.082293433396,0.764765833243232,0.404412302820477,0.184899727384953,1.66975874288349e-13,1.03504535804609e-05,0.00561752071324226,0.00072376100925663,1.09524707300487,0.404173525780848,2.036408,438.8432,340.9575,2.036477,440.8734,341.557,2.031649,435.0826,339.196,"No issues","No issues","No issues","No issues"
1139,220,2025-05-23,2025-05-23 08:49:40,2025-05-23 08:56:10,2025-05-23 08:46:20,40,-1.73416876547847,-2274.36077448402,-11.8005703564612,0.137579693285017,0.847150464022865,0.00073676428934411,0.0184608977890913,4.40850091931207e-17,0.867954864645577,0.00580087550058963,1.29071693617168,0.58062874941806,2.030139,431.9286,339.3331,2.056323,433.531,340.6813,2.026113,421.5989,338.0133,"No issues","No issues","No issues","No issues"
1140,230,2025-05-23,2025-05-23 09:02:00,2025-05-23 09:08:30,2025-05-23 08:58:40,40,-0.233368345215829,-174.887378611643,111.335963977494,0.0218420183706181,0.0383652183737309,0.0998417682274365,0.362779875420941,0.225785691171408,0.047004200573993,0.00208650740603618,1.16980797771946,0.446641051040121,2.02723,432.4469,338.764,2.02847,437.162,339.8783,2.020251,431.7273,338.3523,"No issues","No issues","No issues","No issues"
1141,240,2025-05-23,2025-05-23 09:14:20,2025-05-23 09:20:50,2025-05-23 09:11:00,40,-0.356652878048785,791.98973358349,-84.2238709193112,0.062363349873751,0.416248869481691,0.072671360818711,0.12016905402493,6.97768758598976e-06,0.0925321521795013,0.00184764345914025,1.25307409589408,0.40196686428037,2.020044,431.2661,338.9242,2.025786,439.0946,339.8012,2.019265,431.0927,337.9333,"No issues","No issues","No issues","No issues"
1142,10,2025-05-23,2025-05-23 09:26:40,2025-05-23 09:33:10,2025-05-23 09:23:20,40,-0.578562281425969,-57.744216135093,61.3611827391983,0.86355715927329,0.0313071991138913,0.0289227621208623,5.0513839077528e-18,0.274737619383763,0.294105678471065,0.00030725560582751,0.429140284752134,0.475029513133644,2.020318,433.0938,339.0502,2.020527,433.3691,339.8371,2.01744,431.6257,338.0228,"No issues","No issues","No issues","No issues"
1143,20,2025-05-23,2025-05-23 09:39:00,2025-05-23 09:45:30,2025-05-23 09:35:40,40,0.0373246378987256,-1818.17663639777,-73.4579932457816,0.0371083509833678,0.958678752593526,0.0439669815270974,0.233695766055304,6.68625743892278e-28,0.194084130307219,0.00025402025741056,0.504319893606846,0.457648503654376,2.016514,428.954,339.7861,2.016805,428.954,340.049,2.015769,419.8336,338.2238,"No issues","No issues","No issues","No issues"
1144,30,2025-05-23,2025-05-23 09:51:20,2025-05-23 09:57:50,2025-05-23 09:48:00,40,0.200215384615346,554.604274671648,181.820370731689,0.0938911165378755,0.141427898610737,0.231297097677553,0.054475255234131,0.0167760808604393,0.00168163767028604,0.00083098896068989,1.82567690154392,0.442849923603567,2.015193,432.6376,339.278,2.018988,441.5411,340.4378,2.015015,431.3569,337.9606,"No issues","No issues","No issues","No issues"
1145,40,2025-05-23,2025-05-23 10:03:40,2025-05-23 10:10:10,2025-05-23 10:00:20,40,0.156970806754214,-1688.60313996248,50.5281951219475,0.0863880889095436,0.960123265800397,0.0220365785255695,0.0656429512621315,3.39820944439313e-28,0.360627222775115,0.00068201307380948,0.459773306901908,0.449720696652785,2.013411,427.976,339.9888,2.01514,428.3427,340.2281,2.012544,420.406,338.0428,"No issues","No issues","No issues","No issues"
1146,50,2025-05-23,2025-05-23 10:16:00,2025-05-23 10:22:30,2025-05-23 10:12:40,40,-0.153413493433552,-243.378263414646,348.859614258927,0.608710963855675,0.333518430528197,0.461716159686442,2.93568624120247e-09,9.55049574072068e-05,1.42670842152637e-06,0.00016433372642922,0.459659041575192,0.503255692815082,2.012066,432.4739,339.7752,2.012366,433.7072,342.599,2.01131,431.1323,339.7752,"No issues","No issues","No issues","No issues"
1147,60,2025-05-23,2025-05-23 10:28:20,2025-05-23 10:34:50,2025-05-23 10:25:00,40,-0.467761981238187,144.350246904333,3.70417711069783,0.811587856540363,0.174776770336291,0.00010808118034472,2.39389776341934e-15,0.00726611898957504,0.949234524572361,0.00030111435613627,0.419064878847757,0.476006737513361,2.013615,432.1522,339.9635,2.013615,434.2638,341.0941,2.011305,432.1522,339.1458,"No issues","No issues","No issues","No issues"
1148,70,2025-05-23,2025-05-23 10:40:40,2025-05-23 10:47:10,2025-05-23 10:37:20,40,0.00833930206371236,1399.26510168855,-122.125508442767,0.00036840192394833,0.117844794753021,0.149349621919606,0.906421364873245,0.030108351463204,0.0137699045826073,0.00058037489002891,5.11490023716707,0.389403398168056,2.012207,432.0265,339.8228,2.013596,447.7552,340.6201,2.010765,424.3549,338.801,"No issues","No issues","No issues","No issues"
1149,80,2025-05-23,2025-05-23 10:53:00,2025-05-23 10:59:30,2025-05-23 10:49:40,40,-0.0677624015009769,-1980.50740412757,-34.5412772983061,0.0368129954124789,0.941850293388598,0.00680261777267396,0.235601291763339,4.44565312338217e-25,0.612885457238218,0.00046308784747283,0.657474876186779,0.557619571094882,2.012118,427.7357,339.9247,2.012829,428.3716,341.0662,2.010739,418.8971,338.3273,"No issues","No issues","No issues","No issues"
1150,90,2025-05-23,2025-05-23 11:05:20,2025-05-23 11:11:50,2025-05-23 11:02:00,40,0.138932172607923,-1431.63592345217,135.461421388352,0.14640454860141,0.631283969393235,0.0855728225076099,0.0148199909049637,9.3345021516515e-10,0.0669895919362276,0.00044819958980161,1.4617936908071,0.591619021530007,2.01191,434.5952,340.0674,2.013522,434.5952,341.5317,2.011481,424.6233,338.4186,"No issues","No issues","No issues","No issues"
1151,100,2025-05-23,2025-05-23 11:17:40,2025-05-23 11:24:10,2025-05-23 11:14:20,40,-0.0361096885554775,-6.99758949344229,1.52983114447957,0.0198314399317721,0.00013326414508677,2.23277842013881e-05,0.386085336079566,0.943638247381093,0.976914482017096,0.00033916956046464,0.809809242537308,0.432549389081696,2.012762,432.4509,341.2069,2.014248,433.1982,341.8849,2.012432,429.3073,339.8561,"No issues","No issues","No issues","No issues"
1152,110,2025-05-23,2025-05-23 11:30:00,2025-05-23 11:36:30,2025-05-23 11:26:40,40,-0.503949478424136,315.557520450274,-33.4803242026179,0.853541486116419,0.151916310205514,0.00927427106139915,1.95124765635802e-17,0.0129145491865988,0.554428833146888,0.00027890214898377,0.996128933900112,0.46232390475976,2.010542,432.1352,340.5965,2.010847,433.8218,341.6618,2.008514,429.0669,339.5715,"No issues","No issues","No issues","No issues"
1153,120,2025-05-23,2025-05-23 11:42:20,2025-05-23 11:48:50,2025-05-23 11:39:00,40,0.0836394146341925,-199.925385365884,69.0505395872321,0.188568180386256,0.191290768360655,0.0343931935559619,0.00511500389668439,0.00477055665593203,0.251921985477533,0.00023180492718723,0.549208187182474,0.488822120133229,2.009195,431.6627,340.9006,2.01016,433.1879,341.5613,2.009195,430.4077,339.3225,"No issues","No issues","No issues","No issues"
1154,130,2025-05-23,2025-05-23 11:54:40,2025-05-23 12:01:10,2025-05-23 11:51:20,40,-0.035990544090118,-559.739239024378,33.1685223264439,0.0703649967456841,0.76096010079734,0.00329266873281619,0.0980740727939001,2.27037925825111e-13,0.72506607726804,0.00017477776299523,0.419140739058397,0.771002518772099,2.010323,432.5275,344.9382,2.010462,433.2516,345.0224,2.009761,430.0534,341.5143,"No issues","No issues","No issues","No issues"
1155,140,2025-05-23,2025-05-23 12:07:00,2025-05-23 12:13:30,2025-05-23 12:03:40,40,1.40837511444652,-88.5790469043329,926.19146566604,0.110798500417458,0.00747867957845203,0.681568242062305,0.0358412170460167,0.595698972855605,5.55658703072342e-11,0.00533054189408342,1.36335303263542,0.845812609572599,2.00901,432.5997,354.019,2.035836,437.9064,356.8128,2.008607,429.6754,351.2602,"No issues","No issues","No issues","No issues"
1156,150,2025-05-23,2025-05-23 12:19:20,2025-05-23 12:25:50,2025-05-23 12:16:00,40,-2.34339251031899,-160.551300562874,-1265.1198619137,0.322698167633627,0.00707557357077907,0.830226598558347,0.00013157805831599,0.605822659903225,3.272821790132e-16,0.00453584055268721,2.54103686717722,0.764342562236281,2.011622,430.5684,354.5213,2.02966,437.1446,354.686,2.009401,426.4069,347.6571,"No issues","No issues","No issues","No issues"
1157,160,2025-05-23,2025-05-23 12:31:40,2025-05-23 12:38:10,2025-05-23 12:28:20,40,-1.97949775609759,169.415162476542,-160.343243527231,0.0698695000519969,0.00174653985251146,0.111658224420736,0.0993094063972841,0.797916970758137,0.0350871185637011,0.00964945988719919,5.41132110121554,0.604247991005085,2.036115,434.9961,348.988,2.044655,451.5763,350.2073,2.007441,425.3771,347.8604,"No issues","No issues","No issues","No issues"
1158,170,2025-05-23,2025-05-23 12:44:00,2025-05-23 12:50:30,2025-05-23 12:40:40,40,0.106063699812437,926.060649906217,-34.3829853658671,0.00307435496677076,0.0764848322002494,0.00635161532333986,0.733993286703724,0.0840740304230262,0.624952368718133,0.00255176700678676,4.29925944650281,0.574563085890752,2.011544,432.5912,350.7746,2.015065,455.7267,351.4836,2.00521,426.7294,349.2759,"No issues","No issues","No issues","No issues"
1159,180,2025-05-23,2025-05-23 12:56:20,2025-05-23 13:02:50,2025-05-23 12:53:00,40,-0.429937260788021,-1253.25283001874,-728.309772607876,0.0822336930371671,0.50425120034414,0.806827447863976,0.0728076124542222,2.8689632166135e-07,3.85656126524041e-15,0.00191896082668838,1.66022108698488,0.47612214389881,2.00807,429.7682,347.9112,2.013068,430.8145,347.9112,2.004809,421.511,343.3381,"No issues","No issues","No issues","No issues"
1160,190,2025-05-23,2025-05-23 13:08:40,2025-05-23 13:15:10,2025-05-23 13:05:20,40,2.48111945966223,164.642737711069,-295.324277673554,0.29484747439871,0.00269666207617609,0.43415626573308,0.00029426782662965,0.75031001145251,3.78797019742231e-06,0.00512637495325781,4.23021867214093,0.450447556939669,2.008823,430.5147,343.0911,2.031063,452.3067,343.0911,2.004981,424.6952,340.3445,"No issues","No issues","No issues","No issues"
1161,200,2025-05-23,2025-05-23 13:21:00,2025-05-23 13:27:30,2025-05-23 13:17:40,40,1.24413163227017,335.822778236362,-36.0021343339703,0.0832816853532189,0.0659855231902933,0.0185066250963442,0.0709277482981257,0.10957800850106,0.402589764813498,0.00551479534007734,1.68803904627314,0.350290361092773,2.005509,428.251,341.0821,2.030127,434.3851,342.0731,2.005003,427.1196,340.4592,"No issues","No issues","No issues","No issues"
1162,210,2025-05-23,2025-05-23 13:33:20,2025-05-23 13:39:50,2025-05-23 13:30:00,40,4.03215021388366,123.879282551579,-62.1168180112652,0.15491294499622,0.0107185581995928,0.0381786564152718,0.0119816898053224,0.524950521261609,0.226939861476058,0.0125823985908336,1.59004821521269,0.416548861363143,2.011853,432.2584,339.0077,2.078596,436.5884,339.5218,2.007544,431.0427,338.0169,"No issues","No issues","No issues","No issues"
1163,220,2025-05-23,2025-05-23 13:45:40,2025-05-23 13:52:10,2025-05-23 13:42:20,40,0.440074266416474,-1830.47631669791,-57.9250401501045,0.0245777711378805,0.537664621614399,0.0203177483024836,0.334009360156505,7.39976604193494e-08,0.380264023616907,0.00370399947437912,2.26781077213934,0.537391808315636,2.011083,430.8169,339.1456,2.020566,431.9333,341.3574,2.007698,420.0247,339.0723,"No issues","No issues","No issues","No issues"
1164,230,2025-05-23,2025-05-23 13:58:00,2025-05-23 14:04:30,2025-05-23 13:54:40,40,-3.8981629418387,-677.089972232664,38.5698191369713,0.14921055653542,0.355927910253127,0.0166710501663795,0.0138178030980151,4.84597319811878e-05,0.427171276013763,0.0124362981702481,1.21689320431537,0.395763193847565,2.011556,430.9463,340.2967,2.068856,435.4141,341.0943,2.007218,429.1892,339.2731,"No issues","No issues","No issues","No issues"
1165,240,2025-05-23,2025-05-23 14:10:20,2025-05-23 14:16:50,2025-05-23 14:07:00,40,0.255524352720481,-78.7210986866878,-82.4617485928639,0.00951904727450867,0.00511416162914812,0.0665724949459653,0.549223658548236,0.661016376240836,0.107956991906964,0.00348239864795199,1.4669334538999,0.412539261122494,2.007335,430.0505,340.1209,2.021208,434.3726,340.9478,2.006937,427.3302,338.8629,"No issues","No issues","No issues","No issues"
1166,10,2025-05-23,2025-05-23 14:22:40,2025-05-23 14:29:10,2025-05-23 14:19:20,40,0.801975984990754,1652.62353771107,-70.7631399624939,0.143958493881062,0.135448971129571,0.0607661887264315,0.0157516362464931,0.0194644146176893,0.1251802873466,0.00261282302193458,5.57829221926656,0.371691664675868,2.012496,433.8331,341.3213,2.016917,447.9091,341.8497,2.007398,427.7249,339.9838,"No issues","No issues","No issues","No issues"
1167,20,2025-05-23,2025-05-23 14:35:00,2025-05-23 14:41:30,2025-05-23 14:31:40,40,0.0409330131331785,-1557.59115647278,501.930668667915,0.0943237951016753,0.946857399826571,0.737993846435385,0.0538935794867701,8.01410321530523e-26,1.3161529293416e-12,0.00016946086810388,0.493006278632633,0.399570092597061,2.010502,430.5447,341.4161,2.010611,430.5447,344.4093,2.009897,423.6759,341.2857,"No issues","No issues","No issues","No issues"
1168,30,2025-05-23,2025-05-23 14:47:20,2025-05-23 14:53:50,2025-05-23 14:44:00,40,0.0405634221388677,-12.0364277673585,657.855597748585,0.077051912516978,0.00123039273290876,0.743881519758549,0.0828866364554261,0.829862898108753,8.51435618685925e-13,0.00018756481767076,0.458171700194403,0.515725985103325,2.011186,432.9888,342.0223,2.011789,434.2033,345.8611,2.010928,432.6334,341.1162,"No issues","No issues","No issues","No issues"
1169,40,2025-05-23,2025-05-23 14:59:40,2025-05-23 15:06:10,2025-05-23 14:56:20,40,-0.404531932457839,-1509.7947737336,644.140691932458,0.905057608768942,0.938698324657705,0.601271058282576,5.0288007617186e-21,1.21393817961e-24,4.22275840577893e-09,0.00017505102030317,0.515478949205427,0.700816521944609,2.008289,428.9026,350.1528,2.008289,428.9026,353.8464,2.005973,420.163,349.0181,"No issues","No issues","No issues","No issues"
1170,50,2025-05-23,2025-05-23 15:12:00,2025-05-23 15:18:30,2025-05-23 15:08:40,40,-0.655074911819826,-2166.02092908066,-257.294336960604,0.258672285553823,0.0957405055688829,0.245865399922549,0.00080531500403788,0.0520327279948553,0.00113936838479628,0.00148163422510427,8.89367378014097,0.602040654821409,2.004812,432.7327,351.4683,2.008615,491.2717,352.8627,2.000939,431.4342,349.5694,"No issues","No issues","No issues","No issues"
1171,60,2025-05-23,2025-05-23 15:24:20,2025-05-23 15:30:50,2025-05-23 15:21:00,40,-0.215499917448431,153.704141088176,-86.0758784239975,0.362118360108224,0.0559775170658917,0.0233431259316732,4.00294338642665e-05,0.141595957284145,0.346604973916747,0.00038213054441653,0.843314927945785,0.74386278013507,2.0007,431.9056,352.0577,2.001025,433.5347,354.2035,1.999147,429.2816,349.9096,"No issues","No issues","No issues","No issues"
1172,70,2025-05-23,2025-05-23 15:36:40,2025-05-23 15:43:10,2025-05-23 15:33:20,40,0.0848875947466511,302.146635647293,-1155.99115046907,0.101397674415804,0.0245076529355767,0.886028169064262,0.0452275751965358,0.334708498848262,1.63393372529362e-19,0.00033762443192243,2.5468226393664,0.553922968580814,2.000647,429.6033,349.0544,2.001903,445.2157,349.9407,1.999971,427.8437,344.0091,"No issues","No issues","No issues","No issues"
1173,80,2025-05-23,2025-05-23 15:49:00,2025-05-23 15:55:30,2025-05-23 15:45:40,40,0.355248270168846,-338.20120975609,-204.120324202623,0.85517159262629,0.246932599714582,0.177305421946759,1.57603318680706e-17,0.00110708857233302,0.00681489083785607,0.00019532241383689,0.789083082835048,0.5874412308583,2.001859,429.011,345.1701,2.003359,429.7542,345.7473,2.001634,425.8848,343.2305,"No issues","No issues","No issues","No issues"
1174,90,2025-05-23,2025-05-23 16:01:20,2025-05-23 16:07:50,2025-05-23 15:58:00,40,0.577823909943679,-68.4634896810498,-869.833296810522,0.131209298871402,0.00012555468207399,0.861811827230435,0.0216240835617088,0.945290295995729,6.43734829380747e-18,0.00198650951508187,8.16272520593625,0.465355773907994,2.003732,427.5796,345.6721,2.016623,474.1346,345.6721,2.003732,419.8448,339.8843,"No issues","No issues","No issues","No issues"
1175,100,2025-05-23,2025-05-23 16:13:40,2025-05-23 16:20:10,2025-05-23 16:10:20,40,-0.0888606979362402,-112.476995121927,-354.341718574112,0.335090928949284,0.0841278010115436,0.508285973009644,9.11251211921482e-05,0.0694464356468972,2.44746181872844e-07,0.00016723584910557,0.495828220503708,0.465633684214194,2.00542,431.5866,342.103,2.005849,432.5141,342.103,2.00498,430.5852,339.2948,"No issues","No issues","No issues","No issues"
1176,110,2025-05-23,2025-05-23 16:26:00,2025-05-23 16:32:30,2025-05-23 16:22:40,40,-0.0359289455910905,-199.099398123858,-147.314998874277,0.0537668718307894,0.176397657506474,0.136317531014692,0.149946229335093,0.00697364668690702,0.0190490077694488,0.00020137522005417,0.574780721671067,0.495413719761279,2.006203,432.0899,339.4137,2.006607,432.7976,340.7137,2.005763,430.1334,338.3861,"No issues","No issues","No issues","No issues"
1177,120,2025-05-23,2025-05-23 16:38:20,2025-05-23 16:44:50,2025-05-23 16:35:00,40,-0.317476232645476,-77.5496735459462,-28.0517133208206,0.857306002584424,0.0453691262327947,0.0107379457714674,1.18724978537539e-17,0.186962867127828,0.524573917280769,0.00017304776892726,0.47526668301075,0.359728072390105,2.006218,432.0453,338.9196,2.006218,432.5659,340.2694,2.00462,430.4629,338.8513,"No issues","No issues","No issues","No issues"
1178,130,2025-05-23,2025-05-23 16:50:40,2025-05-23 16:57:10,2025-05-23 16:47:20,40,0.113612757973742,196.844001500948,-10.9185771106741,0.70021188391042,0.239121488190991,0.00081318157687113,1.74386991622371e-11,0.00136530773100332,0.861339293106928,9.9320623393363e-05,0.469126977882331,0.511346743556271,2.004649,432.0204,341.4269,2.005226,433.7411,341.7601,2.004574,431.3013,339.4355,"No issues","No issues","No issues","No issues"
1179,140,2025-05-23,2025-05-23 17:03:00,2025-05-23 17:09:30,2025-05-23 16:59:40,40,0.0946777035646565,-101.437004127578,549.673314821754,0.411867589587131,0.0728626372539108,0.614836589378154,8.0810860051591e-06,0.0920874803899341,2.16521263473988e-09,0.0001511563266205,0.483432539196853,0.581255639389484,2.006163,433.6404,347.7297,2.006574,434.3355,350.3891,2.005766,432.1273,346.4,"No issues","No issues","No issues","No issues"
1180,150,2025-05-23,2025-05-23 17:15:20,2025-05-23 17:21:50,2025-05-23 17:12:00,40,0.124180142589022,229.33761500939,-362.400180112574,0.598611224789318,0.340165432366064,0.489221495239941,4.80116037587103e-09,7.82628418935602e-05,5.13038564727526e-07,0.00013585705751782,0.426744174024879,0.494734061914235,2.006932,434.5858,350.1594,2.007462,435.5702,350.1904,2.00666,433.5161,347.2835,"No issues","No issues","No issues","No issues"
1181,160,2025-05-23,2025-05-23 17:27:40,2025-05-23 17:34:10,2025-05-23 17:24:20,40,0.0158105515947938,-168.143234521577,-36.1817425891048,0.0161307195880413,0.15832876040953,0.0128281383475499,0.434825823570559,0.0109986930023009,0.486518229955169,0.00016497142191673,0.517953296885379,0.424056683345385,2.008115,434.1938,348.0783,2.008274,434.9931,348.9679,2.007665,432.2021,346.9206,"No issues","No issues","No issues","No issues"
1182,170,2025-05-23,2025-05-23 17:40:00,2025-05-23 17:46:30,2025-05-23 17:36:40,40,0.0468918574108619,-27.9411602251416,190.099290056279,0.166956461160336,0.00533150541986661,0.186692530998998,0.00885371860220511,0.654329390169009,0.00536622137740214,0.00013994247059914,0.509892419815303,0.530107892070845,2.008519,434.6055,348.5339,2.009148,435.8785,349.3626,2.008519,434.0398,346.5283,"No issues","No issues","No issues","No issues"
1183,180,2025-05-23,2025-05-23 17:52:20,2025-05-23 17:58:50,2025-05-23 17:49:00,40,-0.190635196998105,167.298524577842,-294.575774859289,0.596058247397244,0.149599289179189,0.452229239566873,5.42649101038458e-09,0.0136843198533189,2.00710809510221e-06,0.00020967081141175,0.532916319117585,0.433148683528448,2.00858,434.3794,346.9383,2.00858,435.6943,347.4978,2.007272,433.2233,345.2749,"No issues","No issues","No issues","No issues"
1184,190,2025-05-23,2025-05-23 18:04:40,2025-05-23 18:11:10,2025-05-23 18:01:20,40,0.178247414634233,19.6210671669863,-384.344159099421,0.819006982197276,0.00222001896282994,0.422831886536583,1.11110044974492e-15,0.772806750112132,5.58564505346505e-06,0.00011195157666723,0.555752649569038,0.59993949241712,2.007038,435.8679,345.7868,2.007869,437.3438,345.7868,2.006735,435.1824,342.1452,"No issues","No issues","No issues","No issues"
1185,200,2025-05-23,2025-05-23 18:17:00,2025-05-23 18:23:30,2025-05-23 18:13:40,40,0.0516892457785478,-217.381913696073,-106.856942589119,0.20006202484778,0.240899588980774,0.0842250025655784,0.00380708959739094,0.00130186831538356,0.0692783091820391,0.00013809116348431,0.515554827539765,0.470756673069945,2.007906,435.5179,342.5555,2.00831,437.4083,343.9856,2.007647,434.8759,341.729,"No issues","No issues","No issues","No issues"
1186,210,2025-05-23,2025-05-23 18:29:20,2025-05-23 18:35:50,2025-05-23 18:26:00,40,0.0641426791745268,-54.8263114446654,-94.5446183865029,0.412270484713752,0.0207153832931149,0.095646982677575,7.97305987134706e-06,0.375593844455983,0.0521535374383471,0.00010232095643695,0.503636125996011,0.388409674254159,2.008109,433.8088,341.4895,2.008661,435.823,342.5103,2.00798,433.6551,340.6674,"No issues","No issues","No issues","No issues"
1187,220,2025-05-23,2025-05-23 18:41:40,2025-05-23 18:48:10,2025-05-23 18:38:20,40,0.116467362101455,-190.807834896808,-100.083620262664,0.585205183100609,0.266872132808535,0.0984293664347275,9.05676882429998e-09,0.00064328235437565,0.0486779177760066,0.00013100464180689,0.422526858530104,0.404688074446024,2.008942,434.7393,341.031,2.009654,435.5604,341.9037,2.008836,433.4989,339.991,"No issues","No issues","No issues","No issues"
1188,230,2025-05-23,2025-05-23 18:54:00,2025-05-23 19:00:30,2025-05-23 18:50:40,40,0.252635707317001,326.763989493402,-171.703546716674,0.342673354249054,0.209400084611161,0.205484036303347,7.25655834228884e-05,0.00298894913113383,0.0033088927040489,0.00046748216925041,0.848289343899716,0.451088133237892,2.009921,435.7576,340.4144,2.012143,438.7916,341.5147,2.009748,435.1227,339.1956,"No issues","No issues","No issues","No issues"
1189,240,2025-05-23,2025-05-23 19:06:20,2025-05-23 19:12:50,2025-05-23 19:03:00,40,-0.304921485928735,174.458458536607,-87.0816360225151,0.485372094279061,0.0931543560084047,0.0549732141361911,5.93829417140021e-07,0.0554804351633931,0.145325158550276,0.00041948569761021,0.727238728663218,0.482384050950819,2.010174,434.6131,339.6448,2.01075,437.5246,340.9473,2.008786,434.406,338.8725,"No issues","No issues","No issues","No issues"
1190,10,2025-05-23,2025-05-23 19:18:40,2025-05-23 19:25:10,2025-05-23 19:15:20,40,-0.0301419287055112,527.853991744844,-95.153470919305,0.0513408177765159,0.739580252180848,0.108264685148712,0.159732757219464,1.17153809588733e-12,0.0381594499264768,0.0001731069964122,0.418483154117054,0.36485396940679,2.008075,434.9391,339.3837,2.008232,437.7601,340.5949,2.007255,434.5215,338.398,"No issues","No issues","No issues","No issues"
1191,20,2025-05-23,2025-05-23 19:31:00,2025-05-23 19:37:30,2025-05-23 19:27:40,40,0.09272681425885,604.60021013132,233.700328705428,0.49529172096413,0.694401098022689,0.357541357709271,4.06503593531466e-07,2.52121697584929e-11,4.61123215204565e-05,0.00012505898103811,0.535869273417928,0.418541604541104,2.007694,435.0361,338.358,2.008166,438.1876,340.4682,2.00731,433.6896,337.5131,"No issues","No issues","No issues","No issues"
1192,30,2025-05-23,2025-05-23 19:43:20,2025-05-23 19:49:50,2025-05-23 19:40:00,40,0.183903939962452,338.815249530953,44.8769380863067,0.495312815072605,0.296843021507378,0.0158621027267989,4.06173044886049e-07,0.00027802909689426,0.438707443419691,0.00024801746052845,0.696699564784845,0.472270352601047,2.008242,437.3698,338.9355,2.009714,439.5908,340.9534,2.008137,436.3279,338.9355,"No issues","No issues","No issues","No issues"
1193,40,2025-05-23,2025-05-23 19:55:40,2025-05-23 20:02:10,2025-05-23 19:52:20,40,-0.0294529981238359,61.7702454033882,102.88999924953,0.0372543313418081,0.0150712557189497,0.117050974164471,0.232760622277705,0.450443951950533,0.030705494425432,0.00020003996798693,0.667155206780729,0.377549004990416,2.00901,440.047,341.1134,2.009698,441.8433,342.1988,2.008823,438.4449,340.5349,"No issues","No issues","No issues","No issues"
1194,50,2025-05-23,2025-05-23 20:08:00,2025-05-23 20:14:30,2025-05-23 20:04:40,40,0.15024036022515,14.774481050654,58.5046333958635,0.57754930030605,0.00036175460448338,0.0437475406346756,1.28978442370539e-08,0.907265765694019,0.195226093140735,0.00017167219831009,1.03763950941247,0.365442951327645,2.009345,439.7533,342.5859,2.010518,442.8865,343.0486,2.009327,438.446,341.3583,"No issues","No issues","No issues","No issues"
1195,60,2025-05-23,2025-05-23 20:20:20,2025-05-23 20:26:50,2025-05-23 20:17:00,40,0.711042011256965,-81.8629463414674,90.5478484052448,0.392849746154778,0.00614814780497315,0.0862917155322671,1.51091589329511e-05,0.630569446762018,0.0658006834268671,0.00118100022344183,1.39057979108689,0.393656322665139,2.011371,448.2697,342.4538,2.017442,450.667,343.7381,2.010748,443.1778,342.143,"No issues","No issues","No issues","No issues"
1196,70,2025-05-23,2025-05-23 20:32:40,2025-05-23 20:39:10,2025-05-23 20:29:20,40,0.149997208255136,305.084884052543,351.963773358344,0.210525974442725,0.137688311610229,0.397711198163347,0.00290264391013312,0.018411131576433,1.28979884596987e-05,0.00038807808829837,1.02005633156945,0.578677126199914,2.012473,446.3088,340.2657,2.013285,447.7464,343.3438,2.011392,443.1155,340.2657,"No issues","No issues","No issues","No issues"
1197,80,2025-05-23,2025-05-23 20:45:00,2025-05-23 20:51:30,2025-05-23 20:41:40,40,-0.466377636022566,1604.89240075044,94.9106431519554,0.525237386763818,0.685875004763886,0.119211280075335,1.2380263428965e-07,4.27731815742324e-11,0.0291073991107851,0.0005924040555327,1.45109065883879,0.344676741899056,2.01809,456.5105,342.0945,2.019942,466.6262,342.8411,2.016813,456.5105,341.3795,"No issues","No issues","No issues","No issues"
1198,90,2025-05-23,2025-05-23 20:57:20,2025-05-23 21:03:50,2025-05-23 20:54:00,40,1.39811004878048,3512.7036067542,256.370116322706,0.395155974544557,0.508148574950212,0.310066534788501,1.40185830993447e-05,2.46079151329744e-07,0.0001902036177992,0.00231099307869728,4.61724568422665,0.510932377309042,2.033517,475.8529,340.0669,2.040542,492.4095,342.4801,2.029841,468.5746,340.0669,"No issues","No issues","No issues","No issues"
1199,100,2025-05-23,2025-05-23 21:09:40,2025-05-23 21:16:10,2025-05-23 21:06:20,40,-0.23370146341468,2124.07227016881,145.878862288935,0.0370980651502931,0.115414809558513,0.184776913643994,0.23376182232655,0.0319737846189804,0.00563514792851598,0.00159073082981582,7.85648377733694,0.409379993318974,2.024398,487.4116,339.7531,2.029315,518.4419,341.3725,2.024251,487.4116,339.7531,"No issues","No issues","No issues","No issues"
1200,110,2025-05-23,2025-05-23 21:22:00,2025-05-23 21:28:30,2025-05-23 21:18:40,40,-0.755561515947487,2238.81754896812,94.6721921200727,0.616010778466497,0.446740152075177,0.0795893455727251,2.04137999724744e-09,2.43915292125864e-06,0.0777824752803849,0.00079699400949751,3.32870763001295,0.430135860652949,2.021317,500.8206,340.9323,2.024343,512.8478,342.6146,2.019381,496.7881,340.5189,"No issues","No issues","No issues","No issues"
1201,120,2025-05-23,2025-05-23 21:34:20,2025-05-23 21:40:50,2025-05-23 21:31:00,40,0.523552390243929,-664.733313320815,29.2848990618998,0.178442704315192,0.0660292832545391,0.0085815531320696,0.00662095355153779,0.109456275463845,0.569673677925763,0.00150089234710268,3.34014752542689,0.420541779090435,2.021175,495.6128,340.752,2.02345,496.7462,341.8669,2.01771,482.6466,340.1798,"No issues","No issues","No issues","No issues"
1202,130,2025-05-23,2025-05-23 21:46:40,2025-05-23 21:53:10,2025-05-23 21:43:20,40,-0.072990979362076,1537.75619662288,228.371410131321,0.032758062944464,0.47203280817844,0.222765023093939,0.263713836464681,9.77931483681859e-07,0.00210694449143228,0.00052990438062712,2.17282489090799,0.569920484546699,2.017825,480.1669,338.8163,2.018533,489.884,341.4721,2.0165,476.5309,338.5258,"No issues","No issues","No issues","No issues"
1203,140,2025-05-23,2025-05-23 21:59:00,2025-05-23 22:05:30,2025-05-23 21:55:40,40,0.325119309568486,-369.857245778623,429.673846153837,0.487310988762126,0.163113373032011,0.479943433648405,5.51732287282806e-07,0.00975327135878189,7.28561338230913e-07,0.00044553982765066,1.11928975180467,0.597570363845257,2.017237,487.0102,339.1342,2.019599,488.0282,342.5256,2.017187,483.1075,338.5267,"No issues","No issues","No issues","No issues"
1204,150,2025-05-23,2025-05-23 22:11:20,2025-05-23 22:17:50,2025-05-23 22:08:00,40,0.0136935084428751,1643.48013208254,10.5177816134925,0.0026717455941771,0.683796845348532,0.00078383375798238,0.751429484849777,4.8550664559565e-11,0.86384053273913,0.00035347289002095,1.49315150876636,0.501720399654254,2.021429,480.8311,341.0875,2.021857,488.4868,342.1486,2.02051,478.6569,339.2114,"No issues","No issues","No issues","No issues"
1205,160,2025-05-23,2025-05-23 22:23:40,2025-05-23 22:30:10,2025-05-23 22:20:20,40,0.436368630394046,2273.16835722325,-17.080291181962,0.680037705603419,0.83294401071548,0.00228267183185706,6.09296124103166e-11,2.40497223092897e-16,0.769708926330487,0.00039990450207342,1.36011173829836,0.477086529266473,2.022815,480.3227,339.9549,2.025818,490.4559,341.7108,2.022815,479.0732,339.5296,"No issues","No issues","No issues","No issues"
1206,170,2025-05-23,2025-05-23 22:36:00,2025-05-23 22:42:30,2025-05-23 22:32:40,40,-0.180622198874333,784.952834521583,131.048861538472,0.470123741215292,0.402433945425536,0.117532802188737,1.04927295200684e-06,1.10477723307732e-05,0.0303416516238437,0.00025619587343509,1.27793594141273,0.479758700093473,2.022132,486.2855,341.9615,2.022638,490.9592,342.9931,2.021304,484.9965,340.8809,"No issues","No issues","No issues","No issues"
1207,180,2025-05-23,2025-05-23 22:48:20,2025-05-23 22:54:50,2025-05-23 22:45:00,40,1.10928765478423,-1200.07071219513,-72.8826146341731,0.475605763280432,0.779683404290027,0.0653321669524555,8.56629590577724e-07,4.76552604282337e-14,0.111412659022488,0.001556214461584,0.852297401356205,0.368306113213973,2.022005,488.1309,340.1015,2.02833,488.9041,340.9672,2.021662,482.725,339.4633,"No issues","No issues","No issues","No issues"
1208,190,2025-05-24,2025-05-23 23:00:40,2025-05-23 23:07:10,2025-05-23 22:57:20,40,0.6693536060038,2740.82570206379,4.93784915572336,0.911678805264242,0.806352794043121,0.00029299194323595,1.26899040521311e-21,4.04176302505656e-15,0.916508968075089,0.000278347299488,1.79450368547297,0.385359628191374,2.027096,476.9714,340.0617,2.030046,487.2241,340.6694,2.026919,475.488,338.9207,"No issues","No issues","No issues","No issues"
1209,200,2025-05-24,2025-05-23 23:13:00,2025-05-23 23:19:30,2025-05-23 23:09:40,40,3.02515821388364,-116.513966228908,-55.156106566611,0.914677582678818,0.0130185769409637,0.0346334933400479,6.57279319381248e-22,0.483279817895697,0.250242642545392,0.00123442729832984,1.35540968571859,0.389055386213988,2.030913,489.6353,339.7338,2.04454,494.5148,340.828,2.030677,488.4251,339.1229,"No issues","No issues","No issues","No issues"
1210,210,2025-05-24,2025-05-23 23:25:20,2025-05-23 23:31:50,2025-05-23 23:22:00,40,2.16375831894935,-1370.66556697936,-89.4993771106865,0.864789166864976,0.64281128253746,0.116512507757177,4.24885952847894e-18,5.06243899990275e-10,0.0311172543686905,0.0011430868826258,1.36508121382526,0.329271245872019,2.058775,496.0345,340.0857,2.068112,496.0345,340.5742,2.058775,484.8156,339.0973,"No issues","No issues","No issues","No issues"
1211,220,2025-05-24,2025-05-23 23:37:40,2025-05-23 23:44:10,2025-05-23 23:34:20,40,1.31103570731704,1010.37100187616,-6.19056810505713,0.71147156739099,0.541349084013578,0.00046196893395348,8.36361487901326e-12,6.33633199551416e-08,0.895268153922573,0.00111544951860985,1.24251937370903,0.384719011308662,2.060117,486.0486,339.5331,2.068094,492.1182,340.2933,2.05986,485.164,338.5257,"No issues","No issues","No issues","No issues"
1212,230,2025-05-24,2025-05-23 23:50:00,2025-05-23 23:56:30,2025-05-23 23:46:40,40,0.898294964352719,1339.01285403377,84.0118424014939,0.938401651417589,0.467975558847284,0.0638813868368596,1.33075885379502e-24,1.13546636827034e-06,0.115603826377069,0.00030748857537996,1.90747484240982,0.429673577351065,2.062276,490.2195,339.9831,2.065759,499.8339,340.9804,2.061635,490.2195,338.6393,"No issues","No issues","No issues","No issues"
1213,240,2025-05-24,2025-05-24 00:02:20,2025-05-24 00:08:50,2025-05-23 23:59:00,40,-0.0748340712945787,1051.66347467166,35.642107317065,0.171057636263598,0.207062211489884,0.0129284050930835,0.00798308610763226,0.00317615751592952,0.484808816704909,0.00022009499870931,2.74957639427985,0.416087904510059,2.06745,501.4366,339.9777,2.068335,506.4196,341.1374,2.067244,496.1485,339.3694,"No issues","No issues","No issues","No issues"
1214,10,2025-05-24,2025-05-24 00:14:40,2025-05-24 00:21:10,2025-05-24 00:11:20,40,-0.537333433395852,-981.226077298326,205.764842026265,0.705013454087357,0.423687928993556,0.448331123145017,1.27908355994896e-11,5.42539708605448e-06,2.30557960142523e-06,0.00046437211379998,1.5289552007394,0.304951542779717,2.065583,497.1319,338.7186,2.065689,497.3535,340.4227,2.062996,489.5623,338.7186,"No issues","No issues","No issues","No issues"
1215,20,2025-05-24,2025-05-24 00:27:00,2025-05-24 00:33:30,2025-05-24 00:23:40,40,-0.623416525328314,-3757.44181913695,512.361320825495,0.77682136635982,0.626071214749289,0.715902454028638,6.10045729000134e-14,1.22348391733515e-09,6.21490630952244e-12,0.00044644082566284,3.87966933457506,0.431224094107287,2.06343,491.4277,337.4487,2.06436,501.3625,340.7169,2.060846,481.7118,337.4487,"No issues","No issues","No issues","No issues"
1216,30,2025-05-24,2025-05-24 00:39:20,2025-05-24 00:45:50,2025-05-24 00:36:00,40,1.1616382739211,-671.707154971864,-54.0714056285316,0.918779507432807,0.231421061173348,0.0282282506727238,2.57203964637629e-22,0.00167611538628417,0.30006239365548,0.00046144286870769,1.6354702184663,0.423865118159572,2.061606,488.4099,340.6213,2.066191,495.8145,340.8511,2.061573,488.4099,339.1939,"No issues","No issues","No issues","No issues"
1217,40,2025-05-24,2025-05-24 00:51:40,2025-05-24 00:58:10,2025-05-24 00:48:20,40,2.99416768480299,-239.260079549735,-49.3720885553719,0.813758799938721,0.0289359331487567,0.0368467103503276,1.91836316110061e-15,0.293994143701923,0.23538285706134,0.00191375358332644,1.85180522383982,0.337248255307972,2.068235,494.1478,340.5656,2.084076,496.522,341.3455,2.068235,489.4674,339.8232,"No issues","No issues","No issues","No issues"
1218,50,2025-05-24,2025-05-24 01:04:00,2025-05-24 01:10:30,2025-05-24 01:00:40,40,1.54500544840519,2466.38753020639,55.0157268292827,0.485075099857512,0.738375960683881,0.0384264553655179,6.00541536140645e-07,1.27984746347248e-12,0.225408335492312,0.00212675438786411,1.96146801757439,0.367690841002757,2.096316,484.0567,340.4932,2.107936,491.2107,341.5027,2.09618,479.8908,339.6656,"No issues","No issues","No issues","No issues"
1219,60,2025-05-24,2025-05-24 01:16:20,2025-05-24 01:22:50,2025-05-24 01:13:00,40,1.45113176735458,-712.018995872414,31.2379767354473,0.340122326073229,0.138593217999109,0.0119495394217494,7.83644061413193e-05,0.0180016345430659,0.501930314935673,0.00270047936491482,2.37161725048632,0.379504336474967,2.113572,489.2885,340.5307,2.126337,490.144,341.6088,2.113087,479.3822,339.9719,"No issues","No issues","No issues","No issues"
1220,70,2025-05-24,2025-05-24 01:28:40,2025-05-24 01:35:10,2025-05-24 01:25:20,40,0.390030348968071,-756.056087054415,252.350814258895,0.614390794767827,0.155654335908653,0.314727392147041,2.21406880686093e-09,0.0117612796336031,0.00016613628945019,0.00041282844552129,2.35262879334688,0.49749531048117,2.122899,489.5503,338.2262,2.125081,495.4239,340.8567,2.122838,486.3852,338.2262,"No issues","No issues","No issues","No issues"
1221,80,2025-05-24,2025-05-24 01:41:00,2025-05-24 01:47:30,2025-05-24 01:37:40,40,-1.12867497185733,-603.721296810502,137.938491557239,0.449787669003768,0.274182185815202,0.195915777607021,2.18942271772806e-06,0.000525636047111,0.00423634499959715,0.00166782372817035,1.31235266350532,0.373354510927393,2.120392,479.7581,339.616,2.120392,481.9317,340.9816,2.112784,475.0331,338.9586,"No issues","No issues","No issues","No issues"
1222,90,2025-05-24,2025-05-24 01:53:20,2025-05-24 01:59:50,2025-05-24 01:50:00,40,0.197348622889395,1660.93090581613,9.60855534708734,0.0578683735319356,0.776901619152705,0.0013652168605547,0.134852726584899,6.05861884830071e-14,0.820927636005584,0.0010638713658063,1.18914996819396,0.347200614575539,2.112785,475.997,339.6042,2.112785,484.8553,340.2076,2.107962,474.6724,338.6846,"No issues","No issues","No issues","No issues"
1223,100,2025-05-24,2025-05-24 02:05:40,2025-05-24 02:12:10,2025-05-24 02:02:20,40,-1.85820382739205,-806.113539962465,63.4382679174571,0.953777364109768,0.508215212553141,0.0441414292971958,5.63874758768803e-27,2.45431805862563e-07,0.193181694814826,0.00054653384940763,1.05944836987911,0.394407174733509,2.108329,485.9463,338.7138,2.108329,485.9463,339.9477,2.101005,480.3211,338.0602,"No issues","No issues","No issues","No issues"
1224,110,2025-05-24,2025-05-24 02:18:00,2025-05-24 02:24:30,2025-05-24 02:14:40,40,-0.406780277673545,588.254724202625,14.3218941838593,0.538878185799506,0.371369195944273,0.0031852954125498,7.03205281990377e-08,2.99905759441601e-05,0.729414102505534,0.00050273866437044,1.02253970490749,0.338495334300461,2.101786,484.8959,339.705,2.10184,487.3522,340.3486,2.099533,483.1742,338.7698,"No issues","No issues","No issues","No issues"
1225,120,2025-05-24,2025-05-24 02:30:20,2025-05-24 02:36:50,2025-05-24 02:27:00,40,-0.385566889305811,571.47237523451,22.5753636022638,0.024391952385388,0.0660248086812737,0.00517619267942459,0.335866306679378,0.109468716400686,0.659090931876962,0.00325787189599228,2.87163476546337,0.418140744412236,2.100761,489.0889,339.6093,2.100761,490.0529,340.4116,2.08505,477.567,338.6552,"No issues","No issues","No issues","No issues"
1226,130,2025-05-24,2025-05-24 02:42:40,2025-05-24 02:49:10,2025-05-24 02:39:20,40,-0.150471354596654,879.08360825514,202.124451782373,0.022171063301951,0.198036344597886,0.31640791095586,0.359149289567746,0.00401125688132367,0.00015819612216547,0.00133509410592374,2.36349637813974,0.396929675171624,2.090843,482.5548,339.0421,2.096188,492.9562,340.4743,2.090843,482.5548,338.1032,"No issues","No issues","No issues","No issues"
1227,140,2025-05-24,2025-05-24 02:55:00,2025-05-24 03:01:30,2025-05-24 02:51:40,40,-1.15974736210133,649.778656660401,194.767159474657,0.887992729338326,0.273801858954188,0.236892081415611,1.17301970790621e-19,0.00053121021298158,0.00144906394440625,0.00055030272343955,1.41382181520984,0.46703916909644,2.087898,490.7848,338.9469,2.088735,495.9254,341.1766,2.08264,489.9462,338.8596,"No issues","No issues","No issues","No issues"
1228,150,2025-05-24,2025-05-24 03:07:20,2025-05-24 03:13:50,2025-05-24 03:04:00,40,-0.235027452157676,-114.747305065662,104.591252532837,0.486693093585158,0.00301453207846762,0.129687801338327,5.64829667285557e-07,0.736500714419533,0.0224555355347158,0.00032247750204415,2.78802600410359,0.361995525121761,2.08194,494.3417,340.9871,2.082355,504.5858,341.8031,2.080545,493.3128,339.7955,"No issues","No issues","No issues","No issues"
1229,160,2025-05-24,2025-05-24 03:19:40,2025-05-24 03:26:10,2025-05-24 03:16:20,40,-0.745567969981328,234.96690731708,-68.8071444653205,0.772928857472092,0.0490800011065357,0.0314353438062975,8.49302511986841e-14,0.169487157333124,0.273741727308559,0.00053990620672181,1.38180345960617,0.510280065318158,2.080741,499.9458,341.1125,2.081197,505.6325,342.7349,2.077141,499.1604,340.2931,"No issues","No issues","No issues","No issues"
1230,170,2025-05-24,2025-05-24 03:32:00,2025-05-24 03:38:30,2025-05-24 03:28:40,40,-0.216484682926823,330.648099061905,80.187305065658,0.458042948308741,0.0395717263941079,0.0653009667290381,1.62937147959708e-06,0.218483884132002,0.111501079498603,0.00031461279085687,2.17633559934137,0.405323305470762,2.074177,500.8064,342.1291,2.074341,506.6127,342.9547,2.072596,498.832,340.9983,"No issues","No issues","No issues","No issues"
1231,180,2025-05-24,2025-05-24 03:44:20,2025-05-24 03:50:50,2025-05-24 03:41:00,40,0.10604667917444,504.154455534703,3.4340352720411,0.195333943436261,0.111711614692439,0.00014153125831693,0.00430021419187998,0.0350408147760739,0.941919214019337,0.00028756493071336,1.89937756207096,0.385627235270766,2.070688,497.6711,341.0487,2.072192,506.9308,342.2175,2.070688,497.6711,339.9664,"No issues","No issues","No issues","No issues"
1232,190,2025-05-24,2025-05-24 03:56:40,2025-05-24 04:03:10,2025-05-24 03:53:20,40,0.197177606003665,1070.84500412756,-85.9534919324579,0.61194081778198,0.497946123508193,0.121148262218025,2.50180598491129e-09,3.66856840923245e-07,0.0277450518586054,0.0002097836930799,1.4365821495321,0.309301912082735,2.070313,497.2945,340.3158,2.071886,504.4225,341.0945,2.070262,497.2945,339.8491,"No issues","No issues","No issues","No issues"
1233,200,2025-05-24,2025-05-24 04:09:00,2025-05-24 04:15:30,2025-05-24 04:05:40,40,-1.43082209380872,-1150.18030469044,-28.8841846153954,0.851776313706242,0.481703532707857,0.00757186684960017,2.45240867367326e-17,6.81978294835327e-07,0.593408141208976,0.00079744645073183,1.593987831451,0.441802356391929,2.067263,499.7451,340.6543,2.067321,500.0465,341.6297,2.059071,490.1978,339.6559,"No issues","No issues","No issues","No issues"
1234,210,2025-05-24,2025-05-24 04:21:20,2025-05-24 04:27:50,2025-05-24 04:18:00,40,0.522111309568529,2107.23634671669,-22.3799504690478,0.659223526431499,0.490455194542251,0.00734845052201412,2.04713668407938e-10,4.89439053590165e-07,0.598930995626583,0.00050153520118029,2.86962161508238,0.347519767184382,2.056277,489.229,339.9379,2.059992,502.2106,340.4881,2.056093,488.7074,339.0038,"No issues","No issues","No issues","No issues"
1235,220,2025-05-24,2025-05-24 04:33:40,2025-05-24 04:40:10,2025-05-24 04:30:20,40,-0.385951879925056,272.43395121952,-35.5084547842405,0.513238483526434,0.0116394470487654,0.0153394011284272,2.01032126659468e-07,0.507564873575275,0.44641171473038,0.00050217089512246,3.35407386753953,0.38009374063282,2.057855,501.336,338.8979,2.057855,509.144,339.8024,2.055276,497.5758,338.1559,"No issues","No issues","No issues","No issues"
1236,230,2025-05-24,2025-05-24 04:46:00,2025-05-24 04:52:30,2025-05-24 04:42:40,40,-0.942136075046971,-1760.42001951222,13.8158138837018,0.917384731884894,0.627399451785256,0.00205649274864672,3.55704230160178e-22,1.14237754337888e-09,0.781121571168568,0.00037773558879477,1.81253266652724,0.406617183385213,2.055951,499.6238,339.4244,2.056502,501.6908,339.9189,2.052069,492.5551,338.1425,"No issues","No issues","No issues","No issues"
1237,240,2025-05-24,2025-05-24 04:58:20,2025-05-24 05:04:50,2025-05-24 04:55:00,40,0.777085328330314,-1761.61705666042,155.798814258913,0.857288493523146,0.474810006530314,0.254423682420055,1.19003221697065e-17,8.82337604346402e-07,0.00090402819585714,0.00042359865621852,2.4753103793819,0.356329107200455,2.053323,506.0071,338.6805,2.056843,506.0071,339.912,2.052863,492.5885,338.1574,"No issues","No issues","No issues","No issues"
1238,10,2025-05-24,2025-05-24 05:10:40,2025-05-24 05:17:10,2025-05-24 05:07:20,40,-1.27911147467175,-1611.02315347093,168.732067542199,0.936293276417509,0.770562834795492,0.253842642984443,2.52504870684051e-24,1.03566924297033e-13,0.00091840053005164,0.00044577421506701,1.17449048631235,0.386500817410762,2.052594,494.6504,338.601,2.052594,496.3835,339.9768,2.045832,487.2325,338.1393,"No issues","No issues","No issues","No issues"
1239,20,2025-05-24,2025-05-24 05:23:00,2025-05-24 05:29:30,2025-05-24 05:19:40,40,-0.341006859287012,-1729.57611106941,273.09962026264,0.34287164704317,0.324495093885487,0.509366210529153,7.21324391420338e-05,0.0001247981897928,2.34502805712222e-07,0.00063072827049616,3.3340317465037,0.35810024963172,2.046446,484.9305,337.6982,2.047494,490.9881,340.0982,2.044319,475.119,337.6982,"No issues","No issues","No issues","No issues"
1240,30,2025-05-24,2025-05-24 05:35:20,2025-05-24 05:41:50,2025-05-24 05:32:00,40,0.195099467167016,23.2206889305685,58.4093178236354,0.569220985149664,0.00089384812634773,0.0385558918572023,1.88152189004417e-08,0.854694495576046,0.224613127921459,0.00022675807825301,1.03721530481596,0.389689446848124,2.046328,476.8972,338.6417,2.047086,479.5983,340.17,2.045795,475.1801,338.3887,"No issues","No issues","No issues","No issues"
1241,40,2025-05-24,2025-05-24 05:47:40,2025-05-24 05:54:10,2025-05-24 05:44:20,40,-0.795091542213844,-2532.8657651032,-2.83612457785174,0.869273216756916,0.849422746314424,0.00014714346233715,2.23316904060601e-18,3.31247455789227e-17,0.940780849773288,0.00041194680420631,1.4247864723106,0.312350877410852,2.044678,467.583,339.0663,2.044678,467.9775,340.1112,2.041067,457.6822,338.7167,"No issues","No issues","No issues","No issues"
1242,50,2025-05-24,2025-05-24 06:00:00,2025-05-24 06:06:30,2025-05-24 05:56:40,40,-0.406489305816079,-674.401440900586,187.7814033771,0.808646760720233,0.662682644395287,0.200997934962694,3.2185348517494e-15,1.68230267751041e-10,0.00371619492527991,0.00026418458571749,0.642842973234292,0.500207961563755,2.037328,449.581,339.2752,2.037796,451.0003,341.463,2.03572,446.6828,338.8028,"No issues","No issues","No issues","No issues"
1243,60,2025-05-24,2025-05-24 06:12:20,2025-05-24 06:18:50,2025-05-24 06:09:00,40,-0.27797781613502,-92.8140247654768,123.612382739208,0.598502591860093,0.00629566171401836,0.1245946656999,4.82631315496042e-09,0.626485926263911,0.0254759396094841,0.0003041853964642,1.55790644165666,0.43776064342912,2.034466,445.1998,339.7874,2.034466,449.8788,341.4699,2.032519,442.5491,339.6863,"No issues","No issues","No issues","No issues"
1244,70,2025-05-24,2025-05-24 06:24:40,2025-05-24 06:31:10,2025-05-24 06:21:20,40,-0.215091422138898,-767.553527954979,-406.364487804883,0.750017167544629,0.577503212816001,0.534465170662917,5.35055807836307e-13,1.29250798568968e-08,8.4588226771374e-08,0.00016590613559437,0.877128134686945,0.50670127738988,2.032743,445.4724,343.9389,2.032979,447.6453,344.6517,2.031834,442.6636,341.1022,"No issues","No issues","No issues","No issues"
1245,80,2025-05-24,2025-05-24 06:37:00,2025-05-24 06:43:30,2025-05-24 06:33:40,40,0.0023383114446665,-89.0389283302014,-309.937548968092,0.00034866269376387,0.0452472631577194,0.539302399502594,0.908952115210768,0.187569975962731,6.9076617349808e-08,0.00016727989866019,0.546448312114408,0.382724143191306,2.031167,441.8936,342.4754,2.031285,442.2835,342.7339,2.030673,440.2163,340.447,"No issues","No issues","No issues","No issues"
1246,90,2025-05-24,2025-05-24 06:49:20,2025-05-24 06:55:50,2025-05-24 06:46:00,40,-0.227785575984924,-686.569008630405,-252.925787617274,0.859634253585462,0.712843983099998,0.416713697535225,8.67441295283079e-18,7.63238736305666e-12,6.86943715547714e-06,0.00012297584057973,0.582191389884599,0.39979280902906,2.030995,443.5796,342.3065,2.030995,443.6659,342.3065,2.029697,439.3926,340.1773,"No issues","No issues","No issues","No issues"
1247,100,2025-05-24,2025-05-24 07:01:40,2025-05-24 07:08:10,2025-05-24 06:58:20,40,-0.268805313320809,-128.516595872418,-322.016528330207,0.855812577480115,0.156354987684139,0.483513404079808,1.4481409401328e-17,0.0115566330039019,6.37040149737738e-07,0.00014741173987507,0.398844017025221,0.444655120964767,2.029437,441.1135,343.1759,2.029437,441.9038,343.1759,2.027747,440.0876,340.1935,"No issues","No issues","No issues","No issues"
1248,110,2025-05-24,2025-05-24 07:14:00,2025-05-24 07:20:30,2025-05-24 07:10:40,40,-0.285128105065767,-56.6730506566492,-91.1751804878001,0.698820374149037,0.0291230776389652,0.0910066150846763,1.90602671196519e-11,0.292415035140153,0.0585195823933243,0.00025008630486846,0.43717962412367,0.384981959532979,2.026424,439.458,339.8819,2.026708,440.1097,340.7509,2.025034,438.2278,338.7818,"No issues","No issues","No issues","No issues"
1249,120,2025-05-24,2025-05-24 07:26:20,2025-05-24 07:32:50,2025-05-24 07:23:00,40,-0.0908642701688989,-41.9147797373472,48.8358574108834,0.356849432043543,0.014021216894941,0.0188063047884534,4.71053924832848e-05,0.466786872875169,0.398770564579265,0.00016297719272077,0.469599889146408,0.471285765475568,2.023346,438.2858,339.3096,2.023346,439.6266,340.4911,2.022535,437.8045,338.61,"No issues","No issues","No issues","No issues"
1250,130,2025-05-24,2025-05-24 07:38:40,2025-05-24 07:45:10,2025-05-24 07:35:20,40,-0.591473651031969,-699.435476172588,-82.5599009381016,0.960401878357033,0.732354592054379,0.0574759211708346,2.97396217247959e-28,1.97961653608839e-12,0.136223254519793,0.00016045973149525,0.564919695749917,0.446675658501861,2.021305,439.502,340.958,2.021388,439.8166,341,2.018446,435.93,339.0688,"No issues","No issues","No issues","No issues"
1251,140,2025-05-24,2025-05-24 07:51:00,2025-05-24 07:57:30,2025-05-24 07:47:40,40,-0.406610071294469,-215.76503414634,225.613337335836,0.922021718780626,0.239992537609154,0.221527565233323,1.18414972215673e-22,0.00133386704530863,0.00217666103523392,0.00015798441681642,0.512992472065076,0.565057142026015,2.017839,436.978,342.5447,2.017839,436.978,343.9516,2.015906,434.4163,340.992,"No issues","No issues","No issues","No issues"
1252,150,2025-05-24,2025-05-24 08:03:20,2025-05-24 08:09:50,2025-05-24 08:00:00,40,-0.310248945591042,-233.223831894938,105.850212382742,0.818371480454161,0.237039881264762,0.101053017574053,1.18804819576054e-15,0.00144336142925874,0.0456151926793026,0.00019527514051172,0.559027279399056,0.421797495059935,2.014461,434.0217,342.9259,2.014461,435.7313,344.1392,2.012546,432.9405,342.156,"No issues","No issues","No issues","No issues"
1253,160,2025-05-24,2025-05-24 08:15:40,2025-05-24 08:22:10,2025-05-24 08:12:20,40,-0.0730331257035229,-283.745705065661,20.5796532833039,0.32476684407284,0.375709196881442,0.00447722019562392,0.00012380241427019,2.61565880068769e-05,0.681637349004516,0.00014069568933739,0.48867117058175,0.409995692612172,2.010959,432.7417,343.7504,2.011211,433.2061,345.2619,2.010502,430.6649,343.6108,"No issues","No issues","No issues","No issues"
1254,170,2025-05-24,2025-05-24 08:28:00,2025-05-24 08:34:30,2025-05-24 08:24:40,40,0.0693785515947231,-18.25568780489,131.398189868694,0.352579122627648,0.00227707840137761,0.115487570780266,5.37012670320693e-05,0.769983605026735,0.0319162885340336,0.00012560593158464,0.510545026034457,0.485840366458938,2.010514,433.8127,345.5407,2.011002,435.1869,346.7923,2.010281,433.357,344.4942,"No issues","No issues","No issues","No issues"
1255,180,2025-05-24,2025-05-24 08:40:20,2025-05-24 08:46:50,2025-05-24 08:37:00,40,-0.291729681050597,-1849.14058086304,-99.6378416510709,0.774903522262631,0.926379741159773,0.0588844257963068,7.18573671877442e-14,3.96175385683808e-23,0.131372952158882,0.00021006853936561,0.696456412682758,0.532188438717668,2.010362,429.8877,346.2197,2.01048,430.2017,346.2614,2.008922,421.7128,343.8879,"No issues","No issues","No issues","No issues"
1256,190,2025-05-24,2025-05-24 08:52:40,2025-05-24 08:59:10,2025-05-24 08:49:20,40,-0.182905395872449,-1291.77977335834,-254.131010881798,0.494879635603257,0.924185585748082,0.32136144722512,4.13012594365338e-07,6.92961789955473e-23,0.00013684856980784,0.0002468846175936,0.494315971747321,0.493400865557181,2.007913,430.7507,344.0669,2.008173,430.7507,344.9847,2.006683,423.5078,342.4382,"No issues","No issues","No issues","No issues"
1257,200,2025-05-24,2025-05-24 09:05:00,2025-05-24 09:11:30,2025-05-24 09:01:40,40,-0.0113503339585967,-44.9582318949318,-94.0442926829457,0.0103193701962395,0.0132304806217849,0.0371300337882665,0.532811850273224,0.479717202491776,0.233556589285621,0.00014850786176048,0.518739288383204,0.639843052653967,2.006617,434.4623,342.1752,2.006836,436.0269,344.212,2.006239,433.2498,341.4947,"No issues","No issues","No issues","No issues"
1258,210,2025-05-24,2025-05-24 09:17:20,2025-05-24 09:23:50,2025-05-24 09:14:00,40,0.697568960600413,563.06045178237,-83.9246318949189,0.680486979217847,0.0861084576221873,0.0588656090037655,5.93062438382799e-11,0.0661016888503326,0.131436511079135,0.00063861833759787,2.45075171263214,0.448336722411082,2.006504,434.724,341.9043,2.011205,446.0935,342.2719,2.006137,432.6617,340.4026,"No issues","No issues","No issues","No issues"
1259,220,2025-05-24,2025-05-24 09:29:40,2025-05-24 09:36:10,2025-05-24 09:26:20,40,0.862408165103141,-754.203755347076,-229.184834521566,0.205217706062676,0.0526422383434672,0.292828114981684,0.00333181591204805,0.154398838018954,0.00031162334413615,0.00226751100425216,4.27462864905089,0.475840989451234,2.010179,429.4488,342.4907,2.020347,451.6265,342.5094,2.007741,422.8199,340.4792,"No issues","No issues","No issues","No issues"
1260,230,2025-05-24,2025-05-24 09:42:00,2025-05-24 09:48:30,2025-05-24 09:38:40,40,0.828120495309629,-19.1018566604196,-5.19737335834104,0.295093663419004,0.00079236788307715,0.00028928890838838,0.00029221640206474,0.863108296059776,0.917036413443648,0.0017100120268989,0.906274765262029,0.408201939209646,2.008119,434.1111,341.0146,2.016171,436.0883,342.4614,2.007605,432.6446,340.3494,"No issues","No issues","No issues","No issues"
1261,240,2025-05-24,2025-05-24 09:54:20,2025-05-24 10:00:50,2025-05-24 09:51:00,40,0.157848585365989,-255.297572983103,-36.4971106941843,0.00377803657770074,0.0533684208491905,0.00677008346825691,0.706342314886822,0.151507520030717,0.613739022964085,0.00342456597549503,1.43653056349438,0.590617397598925,2.007805,434.025,340.7538,2.021302,440.2726,342.4277,2.005678,431.0957,339.5735,"No issues","No issues","No issues","No issues"
1262,10,2025-05-24,2025-05-24 10:06:40,2025-05-24 10:13:10,2025-05-24 10:03:20,40,-0.439298611632337,-488.282143339584,-196.607252532848,0.0571564309882657,0.29669361686734,0.26342343129555,0.137350074570959,0.00027921451701732,0.00070719707467042,0.00238378436788492,1.0044050478832,0.439239257817665,2.006628,431.6049,342.3509,2.020682,434.8967,342.485,2.004996,429.5812,339.9856,"No issues","No issues","No issues","No issues"
1263,20,2025-05-24,2025-05-24 10:19:00,2025-05-24 10:25:30,2025-05-24 10:15:40,40,-0.18913981238281,-1249.80104465292,-485.528447279572,0.337125638791161,0.773397155270344,0.600841058734582,8.57422137095812e-05,8.16401786289075e-14,4.31155083288823e-09,0.00035434192475462,0.903841219503807,0.528722358906387,2.00534,432.6893,343.3694,2.006281,432.9892,343.5393,2.004315,425.0944,340.0105,"No issues","No issues","No issues","No issues"
1264,30,2025-05-24,2025-05-24 10:31:20,2025-05-24 10:37:50,2025-05-24 10:28:00,40,0.195346671669806,38.8305590994204,264.5515317073,0.268904867020126,0.00174451933566949,0.302821428906217,0.00060824841260568,0.79803146578578,0.00023435801913879,0.00043034176569348,1.24101339195504,0.536301312085093,2.005674,433.3795,340.8369,2.006475,434.9706,343.4891,2.004422,430.4099,340.8369,"No issues","No issues","No issues","No issues"
1265,40,2025-05-24,2025-05-24 10:43:40,2025-05-24 10:50:10,2025-05-24 10:40:20,40,-0.206175039399612,-1233.18663264542,113.542081801102,0.0252728268856074,0.704754641732195,0.0763064371855913,0.327180530503026,1.30079776117085e-11,0.0844512041616962,0.00171068709035767,1.06640271384367,0.527788702130808,2.007582,429.7724,344.5275,2.014991,431.8202,345.0951,2.00573,423.8681,343.047,"No issues","No issues","No issues","No issues"
1266,50,2025-05-24,2025-05-24 10:56:00,2025-05-24 11:02:30,2025-05-24 10:52:40,40,0.30967834896805,193.154008255177,15.6735759849975,0.243130275392177,0.0750854342616817,0.00142280435549781,0.00122628741172679,0.0870803403252186,0.817252621162598,0.0007299981424165,0.905725410530004,0.554761340660396,2.006162,430.5692,344.7027,2.009732,432.6009,345.4277,2.005994,428.257,342.8561,"No issues","No issues","No issues","No issues"
1267,60,2025-05-24,2025-05-24 11:08:20,2025-05-24 11:14:50,2025-05-24 11:05:00,40,-0.117539662288919,1128.7466206379,184.217362851732,0.112242831227157,0.204809716960975,0.233721211897563,0.0345834224897086,0.00336723011194324,0.00157676480074805,0.00044164375375393,2.97150580493424,0.445650875811975,2.00776,425.8488,344.2012,2.008428,445.778,346.927,2.006326,425.8488,344.2012,"No issues","No issues","No issues","No issues"
1268,70,2025-05-24,2025-05-24 11:20:40,2025-05-24 11:27:10,2025-05-24 11:17:20,40,-0.27226212382745,-2134.56006303942,-489.063633771101,0.0847506166237556,0.616565251752688,0.570674146148821,0.0683763792072529,1.98526973331947e-09,1.7624545155977e-08,0.00119537834340579,2.24897411697433,0.566741035120795,2.007453,436.9625,349.0103,2.012462,436.9625,349.0103,2.006707,421.3961,345.2124,"No issues","No issues","No issues","No issues"
1269,80,2025-05-24,2025-05-24 11:33:00,2025-05-24 11:39:30,2025-05-24 11:29:40,40,-0.0968012307692776,-486.133895684815,-134.096366228868,0.0984640478620405,0.271420807549624,0.0804635826114357,0.0486361071524603,0.00056741858781088,0.0761000979626242,0.00039133926764874,1.06412484354437,0.605649914040512,2.007003,430.5741,345.3486,2.00838,431.3315,346.1438,2.00625,426.5362,343.3516,"No issues","No issues","No issues","No issues"
1270,90,2025-05-24,2025-05-24 11:45:20,2025-05-24 11:51:50,2025-05-24 11:42:00,40,0.136900232645341,-1351.43427242028,-273.95681200753,0.325450075418209,0.666450489440936,0.343619601684793,0.00012133230147087,1.35541198055463e-10,7.05207571480546e-05,0.00026332307215792,1.27735320806229,0.505872191903841,2.007212,429.8646,344.8857,2.008126,429.8646,344.8857,2.006874,421.1729,341.9952,"No issues","No issues","No issues","No issues"
1271,100,2025-05-24,2025-05-24 11:57:40,2025-05-24 12:04:10,2025-05-24 11:54:20,40,0.216340412757888,256.875710318942,-578.319777861157,0.774230098257191,0.142594053985776,0.748252892863842,7.60847913100851e-14,0.0162960972485881,6.12222667418866e-13,0.00015608296880817,0.841560695472681,0.448173272716982,2.0064,430.7841,344.4985,2.007583,433.8506,344.4985,2.006274,429.8257,340.7409,"No issues","No issues","No issues","No issues"
1272,110,2025-05-24,2025-05-24 12:10:00,2025-05-24 12:16:30,2025-05-24 12:06:40,40,-0.65629310318953,-545.472864540313,56.390102814241,0.488896759593538,0.0719124748762228,0.0267538818479524,5.19428085246272e-07,0.0943185934732898,0.313218227905244,0.00089652714693813,2.61809479364846,0.454402477416794,2.012437,435.2218,342.2938,2.012437,441.2117,342.5987,2.007776,430.402,340.4008,"No issues","No issues","No issues","No issues"
1273,120,2025-05-24,2025-05-24 12:22:20,2025-05-24 12:28:50,2025-05-24 12:19:00,40,-0.0937675046904939,57.2110649155726,-21.7662348968226,0.390773244081602,0.0242619653261789,0.00360028062951218,1.61599039276227e-05,0.337173318187877,0.713032642341655,0.00015642252759381,0.484734048537728,0.483784332390806,2.009644,432.2762,341.6259,2.009663,433.0961,342.5382,2.00877,431.4212,339.9721,"No issues","No issues","No issues","No issues"
1274,130,2025-05-24,2025-05-24 12:34:40,2025-05-24 12:41:10,2025-05-24 12:31:20,40,-0.0205657936210839,38.2002281425924,-569.701904690422,0.0384318266139579,0.00881837784472329,0.457503165462168,0.225375271660047,0.564373164701963,1.66136813136335e-06,0.00013743896204499,0.541088236021285,0.82883692416018,2.009142,432.4813,346.4406,2.009328,433.9809,346.8488,2.008783,431.457,341.1563,"No issues","No issues","No issues","No issues"
1275,140,2025-05-24,2025-05-24 12:47:00,2025-05-24 12:53:30,2025-05-24 12:43:40,40,-0.200502303940072,-411.727366604127,450.206246904302,0.819945912057269,0.414413294448745,0.320129273840793,1.00600804132867e-15,7.42125475946987e-06,0.00014188524978983,0.00012553017211469,0.65389552547601,0.876560425218224,2.009988,432.5599,349.4152,2.010268,434.2375,350.08,2.009099,430.6591,345.736,"No issues","No issues","No issues","No issues"
1276,150,2025-05-24,2025-05-24 12:59:20,2025-05-24 13:05:50,2025-05-24 12:56:00,40,-0.321461493433445,-194.910132833054,-236.472342213896,0.90401117439268,0.218499674335613,0.224361762598907,6.19657433104623e-21,0.00235676786893385,0.00202016528618335,0.00013994979418389,0.492485522886732,0.58742902750738,2.009925,433.9786,348.0003,2.009938,434.3576,349.847,2.008372,432.0726,347.2659,"No issues","No issues","No issues","No issues"
1277,160,2025-05-24,2025-05-24 13:11:40,2025-05-24 13:18:10,2025-05-24 13:08:20,40,0.0799734934333963,-368.36024015011,-31.0398889305914,0.416636032503958,0.417043971491918,0.00614461613248004,6.88741196900272e-06,6.79349641545492e-06,0.630667942913751,0.0001264320910296,0.581861455326578,0.527417145490134,2.007875,429.9333,348.5846,2.008215,430.5415,350.1282,2.007641,427.5409,347.6432,"No issues","No issues","No issues","No issues"
1278,170,2025-05-24,2025-05-24 13:24:00,2025-05-24 13:30:30,2025-05-24 13:20:40,40,0.0811552120074785,349.82614333957,-155.291842401522,0.454451962450414,0.451928217354081,0.134901879648263,1.85378092649527e-06,2.02877840869423e-06,0.0197306487540579,0.0001187979073009,0.514702314134827,0.52540256977262,2.008801,430.891,350.8115,2.009415,433.4272,351.1227,2.008781,430.3071,348.6063,"No issues","No issues","No issues","No issues"
1279,180,2025-05-24,2025-05-24 13:36:20,2025-05-24 13:42:50,2025-05-24 13:33:00,40,0.0701404277673813,-1787.25370356474,-409.857284802998,0.256470160566606,0.94524619537214,0.482441995270313,0.00085510964440844,1.41469844606749e-25,6.63290129301418e-07,0.00015955817339302,0.574699413674138,0.567165084891213,2.009837,427.6934,347.8518,2.010372,427.9098,348.9439,2.009567,419.7764,345.8683,"No issues","No issues","No issues","No issues"
1280,190,2025-05-24,2025-05-24 13:48:40,2025-05-24 13:55:10,2025-05-24 13:45:20,40,-0.00271357598495548,-1739.50165553472,-277.269109193245,0.00106708674600242,0.960042515990487,0.474899674533443,0.84140097958285,3.53150581084977e-28,8.79404477600276e-07,0.00011092518251654,0.474131213008207,0.389530583348151,2.010618,429.1067,345.2943,2.01091,429.1067,345.786,2.010486,420.5436,343.5706,"No issues","No issues","No issues","No issues"
1281,200,2025-05-24,2025-05-24 14:01:00,2025-05-24 14:07:30,2025-05-24 13:57:40,40,0.166678243902495,-206.995677298302,-160.916676923059,0.698146921754076,0.32767575308809,0.117559089500504,1.98954811326104e-11,0.0001136083631153,0.0303219253436792,0.00014642767724938,0.396139707386212,0.589027582322371,2.010952,430.7415,343.9714,2.012073,431.1052,344.7423,2.01091,429.1379,341.9159,"No issues","No issues","No issues","No issues"
1282,210,2025-05-24,2025-05-24 14:13:20,2025-05-24 14:19:50,2025-05-24 14:10:00,40,-0.285670333958823,-472.839156472792,-300.105780112579,0.145656397817864,0.499477372249995,0.528139471515091,0.0150990403565969,3.4568803944245e-07,1.09911236637401e-07,0.00092435014131809,0.632393284057633,0.378989116226508,2.017243,431.2511,333.2345,2.017243,431.8019,334.2145,2.013549,428.7425,332.1834,"No issues","No issues","No issues","No issues"
1283,220,2025-05-24,2025-05-24 14:25:40,2025-05-24 14:32:10,2025-05-24 14:22:20,40,0.15884469793618,-1965.61475121951,-169.540061538462,0.193505397000906,0.93611381138111,0.192301240016116,0.00450707438596251,2.66392294041307e-24,0.00464853458024861,0.00043325819002767,0.686052628073518,0.464222160584659,2.012565,428.3073,341.3368,2.014833,428.7248,341.964,2.012495,420.1751,339.7213,"No issues","No issues","No issues","No issues"
1284,230,2025-05-24,2025-05-24 14:38:00,2025-05-24 14:44:30,2025-05-24 14:34:40,40,-0.93864036022518,-225.758823264533,-47.786575609749,0.860810099780246,0.300842808408252,0.0276456170705198,7.38831325652747e-18,0.0002480275452046,0.305176421359309,0.00050427713355103,0.459814006817765,0.378638630288366,2.017274,430.7291,340.1846,2.018459,431.0232,341.395,2.014386,428.7603,339.6276,"No issues","No issues","No issues","No issues"
1285,240,2025-05-24,2025-05-24 14:50:20,2025-05-24 14:56:50,2025-05-24 14:47:00,40,-0.232839084427686,242.554788742967,24.4337741088132,0.163624229376627,0.419455508629221,0.00368319214152107,0.00962874105506993,6.26275492971558e-06,0.709889292244581,0.00070331950810639,0.381245321406966,0.536904398242096,2.017417,429.814,339.8633,2.017996,431.2628,341.3513,2.014151,429.0128,338.6236,"No issues","No issues","No issues","No issues"
1286,10,2025-05-24,2025-05-24 15:02:40,2025-05-24 15:09:10,2025-05-24 14:59:20,40,-0.243576675422127,-1380.65546566605,-224.511291557225,0.586727255805718,0.92542926924758,0.279077550115968,8.4356622829947e-09,5.05764790933335e-23,0.00045871425062072,0.00027312145360502,0.523621857271077,0.48210304957014,2.01547,427.2507,342.8445,2.016579,427.735,342.8445,2.014823,421.1708,340.3116,"No issues","No issues","No issues","No issues"
1287,20,2025-05-24,2025-05-24 15:15:00,2025-05-24 15:21:30,2025-05-24 15:11:40,40,-0.0282858686679559,-1808.26746416511,-27.528207129467,0.0435799275614556,0.966225942597525,0.00664202652116459,0.196103466187986,1.44329403019505e-29,0.617123726304402,0.00017703962296062,0.451684103370436,0.449780250633095,2.014139,428.4178,342.1162,2.014139,428.4178,343.1461,2.013449,419.7664,341.3502,"No issues","No issues","No issues","No issues"
1288,30,2025-05-24,2025-05-24 15:27:20,2025-05-24 15:33:50,2025-05-24 15:24:00,40,0.560570656660303,191.400963602223,1010.96956097559,0.962984515124082,0.212057163547747,0.919377693669924,8.24614095938849e-29,0.00278912829588914,2.2343248365186e-22,0.00014683591590878,0.492929566000705,0.399980274108513,2.014436,432.1499,344.3798,2.016889,433.3437,348.7926,2.014436,430.5049,344.196,"No issues","No issues","No issues","No issues"
1289,40,2025-05-24,2025-05-24 15:39:40,2025-05-24 15:46:10,2025-05-24 15:36:20,40,0.227634821763517,-660.689696060069,-84.7742048780381,0.86210120022971,0.75264548506272,0.0534691160921789,6.18501682157216e-18,4.36990127857669e-13,0.151111288353237,0.00012163531448667,0.506036788261173,0.476540135033625,2.018504,429.462,351.0497,2.019817,429.462,352.1816,2.018504,425,349.8826,"No issues","No issues","No issues","No issues"
1290,50,2025-05-24,2025-05-24 15:52:00,2025-05-24 15:58:30,2025-05-24 15:48:40,40,0.694423384615318,185.162818761728,208.642545590971,0.980726215033642,0.236006012071953,0.183944292415314,3.36959378955639e-34,0.00148370869271186,0.00575607776599875,0.00013006301468324,0.445099480252879,0.587137046865426,2.020293,432.8845,349.7829,2.02329,433.772,352.5345,2.020293,431.3835,349.3145,"No issues","No issues","No issues","No issues"
1291,60,2025-05-24,2025-05-24 16:04:20,2025-05-24 16:10:50,2025-05-24 16:01:00,40,0.467759549718547,-10.3973403377101,41.5548337711099,0.921907483402761,0.00082228111737678,0.00892522808248131,1.21761929762529e-22,0.860573227826519,0.56201239311617,0.00018188779926019,0.484231835217769,0.585039197534913,2.024659,432.6662,350.1888,2.026789,433.6557,352.3389,2.024549,431.4774,349.8513,"No issues","No issues","No issues","No issues"
1292,70,2025-05-24,2025-05-24 16:16:40,2025-05-24 16:23:10,2025-05-24 16:13:20,40,0.356414589118196,-1492.54735609755,-350.520747467163,0.867776056154815,0.93262665506467,0.550658638625337,2.77485216234753e-18,7.32538635875335e-24,4.25827476442308e-08,0.00018587738800096,0.535967096531713,0.423039154536185,2.028772,430.5491,349.7746,2.030734,430.7123,351.236,2.028757,422.6732,348.5673,"No issues","No issues","No issues","No issues"
1293,80,2025-05-24,2025-05-24 16:29:00,2025-05-24 16:35:30,2025-05-24 16:25:40,40,0.861969681050688,-276.83881125703,-228.315809380866,0.980557195353348,0.394530986779333,0.344090781030871,3.9779492068519e-34,1.43064749614697e-05,6.95231921689102e-05,0.00016216414903189,0.458197002316911,0.421154261946084,2.03325,430.5095,348.2918,2.037638,430.5095,348.3732,2.03325,427.8343,346.3383,"No issues","No issues","No issues","No issues"
1294,90,2025-05-24,2025-05-24 16:41:20,2025-05-24 16:47:50,2025-05-24 16:38:00,40,0.554629643527131,-1383.4239129456,128.222381988734,0.954397067394187,0.945322600824016,0.113621578642338,4.36186457500064e-27,1.37760474309159e-25,0.0334239378336098,0.00016197753369283,0.444517689521237,0.478479003304152,2.040373,428.7025,346.4513,2.042826,429.0088,347.8358,2.040301,422.2686,345.8035,"No issues","No issues","No issues","No issues"
1295,100,2025-05-24,2025-05-24 16:53:40,2025-05-24 17:00:10,2025-05-24 16:50:20,40,0.372736570356417,-63.7821658536713,-97.7537380863171,0.734544598818663,0.0306635570024129,0.10858859490873,1.69113677237742e-12,0.279807173749697,0.037854920171028,0.00029937020140339,0.479120919140372,0.37419693547773,2.044035,430.8812,344.9207,2.046412,432.4648,345.7545,2.044035,430.2066,344.0313,"No issues","No issues","No issues","No issues"
1296,110,2025-05-24,2025-05-24 17:06:00,2025-05-24 17:12:30,2025-05-24 17:02:40,40,0.566712675422145,9.60353020639291,-42.8360015009437,0.964124423455575,0.00115659040275635,0.0166628878170383,4.54883955388565e-29,0.834971750663634,0.427285417405137,0.00014605475315549,0.377059324532974,0.439647766671821,2.047636,431.8392,343.2045,2.05031,432.4124,344.3889,2.047619,430.9942,342.6824,"No issues","No issues","No issues","No issues"
1297,120,2025-05-24,2025-05-24 17:18:20,2025-05-24 17:24:50,2025-05-24 17:15:00,40,0.414005133208307,244.308562851765,14.4309073170651,0.951900029724607,0.354271748658202,0.00133941815116199,1.20254149346038e-26,5.09877376128893e-05,0.822600382449609,0.00012433755587192,0.44067172816003,0.526458773782044,2.051065,432.557,343.8727,2.05326,433.8902,343.9585,2.051065,431.3844,341.8846,"No issues","No issues","No issues","No issues"
1298,130,2025-05-24,2025-05-24 17:30:40,2025-05-24 17:37:10,2025-05-24 17:27:20,40,0.183967969981173,78.6711714821847,-105.425750093815,0.612098531727771,0.0476845474297408,0.087469378892928,2.48226223040848e-09,0.175835782211686,0.0638995220177899,0.00019566453959963,0.469717852575446,0.454948532013626,2.053713,433.2772,343.482,2.055081,433.3545,343.482,2.053666,431.3143,341.4525,"No issues","No issues","No issues","No issues"
1299,140,2025-05-24,2025-05-24 17:43:00,2025-05-24 17:49:30,2025-05-24 17:39:40,40,-0.895185050656699,264.515545215746,306.501973733589,0.79337370790897,0.367968719562736,0.44446980521765,1.39698921787893e-14,3.33633964596441e-05,2.64258057060606e-06,0.00061036071979925,0.46316411314538,0.457810601175766,2.050181,432.8433,342.4864,2.050565,434.7137,345.7035,2.046565,432.3573,342.4864,"No issues","No issues","No issues","No issues"
1300,150,2025-05-24,2025-05-24 17:55:20,2025-05-24 18:01:50,2025-05-24 17:52:00,40,-1.1721805328329,18.0493328330403,-100.619527204507,0.902380232666998,0.00291210523194451,0.0893140080517062,8.54175377612812e-21,0.740858717223391,0.0610337634404437,0.00051509634516549,0.446215045132955,0.429266183562685,2.041936,433.6838,345.3637,2.042032,434.7493,345.69,2.03603,432.9444,343.8785,"No issues","No issues","No issues","No issues"
1301,160,2025-05-24,2025-05-24 18:07:40,2025-05-24 18:14:10,2025-05-24 18:04:20,40,-0.797139692307601,-105.691272045047,-31.4547872420092,0.88993153886567,0.115922760674322,0.00999566706374108,8.40959124830778e-20,0.0315745474907153,0.539341733998364,0.00037454797140633,0.38995970978989,0.418233941654623,2.031637,434.081,344.6633,2.03182,434.2074,345.4862,2.028322,432.1924,343.5859,"No issues","No issues","No issues","No issues"
1302,170,2025-05-24,2025-05-24 18:20:00,2025-05-24 18:26:30,2025-05-24 18:16:40,40,0.0232704540337482,1437.36012607879,203.136531332094,0.00983715734214023,0.609618858331632,0.301203580279922,0.542592019870251,2.80700127341557e-09,0.00024547948818178,0.00031192000330834,1.53674099717751,0.413383529921701,2.027781,435.9019,345.1857,2.028153,442.1982,346.2696,2.02686,435.2918,344.3319,"No issues","No issues","No issues","No issues"
1303,180,2025-05-24,2025-05-24 18:32:20,2025-05-24 18:38:50,2025-05-24 18:29:00,40,0.0368091557222471,1195.675902439,-190.61647429645,0.024138190194452,0.733374282651725,0.257520644728797,0.338424051423511,1.83992993350467e-12,0.00083099771185617,0.00031269254797879,0.963211198652123,0.432430646127939,2.024982,436.394,344.1206,2.025509,441.7091,344.7263,2.024041,435.6429,342.5039,"No issues","No issues","No issues","No issues"
1304,190,2025-05-24,2025-05-24 18:44:40,2025-05-24 18:51:10,2025-05-24 18:41:20,40,0.226988848030051,619.50145440903,-62.8701838649265,0.155288037622553,0.121807785953532,0.0297296343579972,0.0118696765316817,0.0272958115198287,0.287368733775016,0.00070730985392918,2.22238584995425,0.479861819586775,2.023329,443.3628,341.7086,2.026107,451.5775,343.682,2.022729,440.6884,341.7086,"No issues","No issues","No issues","No issues"
1305,200,2025-05-24,2025-05-24 18:57:00,2025-05-24 19:03:30,2025-05-24 18:53:40,40,1.26892583864913,4086.40714446529,132.687786866764,0.344369340237529,0.496327010102405,0.138093464804057,6.89397923140091e-05,3.90578572071831e-07,0.0182266646550306,0.00233923307137486,5.4998630715738,0.442888435648299,2.024744,459.1628,342.2931,2.037528,476.2277,344.1385,2.023669,450.903,340.9234,"No issues","No issues","No issues","No issues"
1306,210,2025-05-24,2025-05-24 19:09:20,2025-05-24 19:15:50,2025-05-24 19:06:00,40,-0.893734243902435,3753.07797073171,-90.4347827392071,0.872473358940936,0.737541512774261,0.0789302228281808,1.39206421192519e-18,1.36039269672875e-12,0.0790762497878329,0.00045651246249652,2.99119364305216,0.412743238630855,2.023272,462.3672,341.5962,2.024305,486.7379,342.4159,2.019686,462.3672,340.795,"No issues","No issues","No issues","No issues"
1307,220,2025-05-24,2025-05-24 19:21:40,2025-05-24 19:28:10,2025-05-24 19:18:20,40,-0.103049425891226,818.803803377114,-3.27452757973882,0.017241231718463,0.0665443187562343,7.93003630300319e-05,0.419307514894647,0.108034223409605,0.956508341160175,0.00103945277321258,4.0972369216155,0.491262609415267,2.021233,487.1567,341.4445,2.023241,491.7498,342.6842,2.019047,475.9078,340.3385,"No issues","No issues","No issues","No issues"
1308,230,2025-05-24,2025-05-24 19:34:00,2025-05-24 19:40:30,2025-05-24 19:30:40,40,-0.474707212007496,1463.4145891182,-39.6540337711174,0.277480408273257,0.177361679123313,0.0289225282538956,0.00047959414827025,0.00680516883706083,0.294107659376328,0.00102342105534773,4.21077289794671,0.306984219345711,2.018845,481.4841,342.0142,2.020227,493.4754,342.9654,2.015328,477.1808,341.5353,"No issues","No issues","No issues","No issues"
1309,240,2025-05-24,2025-05-24 19:46:20,2025-05-24 19:52:50,2025-05-24 19:43:00,40,-0.158415129455844,-1192.51444052534,66.5927594746542,0.345058831456759,0.0778304408279536,0.045245551744275,6.75158051506872e-05,0.0812847389979115,0.187578517800266,0.00029158897180838,5.48421104402062,0.408700132869825,2.014623,482.1312,342.4713,2.015258,496.4605,342.9533,2.013796,478.863,341.3629,"No issues","No issues","No issues","No issues"
1310,10,2025-05-24,2025-05-24 19:58:40,2025-05-24 20:05:10,2025-05-24 19:55:20,40,-0.163106341463467,-1160.76357523452,179.462363977454,0.469435108912054,0.637473097493778,0.330278506875721,1.0762015505043e-06,6.73667217409907e-10,0.00010517188520402,0.00023167127204875,1.16950700456661,0.341428847985517,2.014273,489.3913,340.8025,2.01474,489.3913,342.2951,2.013551,480.6697,340.5705,"No issues","No issues","No issues","No issues"
1311,20,2025-05-24,2025-05-24 20:11:00,2025-05-24 20:17:30,2025-05-24 20:07:40,40,0.410630994371476,4159.39261238274,367.046165853646,0.610109208165948,0.862349019831081,0.516576938590882,2.73974521393517e-09,5.9763998145997e-18,1.75870319385617e-07,0.00043857037534456,2.22022965731338,0.474391319095238,2.013915,481.2114,339.0452,2.016105,494.0659,341.7727,2.013598,477.2618,338.9993,"No issues","No issues","No issues","No issues"
1312,30,2025-05-24,2025-05-24 20:23:20,2025-05-24 20:29:50,2025-05-24 20:20:00,40,0.826838273921239,-216.668100562838,31.6062709193045,0.0695813466059294,0.0147187217804282,0.0137720159349048,0.100035303651012,0.455830647339254,0.470801548351912,0.00403955222949667,2.36842648898825,0.357341147126093,2.020914,495.5121,342.1467,2.037618,496.0394,342.9599,2.020914,487.7584,341.304,"No issues","No issues","No issues","No issues"
1313,40,2025-05-24,2025-05-24 20:35:40,2025-05-24 20:42:10,2025-05-24 20:32:20,40,-1.47483422138841,-6649.20670018761,3.2412157598688,0.905824255621962,0.963960276024507,0.00012472243046583,4.30913024296147e-21,4.96140242143478e-29,0.945471649670706,0.00063534648345295,1.71771401678232,0.387729139030872,2.023969,503.0992,341.7865,2.025229,504.1416,342.9062,2.01884,478.7933,341.4061,"No issues","No issues","No issues","No issues"
1314,50,2025-05-24,2025-05-24 20:48:00,2025-05-24 20:54:30,2025-05-24 20:44:40,40,-0.212764457786081,1968.71704615386,19.1150679174387,0.116103996911001,0.806804706066057,0.00442280538987781,0.031433307129256,3.86524807390507e-15,0.683476506791211,0.0007843247992674,1.28711463437459,0.383163619073193,2.022085,476.5522,341.8652,2.024681,490.4577,342.526,2.021294,476.5522,341.0343,"No issues","No issues","No issues","No issues"
1315,60,2025-05-24,2025-05-24 21:00:20,2025-05-24 21:06:50,2025-05-24 20:57:00,40,0.0628142589118301,-1419.70194371482,29.3601140713149,0.0840027710249448,0.78490967644276,0.00709533887153863,0.0696633120855806,3.01057543886628e-14,0.605317907570673,0.00027712670643797,0.992927726646055,0.464028664011762,2.02322,499.7484,342.1169,2.023512,500.6222,343.5266,2.022279,493.0962,341.5512,"No issues","No issues","No issues","No issues"
1316,70,2025-05-24,2025-05-24 21:12:40,2025-05-24 21:19:10,2025-05-24 21:09:20,40,-0.184759024390306,-1306.75161275797,455.18235196998,0.351165447721763,0.654436619361023,0.578329971842497,5.60727614088166e-05,2.67744057884295e-10,1.24447024381747e-08,0.00033553406814228,1.26865335378285,0.519282633137078,2.024976,487.1645,338.6169,2.025818,488.8297,341.856,2.024235,480.8844,338.6169,"No issues","No issues","No issues","No issues"
1317,80,2025-05-24,2025-05-24 21:25:00,2025-05-24 21:31:30,2025-05-24 21:21:40,40,0.0316324502814317,1360.16269868667,144.908280675411,0.0176287041492288,0.793327373934256,0.126332071261839,0.414083683886348,1.40299167661088e-14,0.0244028765520937,0.00031548617880924,0.927525772341767,0.509130903025903,2.023712,483.2715,340.9235,2.024914,490.4476,342.3303,2.023543,483.1373,340.0491,"No issues","No issues","No issues","No issues"
1318,90,2025-05-24,2025-05-24 21:37:20,2025-05-24 21:43:50,2025-05-24 21:34:00,40,0.410996532832952,1808.81755497184,400.424366228894,0.699359310258283,0.848319739011273,0.480405976051947,1.84159535601647e-11,3.80752390113003e-17,7.1603468827718e-07,0.00036002422460585,1.02187877349284,0.556375805899032,2.023439,488.1957,340.6484,2.025203,495.1567,343.3309,2.02299,486.2387,340.1768,"No issues","No issues","No issues","No issues"
1319,100,2025-05-24,2025-05-24 21:49:40,2025-05-24 21:56:10,2025-05-24 21:46:20,40,-0.0126917223265254,1557.4914641651,361.413145215744,0.0234788622793568,0.844447849732544,0.517481749106715,0.34519001116835,6.15985691932573e-17,1.69584831522604e-07,0.00010935602819638,0.893093922370455,0.466265373733931,2.025976,495.7672,339.9471,2.026282,504.6553,342.7385,2.025786,495.7672,339.4864,"No issues","No issues","No issues","No issues"
1320,110,2025-05-24,2025-05-24 22:02:00,2025-05-24 22:08:30,2025-05-24 21:58:40,40,0.481937741088135,1566.67709718572,34.6042536585582,0.253343815265096,0.639406492354836,0.0127354604373627,0.00093091435182693,6.07731531538095e-10,0.488107007065155,0.00110539115256598,1.57188146066108,0.40706034550085,2.029633,511.3843,341.1179,2.033571,519.7419,342.2285,2.027909,509.5093,340.4272,"No issues","No issues","No issues","No issues"
1321,120,2025-05-24,2025-05-24 22:14:20,2025-05-24 22:20:50,2025-05-24 22:11:00,40,0.104258701688559,468.162857786083,-43.5149628517778,0.0328807513452931,0.116750309424076,0.0176077824038958,0.262806392347189,0.0309347354322519,0.414363328740753,0.00075544234704528,1.72040045492919,0.434258780941205,2.028486,514.0733,340.899,2.031071,522.1011,342.3747,2.028088,514.0733,340.4781,"No issues","No issues","No issues","No issues"
1322,130,2025-05-24,2025-05-24 22:26:40,2025-05-24 22:33:10,2025-05-24 22:23:20,40,-0.0958156547843033,-198.078970356485,221.496936585352,0.41860026433775,0.0306167226014339,0.142716502173988,6.446291204455e-06,0.280180505770375,0.0162464891923226,0.00015086691301695,1.48910954800202,0.72529173057421,2.028729,514.2621,341.0685,2.028729,516.8173,343.2462,2.027932,510.9958,340.0074,"No issues","No issues","No issues","No issues"
1323,140,2025-05-24,2025-05-24 22:39:00,2025-05-24 22:45:30,2025-05-24 22:35:40,40,0.205983759849898,-691.614655159469,324.345518949364,0.630938849799459,0.461534578942412,0.3026641381602,9.50431893978151e-10,1.43613584876025e-06,0.00023541772639896,0.00021047880922374,0.998069630430651,0.657761251704426,2.027766,504.0843,340.2895,2.028803,504.0843,343.404,2.027536,499.5595,339.3264,"No issues","No issues","No issues","No issues"
1324,150,2025-05-24,2025-05-24 22:51:20,2025-05-24 22:57:50,2025-05-24 22:48:00,40,1.53561329831139,1931.15395722327,-48.916421763596,0.828373764140793,0.701789326150987,0.0146323936909925,4.02666474572986e-16,1.5758878668251e-11,0.45716486629304,0.00093385704993278,1.68187988893216,0.536310128510365,2.033256,512.3264,342.0421,2.04076,524.2582,343.5414,2.033256,512.3264,341.4372,"No issues","No issues","No issues","No issues"
1325,160,2025-05-25,2025-05-24 23:03:40,2025-05-24 23:10:10,2025-05-24 23:00:20,40,-0.0388329906191941,-1689.17981538462,-7.79285853659784,0.0136779071772857,0.829527098145931,0.00070399709355462,0.472331878441786,3.54016086825034e-16,0.870899275107636,0.00044057541471968,1.02307656755908,0.392263863066273,2.036402,519.5933,342.2054,2.036402,519.5933,343.3129,2.034712,510.5227,341.233,"No issues","No issues","No issues","No issues"
1326,170,2025-05-25,2025-05-24 23:16:00,2025-05-24 23:22:30,2025-05-24 23:12:40,40,0.671659497185651,1259.60768780487,-13.7988742964375,0.814487706021271,0.367816354871039,0.00130383928666952,1.77987618593715e-15,3.35226927700137e-05,0.824935206166211,0.00042826551719707,2.20628330684684,0.510232576721756,2.033596,505.2136,342.452,2.037201,515.5109,343.5734,2.03352,504.0226,341.0627,"No issues","No issues","No issues","No issues"
1327,180,2025-05-25,2025-05-24 23:28:20,2025-05-24 23:34:50,2025-05-24 23:25:00,40,-0.232012367729863,-752.429475422147,-101.660055534697,0.0708941522447135,0.194310057355196,0.0944103129060789,0.0967725906145142,0.00441488248194078,0.0537780267555963,0.00112216932398303,2.04701958448908,0.420655163805374,2.037003,511.0127,340.6305,2.040109,515.2164,342.1382,2.035674,506.1968,340.1395,"No issues","No issues","No issues","No issues"
1328,190,2025-05-25,2025-05-24 23:40:40,2025-05-24 23:47:10,2025-05-24 23:37:20,40,0.217566709193187,1312.11473470919,-137.904450281407,0.172877578427112,0.430972564910821,0.187198009239161,0.00762402614455456,4.22805719724986e-06,0.00529736422547419,0.00063581075638794,2.01434321322986,0.383919272659902,2.034429,512.6439,340.4029,2.035841,518.814,341.4947,2.033381,510.6124,339.6355,"No issues","No issues","No issues","No issues"
1329,200,2025-05-25,2025-05-24 23:53:00,2025-05-24 23:59:30,2025-05-24 23:49:40,40,-0.35462418011254,-1429.12400150093,39.1081575984566,0.628072634777252,0.500763260217575,0.00818768337838455,1.103246074266e-09,3.28813632561142e-07,0.578705418842618,0.00036459637140701,1.90645614523112,0.575070979248347,2.032607,518.0697,339.9976,2.033128,519.2732,341.9928,2.030783,508.3988,339.1834,"No issues","No issues","No issues","No issues"
1330,210,2025-05-25,2025-05-25 00:05:20,2025-05-25 00:11:50,2025-05-25 00:02:00,40,0.40240516322715,535.408966604105,-59.637397373373,0.802655132159171,0.225898101191404,0.0413157521789771,5.80211065310433e-15,0.00193993061952481,0.208405073421871,0.00026658262230849,1.32418383725601,0.383811967742978,2.031792,511.1231,339.8272,2.033909,513.3058,340.6039,2.031565,508.0629,338.9924,"No issues","No issues","No issues","No issues"
1331,220,2025-05-25,2025-05-25 00:17:40,2025-05-25 00:24:10,2025-05-25 00:14:20,40,0.939078844277655,228.979290056267,-8.97684652905703,0.847571850420269,0.0214956508952534,0.00103196827867591,4.18224234500291e-17,0.366655273478919,0.843999884790429,0.00053206690914899,2.06405920775321,0.373152441990168,2.036445,514.1036,339.3887,2.040897,520.283,340.0995,2.036445,511.4786,338.5785,"No issues","No issues","No issues","No issues"
1332,230,2025-05-25,2025-05-25 00:30:00,2025-05-25 00:36:30,2025-05-25 00:26:40,40,0.351447804877984,2345.95063114447,-31.1274236397818,0.520257358022506,0.787955235375802,0.00773988904219854,1.51608544224686e-07,2.29185615244513e-14,0.589322657573925,0.00045089534022363,1.62592960663507,0.470878045266889,2.040516,515.1663,339.5486,2.04214,524.9828,341.0137,2.039727,512.8399,338.9083,"No issues","No issues","No issues","No issues"
1333,240,2025-05-25,2025-05-25 00:42:20,2025-05-25 00:48:50,2025-05-25 00:39:00,40,0.258609951219397,1666.07891932456,27.6778266416535,0.305565484729166,0.434618307016595,0.00755696663005411,0.00021658934761312,3.72784781999628e-06,0.593773224445368,0.00052086910643333,2.53882226783475,0.423770667710741,2.038864,529.1179,339.9151,2.04042,538.737,341.3214,2.037863,522.3026,339.1265,"No issues","No issues","No issues","No issues"
1334,10,2025-05-25,2025-05-25 00:54:40,2025-05-25 01:01:10,2025-05-25 00:51:20,40,-0.0273748592871466,-751.969107692307,123.022820262674,0.0322511222903416,0.314936767076002,0.125906044940911,0.267503648335228,0.00016512662480368,0.0246617776538605,0.00020034600371133,1.48174514542723,0.433073203784682,2.038184,525.3884,339.8552,2.038184,525.3884,340.8345,2.037313,518.0432,339.0191,"No issues","No issues","No issues","No issues"
1335,20,2025-05-25,2025-05-25 01:07:00,2025-05-25 01:13:30,2025-05-25 01:03:40,40,0.188929080675381,33.4013808630306,233.696681425886,0.519329162885491,0.00228466539726302,0.457896510248853,1.57408161461428e-07,0.769611115620157,1.63799341467922e-06,0.00024284055067774,0.932558982319295,0.339726829710109,2.038937,514.863,339.5036,2.040658,518.2707,340.9295,2.038747,514.1512,338.658,"No issues","No issues","No issues","No issues"
1336,30,2025-05-25,2025-05-25 01:19:20,2025-05-25 01:25:50,2025-05-25 01:16:00,40,-0.158147662288953,-107.863915947466,28.8442266416441,0.567559881040816,0.0267517472560456,0.0126636437766312,2.02698182330395e-08,0.313237797954745,0.489343992565021,0.00018443349134533,0.869224160983489,0.340276523836884,2.039139,516.9864,341.1514,2.039139,518.5867,341.7134,2.038168,515.2477,340.1741,"No issues","No issues","No issues","No issues"
1337,40,2025-05-25,2025-05-25 01:31:40,2025-05-25 01:38:10,2025-05-25 01:28:20,40,-0.00408333208255102,-376.587935459687,-16.3636412757863,0.00017442563302709,0.184341111548859,0.00324404917333363,0.93553473139011,0.00569813253403941,0.72702493458458,0.0004130394503177,1.05835034244535,0.383222077530146,2.036298,515.7281,341.4256,2.037976,518.704,342.6316,2.036298,513.8521,340.611,"No issues","No issues","No issues","No issues"
1338,50,2025-05-25,2025-05-25 01:44:00,2025-05-25 01:50:30,2025-05-25 01:40:40,40,-0.10093238273909,-1153.83560825515,34.8297365853518,0.361644577195984,0.486858315443672,0.014380003223967,4.06216347224974e-05,5.61298824424695e-07,0.461100522940577,0.00017915984977949,1.5826364200693,0.385252368716676,2.038078,524.7266,341.0545,2.038996,526.7081,342.4235,2.038053,519.6006,340.9577,"No issues","No issues","No issues","No issues"
1339,60,2025-05-25,2025-05-25 01:56:20,2025-05-25 02:02:50,2025-05-25 01:53:00,40,0.389741808630467,509.771833395906,111.629529455885,0.828400790948506,0.248009623144685,0.114430453610463,4.01457230875753e-16,0.00107540466778978,0.0327618596646844,0.00023699230829977,1.18595327088596,0.414896228824503,2.037985,515.5921,341.6543,2.04,520.4536,343.0559,2.037833,515.4581,341.1738,"No issues","No issues","No issues","No issues"
1340,70,2025-05-25,2025-05-25 02:08:40,2025-05-25 02:15:10,2025-05-25 02:05:20,40,-0.224679714821757,-2276.43534709193,173.178020262649,0.35688006587357,0.958465083767786,0.249505331797455,4.70609972710822e-05,7.37543053838455e-28,0.0010328474539479,0.00040296615435995,0.633131188998507,0.401279087448909,2.037207,505.2186,340.6018,2.037207,505.2186,341.8834,2.035454,494.946,339.8952,"No issues","No issues","No issues","No issues"
1341,80,2025-05-25,2025-05-25 02:21:00,2025-05-25 02:27:30,2025-05-25 02:17:40,40,0.714662544090077,221.205964727921,106.459875422149,0.823654500388449,0.100989145858936,0.158912339109788,6.75999178725373e-16,0.0456873929363999,0.0108388393399943,0.00044180491190975,0.881783194998958,0.327225877291707,2.037664,494.3166,340.663,2.040619,496.7888,342.0473,2.037664,492.9349,340.155,"No issues","No issues","No issues","No issues"
1342,90,2025-05-25,2025-05-25 02:33:20,2025-05-25 02:39:50,2025-05-25 02:30:00,40,0.0583969981237575,1322.96790393996,148.868415759842,0.093236111874958,0.561688441563479,0.171527815586656,0.0553679706674786,2.63151651037207e-08,0.00788877514713664,0.00024331305974441,1.56139538917075,0.437113400207671,2.042923,499.9173,339.9197,2.043777,505.6253,342.2238,2.042704,498.172,339.9197,"No issues","No issues","No issues","No issues"
1343,100,2025-05-25,2025-05-25 02:45:40,2025-05-25 02:52:10,2025-05-25 02:42:20,40,0.162367969981263,1446.06569606004,99.2496090056032,0.602662204358847,0.725611840900987,0.1304009608087,3.94723878073368e-09,3.18979918155074e-12,0.0220619499357391,0.00017614210756302,1.18806005038621,0.342426842183265,2.041714,501.4479,339.9024,2.042582,509.4767,341.0545,2.041489,500.8563,339.636,"No issues","No issues","No issues","No issues"
1344,110,2025-05-25,2025-05-25 02:58:00,2025-05-25 03:04:30,2025-05-25 02:54:40,40,0.0354499362101424,-545.889221763603,-70.8256300187718,0.00379298507107829,0.233550752034414,0.0611244106510955,0.705787903970396,0.00158392837062552,0.124037237716463,0.0007675727628696,1.32122095180663,0.370857438386698,2.043259,503.8142,339.5692,2.045209,505.5097,341.0842,2.042621,499.0025,339.3183,"No issues","No issues","No issues","No issues"
1345,120,2025-05-25,2025-05-25 03:10:20,2025-05-25 03:16:50,2025-05-25 03:07:00,40,0.339877013133103,1483.70019061916,42.8278153846273,0.637732070539458,0.715578042542263,0.0261303189007866,6.64457228446055e-10,6.35248386291871e-12,0.319001907023588,0.00034224528604279,1.2497382909655,0.349320325365502,2.043382,508.3188,340.048,2.044498,516.2249,340.8573,2.042634,508.3188,339.2094,"No issues","No issues","No issues","No issues"
1346,130,2025-05-25,2025-05-25 03:22:40,2025-05-25 03:29:10,2025-05-25 03:19:20,40,0.178963091932394,-976.219497185748,134.071564727975,0.184230881071632,0.572111586252476,0.128447255225803,0.00571417175134686,1.65174076336794e-08,0.0231568084253875,0.00050313642171429,1.1279561993136,0.466595953041903,2.045392,510.1304,339.0399,2.047806,510.4982,340.5684,2.045392,503.6473,338.4464,"No issues","No issues","No issues","No issues"
1347,140,2025-05-25,2025-05-25 03:35:00,2025-05-25 03:41:30,2025-05-25 03:31:40,40,0.0747789568479561,3599.28280975608,169.112681425882,0.0612419807928144,0.63311920665338,0.191538729681765,0.123664518697725,8.4787866437749e-10,0.00474032885288521,0.00039115734024953,3.66062787515905,0.464191678363977,2.046754,503.3127,338.7863,2.048514,521.2097,340.7101,2.046754,502.7764,338.6055,"No issues","No issues","No issues","No issues"
1348,150,2025-05-25,2025-05-25 03:47:20,2025-05-25 03:53:50,2025-05-25 03:44:00,40,0.291732112570427,-1407.21592795497,5.77874971856528,0.538385056938644,0.415286352288143,0.00035280343000637,7.17932713254496e-08,7.207030775152e-06,0.908415338274224,0.0003609088520251,2.2308912208402,0.410970575430515,2.047365,516.3038,339.6771,2.049668,523.7619,341.2373,2.047365,514.2997,339.4756,"No issues","No issues","No issues","No issues"
1349,160,2025-05-25,2025-05-25 03:59:40,2025-05-25 04:06:10,2025-05-25 03:56:20,40,-0.11120960600367,895.104810506554,10.5365043151993,0.200927550970056,0.405393466338949,0.00139865182875073,0.00372295680917099,1.00203816484116e-05,0.818784252177325,0.00029630262677252,1.44833899425302,0.3761470680609,2.050665,512.7906,341.0171,2.051179,518.5618,341.3858,2.049529,511.4622,339.8078,"No issues","No issues","No issues","No issues"
1350,170,2025-05-25,2025-05-25 04:12:00,2025-05-25 04:18:30,2025-05-25 04:08:40,40,0.103833185741035,556.752441275787,120.926931332068,0.172548064242249,0.0778430864096839,0.159150438046867,0.00768784827244649,0.0812589857563837,0.0107742742455122,0.00030378924024436,2.56020290600063,0.371362571684375,2.047881,500.7674,340.3629,2.048872,507.0301,341.377,2.047628,496.5228,339.6385,"No issues","No issues","No issues","No issues"
1351,180,2025-05-25,2025-05-25 04:24:20,2025-05-25 04:30:50,2025-05-25 04:21:00,40,-0.19849792120081,385.182871294565,64.381616510319,0.70043314643373,0.126442540517548,0.0655110759200529,1.71932390229719e-11,0.0243361842551518,0.110907067183457,0.00017343604574962,1.35265164274909,0.324871382310046,2.050259,516.4853,340.9295,2.050425,519.9611,341.8237,2.049183,514.615,339.843,"No issues","No issues","No issues","No issues"
1352,190,2025-05-25,2025-05-25 04:36:40,2025-05-25 04:43:10,2025-05-25 04:33:20,40,-0.090643001876149,-431.324037523447,-102.363899437158,0.0587354734628563,0.0686041683080044,0.0645948438326846,0.131876985367457,0.102538711216277,0.113522211523106,0.00048479681186273,2.12331985774295,0.520436372723715,2.051326,510.0413,341.9615,2.053114,516.0884,342.0445,2.05098,507.2579,339.5756,"No issues","No issues","No issues","No issues"
1353,200,2025-05-25,2025-05-25 04:49:00,2025-05-25 04:55:30,2025-05-25 04:45:40,40,0.201309568480217,744.155986491548,-116.693655534733,0.499694990659525,0.433041955065014,0.11113806019728,3.42775553634221e-07,3.93679007414587e-06,0.035541457005065,0.00026912200646636,1.13761240701781,0.440912955651207,2.048662,505.8897,340.2256,2.049754,512.2252,342.089,2.048483,505.8897,339.8955,"No issues","No issues","No issues","No issues"
1354,210,2025-05-25,2025-05-25 05:01:20,2025-05-25 05:07:50,2025-05-25 04:58:00,40,0.00567111444650545,-1326.51751744841,-62.8577831144448,0.00098392781982584,0.475016274246905,0.045784180980932,0.847630508629305,8.7560426076355e-07,0.184911602929318,0.00024143092351197,1.86316591987967,0.383393289954093,2.051293,506.162,340.59,2.051595,510.2491,341.3024,2.050648,501.138,339.8119,"No issues","No issues","No issues","No issues"
1355,220,2025-05-25,2025-05-25 05:13:40,2025-05-25 05:20:10,2025-05-25 05:10:20,40,-0.3867307767355,-1374.88579362099,110.726706191371,0.634933409862266,0.413079654184397,0.147729727895355,7.70643392318013e-10,7.76024417538746e-06,0.014338100708061,0.00039178748262396,2.18957169828669,0.355325984955665,2.054508,504.7609,339.9468,2.054979,512.938,341.312,2.05274,502.3314,339.6552,"No issues","No issues","No issues","No issues"
1356,230,2025-05-25,2025-05-25 05:26:00,2025-05-25 05:32:30,2025-05-25 05:22:40,40,-0.617054859287106,-156.59983789868,-121.402455534711,0.474918703982414,0.0269247085779816,0.163598693988074,8.78783200347013e-07,0.311657099923489,0.00963492870759071,0.00086685664036981,1.2577921830682,0.366745481974372,2.049288,496.1595,340.2086,2.050204,497.7585,341.1325,2.045588,491.8037,339.4892,"No issues","No issues","No issues","No issues"
1357,240,2025-05-25,2025-05-25 05:38:20,2025-05-25 05:44:50,2025-05-25 05:35:00,40,-0.0327120450281971,-950.798282926844,-93.1817515947308,0.00197680557866647,0.585710858662298,0.131138832405663,0.785302375171437,8.84575497126334e-09,0.0216619098316417,0.00098200997668825,1.06836190184822,0.320449998380009,2.044844,492.9178,339.9143,2.046939,492.9178,340.6509,2.042971,486.4669,339.1877,"No issues","No issues","No issues","No issues"
1358,10,2025-05-25,2025-05-25 05:50:40,2025-05-25 05:57:10,2025-05-25 05:47:20,40,0.151474761726125,-802.833663039406,65.3837268292802,0.198976097157628,0.655254205631757,0.0480036334733674,0.00391525406356419,2.55812780502924e-10,0.174361142877397,0.00040605272393828,0.778018673077827,0.389018386014491,2.041067,478.8448,339.2263,2.041848,479.048,340.5236,2.039937,474.4025,338.567,"No issues","No issues","No issues","No issues"
1359,20,2025-05-25,2025-05-25 06:03:00,2025-05-25 06:09:30,2025-05-25 05:59:40,40,-0.644628292682959,-2390.79952570355,-191.253937711092,0.515365928134278,0.814239549528981,0.289910673598434,1.84630127523575e-07,1.82592376347687e-15,0.00033843922719956,0.00083517666084316,1.52568037021949,0.399902981240221,2.042839,478.3597,340.2893,2.042959,478.3597,341.268,2.039495,467.4778,339.3303,"No issues","No issues","No issues","No issues"
1360,30,2025-05-25,2025-05-25 06:15:20,2025-05-25 06:21:50,2025-05-25 06:12:00,40,-0.498200555347002,-661.476130581615,84.241783114441,0.926696988566648,0.714481195851352,0.0796162252824932,3.64906979079869e-23,6.83934812774783e-12,0.0777301802081124,0.00018720442332274,0.558670835077156,0.382675891446438,2.034319,460.4203,339.0613,2.034379,460.9119,340.047,2.031786,456.5781,338.4408,"No issues","No issues","No issues","No issues"
1361,40,2025-05-25,2025-05-25 06:27:40,2025-05-25 06:34:10,2025-05-25 06:24:20,40,-0.423139542213772,-1272.32931782365,0.714947842408751,0.711895575642874,0.892685015465919,7.04783529495834e-06,8.130893056936e-12,5.18911321195062e-20,0.987028670331552,0.00035964190974587,0.589386877513237,0.359803035266639,2.029031,451.141,338.9752,2.029031,451.4114,340.1531,2.026544,445.0024,338.3651,"No issues","No issues","No issues","No issues"
1362,50,2025-05-25,2025-05-25 06:40:00,2025-05-25 06:46:30,2025-05-25 06:36:40,40,-0.241522851782391,-439.752009005665,40.2562401500966,0.675725176763381,0.405669412236696,0.0332652297834719,7.88111038956711e-11,9.92937397402574e-06,0.25998690003844,0.00022353712433701,0.711140820142229,0.28994223494909,2.02431,445.7138,339.595,2.02431,447.0513,340.1547,2.022842,443.8274,339.0524,"No issues","No issues","No issues","No issues"
1363,60,2025-05-25,2025-05-25 06:52:20,2025-05-25 06:58:50,2025-05-25 06:49:00,40,-0.119499467166972,-25.659908442767,202.358445028165,0.563711085180123,0.00531410056909755,0.343357554456242,2.4061523458875e-08,0.654858839226545,7.1081457148931e-05,0.00014045740387391,0.469032638514991,0.373880119192902,2.020251,442.9427,339.8762,2.020396,444.1932,341.3886,2.019621,441.9866,339.5498,"No issues","No issues","No issues","No issues"
1364,70,2025-05-25,2025-05-25 07:04:40,2025-05-25 07:11:10,2025-05-25 07:01:20,40,0.0757094183864781,-619.85823939962,-173.314833771083,0.230668740481036,0.693384491959166,0.221853685060429,0.00170990038836024,2.68726668521122e-11,0.00215807484217552,0.00018472773006299,0.550709085104217,0.433663539800474,2.019122,442.3613,342.5379,2.019805,443.5158,342.5544,2.018933,439.2734,340.4953,"No issues","No issues","No issues","No issues"
1365,80,2025-05-25,2025-05-25 07:17:00,2025-05-25 07:23:30,2025-05-25 07:13:40,40,0.0225555872420332,-479.176426266428,-72.0443887429593,0.0399878027369709,0.592056208009205,0.0413164707584875,0.216029365777322,6.56474475932753e-09,0.20840103215245,0.00014765515365866,0.531415240218435,0.463656178900056,2.019529,440.1566,340.7418,2.019991,441.5864,342.2086,2.019416,438.2242,339.5948,"No issues","No issues","No issues","No issues"
1366,90,2025-05-25,2025-05-25 07:29:20,2025-05-25 07:35:50,2025-05-25 07:26:00,40,-0.428228712945483,-1094.57550168856,-159.470084802994,0.899444692736223,0.923269674487844,0.208592430619644,1.50208043260366e-20,8.70969470723472e-23,0.00305238312135672,0.00019129821466725,0.421584684119566,0.415001741375432,2.019567,439.8971,342.025,2.019819,440.2372,342.3044,2.017962,434.3747,340.1975,"No issues","No issues","No issues","No issues"
1367,100,2025-05-25,2025-05-25 07:41:40,2025-05-25 07:48:10,2025-05-25 07:38:20,40,-0.133382634146424,-176.519333583511,-15.6085733583402,0.464191489579142,0.169356356528654,0.00186133550538699,1.3039236271026e-06,0.00833361123998353,0.791524003938801,0.00019145881785101,0.522298486799718,0.482909984559232,2.016691,440.1901,342.7234,2.016839,440.1901,343.1676,2.015722,437.6755,340.9904,"No issues","No issues","No issues","No issues"
1368,110,2025-05-25,2025-05-25 07:54:00,2025-05-25 08:00:30,2025-05-25 07:50:40,40,-0.345020487804907,-264.661598499068,-12.6029718574098,0.903319475676312,0.370926128289444,0.00106547262014277,7.10488168148214e-21,3.04108387483069e-05,0.841519449195496,0.00015080424366885,0.460487566107403,0.515573038386048,2.015106,439.3147,340.7249,2.015106,439.5494,342.2343,2.013596,437.097,339.7941,"No issues","No issues","No issues","No issues"
1369,120,2025-05-25,2025-05-25 08:06:20,2025-05-25 08:12:50,2025-05-25 08:03:00,40,-0.158984105065715,-64.2547722326597,-58.7562146341565,0.660321123235856,0.026401647348962,0.0189829792098557,1.92393868097152e-10,0.316468689594416,0.396542986649852,0.0001523457166537,0.521314322850447,0.564325610656914,2.012608,437.1612,341.8616,2.012818,438.5166,343.0099,2.01176,435.8029,340.3117,"No issues","No issues","No issues","No issues"
1370,130,2025-05-25,2025-05-25 08:18:40,2025-05-25 08:25:10,2025-05-25 08:15:20,40,-0.0621585590995007,-71.9154371482056,62.1495624765464,0.175958804772019,0.0403061741295614,0.0180392597142171,0.0070516815212613,0.214172673050415,0.408650776014469,0.00017971725017857,0.468837728456785,0.612626316361001,2.010473,437.0194,342.8356,2.010473,437.6751,343.6755,2.009325,435.5338,340.8761,"No issues","No issues","No issues","No issues"
1371,140,2025-05-25,2025-05-25 08:31:00,2025-05-25 08:37:30,2025-05-25 08:27:40,40,-0.333307046904332,-144.509430393994,79.4613343339538,0.473868836110252,0.115210195182904,0.0343569546871463,9.13691028134615e-07,0.0321360259228396,0.25217640489848,0.00046922625153942,0.535045424196499,0.562829299143637,2.008397,437.1403,343.9058,2.008397,437.7219,344.7776,2.006028,435.2296,342.3293,"No issues","No issues","No issues","No issues"
1372,150,2025-05-25,2025-05-25 08:43:20,2025-05-25 08:49:50,2025-05-25 08:40:00,40,-0.359094934333918,-282.441356847999,80.2840795497007,0.689115467065611,0.267403759736291,0.0386330392162585,3.50472997471487e-11,0.00063393717062318,0.22414071387182,0.00032224241529008,0.624592469369959,0.535074750726883,2.007328,435.2693,344.3726,2.007598,436.6503,346.0097,2.005459,433.3808,343.5647,"No issues","No issues","No issues","No issues"
1373,160,2025-05-25,2025-05-25 08:55:40,2025-05-25 09:02:10,2025-05-25 08:52:20,40,-0.276274941838664,-401.966436022523,68.2915812382746,0.923519675590391,0.568661576661005,0.0296333817461145,8.18499144973112e-23,1.92936351142723e-08,0.288162280278301,0.00010622167536587,0.467726297554693,0.522112812746338,2.005024,434.2295,343.7786,2.00508,434.9998,346.2529,2.003731,431.9869,343.7786,"No issues","No issues","No issues","No issues"
1374,170,2025-05-25,2025-05-25 09:08:00,2025-05-25 09:14:30,2025-05-25 09:04:40,40,-0.03999363602252,-211.904105065666,202.534811257039,0.132998755342238,0.199541073316624,0.204106594825335,0.0206850927391435,0.0038586130065589,0.00342911911953974,0.00013642590025988,0.567038582986416,0.534340977216049,2.002344,432.4904,344.8785,2.002557,434.1072,346.4895,2.00197,430.9178,343.926,"No issues","No issues","No issues","No issues"
1375,180,2025-05-25,2025-05-25 09:20:20,2025-05-25 09:26:50,2025-05-25 09:17:00,40,-0.270607879924962,-2132.96579662291,-146.696906566606,0.809859401564807,0.968049791659244,0.143591839341132,2.85032325246614e-15,5.02209691118183e-30,0.0158961610320693,0.00017518338722052,0.517716202614226,0.478648102320086,2.003495,428.6265,344.961,2.003786,428.6265,346.0293,2.002532,417.8562,343.4366,"No issues","No issues","No issues","No issues"
1376,190,2025-05-25,2025-05-25 09:32:40,2025-05-25 09:39:10,2025-05-25 09:29:20,40,0.141936720450289,-1872.66164352721,-67.8225410881919,0.573540811336968,0.963857549597524,0.0371251310225822,1.54823085106349e-08,5.23736710084063e-29,0.233588050481436,0.00016352012396167,0.484486356769937,0.461471465419263,2.000154,429.511,344.0705,2.000991,429.511,344.7767,2.000041,420.5044,342.8286,"No issues","No issues","No issues","No issues"
1377,200,2025-05-25,2025-05-25 09:45:00,2025-05-25 09:51:30,2025-05-25 09:41:40,40,0.0361267091931971,314.589451407142,-158.210152345227,0.0570544344851736,0.43245681114276,0.0950254493116893,0.137711924203348,4.017151089899e-06,0.0529636676359244,0.00019622162963995,0.481495363690036,0.652307590824463,1.999209,430.8615,344.0399,1.999687,433.0393,344.4066,1.99887,430.4816,341.2272,"No issues","No issues","No issues","No issues"
1378,210,2025-05-25,2025-05-25 09:57:20,2025-05-25 10:03:50,2025-05-25 09:54:00,40,-0.147835587242128,-100.307401125736,-150.791990994374,0.621833046142751,0.0350160705021842,0.151120517946412,1.52041287515042e-09,0.247596369329059,0.0131740163671575,0.00015402944329562,0.703524427029885,0.47748468168896,1.997611,431.5259,342.8721,1.997862,432.5154,343.6574,1.997005,429.1581,341.477,"No issues","No issues","No issues","No issues"
1379,220,2025-05-25,2025-05-25 10:09:40,2025-05-25 10:16:10,2025-05-25 10:06:20,40,0.232720750469081,-1655.01347842403,-37.0330986866713,0.837668241444438,0.957399944278981,0.00957201840122446,1.39072486493041e-16,1.19386721271079e-27,0.548109092221957,0.00013687391724279,0.46642281534065,0.503291513298395,1.995603,428.0379,342.8248,1.99693,428.1091,343.5987,1.995504,420.269,341.17,"No issues","No issues","No issues","No issues"
1380,230,2025-05-25,2025-05-25 10:22:00,2025-05-25 10:28:30,2025-05-25 10:18:40,40,-0.30003575234517,-27.3280120075142,-41.7226896810176,0.797069660975176,0.00611943400122147,0.0150879659780962,9.89263530010927e-15,0.631371261869515,0.450191049266225,0.00020226382965003,0.465306777007471,0.450376309617269,1.996156,431.792,342.3918,1.996235,432.5123,343.1031,1.99462,430.5368,340.9032,"No issues","No issues","No issues","No issues"
1381,240,2025-05-25,2025-05-25 10:34:20,2025-05-25 10:40:50,2025-05-25 10:31:00,40,-0.0866561200750056,-208.406201876175,34.0338191369719,0.291828182148877,0.243253131391643,0.0188551770867059,0.00032057632953098,0.00122224990665248,0.398152597996393,0.00018035359826765,0.491107539666429,0.328006011632305,1.994948,431.4987,342.1668,1.995744,432.5784,343.0772,1.994682,430.1358,341.4773,"No issues","No issues","No issues","No issues"
1382,10,2025-05-25,2025-05-25 10:46:40,2025-05-25 10:53:10,2025-05-25 10:43:20,40,-0.110143789868552,-809.225236772992,-231.87693208254,0.344826095693353,0.724627726227925,0.354691683275595,6.79932966307729e-05,3.41649375041591e-12,5.03350787682204e-05,0.00020284210800769,0.666487358454303,0.4178645612292,1.994613,429.853,343.0929,1.99514,429.853,344.2975,1.994228,425.1551,341.8789,"No issues","No issues","No issues","No issues"
1383,20,2025-05-25,2025-05-25 10:59:00,2025-05-25 11:05:30,2025-05-25 10:55:40,40,-0.0749232270168605,-1929.82521275796,14.5819857410947,0.309522542112498,0.978821317778866,0.00198045015695424,0.00019322090150096,2.0215514861607e-33,0.785109210628061,0.00014950817888489,0.379258741661899,0.437344935306532,1.994136,429.8884,343.6754,1.994609,429.8884,344.8128,1.993954,420.7121,342.8441,"No issues","No issues","No issues","No issues"
1384,30,2025-05-25,2025-05-25 11:11:20,2025-05-25 11:17:50,2025-05-25 11:08:00,40,-0.263192555347008,148.431309568479,771.79766454033,0.824152444586297,0.157398547655669,0.87353286631728,6.40456791394958e-16,0.0112582776255279,1.18732308314546e-18,0.00016242686388538,0.458834565010073,0.39234899033478,1.994946,431.6311,346.2615,1.995157,432.8531,349.7422,1.993799,430.6421,345.4292,"No issues","No issues","No issues","No issues"
1385,40,2025-05-25,2025-05-25 11:23:40,2025-05-25 11:30:10,2025-05-25 11:20:20,40,0.00287162476549916,-1515.96516022515,-168.264000000003,0.00027355760491708,0.903037386124788,0.200740712304743,0.919316084252321,7.51038145162681e-21,0.00374096450159886,0.00023193364310797,0.663679462709688,0.448577194652713,1.993302,428.2087,350.5862,1.993544,428.2087,351.6324,1.992687,420.4906,349.6501,"No issues","No issues","No issues","No issues"
1386,50,2025-05-25,2025-05-25 11:36:00,2025-05-25 11:42:30,2025-05-25 11:32:40,40,0.125724157598552,35.329413883666,-159.392600375214,0.564379849213717,0.0125281150441612,0.127235451762093,2.33576152288354e-08,0.491692398201292,0.0238627626383251,0.00014757297469773,0.41905960778168,0.557740912164128,1.992463,432.1655,350.7724,1.99312,432.6631,350.9856,1.992222,431.0324,348.3492,"No issues","No issues","No issues","No issues"
1387,60,2025-05-25,2025-05-25 11:48:20,2025-05-25 11:54:50,2025-05-25 11:45:00,40,0.264083302063822,157.411154971873,237.725223264562,0.53307995933713,0.101890710857626,0.321830472538528,8.96069731517618e-08,0.0446788480882575,0.00013497667840972,0.00033020670492294,0.624385300097388,0.461052822031572,1.992829,429.7424,351.2148,1.994524,431.7767,352.1891,1.992534,429.0254,349.9094,"No issues","No issues","No issues","No issues"
1388,70,2025-05-25,2025-05-25 12:00:40,2025-05-25 12:07:10,2025-05-25 11:57:20,40,0.216501703564667,-1487.14816660414,-446.861691557247,0.637112877626909,0.925910101496072,0.525400743539593,6.86679571480708e-10,4.47160310850817e-23,1.22978299823152e-07,0.00021830253108327,0.562042549623729,0.567428541309259,1.993105,428.3972,350.25,1.994418,428.5746,350.3835,1.993019,421.5945,347.0197,"No issues","No issues","No issues","No issues"
1389,80,2025-05-25,2025-05-25 12:13:00,2025-05-25 12:19:30,2025-05-25 12:09:40,40,-0.0437689756097663,-331.284751969984,-447.075178986858,0.0260450940854702,0.479227241563996,0.679916464491824,0.319802940478061,7.48369500324234e-07,6.13748665458681e-11,0.000357596046027,0.461396922917557,0.409830536146108,1.993767,427.9786,348.7729,1.995072,429.0053,349.0586,1.993661,426.1244,346.3932,"No issues","No issues","No issues","No issues"
1390,90,2025-05-25,2025-05-25 12:25:20,2025-05-25 12:31:50,2025-05-25 12:22:00,40,0.22156250656659,-1748.57876172606,-199.479849906198,0.64757691013914,0.954777806382773,0.221033621067462,3.90875634572907e-10,3.71884681547802e-27,0.00220510642652583,0.00021837485808152,0.508428304943509,0.500321408577886,1.993626,427.6303,346.6835,1.9952,427.6303,346.9112,1.993505,419.8364,344.3179,"No issues","No issues","No issues","No issues"
1391,100,2025-05-25,2025-05-25 12:37:40,2025-05-25 12:44:10,2025-05-25 12:34:20,40,0.207220592870468,136.620932082542,-139.978293433402,0.699969285725,0.0774115280154287,0.230655552461616,1.77116478045413e-11,0.0821426670183135,0.00171049844763659,0.00018125756621325,0.630141818794599,0.341553716938664,1.9935,429.5561,344.5847,1.994543,431.1666,345.3248,1.9935,428.3927,343.5331,"No issues","No issues","No issues","No issues"
1392,110,2025-05-25,2025-05-25 12:50:00,2025-05-25 12:56:30,2025-05-25 12:46:40,40,-0.00052196622897219,213.394464540343,-30.411827392113,7.71379892894811e-06,0.304216287007803,0.0144350961278994,0.986429712588172,0.00022515826563676,0.460236951032433,0.00025108827865369,0.431170375973029,0.335733871091822,1.993729,429.5805,343.4253,1.994377,431.5636,343.4253,1.993382,429.0679,341.7259,"No issues","No issues","No issues","No issues"
1393,120,2025-05-25,2025-05-25 13:02:20,2025-05-25 13:08:50,2025-05-25 12:59:00,40,-0.00566057786118646,208.414874296426,-97.811608255164,0.0014328440181618,0.135789710820259,0.0743731624897822,0.816619979579732,0.0193003938254221,0.0886532028639019,0.00019965023059807,0.702465276836247,0.461020365512482,1.994021,428.4951,342.4059,1.99431,430.6968,343.1553,1.993392,427.3048,341.1136,"No issues","No issues","No issues","No issues"
1394,130,2025-05-25,2025-05-25 13:14:40,2025-05-25 13:21:10,2025-05-25 13:11:20,40,-0.219299572232601,-350.384015009383,-385.714725703545,0.674186622612622,0.349696301649855,0.235195150735771,8.63188382458435e-11,5.86431404924988e-05,0.00151611109821019,0.0002036817141927,0.638376282739425,0.929281348985893,1.993474,431.344,347.5996,1.993474,431.5831,347.5996,1.992088,428.0902,342.3271,"No issues","No issues","No issues","No issues"
1395,140,2025-05-25,2025-05-25 13:27:00,2025-05-25 13:33:30,2025-05-25 13:23:40,40,0.260564082551646,-147.357793621013,122.083281050652,0.612563042009377,0.16733776118998,0.028719898885471,2.42553923459514e-09,0.00876901667296315,0.295830233887098,0.00027685957266464,0.439167743863883,0.948542624342066,1.992631,430.777,349.9786,1.993814,431.7608,349.9786,1.992208,429.5661,344.7978,"No issues","No issues","No issues","No issues"
1396,150,2025-05-25,2025-05-25 13:39:20,2025-05-25 13:45:50,2025-05-25 13:36:00,40,0.197464525328361,334.642356472784,-192.520435272057,0.744742782874648,0.391430590335785,0.341938785575752,7.98218788423603e-13,1.58199624053364e-05,7.41919066100273e-05,0.00015445245488009,0.557478925013031,0.356825321789362,1.992965,429.2652,347.0602,1.994278,432.6937,347.3922,1.992965,428.9228,345.5283,"No issues","No issues","No issues","No issues"
1397,160,2025-05-25,2025-05-25 13:51:40,2025-05-25 13:58:10,2025-05-25 13:48:20,40,-0.104005013133146,-644.665494934346,-157.756673921215,0.205095788448579,0.499910856825272,0.25552618693633,0.00334236064453009,3.39909581595805e-07,0.00087734935199144,0.00027356036046626,0.86145326390656,0.359761440445124,1.994791,431.038,346.4115,1.994791,431.038,346.6995,1.993577,425.8856,344.8637,"No issues","No issues","No issues","No issues"
1398,170,2025-05-25,2025-05-25 14:04:00,2025-05-25 14:10:30,2025-05-25 14:00:40,40,0.402109328330264,188.207648780503,1454.10786641651,0.861996152431433,0.101636821333183,0.919495783648379,6.27551398964037e-18,0.0449605723226811,2.17282474405544e-22,0.00021495965098178,0.747579820821216,0.574845230834575,1.994664,431.769,347.0459,1.996879,433.2906,353.2566,1.994664,430.042,346.4738,"No issues","No issues","No issues","No issues"
1399,180,2025-05-25,2025-05-25 14:16:20,2025-05-25 14:22:50,2025-05-25 14:13:00,40,0.217675317073192,-2030.51152570354,-28.5116757973732,0.736396886922144,0.970227608458303,0.0080917751580145,1.47872678567922e-12,1.31184560395072e-30,0.580947271465242,0.00017399963913962,0.475220724398767,0.421751322196874,1.996272,428.0175,347.4323,1.997536,428.0175,347.9864,1.996272,417.9361,346.2185,"No issues","No issues","No issues","No issues"
1400,190,2025-05-25,2025-05-25 14:28:40,2025-05-25 14:35:10,2025-05-25 14:25:20,40,-0.00812532833021135,-947.329963227014,-238.969350844286,0.00126426163159968,0.788457110605599,0.340389978336392,0.827571981028573,2.19030337864075e-14,7.77358121482818e-05,0.00030511784043246,0.655588488452842,0.444444268823215,1.997877,427.1308,346.5138,1.998485,427.1308,346.5138,1.99717,421.8368,343.8632,"No issues","No issues","No issues","No issues"
1401,200,2025-05-25,2025-05-25 14:41:00,2025-05-25 14:47:30,2025-05-25 14:37:40,40,-0.00991006378992288,-507.574063789854,127.14011257037,0.0010607613132257,0.679509765182365,0.144326588613829,0.841865771938285,6.28911122732032e-11,0.0156078438582181,0.00040630953723641,0.465724235115871,0.413602641124277,1.99847,430.5645,345.5661,1.999212,432.0624,346.3531,1.997241,427.927,344.4453,"No issues","No issues","No issues","No issues"
1402,210,2025-05-25,2025-05-25 14:53:20,2025-05-25 14:59:50,2025-05-25 14:50:00,40,0.1855808780488,-96.05969831145,460.02310243903,0.132555874965233,0.0756147632654768,0.62130823382442,0.0209136647101902,0.085930269827983,1.56161708848992e-09,0.0006342702713384,0.448729154080377,0.479831644143381,1.996272,430.0992,344.261,1.998891,431.6117,346.8352,1.996272,429.5687,343.273,"No issues","No issues","No issues","No issues"
1403,220,2025-05-25,2025-05-25 15:05:40,2025-05-25 15:12:10,2025-05-25 15:02:20,40,0.0266672870543603,-1857.31129756099,103.366658161333,0.0214449127386974,0.955326289416186,0.0650711821647705,0.367227665132993,2.94847669401151e-27,0.112154574598079,0.00024067401331433,0.5366050004392,0.523474182116496,1.997531,426.551,343.1158,1.997674,426.551,344.5893,1.99667,416.7173,342.1734,"No issues","No issues","No issues","No issues"
1404,230,2025-05-25,2025-05-25 15:18:00,2025-05-25 15:24:30,2025-05-25 15:14:40,40,0.622223459662301,544.678487054405,30.6333388367574,0.796199621409338,0.582476391677297,0.0168017976812034,1.07358591353513e-14,1.02805046471748e-08,0.425349027966933,0.00042058885225165,0.616114519425813,0.31308110902085,1.999011,428.0901,342.7986,2.001505,431.0681,343.5564,1.998484,427.0724,342.0492,"No issues","No issues","No issues","No issues"
1405,240,2025-05-25,2025-05-25 15:30:20,2025-05-25 15:36:50,2025-05-25 15:27:00,40,0.156868682926894,298.871378611664,-63.3968510318925,0.126210986528356,0.359505842535522,0.0480220388436039,0.0244761857732077,4.34006011899102e-05,0.174276503873547,0.00055145594853137,0.532977411304776,0.377120987922339,1.998941,427.534,343.0824,1.999933,430.5489,343.5412,1.997637,427.534,341.8947,"No issues","No issues","No issues","No issues"
1406,10,2025-05-25,2025-05-25 15:42:40,2025-05-25 15:49:10,2025-05-25 15:39:20,40,0.0721650731707344,-1043.13791819888,-72.2128120074905,0.145327412573257,0.882085654914762,0.0857137856987829,0.0152233756525067,3.12436758365078e-19,0.0667547444300128,0.00023381536082414,0.509553208614568,0.315101064726182,1.996496,424.274,343.3449,1.997198,424.7136,343.5697,1.996177,419.5964,342.0265,"No issues","No issues","No issues","No issues"
1407,20,2025-05-25,2025-05-25 15:55:00,2025-05-25 16:01:30,2025-05-25 15:51:40,40,-0.248098491557231,-1902.52994521576,62.1295429643637,0.750496729386235,0.956884705041097,0.046557667324598,5.15732259758501e-13,1.50061587460936e-27,0.18115586516026,0.00019112069218121,0.539556888931319,0.375638099122526,1.995591,425.9326,342.1226,1.9958,426.7216,343.158,1.994495,417.7301,341.5599,"No issues","No issues","No issues","No issues"
1408,30,2025-05-25,2025-05-25 16:07:20,2025-05-25 16:13:50,2025-05-25 16:04:00,40,-0.476080210131329,35.0377936210312,798.830003752334,0.814525684667862,0.00991337935935377,0.786085900466493,1.77292681208218e-15,0.5410246540641,2.71079473380252e-14,0.00030352152235214,0.467823840190408,0.556748347758081,1.996068,428.5624,344.4097,1.996425,429.779,348.1066,1.993925,427.908,343.6129,"No issues","No issues","No issues","No issues"
1409,40,2025-05-25,2025-05-25 16:19:40,2025-05-25 16:26:10,2025-05-25 16:16:20,40,1.1912517523452,-1639.32158499059,10.6196622889206,0.761246558615537,0.947257527534279,0.00141711288340639,2.21884764814512e-13,6.94071184228541e-26,0.817612307427182,0.00089132393271739,0.51680919681659,0.376634768631802,1.993442,425.8912,348.6683,1.998687,426.5856,349.3616,1.993102,419.1394,347.6931,"No issues","No issues","No issues","No issues"
1410,50,2025-05-25,2025-05-25 16:32:00,2025-05-25 16:38:30,2025-05-25 16:28:40,40,-0.0866561200750643,327.376327204515,80.4543669793438,0.135279755155635,0.301688624644257,0.0500009031763063,0.0195463800734565,0.00024209320518231,0.16543674074146,0.00029271199225185,0.665445096542899,0.46853513106137,1.994446,428.7134,348.7814,1.995574,432.0688,349.3895,1.994397,428.7134,347.2605,"No issues","No issues","No issues","No issues"
1411,60,2025-05-25,2025-05-25 16:44:20,2025-05-25 16:50:50,2025-05-25 16:41:00,40,0.756259362101309,-5.29276998122167,31.9656495309544,0.777217168501103,0.00022179559824345,0.00872387718643598,5.89673569581351e-14,0.92732688568384,0.566476870775731,0.00054095395129801,0.47476452192824,0.455245803477518,1.993432,430.9355,349.1306,1.996228,431.849,349.5549,1.99249,429.9768,347.5613,"No issues","No issues","No issues","No issues"
1412,70,2025-05-25,2025-05-25 16:56:40,2025-05-25 17:03:10,2025-05-25 16:53:20,40,-0.293531437148265,-262.803836397765,-30.0520435272174,0.476624487088045,0.312412160548845,0.0111275977745808,8.24757298598643e-07,0.00017770218668488,0.51710351379285,0.00041095381035998,0.520896807330985,0.378497743234631,1.992596,429.4973,346.8289,1.99434,430.6107,346.8289,1.992194,427.9315,345.2639,"No issues","No issues","No issues","No issues"
1413,80,2025-05-25,2025-05-25 17:09:00,2025-05-25 17:15:30,2025-05-25 17:05:40,40,0.428573988742953,2263.35863414633,-82.1380322701369,0.271219248342671,0.609328153953658,0.076366540269288,0.00057059012785783,2.84761112281331e-09,0.0843239347957984,0.0009386071717016,2.4213282859508,0.381647508689067,1.994947,437.4313,345.6505,1.998748,448.8401,346.6485,1.994645,435.7799,344.89,"No issues","No issues","No issues","No issues"
1414,90,2025-05-25,2025-05-25 17:21:20,2025-05-25 17:27:50,2025-05-25 17:18:00,40,0.0613367054408527,-438.270321951227,-23.1510664165127,0.0050750861116629,0.163865233664792,0.00732313434000892,0.662236395175842,0.00957053256596609,0.599563498364947,0.00114739712361508,1.32268570297942,0.360119233467542,2.000455,442.1223,344.8979,2.001196,442.1223,345.9055,1.997114,436.267,344.2176,"No issues","No issues","No issues","No issues"
1415,100,2025-05-25,2025-05-25 17:33:40,2025-05-25 17:40:10,2025-05-25 17:30:20,40,-0.791175174483984,-2347.86431819888,170.321389868668,0.172516736211291,0.801112097708587,0.223407129324259,0.00769394309023836,6.73358910704277e-15,0.00207162352300321,0.00231502939913461,1.5629691305523,0.424265037616179,2.008156,451.6345,344.0759,2.011906,451.6345,345.4507,2.000894,436.5963,343.1013,"No issues","No issues","No issues","No issues"
1416,110,2025-05-25,2025-05-25 17:46:00,2025-05-25 17:52:30,2025-05-25 17:42:40,40,-0.304925538461589,1130.85101988744,-61.8909298311578,0.785748675505049,0.724172208861856,0.0410666238729475,2.79371467929917e-14,3.52652168230337e-12,0.209811585912684,0.00021273237791974,0.932445256847902,0.399573420064572,1.998391,436.7628,344.4562,1.998548,444.4655,345.0102,1.99675,436.7628,343.0787,"No issues","No issues","No issues","No issues"
1417,120,2025-05-25,2025-05-25 17:58:20,2025-05-25 18:04:50,2025-05-25 17:55:00,40,-0.0655367504690615,-1884.56239249532,151.139130956841,0.0329247093722587,0.799352696275166,0.164065919499444,0.262482179589818,7.96836656599936e-15,0.00952232439195158,0.00047454121577726,1.26147261975354,0.455799258588946,1.997161,447.0931,344.2903,1.997426,448.972,345.6709,1.995537,438.5688,343.3616,"No issues","No issues","No issues","No issues"
1418,130,2025-05-25,2025-05-25 18:10:40,2025-05-25 18:17:10,2025-05-25 18:07:20,40,-0.447222123827376,869.839294559091,66.5031174483716,0.405408459156004,0.25707420754345,0.0293606464158903,1.00154166229396e-05,0.00084116391389804,0.290425587847906,0.00072361257599189,1.97561517968265,0.510867190313238,1.996105,446.8681,343.4468,1.998061,452.5754,345.2586,1.994543,445.2318,342.9451,"No issues","No issues","No issues","No issues"
1419,140,2025-05-25,2025-05-25 18:23:00,2025-05-25 18:29:30,2025-05-25 18:19:40,40,1.00023561726075,3588.81382063788,359.625329831156,0.647965669833992,0.840135305011185,0.429410787490716,3.82657601511823e-10,1.03817886364569e-16,4.461347320745e-06,0.00098500558273698,2.0915702652751,0.553854186358758,1.996394,441.1837,341.5609,2.001822,453.2585,345.7146,1.996362,438.2527,341.5609,"No issues","No issues","No issues","No issues"
1420,150,2025-05-25,2025-05-25 18:35:20,2025-05-25 18:41:50,2025-05-25 18:32:00,40,-1.56909208255159,7093.76468893057,-84.3578476547782,0.842011758474493,0.87000737586181,0.0938038438293864,8.28681675427089e-17,2.00575195848116e-18,0.0545933513668535,0.00090807475420585,3.66348597018188,0.350304847539552,2.002273,448.793,344.6928,2.003167,480.0162,345.1439,1.994533,448.7923,343.655,"No issues","No issues","No issues","No issues"
1421,160,2025-05-25,2025-05-25 18:47:40,2025-05-25 18:54:10,2025-05-25 18:44:20,40,0.495187091932416,1150.0716968105,-68.4804292682869,0.507989140213014,0.663394557217766,0.0489535389544697,2.47634561660808e-07,1.61530332214611e-10,0.170051892677022,0.0006511024238594,1.09450915105677,0.403269299334412,1.994393,461.8581,344.2933,1.997226,467.6071,344.861,1.99394,460.2549,342.591,"No issues","No issues","No issues","No issues"
1422,170,2025-05-25,2025-05-25 19:00:00,2025-05-25 19:06:30,2025-05-25 18:56:40,40,-0.119345470919339,2269.2292142589,262.823612757976,0.0387410980869266,0.812828092585588,0.431353089848355,0.223480949434608,2.11007374498537e-15,4.17300260053452e-06,0.00079425513817467,1.45485333178752,0.403170857487216,1.996636,462.9611,343.4172,1.999678,475.5302,345.9832,1.996153,462.9611,343.4172,"No issues","No issues","No issues","No issues"
1423,180,2025-05-25,2025-05-25 19:12:20,2025-05-25 19:18:50,2025-05-25 19:09:00,40,0.448984975609706,4112.09687954971,-64.0724082551849,0.0992366135281186,0.89773989156708,0.0364366900141589,0.0477140812697663,2.06921831228262e-20,0.23805554354307,0.00180726180232255,1.85421917058175,0.440211701661546,1.996406,473.7522,343.9809,2.002828,495.7958,345.2612,1.996291,473.4024,342.9269,"No issues","No issues","No issues","No issues"
1424,190,2025-05-25,2025-05-25 19:24:40,2025-05-25 19:31:10,2025-05-25 19:21:20,40,-0.453869088180143,-2532.46261913697,-85.1241005628505,0.81838297980248,0.667183866328341,0.0806206324313356,1.18661202268784e-15,1.29923177832505e-10,0.0758018726696199,0.00028566066976482,2.38969418971172,0.384057878650862,1.996455,502.9802,343.6127,1.996455,505.1436,344.2516,1.993948,493.1296,342.6801,"No issues","No issues","No issues","No issues"
1425,200,2025-05-25,2025-05-25 19:37:00,2025-05-25 19:43:30,2025-05-25 19:33:40,40,0.0359386716698051,-1046.83407129457,-23.1868908067598,0.0885245245037236,0.322065333911915,0.00508680354241238,0.062243863848704,0.00013404856791853,0.661869970502825,0.00015407159553336,2.02917566766209,0.433243939601067,1.993749,493.353,343.2822,1.994329,493.353,344.2882,1.993474,484.6361,342.2865,"No issues","No issues","No issues","No issues"
1426,210,2025-05-25,2025-05-25 19:49:20,2025-05-25 19:55:50,2025-05-25 19:46:00,40,0.333835497185735,-4642.28423864917,122.928801500954,0.0780127263487005,0.857006026556085,0.117240807608226,0.0809143226569486,1.23578327555115e-17,0.0305616292883833,0.00153331758230969,2.53348608639879,0.450666459745473,1.996917,487.3102,342.1404,2.002286,491.8987,343.1873,1.996224,471.827,340.9916,"No issues","No issues","No issues","No issues"
1427,220,2025-05-25,2025-05-25 20:01:40,2025-05-25 20:08:10,2025-05-25 19:58:20,40,1.60868532833028,263.478339962475,27.3484367729864,0.670502619071866,0.0203543853553633,0.010708754717275,1.07149384958019e-10,0.379830392668771,0.525141134373147,0.00150666504084362,2.44213848733074,0.351192288379012,1.999192,484.6555,342.0323,2.007141,487.0491,343.0951,1.998564,477.7169,341.2941,"No issues","No issues","No issues","No issues"
1428,230,2025-05-25,2025-05-25 20:14:00,2025-05-25 20:20:30,2025-05-25 20:10:40,40,0.251691467167061,-817.075479174482,151.676577861159,0.164566967992989,0.0906176028311046,0.187875934142152,0.00940299693862125,0.0590879166405617,0.00520636177719025,0.00075765735976289,3.45819143397798,0.421321868472151,2.00486,486.5626,342.8491,2.007015,498.2808,343.6065,2.003344,484.7436,341.373,"No issues","No issues","No issues","No issues"
1429,240,2025-05-25,2025-05-25 20:26:20,2025-05-25 20:32:50,2025-05-25 20:23:00,40,-0.290366409005601,2254.45181538461,-88.5862604127851,0.36797690849537,0.521773375233769,0.0455649737533201,3.33548554719772e-05,1.42570574235067e-07,0.185991793637703,0.00050841976989745,2.88361145701894,0.541681317768145,2.008947,485.3418,342.9226,2.010615,499.9946,343.6454,2.007655,485.3418,341.7128,"No issues","No issues","No issues","No issues"
1430,10,2025-05-25,2025-05-25 20:38:40,2025-05-25 20:45:10,2025-05-25 20:35:20,40,1.01083785365857,3178.35781463414,39.5481005628444,0.373222536822978,0.677593556119911,0.015939664944362,2.82919436355863e-05,7.05259553781152e-11,0.437581324610889,0.00175014535305763,2.92913829859241,0.415161206630984,2.013084,488.9005,342.4342,2.022725,500.6087,344.158,2.013084,485.3336,342.3142,"No issues","No issues","No issues","No issues"
1431,20,2025-05-25,2025-05-25 20:51:00,2025-05-25 20:57:30,2025-05-25 20:47:40,40,1.13007714821764,-2761.51185590993,125.838520075047,0.521547843038865,0.883419731286108,0.10786517855596,1.43881902577851e-07,2.51513919997562e-19,0.0385384390062287,0.00144610604286364,1.34028067886922,0.483512916860106,2.014803,505.0924,342.3996,2.023702,506.5592,343.8184,2.014803,493.9081,341.8168,"No issues","No issues","No issues","No issues"
1432,30,2025-05-25,2025-05-25 21:03:20,2025-05-25 21:09:50,2025-05-25 21:00:00,40,0.0595584540337183,-1484.61330731709,264.559636772979,0.0106306517847522,0.169416887083455,0.413068960536145,0.52666406693855,0.0083208861540103,7.76302102895766e-06,0.00076764877611044,4.39183904140587,0.421333227243452,2.021176,492.7278,342.6178,2.02239,506.6622,344.8037,2.019069,492.0695,342.6178,"No issues","No issues","No issues","No issues"
1433,40,2025-05-25,2025-05-25 21:15:40,2025-05-25 21:22:10,2025-05-25 21:12:20,40,-0.136447969981256,5388.94793245778,73.66451031897,0.0316532761285093,0.682376957346484,0.0617436159652767,0.272058110895671,5.29158103989447e-11,0.122087627528271,0.00100830763512765,4.91210541398332,0.383656805787325,2.026625,492.8347,345.604,2.030264,522.4915,345.604,2.026307,491.3925,343.4092,"No issues","No issues","No issues","No issues"
1434,50,2025-05-25,2025-05-25 21:28:00,2025-05-25 21:34:30,2025-05-25 21:24:40,40,-0.743539272045045,-943.990514071306,33.1651181988728,0.49697434119843,0.182573032775408,0.013199637867643,3.80924589852864e-07,0.00596075736394259,0.480233106530098,0.00099942880939414,2.66866255694673,0.383120206099735,2.031967,515.6885,344.7249,2.033402,523.5114,345.6642,2.028983,511.8502,343.9572,"No issues","No issues","No issues","No issues"
1435,60,2025-05-25,2025-05-25 21:40:20,2025-05-25 21:46:50,2025-05-25 21:37:00,40,3.27172646904309,3224.13060562853,162.891151969967,0.966272754631037,0.626774172731617,0.184869162601222,1.4057234906973e-29,1.1799016639404e-09,0.00562190260253366,0.00081665273884785,3.32401359309493,0.456981675538298,2.032342,505.8026,345.0439,2.046355,518.3376,346.5957,2.032302,503.1393,344.2865,"No issues","No issues","No issues","No issues"
1436,70,2025-05-25,2025-05-25 21:52:40,2025-05-25 21:59:10,2025-05-25 21:49:20,40,-0.521507482176285,159.452821013129,-108.361729080664,0.577751880229577,0.00569836802101033,0.111855240102396,1.27787737407979e-08,0.643402017354698,0.0349165558784465,0.00059565334984772,2.81407652008751,0.407952411169953,2.04339,517.3466,344.7432,2.04339,526.4223,345.3941,2.039159,515.2172,343.4141,"No issues","No issues","No issues","No issues"
1437,80,2025-05-25,2025-05-25 22:05:00,2025-05-25 22:11:30,2025-05-25 22:01:40,40,-0.0879658986866619,-4129.52893058162,-5.346749718568,0.11842217901757,0.926240422434111,0.00024095819720088,0.0296813016916644,4.10694546518549e-23,0.924261224719079,0.0003206623817907,1.55692511597486,0.460136345901642,2.029686,530.8813,343.2338,2.029719,530.8813,344.7971,2.028399,510.5449,342.5304,"No issues","No issues","No issues","No issues"
1438,90,2025-05-25,2025-05-25 22:17:20,2025-05-25 22:23:50,2025-05-25 22:14:00,40,0.664325223264494,-154.217678048777,-106.772082551606,0.49189748511089,0.0245279991803892,0.087282381472131,4.63158306125752e-07,0.334505433242656,0.0641976070929371,0.00090206738262224,1.29936262034646,0.461298989486296,2.03444,516.814,342.753,2.039025,519.947,343.9821,2.032441,514.3743,342.0482,"No issues","No issues","No issues","No issues"
1439,100,2025-05-25,2025-05-25 22:29:40,2025-05-25 22:36:10,2025-05-25 22:26:20,40,-0.116649726078862,-301.831105440892,-45.9996517823635,0.0434709589973317,0.0447416808205788,0.0174699419245067,0.196676257554141,0.190112519792498,0.416212594018049,0.00073106006239636,1.86332292525814,0.460894581663581,2.042489,507.0228,342.7036,2.045984,511.2291,343.5288,2.042489,504.6483,341.7663,"No issues","No issues","No issues","No issues"
1440,110,2025-05-25,2025-05-25 22:42:00,2025-05-25 22:48:30,2025-05-25 22:38:40,40,0.574966874296371,117.406577110696,-4.05715272045397,0.203439704066348,0.0130511444389655,0.00015703434030136,0.00348883555497996,0.48272950594251,0.938826511699933,0.0015200370043187,1.36406579552936,0.432523593714839,2.046542,508.1367,342.3582,2.051967,508.1367,343.2124,2.045434,502.0999,341.4743,"No issues","No issues","No issues","No issues"
1441,120,2025-05-25,2025-05-25 22:54:20,2025-05-25 22:59:50,2025-05-25 22:51:00,34,1.07068543315518,1272.21524828117,-11.2090304048568,0.861846817253005,0.785024964681154,0.00089954939054627,2.64244822585625e-15,3.2606564378229e-12,0.866283554552339,0.00048675892902522,0.755961196351171,0.424176636851369,2.043682,501.9118,342.3246,2.047887,507.0179,343.5633,2.043417,501.4453,341.6972,"No issues","No issues","No issues","No issues"
1441,120,2025-05-26,2025-05-25 23:00:00,2025-05-25 23:00:50,2025-05-25 22:51:00,6,-0.937810285713801,1240.03748571398,-844.103314286012,0.473132071657239,0.49477370752124,0.143019888808974,0.130952045617824,0.118910000786842,0.459774053057383,0.00019561598272746,0.247687526327819,0.408425092041974,2.047545,506.2469,342.2646,2.047545,507.3631,343.1668,2.046705,506.2469,341.9737,"No issues","No issues","No issues","No issues"
1442,130,2025-05-26,2025-05-25 23:06:40,2025-05-25 23:13:10,2025-05-25 23:03:20,40,0.780076097560998,-1100.11093733583,234.30942439025,0.415752657256005,0.580194156901288,0.214524767790033,7.09503965914549e-06,1.14230103143104e-08,0.00261516530824706,0.00123548561521224,1.25024150690662,0.599014245737659,2.038717,521.1536,341.2155,2.044029,521.9583,343.4045,2.038409,515.3671,340.2799,"No issues","No issues","No issues","No issues"
1443,140,2025-05-26,2025-05-25 23:19:00,2025-05-25 23:25:30,2025-05-25 23:15:40,40,0.304360615384611,-837.417897185754,292.60827016885,0.183010561682372,0.411748538758537,0.388128433078703,0.00589469343690817,8.11327248089389e-06,1.75993616859327e-05,0.00085916873359573,1.33729610209649,0.490850084162254,2.039674,510.5486,341.0746,2.042847,512.8042,343.7325,2.039054,504.7926,341.0746,"No issues","No issues","No issues","No issues"
1444,150,2025-05-26,2025-05-25 23:31:20,2025-05-25 23:37:50,2025-05-25 23:28:00,40,-0.748699767354606,-130.933445403389,-73.5937530956584,0.282732777364346,0.00935912150485135,0.0492839995629004,0.00041415914533099,0.552614166953476,0.168580542830924,0.0015932355100018,1.79974527578826,0.431850321056001,2.04115,523.2874,343.556,2.046404,530.1967,344.2006,2.039246,523.0944,342.2822,"No issues","No issues","No issues","No issues"
1445,160,2025-05-26,2025-05-25 23:43:40,2025-05-25 23:50:10,2025-05-25 23:40:20,40,-0.141310198874313,751.668085553457,15.2556787992586,0.311912583374569,0.106315018463992,0.00169322433718906,0.00018029700754832,0.0400450880635137,0.800962105081519,0.00028041338112721,2.91166159419159,0.494909922349804,2.036698,519.3221,343.2278,2.037694,531.1658,344.3688,2.03609,518.1149,342.2966,"No issues","No issues","No issues","No issues"
1446,170,2025-05-26,2025-05-25 23:56:00,2025-05-26 00:02:30,2025-05-25 23:52:40,40,-0.224762386491553,-1333.87440450281,240.819980487802,0.418411358170525,0.505450261454862,0.439119434771588,6.48751593621937e-06,2.73698878546496e-07,3.18778489689677e-06,0.00035403787599403,1.76279001121962,0.363627106169028,2.036919,523.9492,344.1449,2.037344,528.4046,345.1924,2.03571,519.1017,343.3471,"No issues","No issues","No issues","No issues"
1447,180,2025-05-26,2025-05-26 00:08:20,2025-05-26 00:14:50,2025-05-26 00:05:00,40,-0.0546946041275632,186.055753846132,28.5803257035553,0.1576811692215,0.022119496028793,0.0069831854669739,0.0111787817755205,0.359715029406242,0.608193818065899,0.00016889340396923,1.6527921885581,0.455342883013033,2.036968,516.9814,344.0315,2.037149,522.118,345.2565,2.036306,514.4947,343.1469,"No issues","No issues","No issues","No issues"
1448,190,2025-05-26,2025-05-26 00:20:40,2025-05-26 00:27:10,2025-05-26 00:17:20,40,1.33526580112564,88.5664840525209,-15.7166949343273,0.955064138702023,0.00627921284653982,0.00302391786628849,3.29559646770514e-27,0.626938342639039,0.736105502315308,0.00038696158958633,1.48856860667386,0.3812751179696,2.040351,519.8288,344.4816,2.047442,525.1577,344.7714,2.040351,517.8922,343.1717,"No issues","No issues","No issues","No issues"
1449,200,2025-05-26,2025-05-26 00:33:00,2025-05-26 00:39:30,2025-05-26 00:29:40,40,1.85700265666045,555.67122551594,-17.2124848030252,0.615408007601816,0.147819093116915,0.00446649643309186,2.10408458835211e-09,0.0143061635500659,0.681998768847293,0.00196133120799386,1.78253640217258,0.34332693829226,2.048041,520.3146,342.9294,2.058912,525.4672,344.184,2.048041,518.2546,342.6305,"No issues","No issues","No issues","No issues"
1450,210,2025-05-26,2025-05-26 00:45:20,2025-05-26 00:51:50,2025-05-26 00:42:00,40,0.274188697936264,-237.182183864933,-23.3972983114305,0.0390502105863033,0.120963786024329,0.00809638383384033,0.221606028241788,0.0278720197740112,0.580839151446906,0.00181722236613356,0.854235523924555,0.345998942081749,2.050513,525.5117,343.1412,2.056373,526.0119,343.4662,2.049236,522.1016,342.0259,"No issues","No issues","No issues","No issues"
1451,220,2025-05-26,2025-05-26 00:57:40,2025-05-26 01:04:10,2025-05-26 00:54:20,40,-0.841131557223188,2599.7455249531,47.4062048780217,0.711806068954969,0.832050516633433,0.0205676923430224,8.17950236659207e-12,2.66284114771046e-16,0.377319202641976,0.00071506474349849,1.56050510771902,0.437068476883624,2.052302,525.2927,342.1986,2.053658,539.1563,342.8424,2.04965,525.2927,340.9167,"No issues","No issues","No issues","No issues"
1452,230,2025-05-26,2025-05-26 01:10:00,2025-05-26 01:16:30,2025-05-26 01:06:40,40,-0.511751414634204,83.7633410881798,-83.4426236397794,0.893558875766026,0.012411267217851,0.0482465800510725,4.44043010564652e-20,0.493732008608908,0.173247595376706,0.00023597829459148,0.998283420369031,0.495149988565966,2.052676,539.7242,341.4101,2.052676,544.2128,343.219,2.050002,539.7242,340.9773,"No issues","No issues","No issues","No issues"
1453,240,2025-05-26,2025-05-26 01:22:20,2025-05-26 01:28:50,2025-05-26 01:19:00,40,-0.606502874296436,1034.56778386493,56.3048375234503,0.897617646172793,0.185915629866491,0.0467740073496718,2.11686235480509e-20,0.00547375013587759,0.180120732363918,0.00027366521198008,2.89238149306667,0.339594950710479,2.04995,537.0993,341.9505,2.050731,539.2694,342.7136,2.047605,529.634,341.2307,"No issues","No issues","No issues","No issues"
1454,10,2025-05-26,2025-05-26 01:34:40,2025-05-26 01:41:10,2025-05-26 01:31:20,40,0.577893613508468,-939.788361726099,-6.45025440900668,0.846810015206311,0.368376120343395,0.00040485098568714,4.59972527294862e-17,3.29410020073345e-05,0.901922691598277,0.00032839002365842,1.64411981851773,0.428214313649573,2.046595,534.9539,342.4549,2.050313,535.2443,342.6486,2.046415,527.267,340.9733,"No issues","No issues","No issues","No issues"
1455,20,2025-05-26,2025-05-26 01:47:00,2025-05-26 01:53:30,2025-05-26 01:43:40,40,-0.864034041275776,-87.4486333958696,-60.4801621013182,0.768402509097785,0.0189797685074224,0.0295294232562215,1.23915032627227e-13,0.396583311409497,0.28902240201991,0.00063375771232508,0.839975114586758,0.463229828459859,2.055811,534.5725,341.3622,2.056455,536.7131,342.3316,2.05188,533.7589,340.4326,"No issues","No issues","No issues","No issues"
1456,30,2025-05-26,2025-05-26 01:59:20,2025-05-26 02:05:50,2025-05-26 01:56:00,40,-0.0550804052533016,-718.973628517835,282.140577861165,0.0296590353559261,0.284009270698807,0.329161877273844,0.287950516904448,0.00039960104057844,0.00010871519541701,0.00042092106983489,1.52517707457302,0.538132869794126,2.052383,538.245,341.6389,2.053224,542.6508,343.5437,2.051429,535.9467,340.9907,"No issues","No issues","No issues","No issues"
1457,40,2025-05-26,2025-05-26 02:11:40,2025-05-26 02:18:10,2025-05-26 02:08:20,40,-0.346091977485879,-1878.51739136961,-18.6508908067775,0.511104048359486,0.871373552857849,0.00168193754433839,2.18874200134194e-07,1.63974167616959e-18,0.801613254117948,0.00045223582048394,0.964268625302753,0.607084266670256,2.052756,536.1509,342.9657,2.054674,536.4659,344.2067,2.052133,527.9127,341.8671,"No issues","No issues","No issues","No issues"
1458,50,2025-05-26,2025-05-26 02:24:00,2025-05-26 02:30:30,2025-05-26 02:20:40,40,0.771487969981295,2059.57288705441,-26.2099992495343,0.103563067125731,0.665360654326846,0.00277283668422649,0.0428670566581702,1.4431739477342e-10,0.746922349494668,0.00303253933808892,1.95144796669931,0.664082107616787,2.051801,521.1713,343.5123,2.062866,533.1328,344.6792,2.051582,519.8007,341.5019,"No issues","No issues","No issues","No issues"
1459,60,2025-05-26,2025-05-26 02:36:20,2025-05-26 02:42:50,2025-05-26 02:33:00,40,-0.305602311444639,561.458323452171,84.8931872420122,0.530703611445812,0.0693789357808656,0.0341499859644392,9.88822405742854e-08,0.100548531950892,0.253635338098042,0.00038394948169754,2.74732484192732,0.603187434687155,2.051973,537.4835,343.7995,2.053641,544.7564,345.3896,2.051451,534.2943,342.8887,"No issues","No issues","No issues","No issues"
1460,70,2025-05-26,2025-05-26 02:48:40,2025-05-26 02:55:10,2025-05-26 02:45:20,40,0.850780637898632,-1316.5542033771,63.5241005628458,0.19441012280449,0.557525395256861,0.0293633553117447,0.00440354639398698,3.16003694034181e-08,0.29040299995656,0.00231384906971579,1.5670052742251,0.487959629020475,2.050343,546.4647,343.5562,2.060121,548.904,344.6311,2.050343,539.7057,342.4547,"No issues","No issues","No issues","No issues"
1461,80,2025-05-26,2025-05-26 03:01:00,2025-05-26 03:07:30,2025-05-26 02:57:40,40,0.207423219512129,2587.85077373357,51.0218746716307,0.0378397237805804,0.838498382310187,0.0176234394625465,0.229054292291377,1.26105190828353e-16,0.414154027174428,0.00139742004882782,1.51738721224562,0.508943929149869,2.056196,537.7762,344.2581,2.060471,545.7972,345.401,2.054113,534.491,342.6495,"No issues","No issues","No issues","No issues"
1462,90,2025-05-26,2025-05-26 03:13:20,2025-05-26 03:19:50,2025-05-26 03:10:00,40,2.20028703939969,-2818.0912120075,52.9768975609797,0.325663450934651,0.788556075364873,0.0149154381004228,0.0001205705836479,2.17078844246979e-14,0.452812702622787,0.00423012349271466,1.94964808079345,0.575208290977145,2.069258,537.4501,343.4269,2.085495,539.5172,344.9109,2.066958,525.4024,342.1434,"No issues","No issues","No issues","No issues"
1463,100,2025-05-26,2025-05-26 03:25:40,2025-05-26 03:32:10,2025-05-26 03:22:20,40,0.0133506641650941,321.986215384627,-28.6030198874394,4.82786541867766e-05,0.0102723043794871,0.00657861659048307,0.966058832561582,0.533752476897991,0.618814735728742,0.00256705206025805,4.22261093175637,0.469603384682913,2.086348,532.5369,343.7277,2.086348,539.1718,344.8293,2.074207,524.9371,342.1489,"No issues","No issues","No issues","No issues"
1464,110,2025-05-26,2025-05-26 03:38:00,2025-05-26 03:44:30,2025-05-26 03:34:40,40,0.690898491557176,-5082.24187317073,41.5941433395876,0.528970136935553,0.953119005189566,0.0105245291192798,1.06216307632478e-07,7.37946511124255e-27,0.528745837747639,0.00087104933713875,1.50591355027683,0.538831814078615,2.078423,517.0135,343.0183,2.081376,517.0135,344.2645,2.07745,487.6022,341.9499,"No issues","No issues","No issues","No issues"
1465,120,2025-05-26,2025-05-26 03:50:20,2025-05-26 03:56:50,2025-05-26 03:47:00,40,1.28338365478429,85.1330971857407,25.4178101313432,0.597946078225212,0.010596923358879,0.00705331923807058,4.95714248978942e-09,0.527324139105372,0.60639203670791,0.0014060070898446,1.09904387807424,0.402924978508354,2.080005,481.8953,342.9534,2.086473,486.7069,343.9709,2.078553,481.8953,342.1454,"No issues","No issues","No issues","No issues"
1466,130,2025-05-26,2025-05-26 04:02:40,2025-05-26 04:09:10,2025-05-26 03:59:20,40,-1.04474620637903,-1577.01478424015,100.130953846159,0.787961243452015,0.77600744034892,0.0710755040697005,2.29061445994476e-14,6.54055243336325e-14,0.0963307199846711,0.00072407885502058,1.13198190557694,0.483635813547913,2.079718,480.6688,342.9313,2.079718,480.6688,344.4829,2.073668,471.3022,341.9158,"No issues","No issues","No issues","No issues"
1467,140,2025-05-26,2025-05-26 04:15:00,2025-05-26 04:21:30,2025-05-26 04:11:40,40,0.285290206378917,590.9116457786,82.3113185741177,0.0189778779765245,0.223536761582733,0.0420146572637093,0.396607058205302,0.0020645623723553,0.204516432835396,0.00274045266485075,1.4713919902621,0.525119861543442,2.072309,472.2439,341.3345,2.081194,477.6211,344.1632,2.071683,471.5677,341.3345,"No issues","No issues","No issues","No issues"
1468,150,2025-05-26,2025-05-26 04:27:20,2025-05-26 04:33:50,2025-05-26 04:24:00,40,-2.48688135084435,-150.994617636019,-207.127141463416,0.45391330695525,0.0100624801888003,0.205709919849871,1.88988023601817e-06,0.537982228184094,0.00328957045082662,0.00364434321928199,2.00093373490479,0.543774490073953,2.071721,476.4039,343.1615,2.084387,485.0709,343.5961,2.0683,476.4039,341.3226,"No issues","No issues","No issues","No issues"
1469,160,2025-05-26,2025-05-26 04:39:40,2025-05-26 04:46:10,2025-05-26 04:36:20,40,1.81519105440898,-548.496783489705,90.6223339587383,0.322068631867325,0.24864144982929,0.0363865807372718,0.00013403557882596,0.00105722552939157,0.238384615558009,0.00351852676847879,1.27388669936988,0.623068658309188,2.062176,478.884,341.3586,2.078131,483.3629,343.7787,2.061538,476.9041,341.3275,"No issues","No issues","No issues","No issues"
1470,170,2025-05-26,2025-05-26 04:52:00,2025-05-26 04:58:30,2025-05-26 04:48:40,40,-2.78967849906191,447.149502439032,98.8170416510214,0.762796623539773,0.143617054174695,0.0641283404535297,1.95869603763935e-13,0.0158861804372174,0.114878757153164,0.00207840449940235,1.45882640681519,0.50435329419683,2.058927,473.7339,343.0095,2.063381,477.3228,344.4517,2.048188,470.7814,342.4641,"No issues","No issues","No issues","No issues"
1471,180,2025-05-26,2025-05-26 05:04:20,2025-05-26 05:10:50,2025-05-26 05:01:00,40,-1.03446817260779,-903.080924577852,-3.52294784241052,0.437586299273649,0.688511549244123,0.00013904169480913,3.36277036134347e-06,3.63785714161491e-11,0.942431447367025,0.00156687044089428,0.811543670440368,0.399138259127806,2.033197,467.8066,342.7722,2.033898,467.8066,344.032,2.026381,461.6913,342.4307,"No issues","No issues","No issues","No issues"
1472,190,2025-05-26,2025-05-26 05:16:40,2025-05-26 05:23:10,2025-05-26 05:13:20,40,1.16571755347083,660.303813883664,30.3192675421971,0.575049952550235,0.449104594904945,0.00608500813782396,1.44563485083639e-08,2.24318527083786e-06,0.632335617742183,0.00133884209157141,0.977067343015141,0.517705299551968,2.024524,460.866,342.5018,2.03082,462.6096,343.6676,2.023613,457.7512,341.4829,"No issues","No issues","No issues","No issues"
1473,200,2025-05-26,2025-05-26 05:29:00,2025-05-26 05:35:30,2025-05-26 05:25:40,40,1.0444649606003,1706.36052833019,19.1669403377116,0.630013972018953,0.621411931054881,0.00420097270956393,9.97398572119458e-10,1.55339246453296e-09,0.69111304371705,0.00106937816620985,1.77944402297816,0.394260779371807,2.0293,466.1858,342.164,2.034491,478.0424,343.1355,2.0293,465.946,341.4962,"No issues","No issues","No issues","No issues"
1474,210,2025-05-26,2025-05-26 05:41:20,2025-05-26 05:47:50,2025-05-26 05:38:00,40,0.139215039399699,-2441.36354521576,65.845553470901,0.0386875095908585,0.832889748191246,0.0397370080887081,0.223807857431724,2.41993221551008e-16,0.217505023066942,0.00092715624215471,1.46103328567686,0.432457897301285,2.030562,469.6563,342.7677,2.034053,470.5487,342.7677,2.030486,461.1329,341.0026,"No issues","No issues","No issues","No issues"
1475,220,2025-05-26,2025-05-26 05:53:40,2025-05-26 06:00:10,2025-05-26 05:50:20,40,-0.531167099437154,-19.2165433395844,106.393981238263,0.0604241208496198,0.00013618685577007,0.0472873821801927,0.12628230993596,0.943024543224477,0.177690686719289,0.0027984128905647,2.19987480040644,0.638036096262496,2.035329,463.1517,341.4279,2.042352,472.2024,343.0136,2.032914,463.1517,340.5143,"No issues","No issues","No issues","No issues"
1476,230,2025-05-26,2025-05-26 06:06:00,2025-05-26 06:12:30,2025-05-26 06:02:40,40,0.19648462288929,-1137.12036923078,46.2646874296428,0.509087692643809,0.74350775931964,0.00946321328527357,2.37104144791421e-07,8.75561957507261e-13,0.550402990103902,0.00025778289408565,0.892320085236433,0.632390721109172,2.031259,460.5665,342.1693,2.032741,460.6,343.5232,2.03087,454.9647,340.6869,"No issues","No issues","No issues","No issues"
1477,240,2025-05-26,2025-05-26 06:18:20,2025-05-26 06:24:50,2025-05-26 06:15:00,40,-0.672332217635995,-415.787437148213,-122.781127204506,0.174094521731965,0.405350603412484,0.104686318349563,0.00739276510190525,1.00345890904207e-05,0.0416918454834169,0.00195648449247116,0.672831489471564,0.479726964285907,2.039717,459.2986,343.1166,2.046922,461.2904,343.6024,2.03768,457.3807,341.3834,"No issues","No issues","No issues","No issues"
1478,10,2025-05-26,2025-05-26 06:30:40,2025-05-26 06:37:10,2025-05-26 06:27:20,40,0.317753425891191,-933.748953095682,42.6204067542352,0.261577231360548,0.823348860536218,0.0180994826556871,0.00074387568165194,6.98732866496167e-16,0.407862478421208,0.00071328432198473,0.577851535222219,0.419409361733344,2.036508,458.4211,343.2319,2.038846,458.4211,343.2319,2.036018,452.3696,341.2841,"No issues","No issues","No issues","No issues"
1479,20,2025-05-26,2025-05-26 06:43:00,2025-05-26 06:49:30,2025-05-26 06:39:40,40,-0.0272184315196259,-300.58795046904,13.6071894934263,0.00384500985630815,0.183969023106217,0.00234758749031651,0.703868033336772,0.00575244981376395,0.766547383698674,0.00058532583072553,0.845809200608444,0.374771912016266,2.035853,451.4681,342.414,2.037388,452.1646,342.922,2.035596,448.3837,341.3134,"No issues","No issues","No issues","No issues"
1480,30,2025-05-26,2025-05-26 06:55:20,2025-05-26 07:01:50,2025-05-26 06:52:00,40,-0.445180457786125,-844.846351969958,261.489032645382,0.854919243408294,0.832138495538859,0.337386394125061,1.62926170495162e-17,2.63633130947824e-16,8.50747562449368e-05,0.00024501818452068,0.506961931093268,0.489598115045077,2.037614,451.493,343.1721,2.037614,453.0614,344.5544,2.035067,447.8877,342.0949,"No issues","No issues","No issues","No issues"
1481,40,2025-05-26,2025-05-26 07:07:40,2025-05-26 07:14:10,2025-05-26 07:04:20,40,0.00797538461545997,-189.34641050659,32.2424375234469,0.00044314841480453,0.229328239686509,0.00519024534017178,0.897412151496928,0.00177173313042953,0.658656641972662,0.00050605841712039,0.463748904674034,0.596381011548442,2.038803,450.2267,343.3002,2.039054,450.2267,345.2868,2.03716,447.7936,342.6016,"No issues","No issues","No issues","No issues"
1482,50,2025-05-26,2025-05-26 07:20:00,2025-05-26 07:26:30,2025-05-26 07:16:40,40,0.077961005628568,468.717973733573,-8.46687579735861,0.0056030978910835,0.380782580668999,0.00063279859549895,0.64619813240146,2.2267047845674e-05,0.877549374736229,0.001387596114826,0.798572811606075,0.449544665161108,2.038031,449.4911,344.189,2.044246,451.6757,344.9881,2.038031,447.4648,343.3391,"No issues","No issues","No issues","No issues"
1483,60,2025-05-26,2025-05-26 07:32:20,2025-05-26 07:38:50,2025-05-26 07:29:00,40,0.154105666041391,642.318024765465,-37.464612382755,0.234929059714876,0.483481254896175,0.00825467939401741,0.00152689201986988,6.37813229330967e-07,0.577149471560397,0.00037155315737406,0.88699914056067,0.548644569508646,2.036938,445.9413,344.161,2.037295,448.6826,345.8839,2.035535,443.7908,343.2231,"No issues","No issues","No issues","No issues"
1484,70,2025-05-26,2025-05-26 07:44:40,2025-05-26 07:51:10,2025-05-26 07:41:20,40,0.0087915647279582,-462.943114446554,-137.794545591001,0.00026748413887248,0.628190513469124,0.161859635063911,0.920213870747477,1.09652617036489e-09,0.0100656006796644,0.00071809009418738,0.475841199656316,0.418929548136524,2.036445,445.753,344.5363,2.039656,446.308,345.1239,2.036445,443.1756,342.821,"No issues","No issues","No issues","No issues"
1485,80,2025-05-26,2025-05-26 07:57:00,2025-05-26 08:03:30,2025-05-26 07:53:40,40,-0.218521485928755,-436.320891557218,65.8227782363872,0.126239818486606,0.502993384620498,0.0327087388528729,0.0244587100472953,3.01389648346762e-07,0.264079717616579,0.00076808972490166,0.57946314938254,0.478236597400082,2.037608,445.019,344.1942,2.038924,445.5136,344.3681,2.036162,442.5976,342.3829,"No issues","No issues","No issues","No issues"
1486,90,2025-05-26,2025-05-26 08:09:20,2025-05-26 08:15:50,2025-05-26 08:06:00,40,-0.716240600375313,-968.222958348987,-109.581379362097,0.716188547889369,0.812063413394391,0.125878132598789,6.09592834077894e-12,2.28103772962379e-15,0.0246788350595202,0.00060239321788315,0.622308793700702,0.385804666081645,2.035483,444.0651,343.8074,2.037439,444.0651,343.8074,2.033251,437.767,341.6487,"No issues","No issues","No issues","No issues"
1487,100,2025-05-26,2025-05-26 08:21:40,2025-05-26 08:28:10,2025-05-26 08:18:20,40,-0.0748940487805221,208.069598499059,-92.662216885558,0.149691155181781,0.228798426008683,0.095811133773033,0.0136529601974833,0.00179676136478781,0.0519416810503065,0.00023848301519513,0.510370933870173,0.380315600431837,2.032501,439.4007,343.1609,2.033323,441.6377,343.4531,2.032198,439.4007,341.5089,"No issues","No issues","No issues","No issues"
1488,110,2025-05-26,2025-05-26 08:34:00,2025-05-26 08:40:30,2025-05-26 08:30:40,40,0.125899227016969,7.37382664163872,-33.4254529080874,0.272027107352592,0.00053395810156673,0.00936814203837553,0.00055798012237474,0.887451744349605,0.552421896792223,0.00027516579193913,0.426229221531074,0.459226116548442,2.033332,439.0607,342.1849,2.034252,441.044,343.4137,2.032758,439.0607,340.7821,"No issues","No issues","No issues","No issues"
1489,120,2025-05-26,2025-05-26 08:46:20,2025-05-26 08:52:50,2025-05-26 08:43:00,40,-0.342655429643555,81.720540337717,-17.9481005628386,0.233453377907717,0.0224848766902662,0.00418247456215318,0.00158803458028402,0.35573206126056,0.691760246487514,0.00082955787470682,0.719892391230024,0.370008404622514,2.032896,439.336,342.5409,2.034687,442.3109,343.2154,2.030634,439.336,341.7147,"No issues","No issues","No issues","No issues"
1490,130,2025-05-26,2025-05-26 08:58:40,2025-05-26 09:05:10,2025-05-26 08:55:20,40,-0.148281365853599,138.225654033767,-159.083392120082,0.0943370780276434,0.0841724370465736,0.16520270274066,0.0538758225218601,0.0693691781664324,0.00925369356822713,0.00061383059058084,0.60915866211225,0.477778554622508,2.028707,441.1155,344.5299,2.028707,442.9609,344.5299,2.026186,439.968,341.7701,"No issues","No issues","No issues","No issues"
1491,140,2025-05-26,2025-05-26 09:11:00,2025-05-26 09:17:30,2025-05-26 09:07:40,40,-0.33379659287056,-380.211305065658,78.7082926829301,0.483679289718344,0.497756777541009,0.0620777146339826,6.33065302975698e-07,3.69558507969798e-07,0.121049300168326,0.00046076851190113,0.510262137038636,0.408748268243517,2.027394,442.0648,343.3653,2.027394,442.3874,344.7414,2.025231,439.1573,342.8123,"No issues","No issues","No issues","No issues"
1492,150,2025-05-26,2025-05-26 09:23:20,2025-05-26 09:29:50,2025-05-26 09:20:00,40,0.0267872420263284,-281.087729831156,52.5611076922908,0.025219074949891,0.307467919719945,0.0190999122134335,0.327702150477057,0.00020503558104225,0.395078299656559,0.00022250347745879,0.563614032913581,0.503246863275981,2.024311,439.566,343.446,2.024811,439.566,344.3511,2.023869,436.6472,342.4072,"No issues","No issues","No issues","No issues"
1493,160,2025-05-26,2025-05-26 09:35:40,2025-05-26 09:42:10,2025-05-26 09:32:20,40,0.439731422138809,-248.90518874297,44.9117088180155,0.714176653484753,0.264019826515472,0.0227484349782805,6.98068090375153e-12,0.00069572432962756,0.352895582378299,0.00037166647794476,0.555224476569796,0.393284536970378,2.023321,436.1539,343.6459,2.026205,437.7871,345.3008,2.023321,435.0846,343.1117,"No issues","No issues","No issues","No issues"
1494,170,2025-05-26,2025-05-26 09:48:00,2025-05-26 09:54:30,2025-05-26 09:44:40,40,-0.121565448405238,42.0007744840615,398.264123076927,0.422357607013543,0.0156568430041184,0.466038705923781,5.67635909738108e-06,0.441708703972549,1.21891962587363e-06,0.00018994129369163,0.44493680302136,0.569554052778617,2.022555,439.9007,344.6728,2.022684,440.8152,347.607,2.021641,438.6284,344.6728,"No issues","No issues","No issues","No issues"
1495,180,2025-05-26,2025-05-26 10:00:20,2025-05-26 10:06:50,2025-05-26 09:57:00,40,-0.0486911819887085,-1703.01694559102,-21.8297786116288,0.140891184959282,0.869913106704946,0.00314640571557293,0.0170016400664393,2.03367345162984e-18,0.731009059199554,0.00016063950616348,0.879868296906905,0.519131672313125,2.021407,435.1685,345.8244,2.021922,435.9857,348.1203,2.021196,427.5666,345.8244,"No issues","No issues","No issues","No issues"
1496,190,2025-05-26,2025-05-26 10:12:40,2025-05-26 10:19:10,2025-05-26 10:09:20,40,0.15211019887445,-1409.52214333962,-122.311033395873,0.295995168647003,0.943460507299351,0.0845354292057622,0.00028482073388973,2.60535793173004e-25,0.0687441657250211,0.00031341783702458,0.461005238365853,0.537758014433582,2.018828,433.0161,346.9818,2.019715,433.1902,347.7787,2.018192,426.7133,345.2698,"No issues","No issues","No issues","No issues"
1497,200,2025-05-26,2025-05-26 10:25:00,2025-05-26 10:31:30,2025-05-26 10:21:40,40,0.137263339587177,-492.910297936212,-55.3528975609934,0.287263239431625,0.539025734436923,0.0367396023932795,0.0003646761911313,6.98854803708963e-08,0.236077618278923,0.00028886769760396,0.609005687443542,0.378673447044201,2.017307,435.218,345.9441,2.018475,436.0674,347.0353,2.017163,432.356,345.1408,"No issues","No issues","No issues","No issues"
1498,210,2025-05-26,2025-05-26 10:37:20,2025-05-26 10:43:50,2025-05-26 10:34:00,40,-0.452303999999972,-105.43839399627,24.1326709193395,0.950825072440688,0.0536787390512164,0.00426286117109743,1.83110018263184e-26,0.150290051586624,0.688959582936636,0.00013742693058499,0.591475547123277,0.49277312641507,2.018658,433.2209,344.9695,2.018664,433.7018,346.0761,2.016503,430.8685,343.4842,"No issues","No issues","No issues","No issues"
1499,220,2025-05-26,2025-05-26 10:49:40,2025-05-26 10:56:10,2025-05-26 10:46:20,40,0.00245745590990372,-1172.19747242027,-77.8548292682651,0.00028633191234584,0.940609783118684,0.0426460618168893,0.917460050270548,6.64334731137404e-25,0.201074373827346,0.00019400304169691,0.393525932639152,0.492835769626343,2.013604,426.8625,343.9648,2.013761,426.8625,345.0409,2.012804,420.8968,342.418,"No issues","No issues","No issues","No issues"
1500,230,2025-05-26,2025-05-26 11:02:00,2025-05-26 11:08:30,2025-05-26 10:58:40,40,-0.321541733583473,122.983996998112,-132.116298686688,0.843851074347203,0.0309137944773499,0.143238163029179,6.62692242828956e-17,0.277822740831367,0.0160368057394055,0.00018479652986666,0.919969688132763,0.431694931688686,2.013925,430.3692,345.2719,2.013953,430.8677,345.2719,2.01219,427.2311,343.1111,"No issues","No issues","No issues","No issues"
1501,240,2025-05-26,2025-05-26 11:14:20,2025-05-26 11:20:50,2025-05-26 11:11:00,40,0.188505996247498,585.003377110682,-94.4630814258597,0.690362028236713,0.752997892132164,0.067158250105376,3.24441220987415e-11,4.25218364636227e-13,0.106364552187385,0.0001686683881729,0.447642888090625,0.470366384308414,2.011126,428.4203,344.4734,2.012039,431.5729,344.9796,2.011126,428.1534,342.6053,"No issues","No issues","No issues","No issues"
1502,10,2025-05-26,2025-05-26 11:26:40,2025-05-26 11:33:10,2025-05-26 11:23:20,40,-0.921632690431598,-2111.20523527205,-79.4310213883626,0.809081883167352,0.967018848358718,0.0545266135208385,3.08150996596653e-15,9.18660140336615e-30,0.147017613221813,0.00059814306233794,0.52091367559326,0.441906515508218,2.011762,426.2298,344.0172,2.011762,426.4145,344.5768,2.005694,416.2562,342.4954,"No issues","No issues","No issues","No issues"
1503,20,2025-05-26,2025-05-26 11:39:00,2025-05-26 11:45:30,2025-05-26 11:35:40,40,0.30559420637889,-1751.89357148217,-235.632981613502,0.548107866263885,0.942470593787016,0.364162902888978,4.75189978352308e-08,3.6249752803941e-25,3.75670774737338e-05,0.00037072285070933,0.578280605159031,0.41598821313436,2.00225,425.3288,344.6232,2.003787,425.3288,345.2498,2.001787,417.0682,342.899,"No issues","No issues","No issues","No issues"
1504,30,2025-05-26,2025-05-26 11:51:20,2025-05-26 11:57:50,2025-05-26 11:48:00,40,0.342785921200704,-16.5520840525399,542.090377485929,0.55309002490054,0.00272919536891675,0.782520872171046,3.83341396180833e-08,0.748856831800146,3.71884402242529e-14,0.00041167543582928,0.422728753620386,0.381814476665429,2.004612,429.0448,345.4,2.006681,430.0762,347.5478,2.004561,428.5115,344.6581,"No issues","No issues","No issues","No issues"
1505,40,2025-05-26,2025-05-26 12:03:40,2025-05-26 12:10:10,2025-05-26 12:00:20,40,-0.324718919324608,-1594.50527279547,276.496210131319,0.877340346450732,0.943496208351338,0.418217409437202,6.6287958755528e-19,2.57423158608068e-25,6.53010234873945e-06,0.00016221621929841,0.521332191038421,0.43570079872082,2.006155,425.0667,348.9825,2.006466,425.0667,350.8346,2.00474,416.8938,348.5038,"No issues","No issues","No issues","No issues"
1506,50,2025-05-26,2025-05-26 12:16:00,2025-05-26 12:22:30,2025-05-26 12:12:40,40,0.0941054859287886,659.616018011242,-110.809702063794,0.380307224819849,0.651089053792417,0.0908543369471903,2.26066273197138e-05,3.22332273469682e-10,0.0587413897139295,0.00016049286744133,0.645131369695685,0.468318762597748,2.004806,429.9765,350.4162,2.005686,433.3146,350.4438,2.00469,429.68,348.2197,"No issues","No issues","No issues","No issues"
1507,60,2025-05-26,2025-05-26 12:28:20,2025-05-26 12:34:50,2025-05-26 12:25:00,40,-0.265156412757939,328.612673921201,123.568858536557,0.394917003587122,0.395701089276495,0.142262421275047,1.41280033501364e-05,1.37720010278974e-05,0.0164312030511413,0.0004385070289083,0.542558358468144,0.405378790013296,2.008259,430.3932,348.563,2.009075,432.9404,350.7173,2.006958,430.0721,348.563,"No issues","No issues","No issues","No issues"
1508,70,2025-05-26,2025-05-26 12:40:40,2025-05-26 12:47:10,2025-05-26 12:37:20,40,0.353487039399576,-1391.7572172608,-271.427950469038,0.770772898354748,0.946559367785762,0.327822473382686,1.01767078835692e-13,8.91387759443979e-26,0.00011311606335193,0.00025755093159665,0.441819839114867,0.519274584104001,2.007025,429.2115,350.7408,2.008379,429.2115,351.0699,2.006578,422.1258,348.2157,"No issues","No issues","No issues","No issues"
1509,80,2025-05-26,2025-05-26 12:53:00,2025-05-26 12:59:30,2025-05-26 12:49:40,40,0.0545787016886441,-397.722947842402,-151.645535459659,0.0248828986474951,0.54815587213372,0.130880257828142,0.330988990394041,4.74212723794237e-08,0.0218012736998148,0.00045647917363134,0.482439436911079,0.522098243261475,2.009255,429.8984,348.4026,2.010498,429.8984,350.4613,2.008776,426.5697,347.8235,"No issues","No issues","No issues","No issues"
1510,90,2025-05-26,2025-05-26 13:05:20,2025-05-26 13:11:50,2025-05-26 13:02:00,40,0.158632345215836,-1568.41020337709,-196.69008630394,0.591598388014386,0.938828925298399,0.197026586268982,6.70853874568569e-09,1.16565365161749e-24,0.00411695316906976,0.00017609289932652,0.534883683149205,0.530506249008508,2.008311,427.8312,347.8136,2.009047,428.0505,348.1608,2.007962,419.6359,345.4554,"No issues","No issues","No issues","No issues"
1511,100,2025-05-26,2025-05-26 13:17:40,2025-05-26 13:24:10,2025-05-26 13:14:20,40,-0.00319744840532155,-144.377560975621,-91.2888135084553,0.00051926534401056,0.12832316093001,0.0642141204523359,0.889001260037265,0.0232281400543193,0.114628033089863,0.00018742000973551,0.502741568925741,0.465597246811402,2.008938,431.8873,346.6304,2.009431,432.4458,347.8871,2.008624,430.3016,345.6474,"No issues","No issues","No issues","No issues"
1512,110,2025-05-26,2025-05-26 13:30:00,2025-05-26 13:36:30,2025-05-26 13:26:40,40,-0.00355001876172248,-105.938071294551,-89.7986161350583,0.00052251206632096,0.106506685210753,0.0693074399317874,0.888656953557981,0.0398556439227668,0.100730475257699,0.00020743826002307,0.409948354743429,0.43964557133806,2.009276,430.84,345.0946,2.00961,431.1941,346.9125,2.008781,429.5448,344.8718,"No issues","No issues","No issues","No issues"
1513,120,2025-05-26,2025-05-26 13:42:20,2025-05-26 13:48:50,2025-05-26 13:39:00,40,-0.252942078799328,-84.9641876172553,-33.759381613526,0.395546844514091,0.0541153157786398,0.0122779409723773,1.38413507500872e-05,0.148595254219298,0.496076357000377,0.00041775659266525,0.474585837390178,0.404546972308818,2.009944,430.9807,345.6254,2.010764,432.0396,346.0821,2.008685,429.776,344.5229,"No issues","No issues","No issues","No issues"
1514,130,2025-05-26,2025-05-26 13:54:40,2025-05-26 14:01:10,2025-05-26 13:51:20,40,0.100571707317035,-45.5931827392184,-616.429391369609,0.313885940956108,0.0178601059540191,0.319923727166019,0.00017025390049673,0.411008820451386,0.0001427425221551,0.00019865884970743,0.451714921864983,1.20076712796685,2.009067,430.89,351.4327,2.009821,431.2656,352.2578,2.008823,429.1795,345.0601,"No issues","No issues","No issues","No issues"
1515,140,2025-05-26,2025-05-26 14:07:00,2025-05-26 14:13:30,2025-05-26 14:03:40,40,-0.077048375234569,-270.264873545965,-32.7430063790031,0.205446233744592,0.277905665152664,0.0016205631393521,0.00331213707422656,0.00047394726876995,0.805195260496672,0.00020243980230019,0.582046576523338,1.08580854378802,2.009427,432.0073,357.5205,2.009634,432.0073,358.6602,2.00876,429.2173,353.2266,"No issues","No issues","No issues","No issues"
1516,150,2025-05-26,2025-05-26 14:19:20,2025-05-26 14:25:50,2025-05-26 14:16:00,40,0.237801816135033,25.5484637898699,-254.708010506558,0.381648884041872,0.00455269249125412,0.363913179737833,2.16606630668679e-05,0.679107845278831,3.78598914832378e-05,0.00040440881131857,0.504730602474476,0.449905990929015,2.007874,429.4931,355.2448,2.010126,431.0086,355.3838,2.007874,428.8371,353.3495,"No issues","No issues","No issues","No issues"
1517,160,2025-05-26,2025-05-26 14:31:40,2025-05-26 14:38:10,2025-05-26 14:28:20,40,0.165789928705444,-596.19995797376,159.464087054398,0.522428895415443,0.722376250485824,0.192455669610393,1.38823323788658e-07,3.9939566371704e-12,0.00463015482596855,0.00021177926529021,0.493808300197267,0.436415923786934,2.008398,428.99,353.9061,2.009938,430.4869,355.221,2.008398,426.1738,353.1046,"No issues","No issues","No issues","No issues"
1518,170,2025-05-26,2025-05-26 14:44:00,2025-05-26 14:50:30,2025-05-26 14:40:40,40,0.404751579737241,257.61821538461,894.583411632277,0.872967724389711,0.4601309069986,0.684017283262611,1.29268638673859e-18,1.51103939315119e-06,4.79044128153344e-11,0.00020628438955457,0.372820653583541,0.812341861493795,2.0091,432.3003,358.4019,2.010416,433.1538,363.7309,2.008645,431.3491,357.3429,"No issues","No issues","No issues","No issues"
1519,180,2025-05-26,2025-05-26 14:56:20,2025-05-26 15:02:50,2025-05-26 14:53:00,40,-0.159987512195102,-1791.87740037526,-331.719831894936,0.397510545566225,0.951856723434919,0.35017311700305,1.29827989508996e-05,1.22330662087772e-26,5.77968281994941e-05,0.00026315180249913,0.538406370285683,0.603738315880573,2.011852,430.0009,362.0734,2.011852,430.0009,362.4509,2.010326,421.2779,359.184,"No issues","No issues","No issues","No issues"
1520,190,2025-05-26,2025-05-26 15:08:40,2025-05-26 15:15:10,2025-05-26 15:05:20,40,0.262949403377205,-1560.06384990621,-565.542303939984,0.59892421202651,0.94556238590262,0.548007149285865,4.72938564835407e-09,1.26708543373321e-25,4.77246494258772e-08,0.00028748774988988,0.500111322626102,0.686210933941707,2.009834,429.5519,358.4635,2.01144,430.8847,359.7154,2.009381,423.1613,355.496,"No issues","No issues","No issues","No issues"
1521,200,2025-05-26,2025-05-26 15:21:00,2025-05-26 15:27:30,2025-05-26 15:17:40,40,-0.133486378986913,-75.5623114446481,-244.411416135106,0.322534983321474,0.0356570661083051,0.305346421710907,0.00013221091096111,0.243236601331917,0.00021795908298505,0.00025847101142165,0.525010572329998,0.492525901790597,2.010197,434.3414,354.9699,2.010332,435.9059,355.8148,2.009197,433.9144,353.041,"No issues","No issues","No issues","No issues"
1522,210,2025-05-26,2025-05-26 15:33:20,2025-05-26 15:39:50,2025-05-26 15:30:00,40,0.0779950469043178,1.7538551594718,-231.281939212015,0.0931323172451624,2.06014150820323e-05,0.296399843600637,0.055510791684216,0.977824683103871,0.00028155953597081,0.00032516863530131,0.516250625956517,0.476086169290233,2.008371,435.0824,353.0214,2.008587,436.0674,353.0214,2.007182,433.4762,350.5423,"No issues","No issues","No issues","No issues"
1523,220,2025-05-26,2025-05-26 15:45:40,2025-05-26 15:52:10,2025-05-26 15:42:20,40,0.29673293808631,-1657.45901988745,28.9107692307844,0.658648031829436,0.942226304900357,0.00591012612376407,2.11468769948938e-10,3.92937243726084e-25,0.637286584557669,0.00028540404862384,0.548340250408588,0.500949519067379,2.007583,431.7369,351.1544,2.009045,431.7369,351.9568,2.007432,423.4701,349.7391,"No issues","No issues","No issues","No issues"
1524,230,2025-05-26,2025-05-26 15:58:00,2025-05-26 16:04:30,2025-05-26 15:54:40,40,0.538718589118264,141.799501688547,70.3091752345302,0.861907149071074,0.119838378532796,0.0340262844628568,6.35316984152053e-18,0.0286592071104406,0.254512124442297,0.00028809597076322,0.513425958753247,0.500503662978955,2.010868,434.7313,350.3895,2.012679,436.1852,352.0064,2.010043,434.0362,350.039,"No issues","No issues","No issues","No issues"
1525,240,2025-05-26,2025-05-26 16:10:20,2025-05-26 16:16:50,2025-05-26 16:07:00,40,0.100229673545789,-167.000501313332,-124.425726078787,0.0792687571716978,0.179390863237365,0.0894622113280762,0.07840899570975,0.00646338139003714,0.0608092910685149,0.0004563852476993,0.477205736208901,0.530345908658824,2.011984,434.6404,349.8671,2.013148,435.841,352.0616,2.011585,433.4612,349.856,"No issues","No issues","No issues","No issues"
1526,10,2025-05-26,2025-05-26 16:22:40,2025-05-26 16:29:10,2025-05-26 16:19:20,40,0.0603154671669566,-1609.8126619137,-83.5881906191208,0.0563769892354692,0.940592057547669,0.0507615557353894,0.140141564037822,6.68118093261644e-25,0.162171653745712,0.00032968325109566,0.540526271871609,0.482930893327756,2.010903,432.0093,350.4938,2.012041,432.1112,351.5962,2.010497,424.1696,349.5248,"No issues","No issues","No issues","No issues"
1527,20,2025-05-26,2025-05-26 16:35:00,2025-05-26 16:41:30,2025-05-26 16:31:40,40,0.231286153846101,-1670.9859692308,-314.18849380864,0.408093131398884,0.908377873061806,0.361801335398464,9.16317109045995e-06,2.55256296124391e-21,4.04247764580657e-05,0.00037214873551605,0.709021787688026,0.557510441323488,2.009013,431.683,351.2343,2.010565,432.3132,352.4196,2.008791,424.9183,349.2337,"No issues","No issues","No issues","No issues"
1528,30,2025-05-26,2025-05-26 16:47:20,2025-05-26 16:53:50,2025-05-26 16:44:00,40,-0.455871039399703,732.368141088158,944.472036022511,0.779043848689486,0.603821276959381,0.92053807261339,5.03728791928031e-14,3.73080420219109e-09,1.69535565441405e-22,0.00032436498518855,0.792575562980389,0.370738458652762,2.010628,434.7637,352.6619,2.010628,439.994,357.0173,2.007739,434.2914,352.2038,"No issues","No issues","No issues","No issues"
1529,40,2025-05-26,2025-05-26 16:59:40,2025-05-26 17:06:10,2025-05-26 16:56:20,40,-0.306274221388276,-1985.75624465289,-113.900244652907,0.549353023058342,0.924127747722253,0.0537716848095386,4.50450963350303e-08,7.03096289327771e-23,0.1499274777233,0.00037061482065092,0.760188484011754,0.63836000738152,2.007148,436.0202,358.6663,2.00722,436.0202,360.4012,2.00509,426.1869,357.4075,"No issues","No issues","No issues","No issues"
1530,50,2025-05-26,2025-05-26 17:12:00,2025-05-26 17:18:30,2025-05-26 17:08:40,40,-0.161272165103257,607.549724577852,-152.385609005625,0.33628768016464,0.220501790090589,0.14810425717569,8.79211931262257e-05,0.00223613480069903,0.0142047186125497,0.00030270092195814,1.52617099683142,0.488284877656068,2.003985,444.1653,359.143,2.004388,445.6615,359.3212,2.002883,439.9967,357.17,"No issues","No issues","No issues","No issues"
1531,60,2025-05-26,2025-05-26 17:24:20,2025-05-26 17:30:50,2025-05-26 17:21:00,40,0.402625621013087,-1076.72814709195,-52.5361440900605,0.473383943309808,0.763353514640483,0.00952984465151879,9.30255276888729e-07,1.87250610842196e-13,0.548996132501518,0.00056736371931534,0.800964203675906,0.715576133545634,2.001773,448.1782,358.5993,2.003465,448.1782,360.506,2.000458,441.8524,357.1691,"No issues","No issues","No issues","No issues"
1532,70,2025-05-26,2025-05-26 17:36:40,2025-05-26 17:43:10,2025-05-26 17:33:20,40,0.302213583489684,-2179.55582138837,-382.010467542234,0.574622842110867,0.975203278169718,0.389967781118417,1.47399629234682e-08,4.05377171685539e-32,1.65859436127958e-05,0.00034739973800949,0.464341416146158,0.638347486069835,2.001263,441.1259,356.0196,2.002522,441.1259,357.6693,2.000743,431.3947,354.4647,"No issues","No issues","No issues","No issues"
1533,80,2025-05-26,2025-05-26 17:49:00,2025-05-26 17:55:30,2025-05-26 17:45:40,40,0.223896765478398,568.078622138834,-300.503657786127,0.536506031325481,0.214907619564021,0.425009829059318,7.76781601651678e-08,0.00258913229428398,5.18651579759574e-06,0.00027803689205203,1.45065048317654,0.466982227561475,2.003507,440.073,354.9587,2.004506,446.5459,356.0266,2.002891,440.073,353.1949,"No issues","No issues","No issues","No issues"
1534,90,2025-05-26,2025-05-26 18:01:20,2025-05-26 18:07:50,2025-05-26 17:58:00,40,-0.334839714821797,-454.769642026303,-153.838442026252,0.593826106625125,0.332707363262262,0.130554316988067,6.035902573043e-09,9.78419488131909e-05,0.021978210105167,0.00036998420954085,0.860475069914154,0.530408345375262,2.004109,453.1062,353.1978,2.004358,454.381,353.2348,2.002512,449.234,350.7717,"No issues","No issues","No issues","No issues"
1535,100,2025-05-26,2025-05-26 18:13:40,2025-05-26 18:20:10,2025-05-26 18:10:20,40,-0.191671834896907,1928.87991894933,-79.8984405253193,0.258056175702548,0.871275334521942,0.0527795417215964,0.00081895843246783,1.6637841887499e-18,0.153847570789073,0.00043421672803362,0.990554178575682,0.452221177379297,2.002578,454.8009,350.7998,2.003955,463.1194,352.0877,2.001693,453.9724,349.825,"No issues","No issues","No issues","No issues"
1536,110,2025-05-26,2025-05-26 18:26:00,2025-05-26 18:32:30,2025-05-26 18:22:40,40,-0.125875722326552,-3243.80151894933,-77.7588652907927,0.353306639743835,0.952422947308806,0.0414005801979613,5.25184679989407e-05,9.76762213937882e-27,0.207928621999393,0.00022752815408846,0.968630146337457,0.499902315055353,2.002186,474.1972,349.9245,2.002593,474.1972,350.5514,2.001474,459.9016,348.4629,"No issues","No issues","No issues","No issues"
1537,120,2025-05-26,2025-05-26 18:38:20,2025-05-26 18:44:50,2025-05-26 18:35:00,40,0.167436878048791,-1066.43309268293,-35.3738296435298,0.300979308784459,0.529093549369027,0.00709785621348433,0.00024706050664648,1.05677527955951e-07,0.605253684938848,0.00034091623179841,1.34417113828265,0.55897395395561,2.000509,475.938,348.7308,2.001359,477.3161,350.5376,1.999804,470.4361,347.6095,"No issues","No issues","No issues","No issues"
1538,130,2025-05-26,2025-05-26 18:50:40,2025-05-26 18:57:10,2025-05-26 18:47:20,40,1.16402521575993,-2682.22129530955,453.928984615406,0.937790892963523,0.852573672461863,0.353888639241127,1.60563316810033e-24,2.21254777574762e-17,5.15902056428237e-05,0.00040054953598601,1.49017076003099,0.819460754399505,2.000285,478.807,345.6,2.004938,479.6323,349.403,2.000285,467.1642,345.3223,"No issues","No issues","No issues","No issues"
1539,140,2025-05-26,2025-05-26 19:03:00,2025-05-26 19:09:30,2025-05-26 18:59:40,40,0.179469658536543,934.442341463421,468.986899812396,0.0460394093809066,0.146915798939372,0.410526231104632,0.183662763401989,0.0146322228932591,8.45087814636711e-06,0.0010914686044694,3.00838956943829,0.750831291861188,2.000512,474.081,346.1689,2.004135,484.2017,349.9914,2.000227,473.5984,345.7184,"No issues","No issues","No issues","No issues"
1540,150,2025-05-26,2025-05-26 19:15:20,2025-05-26 19:21:50,2025-05-26 19:12:00,40,-1.8750615534709,1098.52574859288,-67.5284893057961,0.873031258040166,0.0302872791761954,0.0320696389145793,1.28041364769538e-18,0.282823943021239,0.268876372753548,0.00095536407649823,8.30465362356358,0.49565777359133,2.010124,476.9473,349.5821,2.011647,508.892,349.899,2.002085,476.9473,347.75,"No issues","No issues","No issues","No issues"
1541,160,2025-05-26,2025-05-26 19:27:40,2025-05-26 19:34:10,2025-05-26 19:24:20,40,-0.108402821763642,1858.41739587243,120.071198499057,0.0537244786642193,0.425481407664846,0.0952647571733432,0.150111505762312,5.1037474207695e-06,0.0526502449948694,0.00060783142788946,2.88519305811877,0.494371394603299,2.000903,491.486,348.6393,2.003494,495.5855,350.7479,2.000903,482.9715,348.1177,"No issues","No issues","No issues","No issues"
1542,170,2025-05-26,2025-05-26 19:40:00,2025-05-26 19:46:30,2025-05-26 19:36:40,40,0.0844766679174616,-369.641813133218,157.698074296413,0.444925599253789,0.109195928195304,0.152662815041553,2.60048700864363e-06,0.0372904751148534,0.0126757108034675,0.00012606326296247,1.41055112880782,0.496372549513587,2.003384,483.8721,349.8894,2.003684,483.8721,351.597,2.00299,477.1818,349.4245,"No issues","No issues","No issues","No issues"
1543,180,2025-05-26,2025-05-26 19:52:20,2025-05-26 19:58:50,2025-05-26 19:49:00,40,0.138978371482235,3362.19845403378,-176.970299437152,0.275697293968154,0.763369553833562,0.164218123824088,0.00050398235009475,1.87007782969607e-13,0.00948592055116591,0.00030096146132532,2.50098510075807,0.533403896303082,2.005593,476.031,351.819,2.006631,489.3554,351.819,2.005108,473.8532,349.2813,"No issues","No issues","No issues","No issues"
1544,190,2025-05-26,2025-05-26 20:04:40,2025-05-26 20:11:10,2025-05-26 20:01:20,40,0.467723887429581,2763.42538086305,-116.02506866792,0.943185457499178,0.906888207641529,0.116278070101438,2.85740565787689e-25,3.47052747219627e-21,0.0312982423305705,0.00015337007358012,1.18302269021646,0.427346950393391,2.004711,488.6445,350.473,2.007083,502.1995,350.938,2.004711,488.6445,348.9463,"No issues","No issues","No issues","No issues"
1545,200,2025-05-26,2025-05-26 20:17:00,2025-05-26 20:23:30,2025-05-26 20:13:40,40,-0.887078363977514,-3068.7600630394,-60.8961951219582,0.953766574386259,0.858633732780274,0.0211883236471339,5.6638393067852e-27,9.93314803476429e-18,0.370140978864044,0.00026093890810251,1.66361076536335,0.552982383668661,2.010083,504.6977,349.8427,2.010083,504.6977,351.307,2.00589,490.1341,348.4056,"No issues","No issues","No issues","No issues"
1546,210,2025-05-26,2025-05-26 20:29:20,2025-05-26 20:35:50,2025-05-26 20:26:00,40,0.79245658536594,1779.76867542214,-110.557553470927,0.905057259298122,0.85042733525876,0.123488287297584,5.02915338844158e-21,2.91524463046268e-17,0.0261835310541454,0.00034291635535248,0.997219896609725,0.393526754904575,2.007557,488.9634,348.0293,2.01128,495.6818,349.1838,2.007241,488.251,347.0916,"No issues","No issues","No issues","No issues"
1547,220,2025-05-26,2025-05-26 20:41:40,2025-05-26 20:48:10,2025-05-26 20:38:20,40,0.288735669793627,290.475341088158,-65.1083977485965,0.237404170191425,0.0631074891926086,0.0280896318145456,0.00142939833775313,0.117907687269245,0.301269301751247,0.00069139040264334,1.49531802894777,0.511678252101152,2.013561,500.4875,347.6561,2.015005,502.9919,348.8147,2.012232,496.4344,346.3875,"No issues","No issues","No issues","No issues"
1548,230,2025-05-26,2025-05-26 20:54:00,2025-05-26 21:00:30,2025-05-26 20:50:40,40,0.329700292682947,537.711210506565,14.5683692307705,0.539523104460582,0.146403132230259,0.00143925600162494,6.84377477965502e-08,0.014820514372774,0.816217152385701,0.00040694723069097,1.7346832283983,0.512683128968418,2.011313,489.998,347.6859,2.012629,494.2217,348.5387,2.010283,486.2933,346.2628,"No issues","No issues","No issues","No issues"
1549,240,2025-05-26,2025-05-26 21:06:20,2025-05-26 21:12:50,2025-05-26 21:03:00,40,-0.0379843902439509,2065.93544465289,41.869472420264,0.00768221378520302,0.50349861472918,0.0153354906413181,0.59071859333366,2.95486348512782e-07,0.446470122810891,0.00057677605063959,2.74092849207602,0.448242116045559,2.013502,496.4133,347.5372,2.015726,507.8208,348.7576,2.013502,496.0737,346.7055,"No issues","No issues","No issues","No issues"
1550,10,2025-05-26,2025-05-26 21:18:40,2025-05-26 21:25:10,2025-05-26 21:15:20,40,0.224862889305791,1304.00196923078,120.178671669774,0.369016813338614,0.762287248328406,0.172834722029386,3.22870366274493e-05,2.04081462984916e-13,0.00763229750727556,0.0003928470258211,0.972892881682676,0.351259368273921,2.012646,483.5396,347.1505,2.014788,487.8249,347.9046,2.011803,480.7128,346.2247,"No issues","No issues","No issues","No issues"
1551,20,2025-05-26,2025-05-26 21:31:00,2025-05-26 21:37:30,2025-05-26 21:27:40,40,-6.83210269418391,545.033245778605,245.184153095658,0.909692761276818,0.0502888619898941,0.469791006758457,1.93821132743203e-21,0.164192237057961,1.06220330005816e-06,0.00287599524866278,3.16448267374105,0.348003377564346,2.056651,500.5661,346.9663,2.056651,517.8498,348.1031,2.019789,500.5661,345.8101,"No issues","No issues","No issues","No issues"
1552,30,2025-05-26,2025-05-26 21:43:20,2025-05-26 21:49:50,2025-05-26 21:40:00,40,-0.0245121500938356,-1857.34063789871,114.301040150092,0.00253136373756582,0.629621333460119,0.106178150527114,0.757846277032075,1.0179963164644e-09,0.0401809220048704,0.00065009020252486,1.90324497527249,0.443075722317614,2.014588,495.317,347.1478,2.015126,495.5605,348.8258,2.012508,484.5788,346.9338,"No issues","No issues","No issues","No issues"
1553,40,2025-05-26,2025-05-26 21:55:40,2025-05-26 22:02:10,2025-05-26 21:52:20,40,5.48933322326446,7810.07085928704,23.5237373358532,0.643788997754741,0.767103764301146,0.00705944995294423,4.8021556242594e-10,1.37915150823622e-13,0.606235069988937,0.00545533406965529,5.7494859646029,0.372736891861562,2.018644,500.0541,348.2775,2.05145,532.6704,349.2557,2.017617,500.0541,347.4826,"No issues","No issues","No issues","No issues"
1554,50,2025-05-26,2025-05-26 22:08:00,2025-05-26 22:14:30,2025-05-26 22:04:40,40,-1.03734060788004,-3902.35172082552,-11.8022724202608,0.846806731602707,0.845655732939547,0.00207414467721661,4.60160733371371e-17,5.30827501315869e-17,0.780207283749472,0.00058947981110029,2.22738211962803,0.345871769261381,2.021827,508.8011,348.7897,2.021827,509.6095,349.3233,2.016933,494.9157,348.0336,"No issues","No issues","No issues","No issues"
1555,60,2025-05-26,2025-05-26 22:20:20,2025-05-26 22:26:50,2025-05-26 22:17:00,40,-0.020446649155613,7.18457335834938,103.910508067544,0.00624398570155782,3.26432333353633e-05,0.0876785795825151,0.627909696813531,0.972088285215649,0.0635677199964511,0.00034462830691533,1.68003054071184,0.447823126642133,2.016417,493.3928,348.4791,2.017677,500.9315,350.8022,2.016417,493.3928,348.4791,"No issues","No issues","No issues","No issues"
1556,70,2025-05-26,2025-05-26 22:32:40,2025-05-26 22:39:10,2025-05-26 22:29:20,40,-0.404117763602298,-1373.17222063789,99.6185515947473,0.907375264276593,0.90285201957064,0.068015232301658,3.14057272218745e-21,7.78868100150201e-21,0.104079223749154,0.00017250346790032,0.601801792272905,0.492675996522302,2.017606,504.2373,347.9283,2.017606,504.7261,349.7276,2.015564,497.9377,347.8011,"No issues","No issues","No issues","No issues"
1557,80,2025-05-26,2025-05-26 22:45:00,2025-05-26 22:51:30,2025-05-26 22:41:40,40,0.411901058161403,10.3382544090341,93.7341118198862,0.888229093823964,3.60076806165627e-05,0.0602191236355204,1.12672858154338e-19,0.970685753049227,0.126947710730283,0.00019521566424737,2.30176874520759,0.494724731088392,2.016596,503.0823,349.4481,2.018565,511.4707,350.6702,2.016596,503.0823,348.3592,"No issues","No issues","No issues","No issues"
1558,90,2025-05-26,2025-05-26 22:57:20,2025-05-26 22:59:50,2025-05-26 22:54:00,16,0.380312470588118,5009.08828235292,22.0879058823552,0.75266708850946,0.921309206015093,0.00092632547360751,1.34044244471964e-05,4.05601949752862e-09,0.910909180074702,0.00011631769376299,0.781058690451718,0.387023398296593,2.017876,505.183,348.8459,2.018491,512.6155,349.267,2.017735,504.7398,347.9824,"No issues","No issues","No issues","No issues"
1558,90,2025-05-27,2025-05-26 23:00:00,2025-05-26 23:03:50,2025-05-26 22:54:00,24,1.47521238260837,-1266.64841739131,103.092855652111,0.399894165678432,0.495210454010391,0.0494316685506714,0.00091469444876056,0.00012464970486927,0.296393942176851,0.00144785642099464,1.02458009814587,0.362198929310516,2.018495,512.2581,349.3498,2.024496,513.1229,349.5475,2.0184,507.7355,348.0627,"No issues","No issues","No issues","No issues"
1559,100,2025-05-27,2025-05-26 23:09:40,2025-05-26 23:16:10,2025-05-26 23:06:20,40,0.273788307692399,1940.20545140712,135.312207129456,0.605718919607126,0.6704691674037,0.202458238218619,3.40059189935205e-09,1.07358748097676e-10,0.00357855523003235,0.00029512239263504,1.81729825356351,0.35881107086053,2.019145,512.0157,347.3814,2.021191,521.0472,349.6264,2.019145,510.761,347.3814,"No issues","No issues","No issues","No issues"
1560,110,2025-05-27,2025-05-26 23:22:00,2025-05-26 23:28:30,2025-05-26 23:18:40,40,0.0291490581613412,223.526607129459,-15.2986356473028,0.0334344585377148,0.0321549189117177,0.00312127534838765,0.258757421619853,0.268230262747162,0.732045560095407,0.00020939335726701,1.63843156674977,0.365281510877842,2.021041,517.2094,348.4883,2.021373,520.2766,349.6107,2.020475,512.8317,347.9357,"No issues","No issues","No issues","No issues"
1561,120,2025-05-27,2025-05-26 23:34:20,2025-05-26 23:40:50,2025-05-26 23:31:00,40,-0.0842562101315051,914.530464540349,-54.9340277673453,0.0335987867671426,0.513836549729065,0.0319569242256575,0.257570213649902,1.96286371100675e-07,0.269733232935921,0.00060372439140796,1.18849319613817,0.403948652797022,2.022916,510.9601,348.2781,2.024975,516.0888,349.5497,2.021849,509.6161,347.8151,"No issues","No issues","No issues","No issues"
1562,130,2025-05-27,2025-05-26 23:46:40,2025-05-26 23:53:10,2025-05-26 23:43:20,40,2.53160429268295,2598.71909943713,243.216243151954,0.408839082885639,0.706528912489809,0.25948346589333,8.93892722896969e-06,1.15867945506386e-11,0.00078768464039754,0.00406717017529597,2.23767441372821,0.548940125235562,2.055012,528.9496,346.7476,2.065771,541.8942,348.7515,2.04491,525.2253,345.9516,"No issues","No issues","No issues","No issues"
1563,140,2025-05-27,2025-05-26 23:59:00,2025-05-27 00:05:30,2025-05-26 23:55:40,40,-0.51964169605995,-4045.485721576,291.582249906183,0.0200397790902039,0.449511270302262,0.383055587491761,0.383576417466867,2.21102772708946e-06,2.07094384306186e-05,0.00485491484223576,5.98128453318101,0.494393857093064,2.04173,561.3292,346.8785,2.054664,566.5786,348.6974,2.033927,538.9813,345.8246,"No issues","No issues","No issues","No issues"
1564,150,2025-05-27,2025-05-27 00:11:20,2025-05-27 00:17:50,2025-05-27 00:08:00,40,-0.836719159474691,989.612307692321,4.64955196999115,0.492934939412811,0.221619387889051,0.00026472135686957,4.4509023661891e-07,0.00217141231642139,0.920625672245254,0.00113380044264653,2.47786181916681,0.38174995234485,2.02946,536.013,347.5388,2.02946,544.9894,348.7527,2.023362,533.1688,346.849,"No issues","No issues","No issues","No issues"
1565,160,2025-05-27,2025-05-27 00:23:40,2025-05-27 00:30:10,2025-05-27 00:20:20,40,-3.92140827016882,-4440.66611031896,69.4638979362229,0.940221241272801,0.802997032790549,0.0540169087339548,7.52106931672186e-25,5.61294537396741e-15,0.148975446148689,0.00132105331141371,2.93864686279707,0.388379089921911,2.048869,551.8441,348.1182,2.048869,552.9136,348.7786,2.030718,530.9509,347.3344,"No issues","No issues","No issues","No issues"
1566,170,2025-05-27,2025-05-27 00:36:00,2025-05-27 00:42:30,2025-05-27 00:32:40,40,0.552885433395909,1648.68034221388,118.493547467168,0.754638762785212,0.564650313597153,0.116277045179617,3.74257162105012e-13,2.30785307485691e-08,0.0312990358794718,0.0004212000713142,1.93412998208709,0.436441100789312,2.027477,529.4468,348.6523,2.030226,537.3439,349.3428,2.027129,527.195,347.4449,"No issues","No issues","No issues","No issues"
1567,180,2025-05-27,2025-05-27 00:48:20,2025-05-27 00:54:50,2025-05-27 00:45:00,40,0.242825335834903,-5631.38171257039,-19.6697786116314,0.875183187162532,0.954263198718901,0.00432392238563748,9.24261693617604e-19,4.61198996768019e-27,0.686852516491286,0.00012251828975727,1.64715185122146,0.398785565120674,2.034256,531.2018,348.6235,2.035134,534.0038,349.6199,2.033889,509.2098,347.9157,"No issues","No issues","No issues","No issues"
1568,190,2025-05-27,2025-05-27 01:00:40,2025-05-27 01:07:10,2025-05-27 00:57:20,40,-0.0292276772983511,114.397733583485,-109.074569605996,0.071914674844527,0.00885370818806596,0.110258710024863,0.0943133629206474,0.563590486523552,0.0363229561183251,0.00014028116447162,1.61712490300324,0.413969927595723,2.037377,497.2905,348.554,2.037726,502.4372,349.438,2.037227,495.7955,347.1495,"No issues","No issues","No issues","No issues"
1569,200,2025-05-27,2025-05-27 01:13:00,2025-05-27 01:19:30,2025-05-27 01:09:40,40,8.57292652908067,6155.92000300187,36.7762491557338,0.738138943615601,0.698035726685771,0.0124900173953135,1.30225340471066e-12,2.00366815071758e-11,0.49235587692492,0.00682205735707849,5.40943354268916,0.436894447295098,2.038659,502.9702,348.5351,2.080247,536.1119,349.5775,2.038524,502.6726,347.2751,"No issues","No issues","No issues","No issues"
1570,210,2025-05-27,2025-05-27 01:25:20,2025-05-27 01:31:50,2025-05-27 01:22:00,40,6.16689320825515,2847.53116097561,42.4988307692385,0.268858845990693,0.534700445201805,0.0140928066039667,0.00060902090943815,8.37628019768719e-08,0.465643515393702,0.0135870365614661,3.54894604969042,0.474915254825895,2.072192,530.2227,347.9224,2.124162,547.7932,349.0783,2.07127,529.8682,346.9993,"No issues","No issues","No issues","No issues"
1571,220,2025-05-27,2025-05-27 01:37:40,2025-05-27 01:44:10,2025-05-27 01:34:20,40,-1.52644403752356,-1034.82665966232,39.3830814258853,0.558438583833116,0.0906239867996739,0.0209370241232437,3.03611747754992e-08,0.0590785446435431,0.373024819040462,0.00181346260042382,4.37963220145256,0.35981345281254,2.063893,539.5652,347.961,2.063893,560.7922,349.0832,2.052693,539.5652,347.4122,"No issues","No issues","No issues","No issues"
1572,230,2025-05-27,2025-05-27 01:50:00,2025-05-27 01:56:30,2025-05-27 01:46:40,40,0.36830390994382,-1127.00630093806,-16.0740472795374,0.646160264532135,0.633019480347972,0.00548344050452138,4.22262254513979e-10,8.52330524057993e-10,0.649750802000768,0.0003641324412363,1.14646071758281,0.289217487749281,2.045406,526.5552,348.662,2.046667,526.5552,349.3493,2.044526,519.885,347.8324,"No issues","No issues","No issues","No issues"
1573,240,2025-05-27,2025-05-27 02:02:20,2025-05-27 02:08:50,2025-05-27 01:59:00,40,0.401384735459568,-806.390571106929,72.0383909943668,0.144808220301936,0.0473761526340813,0.06054065709759,0.0154216472889143,0.177274213068195,0.125905709842058,0.00130321439832596,4.83110122637417,0.379139733258214,2.049027,538.8502,348.1822,2.054411,545.208,349.199,2.049027,528.8047,347.2188,"No issues","No issues","No issues","No issues"
1574,10,2025-05-27,2025-05-27 02:14:40,2025-05-27 02:21:10,2025-05-27 02:11:20,40,-0.508702288930559,338.853586491561,24.9092172607852,0.841807496769136,0.0306451832654202,0.00597378148819098,8.49373851208689e-17,0.279953563989248,0.635474290863207,0.00029462535090254,2.54619832388422,0.429293388879304,2.049305,534.0881,347.6121,2.049305,537.6124,348.903,2.046418,527.7767,347.2017,"No issues","No issues","No issues","No issues"
1575,20,2025-05-27,2025-05-27 02:27:00,2025-05-27 02:33:30,2025-05-27 02:23:40,40,0.815830784240073,-1410.27121350847,-5.55107842402024,0.274133954441239,0.111862947343105,0.00045875012903288,0.00052633981765383,0.034909900358474,0.895631643659454,0.00177364533293118,5.30908126581599,0.346185991802508,2.045161,523.0934,347.4526,2.051478,535.5895,348.2076,2.045074,518.8539,347.0018,"No issues","No issues","No issues","No issues"
1576,30,2025-05-27,2025-05-27 02:39:20,2025-05-27 02:45:50,2025-05-27 02:36:00,40,-0.260308772983067,-1492.58682776737,53.17968630396,0.610988593197282,0.507728253068622,0.0240615827666238,2.62294437346986e-09,2.50199899369495e-07,0.339201202155585,0.00027750658200033,1.96356942496545,0.45249600444323,2.046566,530.1278,347.1123,2.04783,530.1278,348.9202,2.045724,518.6798,346.7575,"No issues","No issues","No issues","No issues"
1577,40,2025-05-27,2025-05-27 02:51:40,2025-05-27 02:58:10,2025-05-27 02:48:20,40,2.41193461913691,3744.02631444655,132.458818761742,0.593932107511425,0.851326207299369,0.171858837864121,6.00554955767158e-09,2.59848622405451e-17,0.00782302941311022,0.00266450366195879,2.09039312126401,0.388478505707059,2.047899,519.5784,347.1993,2.062083,538.1687,348.5219,2.047301,519.5784,346.6283,"No issues","No issues","No issues","No issues"
1578,50,2025-05-27,2025-05-27 03:04:00,2025-05-27 03:10:30,2025-05-27 03:00:40,40,0.755280270168955,804.669865666025,-47.1579467167159,0.114491482759735,0.201812753349123,0.0296839308833929,0.0327124408421432,0.00363877498318207,0.287745195120712,0.00280632385387844,2.13803934200813,0.360222353846243,2.049287,519.8007,347.6915,2.059114,524.4441,348.5087,2.04628,514.691,346.9823,"No issues","No issues","No issues","No issues"
1579,60,2025-05-27,2025-05-27 03:16:20,2025-05-27 03:22:50,2025-05-27 03:13:00,40,-0.204943069418431,1183.47713020636,-14.7329020637799,0.254472741087945,0.0711684111616424,0.00202782352320954,0.00090282465243191,0.0961051669515502,0.782615529869978,0.00046866684626804,5.71221558309729,0.43666894471222,2.049904,520.7201,347.3105,2.050695,540.4006,348.3759,2.048252,520.7201,346.3469,"No issues","No issues","No issues","No issues"
1580,70,2025-05-27,2025-05-27 03:28:40,2025-05-27 03:35:10,2025-05-27 03:25:20,40,0.337972322701816,-1115.08083151967,114.373337335852,0.843604148843924,0.666302269553661,0.127519758246359,6.82983281675315e-17,1.36704292654366e-10,0.0236952450189576,0.00019442148828127,1.05430725932454,0.399699605913128,2.047163,518.088,347.5242,2.048592,519.2725,348.026,2.04681,511.1272,346.0953,"No issues","No issues","No issues","No issues"
1581,80,2025-05-27,2025-05-27 03:41:00,2025-05-27 03:47:30,2025-05-27 03:37:40,40,-0.337237193245736,-168.020199624771,-7.7144825515922,0.845409254522538,0.0357415502893864,0.00080130795634876,5.47242521661425e-17,0.242668775314486,0.862345565387196,0.00019266977019525,1.16598079266521,0.363959339677629,2.048491,507.7211,347.6434,2.048499,509.7528,348.1091,2.04693,505.2088,346.5203,"No issues","No issues","No issues","No issues"
1582,90,2025-05-27,2025-05-27 03:53:20,2025-05-27 03:59:50,2025-05-27 03:50:00,40,-0.138648495309657,-908.851569230788,-34.5029403376986,0.282869991127179,0.40338214044378,0.0133290776696329,0.00041257018846908,1.07081494576756e-05,0.478073939657781,0.00029494465945123,1.47673517468986,0.396608565166415,2.048543,512.2377,347.5922,2.049395,516.6819,347.7845,2.04795,509.8555,346.1214,"No issues","No issues","No issues","No issues"
1583,100,2025-05-27,2025-05-27 04:05:40,2025-05-27 04:12:10,2025-05-27 04:02:20,40,-0.0385639024390486,1954.32050431522,64.635224015013,0.0019773886398218,0.724612917338217,0.0465642962201098,0.785271459816683,3.42001897053094e-12,0.181124049006431,0.00115751070152569,1.60966092570712,0.390758387342894,2.05024,514.0079,347.8645,2.054195,523.4207,348.1556,2.050065,513.4172,346.6098,"No issues","No issues","No issues","No issues"
1584,110,2025-05-27,2025-05-27 04:18:00,2025-05-27 04:24:30,2025-05-27 04:14:40,40,-1.2350523377112,-1796.61173133207,83.6548953095564,0.961598183054618,0.366011491600814,0.0770610555950228,1.65937936965705e-28,3.54657555175322e-05,0.0828676350800568,0.00032974961558717,3.15912950717608,0.386794451422637,2.051817,527.8291,347.195,2.052244,527.8291,348.0558,2.046471,511.9686,346.3647,"No issues","No issues","No issues","No issues"
1585,120,2025-05-27,2025-05-27 04:30:20,2025-05-27 04:36:50,2025-05-27 04:27:00,40,0.611974604127504,673.501535459654,-17.477763602256,0.93613183613334,0.323756111988669,0.00380092338387948,2.6496546778619e-24,0.00012754492970733,0.705493992078202,0.00021356347277641,1.30047241634215,0.378036938125916,2.043516,514.0723,347.1262,2.046728,515.8967,348.2058,2.043478,510.5221,346.6765,"No issues","No issues","No issues","No issues"
1586,130,2025-05-27,2025-05-27 04:42:40,2025-05-27 04:49:10,2025-05-27 04:39:20,40,0.286494619137025,1779.03224915575,221.499773358345,0.887365264809668,0.861755255304915,0.405614823928717,1.30480829012353e-19,6.48780553511607e-18,9.94731460161857e-06,0.00013637077066564,0.951997991779522,0.358236825699166,2.050334,518.365,347.089,2.051689,524.6952,348.326,2.050334,517.4782,346.4068,"No issues","No issues","No issues","No issues"
1587,140,2025-05-27,2025-05-27 04:55:00,2025-05-27 05:01:30,2025-05-27 04:51:40,40,0.168261163227023,145.500031519707,182.464399249538,0.0327003795103078,0.0120645991041437,0.251139783026721,0.26414178701019,0.499866264003973,0.00098819570432081,0.00122266608463507,1.75910101857864,0.420959805705074,2.049909,521.7572,347.2523,2.052273,522.8065,348.8069,2.047225,516.9921,346.662,"No issues","No issues","No issues","No issues"
1588,150,2025-05-27,2025-05-27 05:07:20,2025-05-27 05:13:50,2025-05-27 05:04:00,40,0.896626941838535,1022.68267767356,-11.987797373375,0.0858503376705691,0.483252203176427,0.0018721381609971,0.0665280503087325,6.43347036390066e-07,0.790933356981587,0.0039090326558263,1.41290564977476,0.369814045292004,2.050112,519.041,347.5977,2.064139,524.7329,348.7195,2.049956,517.3974,346.6964,"No issues","No issues","No issues","No issues"
1589,160,2025-05-27,2025-05-27 05:19:40,2025-05-27 05:26:10,2025-05-27 05:16:20,40,-0.306524667917501,808.987677298312,82.9861463414879,0.596777001195466,0.344249435975634,0.0686457624280198,5.24302836227193e-09,6.91903379069092e-05,0.102430821871474,0.00033662929353947,1.49174465517077,0.408390889258414,2.043821,505.9038,347.2831,2.043821,508.2249,348.7655,2.041757,501.3372,346.7757,"No issues","No issues","No issues","No issues"
1590,170,2025-05-27,2025-05-27 05:32:00,2025-05-27 05:38:30,2025-05-27 05:28:40,40,0.490327294559063,422.241744090064,133.038574108814,0.84143622943978,0.466338484599068,0.199736080317421,8.88244172090517e-17,1.20563198007572e-06,0.00383924771486583,0.00028437886354303,0.603480646790023,0.35578350144677,2.040654,502.9813,348.994,2.04248,505.1078,349.5758,2.040433,501.9536,347.5598,"No issues","No issues","No issues","No issues"
1591,180,2025-05-27,2025-05-27 05:44:20,2025-05-27 05:50:50,2025-05-27 05:41:00,40,5.91733661538456,577.254772232652,-15.1708187617172,0.823644049983117,0.148729191893288,0.00296189242645226,6.76764770872702e-16,0.0139848664825225,0.738729981415517,0.00365823345776864,1.8451138108316,0.371877690086253,2.061158,508.6088,348.6218,2.089176,512.4995,349.3625,2.05958,503.6023,347.8839,"No issues","No issues","No issues","No issues"
1592,190,2025-05-27,2025-05-27 05:56:40,2025-05-27 06:03:10,2025-05-27 05:53:20,40,-4.79794113320824,-1081.60691031895,-79.2689200750336,0.675342848549239,0.223307659711591,0.0754186287006786,8.06166594004643e-11,0.00207705749222001,0.086354558523315,0.00444452256888186,2.69502017503153,0.370813948052875,2.100866,527.6992,348.6801,2.101686,534.4901,349.2883,2.073362,522.3348,347.5819,"No issues","No issues","No issues","No issues"
1593,200,2025-05-27,2025-05-27 06:09:00,2025-05-27 06:15:30,2025-05-27 06:05:40,40,-4.04668583864918,-1821.3979947467,-137.750210881809,0.966685708939222,0.929563781201619,0.161289666599433,1.1121318258441e-29,1.70748690622074e-23,0.0102108024541543,0.00100367243023497,0.669858604664806,0.419676705074961,2.069237,513.6102,347.8446,2.072484,514.9934,348.2809,2.053366,506.3362,346.5093,"No issues","No issues","No issues","No issues"
1594,210,2025-05-27,2025-05-27 06:21:20,2025-05-27 06:27:50,2025-05-27 06:18:00,40,7.05100998123819,1134.7959174484,26.2040825515849,0.794885001006564,0.771314376082008,0.0103634218736933,1.2140315196672e-14,9.72634090544615e-14,0.531934131345318,0.00478539459075439,0.825546138020812,0.342117355140851,2.055916,503.4975,346.597,2.083307,509.2244,347.6718,2.052981,503.2005,346.1838,"No issues","No issues","No issues","No issues"
1595,220,2025-05-27,2025-05-27 06:33:40,2025-05-27 06:40:10,2025-05-27 06:30:20,40,2.05703000375229,631.378131332087,21.8275091932394,0.775858843600951,0.305388370888881,0.00597671524899514,6.62408231421556e-14,0.00021769614696465,0.635391049095682,0.00147716816499308,1.27219644938311,0.376089356205489,2.055254,498.9124,346.6909,2.062899,500.3607,347.7352,2.053974,494.7984,345.815,"No issues","No issues","No issues","No issues"
1596,230,2025-05-27,2025-05-27 06:46:00,2025-05-27 06:52:30,2025-05-27 06:42:40,40,-0.0371390318950369,632.097861163217,25.0088285178531,0.0203924730988989,0.692302728528638,0.00736810023140468,0.379380314175405,2.87532916653216e-11,0.598441015238737,0.00034390742533398,0.563012436397474,0.387819432375583,2.06365,502.7445,346.5342,2.064552,506.8864,347.8232,2.062852,502.7445,346.159,"No issues","No issues","No issues","No issues"
1597,240,2025-05-27,2025-05-27 06:58:20,2025-05-27 07:04:50,2025-05-27 06:55:00,40,0.157182348968232,-1280.41282401498,228.432360225117,0.214727498257231,0.788295373548078,0.396999534759099,0.00260134877118644,2.22255493306433e-14,1.32011972755227e-05,0.0004015965782742,0.88652414251747,0.376132896258243,2.062877,500.8648,347.0661,2.064531,502.5244,348.4523,2.062787,495.3763,346.4553,"No issues","No issues","No issues","No issues"
1598,10,2025-05-27,2025-05-27 07:10:40,2025-05-27 07:17:10,2025-05-27 07:07:20,40,-0.141107572232632,-2267.36561651033,-217.517187242031,0.626895722332334,0.975921984203874,0.24169078643095,1.17251684417626e-09,2.31744567281125e-32,0.00127456131981795,0.00014544126631231,0.475821673089354,0.514762100066107,2.061127,494.7871,348.6383,2.061127,494.7871,349.1648,2.060152,483.197,346.8418,"No issues","No issues","No issues","No issues"
1599,20,2025-05-27,2025-05-27 07:23:00,2025-05-27 07:29:30,2025-05-27 07:19:40,40,0.508007684802964,-2076.77426791745,-192.114371482198,0.946744985683121,0.976873909017703,0.279015450165579,8.34287570526426e-26,1.07636069465481e-32,0.00045950954622882,0.00016097331749281,0.426914612561767,0.412599382365148,2.059022,482.2102,349.3988,2.061334,483.1354,349.9821,2.05886,473.3646,347.6628,"No issues","No issues","No issues","No issues"
1600,30,2025-05-27,2025-05-27 07:35:20,2025-05-27 07:41:50,2025-05-27 07:32:00,40,1.92114371482186,-704.979260037541,205.780241651026,0.843307176893575,0.668926124680744,0.280066911042856,7.0816712200102e-17,1.17449371754367e-10,0.00044622049715682,0.00110639798233245,0.662627696223148,0.440797076915436,2.065962,481.2841,349.0967,2.075549,482.4437,350.5168,2.065604,477.6658,348.192,"No issues","No issues","No issues","No issues"
1601,40,2025-05-27,2025-05-27 07:47:40,2025-05-27 07:54:10,2025-05-27 07:44:20,40,0.359090881801145,-1448.71913245778,413.945723076935,0.668920636670733,0.921599109823633,0.447627820447011,1.17486815985189e-10,1.31250267234217e-22,2.36374463758695e-06,0.00033752271226824,0.564538461817878,0.614356743166428,2.082354,470.8236,349.4849,2.084528,471.9285,352.6431,2.082354,464.1939,349.3934,"No issues","No issues","No issues","No issues"
1602,50,2025-05-27,2025-05-27 08:00:00,2025-05-27 08:06:30,2025-05-27 07:56:40,40,-0.721539692307663,-255.214333958723,55.9863084427857,0.83471472561641,0.390965898940703,0.0229561618140741,1.96221275294484e-16,1.60595591112359e-05,0.350681169880486,0.00042897120140475,0.425575183213489,0.487987935652435,2.087276,465.0098,353.0052,2.087663,465.6203,353.6629,2.084173,463.2049,351.4668,"No issues","No issues","No issues","No issues"
1603,60,2025-05-27,2025-05-27 08:12:20,2025-05-27 08:18:50,2025-05-27 08:09:00,40,-1.01751723827388,-95.2675091932427,-39.2590739212287,0.941809809471572,0.0275298054433929,0.0164648748706753,4.50492111026325e-25,0.306205971956904,0.430068276737002,0.00033791302078758,0.756486627840211,0.405392432333955,2.082056,465.6914,353.0323,2.082167,466.506,353.994,2.077987,463.2574,352.3327,"No issues","No issues","No issues","No issues"
1604,70,2025-05-27,2025-05-27 08:24:40,2025-05-27 08:31:10,2025-05-27 08:21:20,40,-1.30133070168865,-2749.48677523452,-243.414412007506,0.958916744671534,0.955109137936698,0.197463481080457,5.99058269398919e-28,3.23338156401629e-27,0.00407089412077952,0.0003598732081708,0.796386655293997,0.655624481470969,2.07512,467.8069,353.4408,2.075384,467.8069,354.6251,2.068922,455.4711,351.3038,"No issues","No issues","No issues","No issues"
1605,80,2025-05-27,2025-05-27 08:37:00,2025-05-27 08:43:30,2025-05-27 08:33:40,40,-0.67428959099451,-1323.76746866791,-83.5147587242046,0.948604927645076,0.920966358144991,0.0449582162305637,4.24199817377836e-26,1.52957345763978e-22,0.189018858694612,0.00020969321322491,0.518102496252463,0.514268291465194,2.06444,450.6396,353.2353,2.064675,451.1354,353.4991,2.061689,444.5068,351.1595,"No issues","No issues","No issues","No issues"
1606,90,2025-05-27,2025-05-27 08:49:20,2025-05-27 08:55:50,2025-05-27 08:46:00,40,-0.31116400750481,-1537.58574709195,-120.22851782363,0.82627885459291,0.944867199222913,0.118002642836575,5.07661239744425e-16,1.61311637093888e-25,0.0299909983546553,0.00019062165911943,0.496225242047593,0.439152272449202,2.059676,445.7274,351.899,2.059749,445.7274,352.3598,2.05768,438.1065,350.0255,"No issues","No issues","No issues","No issues"
1607,100,2025-05-27,2025-05-27 09:01:40,2025-05-27 09:08:10,2025-05-27 08:58:20,40,-1.4848318198874,-258.39589643528,-243.802401500918,0.968567518912464,0.167351213978227,0.377568954508547,3.68103002225821e-30,0.00876604276102728,2.46610225875606e-05,0.00035737281519882,0.770055401961363,0.41822051257621,2.054337,444.1127,351.8044,2.054337,445.7392,351.9909,2.048173,441.8685,350.0479,"No issues","No issues","No issues","No issues"
1608,110,2025-05-27,2025-05-27 09:14:00,2025-05-27 09:20:30,2025-05-27 09:10:40,40,-0.36042578611624,-240.387656285191,-128.223840900561,0.936835772275679,0.287377613073482,0.111324378499491,2.14576982020022e-24,0.00036350349506891,0.0353780443091213,0.0001250372988817,0.505749303946607,0.484022044667624,2.043403,439.8434,350.5585,2.043542,441.718,350.5585,2.041793,439.0989,348.6704,"No issues","No issues","No issues","No issues"
1609,120,2025-05-27,2025-05-27 09:26:20,2025-05-27 09:32:50,2025-05-27 09:23:00,40,-0.306378776735374,110.840906566604,114.613571482167,0.83777527550874,0.0378195706573169,0.105085408970184,1.37332263824414e-16,0.229180738756976,0.0412821403826373,0.0001801247110776,0.746947190405466,0.446864132374792,2.040573,440.9045,348.4841,2.040715,441.9858,350.726,2.039222,438.4303,348.4841,"No issues","No issues","No issues","No issues"
1610,130,2025-05-27,2025-05-27 09:38:40,2025-05-27 09:45:10,2025-05-27 09:35:20,40,0.0003363602251175,-1277.75047204501,-514.894478048783,5.65083976410087e-06,0.858485913460305,0.372803493716293,0.988385065623016,1.01331836164339e-17,2.86677792207577e-05,0.0001890456887173,0.693105214034569,0.892277473864581,2.039048,442.8443,353.2768,2.039509,443.744,353.2768,2.038509,436.8149,348.4895,"No issues","No issues","No issues","No issues"
1611,140,2025-05-27,2025-05-27 09:51:00,2025-05-27 09:57:30,2025-05-27 09:47:40,40,-0.880909598499144,-522.298779737343,30.9748863039444,0.805542242448847,0.5737141912999,0.00259152328509367,4.37766757424289e-15,1.53610156617452e-08,0.755073174874746,0.00057825538430434,0.601508153632458,0.811873857096709,2.038553,441.0182,354.2058,2.03878,441.1891,354.2058,2.034472,437.5316,350.6359,"No issues","No issues","No issues","No issues"
1612,150,2025-05-27,2025-05-27 10:03:20,2025-05-27 10:09:50,2025-05-27 10:00:00,40,-0.515730191369696,-5.46856885554653,-75.6881831144506,0.731291310187315,0.0001609897623121,0.0314135262348315,2.1359558730771e-12,0.938062345040681,0.27391097425042,0.00041767460623454,0.575783824707638,0.561511689343443,2.027179,433.3456,352.1737,2.027364,434.5864,352.9431,2.024454,432.35,350.0921,"No issues","No issues","No issues","No issues"
1613,160,2025-05-27,2025-05-27 10:15:40,2025-05-27 10:22:10,2025-05-27 10:12:20,40,-0.418127369606054,-919.443025891177,442.869946716688,0.582093136090908,0.76109865933771,0.539347619788871,1.0464461653247e-08,2.24531351070199e-13,6.89452593537613e-08,0.00047333865865636,0.688229848970689,0.546824988922892,2.020925,431.8974,351.6968,2.021375,432.342,355.2306,2.018831,427.3904,351.6968,"No issues","No issues","No issues","No issues"
1614,170,2025-05-27,2025-05-27 10:28:00,2025-05-27 10:34:30,2025-05-27 10:24:40,40,0.17231450656655,41.3013073170742,469.05879174484,0.612178432768377,0.0161871642659032,0.417725100374994,2.47241637853487e-09,0.434016707643891,6.63940073072835e-06,0.00018323932067683,0.430184264318292,0.739887849672006,2.021618,434.2762,359.0989,2.023088,435.2401,360.994,2.021618,433.3617,356.7818,"No issues","No issues","No issues","No issues"
1615,180,2025-05-27,2025-05-27 10:40:20,2025-05-27 10:46:50,2025-05-27 10:37:00,40,-0.359727939962516,-1494.25217560976,-475.017554971849,0.78149918872332,0.904077083652324,0.419263046860006,4.06769185089038e-14,6.11602031951284e-21,6.30361807946464e-06,0.0002541302116574,0.650282729229475,0.746923225658224,2.022798,429.8339,360.2608,2.022798,430.219,360.8069,2.021051,422.1395,356.6868,"No issues","No issues","No issues","No issues"
1616,190,2025-05-27,2025-05-27 10:52:40,2025-05-27 10:59:10,2025-05-27 10:49:20,40,0.113825921200705,-1648.19241726077,-364.171785365842,0.376093704490608,0.930654217807264,0.477711849338025,2.58404531616008e-05,1.26874019533126e-23,7.91983599976871e-07,0.00019587215081607,0.601095710461712,0.508742759376765,2.016512,431.1094,356.6167,2.017147,431.2869,356.8458,2.016187,423.1697,354.1061,"No issues","No issues","No issues","No issues"
1617,200,2025-05-27,2025-05-27 11:05:00,2025-05-27 11:11:30,2025-05-27 11:01:40,40,-0.0352067842402657,33.0402191369871,-112.082926829269,0.0770548741495045,0.0060569460357576,0.0919012764992017,0.0828804810208308,0.633124174455756,0.0572335339711662,0.00016279239318412,0.565479264964195,0.470722643835855,2.015096,432.1239,353.6209,2.015137,434.1406,354.5179,2.014432,431.5376,352.2978,"No issues","No issues","No issues","No issues"
1618,210,2025-05-27,2025-05-27 11:17:20,2025-05-27 11:23:50,2025-05-27 11:14:00,40,0.163700442776673,70.2991249530815,-313.298233395888,0.49106015502723,0.0271336779617417,0.578454359324416,4.78247570891478e-07,0.309760790091589,1.23739132265432e-08,0.00022265661318379,0.562395759245415,0.357326778908378,2.016286,432.5452,350.6662,2.017212,433.4274,351.4482,2.016047,430.6723,349.4543,"No issues","No issues","No issues","No issues"
1619,220,2025-05-27,2025-05-27 11:29:40,2025-05-27 11:36:10,2025-05-27 11:26:20,40,-0.00723458161354053,-1843.27567429642,-205.970548592886,0.00092119073569246,0.962512399460136,0.232736394125218,0.85251291125095,1.04937702178693e-28,0.0016185868350038,0.00031831593465332,0.486016275972953,0.499649135899382,2.017368,429.1654,350.5386,2.017986,429.2104,351.1367,2.016561,419.7847,348.5127,"No issues","No issues","No issues","No issues"
1620,230,2025-05-27,2025-05-27 11:42:00,2025-05-27 11:48:30,2025-05-27 11:38:40,40,-0.467206784240147,197.969551969966,-94.387704315183,0.877447466748117,0.097803464148495,0.0490386908739667,6.51928917281562e-19,0.0494387590045031,0.169671405530956,0.00023328111963596,0.803325818910217,0.555325069462309,2.015394,430.0549,349.2554,2.015824,433.7966,350.5486,2.013246,430.0549,348.2873,"No issues","No issues","No issues","No issues"
1621,240,2025-05-27,2025-05-27 11:54:20,2025-05-27 12:00:50,2025-05-27 11:51:00,40,0.11687828893062,-569.012568855532,-81.5788637898936,0.0512581551560372,0.692870181326273,0.0311576065194273,0.160078316227721,2.77517452238059e-11,0.275905789120804,0.00067180967442013,0.506147133951636,0.607773893575381,2.008551,431.6379,349.7023,2.010888,431.6379,350.1499,2.00787,428.2932,347.8077,"No issues","No issues","No issues","No issues"
1622,10,2025-05-27,2025-05-27 12:06:40,2025-05-27 12:13:10,2025-05-27 12:03:20,40,-0.0159604953096165,-1559.58800150094,-199.106530581607,0.00127788065446849,0.92383239103631,0.245996020735852,0.826659833776449,7.57077040744751e-23,0.00113536936304211,0.00059613334887323,0.598299059784923,0.465723496350902,2.008218,426.4618,348.6816,2.009816,426.9014,349.4377,2.007476,419.7429,347.2857,"No issues","No issues","No issues","No issues"
1623,20,2025-05-27,2025-05-27 12:19:00,2025-05-27 12:25:30,2025-05-27 12:15:40,40,0.015628187617153,-894.237325328323,-154.518862288958,0.00605546539135668,0.742167005010313,0.237760411049109,0.633165843002127,9.67552253017323e-13,0.00141586961754679,0.00026750739641896,0.704191996852404,0.369638626099629,2.008046,424.5808,348.072,2.008368,424.9985,349.0784,2.0071,419.1695,347.0789,"No issues","No issues","No issues","No issues"
1624,30,2025-05-27,2025-05-27 12:31:20,2025-05-27 12:37:50,2025-05-27 12:28:00,40,0.45702601125708,577.540962101325,410.370740712966,0.547494511860173,0.655574875004466,0.639894953183191,4.87845649541608e-08,2.5127237704205e-10,5.92069806242173e-10,0.00055511482395058,0.559292403075031,0.411297922697875,2.008516,427.2146,348.9631,2.010976,430.3572,351.2065,2.00806,426.9311,348.2758,"No issues","No issues","No issues","No issues"
1625,40,2025-05-27,2025-05-27 12:43:40,2025-05-27 12:50:10,2025-05-27 12:40:20,40,-0.193463864915652,-808.583315572247,138.045802626625,0.241986665206701,0.772964416023688,0.13255634101458,0.0012644918719542,8.46760852623654e-14,0.0209134228735805,0.00045746980237692,0.585479720610048,0.471805997294167,2.008105,426.0971,351.8735,2.008372,426.197,352.7132,2.006371,421.1101,350.8814,"No issues","No issues","No issues","No issues"
1626,50,2025-05-27,2025-05-27 12:56:00,2025-05-27 13:02:30,2025-05-27 12:52:40,40,-0.0383782964352979,957.112453283288,-134.593287804893,0.0070781899806063,0.818073085423267,0.0877437029718465,0.605755793032144,1.22589660693521e-15,0.0634647910944223,0.00060729817641534,0.603024917746386,0.579820710884874,2.008343,430.1532,352.0157,2.010151,434.46,352.821,2.00743,429.1216,350.1475,"No issues","No issues","No issues","No issues"
1627,60,2025-05-27,2025-05-27 13:08:20,2025-05-27 13:14:50,2025-05-27 13:05:00,40,-0.547049786116351,-889.913678048748,34.6740382739239,0.276531379078669,0.528450903687322,0.0125185655897681,0.00049242976831097,1.08511848423167e-07,0.491858565889688,0.00118218204440409,1.12312704269317,0.411444703125742,2.007814,433.5243,351.1083,2.011446,435.2535,352.2114,2.005873,429.6132,350.2597,"No issues","No issues","No issues","No issues"
1628,70,2025-05-27,2025-05-27 13:20:40,2025-05-27 13:27:10,2025-05-27 13:17:20,40,1.71327714821758,964.707061913693,-35.6990859287036,0.507067919944516,0.802076379933921,0.015694176930622,2.56806436895458e-07,6.13616658906128e-15,0.441160518950284,0.00225687737309905,0.640259857066575,0.377722380061773,2.007126,429.0353,349.4537,2.022194,434.885,350.5232,2.007126,429.0353,348.8056,"No issues","No issues","No issues","No issues"
1629,80,2025-05-27,2025-05-27 13:33:00,2025-05-27 13:39:30,2025-05-27 13:29:40,40,0.671132667917416,299.781091181986,-222.489158724196,0.309529136710129,0.138514116173642,0.260169393064001,0.00019318405140715,0.0180370693959203,0.00077306652759796,0.0013392145389253,0.998852055352801,0.501264288618314,2.011109,431.8632,349.3126,2.016137,433.3,350.4616,2.010969,429.157,347.84,"No issues","No issues","No issues","No issues"
1630,90,2025-05-27,2025-05-27 13:45:20,2025-05-27 13:51:50,2025-05-27 13:42:00,40,-0.841595166979485,-35.4490446529074,-201.896456285166,0.949544312864634,0.00240832930877821,0.254060423573013,2.98642092798048e-26,0.763631778700342,0.00091298805306675,0.00025919137355669,0.963924177580434,0.462202061824694,2.018467,431.0626,348.4856,2.018467,433.3125,349.5098,2.014392,428.7097,347.0582,"No issues","No issues","No issues","No issues"
1631,100,2025-05-27,2025-05-27 13:57:40,2025-05-27 14:04:10,2025-05-27 13:54:20,40,0.107204893058158,-1219.29357748594,-47.3673005628288,0.242250490537893,0.703161142553949,0.0222068759244127,0.00125557790656875,1.44239367798388e-11,0.358757095166776,0.00025331737189322,1.05842745492607,0.41993131123291,2.013324,434.893,348.0267,2.014103,435.5551,348.5641,2.012853,429.0157,346.9254,"No issues","No issues","No issues","No issues"
1632,110,2025-05-27,2025-05-27 14:10:00,2025-05-27 14:16:30,2025-05-27 14:06:40,40,-0.113462814258822,-1698.20075347093,107.323875422117,0.0752135950839111,0.890250592316421,0.109236022470725,0.0868004261265332,7.95697288443596e-20,0.0372535103581252,0.00053155225165383,0.796624855068714,0.409462936533134,2.015731,438.5753,347.7682,2.015937,438.5753,348.5411,2.01393,428.2904,346.5337,"No issues","No issues","No issues","No issues"
1633,120,2025-05-27,2025-05-27 14:22:20,2025-05-27 14:28:50,2025-05-27 14:19:00,40,-0.489512735459671,-350.818851782382,-68.1891332082646,0.472737862672208,0.193459485396347,0.0449709126888337,9.52770160042897e-07,0.00451239051595538,0.188954952473613,0.00069069603155386,0.957019680940171,0.419833882282843,2.021143,427.446,347.9106,2.021143,430.5301,348.636,2.01753,425.7056,346.797,"No issues","No issues","No issues","No issues"
1634,130,2025-05-27,2025-05-27 14:34:40,2025-05-27 14:41:10,2025-05-27 14:31:20,40,-0.0447115947466578,-468.757364352707,-57.0307272045078,0.0258305130779356,0.410214859581606,0.033300486312061,0.321831238937547,8.5389957225071e-06,0.259730177603106,0.0003668518989742,0.750946831474564,0.410534101218121,2.016689,427.3687,347.5112,2.017076,427.3727,348.6221,2.015538,423.9792,346.7652,"No issues","No issues","No issues","No issues"
1635,140,2025-05-27,2025-05-27 14:47:00,2025-05-27 14:53:30,2025-05-27 14:43:40,40,-0.0436028217635361,497.13838649155,437.451467166995,0.0126986451168854,0.429111031990959,0.508574959243408,0.488740482739494,4.50750354466756e-06,2.41964947116518e-07,0.00051366578115569,0.766104741403465,0.574514373430292,2.017378,429.3291,348.2245,2.018872,432.0183,351.0793,2.017018,428.7109,347.998,"No issues","No issues","No issues","No issues"
1636,150,2025-05-27,2025-05-27 14:59:20,2025-05-27 15:05:50,2025-05-27 14:56:00,40,0.68535219512199,244.154809756101,97.8449200750479,0.205802494419022,0.206919673487232,0.0501963823458101,0.00328168313475639,0.00318793105083345,0.164590787520112,0.00179875749556059,0.638620487029631,0.56864188996289,2.022116,428.358,350.3298,2.025798,429.0588,351.6449,2.018814,426.3845,349.3159,"No issues","No issues","No issues","No issues"
1637,160,2025-05-27,2025-05-27 15:11:40,2025-05-27 15:18:10,2025-05-27 15:08:20,40,1.63562980863031,608.493397373339,223.371151969979,0.626329048213404,0.587126273528636,0.351561577679945,1.20732415289447e-09,8.27965760529147e-09,5.53983399049688e-05,0.00168790607090364,0.681739727165179,0.405303746439374,2.026276,426.7029,350.9093,2.033753,429.6543,352.4003,2.024527,425.1541,350.0938,"No issues","No issues","No issues","No issues"
1638,170,2025-05-27,2025-05-27 15:24:00,2025-05-27 15:30:30,2025-05-27 15:20:40,40,-0.242789673545854,-863.770707692304,498.264828517835,0.106350544301481,0.833012749155209,0.620660343747794,0.0400099060541838,2.38614713483362e-16,1.6139473162355e-09,0.0009402943285576,0.516694896285149,0.520435871472765,2.02638,429.6692,352.7137,2.026546,430.508,356.5307,2.022831,425.5538,352.7137,"No issues","No issues","No issues","No issues"
1639,180,2025-05-27,2025-05-27 15:36:20,2025-05-27 15:42:50,2025-05-27 15:33:00,40,-1.37047663789876,625.861742589132,-252.856003001868,0.544035253391417,0.459708729457648,0.228379709496339,5.65437351837851e-08,1.53428554264416e-06,0.00181678226314335,0.00167626861844255,0.906506393297843,0.620963676238845,2.029578,425.2195,354.3003,2.029578,426.9126,355.3959,2.021074,421.4783,352.7003,"No issues","No issues","No issues","No issues"
1640,190,2025-05-27,2025-05-27 15:48:40,2025-05-27 15:55:10,2025-05-27 15:45:20,40,0.716717988742998,1213.6950033771,-245.093052157601,0.229273522123934,0.380945314051789,0.336999671981834,0.00177430232168912,2.21519182906207e-05,8.60664418817244e-05,0.00175566382004638,2.06710539366329,0.459296355240359,2.015389,437.0772,352.5605,2.021725,442.6551,352.9255,2.014794,434.4933,350.3891,"No issues","No issues","No issues","No issues"
1641,200,2025-05-27,2025-05-27 16:01:00,2025-05-27 16:07:30,2025-05-27 15:57:40,40,-1.04765430394003,-1185.4426086304,-97.442746716704,0.607077345568601,0.686996062157704,0.103602291007067,3.18146318941906e-09,3.99337668364439e-11,0.0428254621187446,0.00112608037362402,1.06905039009195,0.382943826899621,2.024706,435.6877,350.2697,2.026087,435.6877,351.2814,2.018094,427.712,349.5989,"No issues","No issues","No issues","No issues"
1642,210,2025-05-27,2025-05-27 16:13:20,2025-05-27 16:19:50,2025-05-27 16:10:00,40,0.492987377110642,43.4433951219629,71.1362161350892,0.32542944481424,0.00408616621199286,0.0474938785673404,0.00012140619304899,0.695156724465291,0.176723569063123,0.00094828948137321,0.906142484793573,0.425623595236617,2.014266,427.0251,348.569,2.018483,429.9607,349.5614,2.013946,426.2962,347.1828,"No issues","No issues","No issues","No issues"
1643,220,2025-05-27,2025-05-27 16:25:40,2025-05-27 16:32:10,2025-05-27 16:22:20,40,-0.368383339587357,-125.221481425892,-22.6108637898643,0.147379149101146,0.028988628462544,0.00484628182547242,0.0144640673632117,0.29354843562675,0.669494033662157,0.00118380398946329,0.968271229388956,0.432890217923961,2.009055,434.9849,346.6868,2.009055,434.9849,348.438,2.003861,430.3443,346.1371,"No issues","No issues","No issues","No issues"
1644,230,2025-05-27,2025-05-27 16:38:00,2025-05-27 16:44:30,2025-05-27 16:34:40,40,-0.918038093808672,-50.393083677297,14.037973733588,0.547278149434946,0.00265980179271566,0.0021841828339129,4.92385893355753e-08,0.751968138046409,0.774599904987814,0.00111555822485197,1.30373050027418,0.400871322713311,2.003501,437.457,346.3231,2.003501,437.457,347.5158,1.996619,431.8312,345.915,"No issues","No issues","No issues","No issues"
1645,240,2025-05-27,2025-05-27 16:50:20,2025-05-27 16:56:50,2025-05-27 16:47:00,40,-0.311772697936249,30.8580923077008,-27.4606919324874,0.299710523870613,0.00188832569147768,0.00496526134278075,0.00025619018960599,0.790051681507802,0.665695392472415,0.00063671598199362,0.947850965690084,0.519373046776642,1.997856,435.828,346.9379,1.998095,438.2686,347.5923,1.995414,434.4162,345.5408,"No issues","No issues","No issues","No issues"
1646,10,2025-05-27,2025-05-27 17:02:40,2025-05-27 17:09:10,2025-05-27 16:59:20,40,-0.260316878048834,-916.125298311432,17.4855444652977,0.352750178023807,0.760944668928834,0.00276895982536605,5.34208986311899e-05,2.27318730455467e-13,0.747093517942324,0.00047111240787486,0.686036811318595,0.443341710970353,1.993028,434.4218,345.2597,1.993434,435.7482,346.9813,1.99123,429.652,345.1394,"No issues","No issues","No issues","No issues"
1647,20,2025-05-27,2025-05-27 17:15:00,2025-05-27 17:21:30,2025-05-27 17:11:40,40,0.57259127954973,460.384426266411,14.6430979362108,0.69782773002216,0.478187055233721,0.00251468705842868,2.03033609727926e-11,7.78053099201441e-07,0.758621356467589,0.00050340530483935,0.642538280901543,0.389640520609805,1.989386,428.5254,346.2733,1.992322,432.4149,346.2907,1.989016,428.5254,344.7007,"No issues","No issues","No issues","No issues"
1648,30,2025-05-27,2025-05-27 17:27:20,2025-05-27 17:33:50,2025-05-27 17:24:00,40,-0.181990333958742,-100.504921575994,158.500313696059,0.833971638624738,0.0760025180457916,0.158373243485473,2.13767863253199e-16,0.0850978180288815,0.0109864274358244,0.00010848849595553,0.468196969883173,0.488167490045241,1.987918,428.3492,345.7937,1.987928,429.557,347.6734,1.986875,427.086,345.0258,"No issues","No issues","No issues","No issues"
1649,40,2025-05-27,2025-05-27 17:39:40,2025-05-27 17:46:10,2025-05-27 17:36:20,40,-0.803393560975582,-1161.59977485928,183.091001876171,0.890555564593277,0.569318157462934,0.194229677641283,7.54598822208009e-20,1.87332727033953e-08,0.00442400892815794,0.00037628295398994,1.34982401087787,0.498235543886839,1.991775,437.8428,347.8597,1.991775,438.4095,349.3835,1.988094,431.3573,347.3485,"No issues","No issues","No issues","No issues"
1650,50,2025-05-27,2025-05-27 17:52:00,2025-05-27 17:58:30,2025-05-27 17:48:40,40,-0.0793915497185272,-742.698614634154,46.1486228892974,0.0607304851548148,0.662290591792493,0.0222859507655678,0.125294829406631,1.72031692685429e-10,0.357893156044844,0.00041714388736946,0.708565115739757,0.408384223964528,1.988306,439.1682,348.8529,1.98917,440.6413,349.6921,1.987804,435.4866,347.8802,"No issues","No issues","No issues","No issues"
1651,60,2025-05-27,2025-05-27 18:04:20,2025-05-27 18:10:50,2025-05-27 18:01:00,40,-0.0285128105066071,2224.20500712943,107.432078048785,0.0348346937375814,0.772750821139242,0.0775938431017542,0.248846781014023,8.62137378424485e-14,0.0817681412902182,0.00020051863846988,1.61148439440842,0.494881601513083,1.98908,439.7086,349.5346,1.989811,453.8246,351.3157,1.988859,439.7086,348.8414,"No issues","No issues","No issues","No issues"
1652,70,2025-05-27,2025-05-27 18:16:40,2025-05-27 18:23:10,2025-05-27 18:13:20,40,-0.442890776735485,-550.413793621013,-57.4838814258819,0.744666576999551,0.209378468831812,0.0270919997310383,8.02797183598593e-13,0.00299063012948293,0.310137833484011,0.00034648896308651,1.42898438882322,0.460236763810092,1.991439,451.6002,348.8938,1.992705,452.0886,350.0734,1.990076,445.4952,348.1082,"No issues","No issues","No issues","No issues"
1653,80,2025-05-27,2025-05-27 18:29:00,2025-05-27 18:35:30,2025-05-27 18:25:40,40,0.789710589118175,484.695408630393,-293.771428142582,0.536880949962389,0.155191499330529,0.412842893121257,7.64685263718696e-08,0.0118984071850036,7.82194672793218e-06,0.00097993022563862,1.51089382170563,0.468073630650803,1.990812,452.7871,349.6027,1.994706,458.6769,349.6394,1.989557,451.9282,347.2694,"No issues","No issues","No issues","No issues"
1654,90,2025-05-27,2025-05-27 18:41:20,2025-05-27 18:47:50,2025-05-27 18:38:00,40,-0.0504402551595289,2557.8534393996,0.173772607876524,0.0137548520620791,0.744434312255657,6.23460766777328e-07,0.471080068563782,8.16905611162946e-13,0.996141860479511,0.00057063922230952,2.00232054847095,0.294033277663108,1.990658,457.3978,347.724,1.991806,467.6269,348.4857,1.989684,454.3918,347.2972,"No issues","No issues","No issues","No issues"
1655,100,2025-05-27,2025-05-27 18:53:40,2025-05-27 19:00:10,2025-05-27 18:50:20,40,-1.0151262439024,-2898.77511444651,3.14152345217591,0.690006737446585,0.644188330750948,8.6900274843439e-05,3.31667477302722e-11,4.69954385995424e-10,0.954474034679263,0.00090905337558615,2.87831325405226,0.450226160885747,1.994959,465.4124,347.3698,1.994959,469.0593,348.0468,1.989175,454.2953,346.2786,"No issues","No issues","No issues","No issues"
1656,110,2025-05-27,2025-05-27 19:06:00,2025-05-27 19:12:30,2025-05-27 19:02:40,40,0.604353410881799,3444.05313320823,-38.6977981238378,0.667267235931411,0.880566022176821,0.0150692424077188,1.29298701100162e-10,3.98822316024212e-19,0.450474437238458,0.00057017573025346,1.69462143716529,0.417987468373406,1.988396,469.5492,346.5579,1.99309,486.016,347.2833,1.988067,469.5492,345.5998,"No issues","No issues","No issues","No issues"
1657,120,2025-05-27,2025-05-27 19:18:20,2025-05-27 19:24:50,2025-05-27 19:15:00,40,-0.786607159474669,-9502.88174409005,-166.274773733577,0.90942800143522,0.907086666440638,0.238902936999792,2.04935534041161e-21,3.33230168091768e-21,0.00137330767684101,0.00033165807504913,4.06340228664355,0.396511246938755,1.99152,503.7762,346.1487,1.99152,503.7762,346.8415,1.987828,463.5734,344.695,"No issues","No issues","No issues","No issues"
1658,130,2025-05-27,2025-05-27 19:30:40,2025-05-27 19:37:10,2025-05-27 19:27:20,40,0.136085673545893,464.5623444653,-65.0046529080706,0.481483806347912,0.147324776523162,0.0296700785102757,6.87634864796987e-07,0.0144837011163949,0.287859417966071,0.00018867857739436,1.49319936811823,0.496666278382844,1.987767,469.0883,344.7028,1.988557,475.4661,346.6918,1.987581,469.0883,344.2996,"No issues","No issues","No issues","No issues"
1659,140,2025-05-27,2025-05-27 19:43:00,2025-05-27 19:49:30,2025-05-27 19:39:40,40,0.781377771106888,-3022.91278649157,316.528507317057,0.621526989680555,0.682183562206754,0.44407698853043,1.54431485621786e-09,5.35384071249717e-11,2.67937771531349e-06,0.00081464496841345,2.75665893355768,0.473163120318494,1.988336,472.0631,344.2815,1.992914,476.5734,347.0645,1.988336,461.4077,344.2815,"No issues","No issues","No issues","No issues"
1660,150,2025-05-27,2025-05-27 19:55:20,2025-05-27 20:01:50,2025-05-27 19:52:00,40,-0.131683001876157,1050.99934559098,-43.5773718574067,0.243360278273988,0.670290355569453,0.0135106435863934,0.00121873911083528,1.08484472626041e-10,0.475071381462486,0.00031021965208899,0.9848195292105,0.497495416760922,1.991191,469.1399,346.7365,1.992219,473.0026,347.6222,1.990581,466.4278,345.3145,"No issues","No issues","No issues","No issues"
1661,160,2025-05-27,2025-05-27 20:07:40,2025-05-27 20:14:10,2025-05-27 20:04:20,40,0.142521906191432,644.066368480292,174.578656660424,0.29979946996839,0.208868839609834,0.305721946177144,0.00025553977675791,0.00303052850226839,0.00021561609047671,0.00029100287246818,1.67470341761665,0.351491174303503,1.991074,476.7414,346.2713,1.992354,485.0685,347.8973,1.991074,476.6781,346.0734,"No issues","No issues","No issues","No issues"
1662,170,2025-05-27,2025-05-27 20:20:00,2025-05-27 20:26:30,2025-05-27 20:16:40,40,0.37410551594748,-2128.91456060037,272.504951594751,0.85319973792396,0.735190911031974,0.518588797693267,2.03998188049059e-17,1.61393233529292e-12,1.62184733535812e-07,0.00020732517315791,1.70704306517989,0.350784822931732,1.992745,475.7021,348.2213,1.994428,475.7021,349.6264,1.992745,463.2588,347.4724,"No issues","No issues","No issues","No issues"
1663,180,2025-05-27,2025-05-27 20:32:20,2025-05-27 20:38:50,2025-05-27 20:29:00,40,-0.735878363977445,3016.66661763603,-146.29708367731,0.370538297868975,0.82110815538887,0.201847830721264,3.07833145245859e-05,8.88946688350597e-16,0.00363547741920979,0.00128142739796753,1.8812316298751,0.38867476194136,1.999312,470.8501,349.6054,2.002186,484.8864,349.7151,1.996803,469.252,347.8926,"No issues","No issues","No issues","No issues"
1664,190,2025-05-27,2025-05-27 20:44:40,2025-05-27 20:51:10,2025-05-27 20:41:20,40,0.305255414634159,2428.55600150095,-76.2162281425808,0.433267571867885,0.749233054358472,0.0613466855357925,3.90621575037759e-06,5.6813774508438e-13,0.123333592407679,0.00046643827621486,1.87713137842747,0.398312903582874,1.996391,479.3856,348.4276,1.997445,490.3146,349.1314,1.99542,479.3856,347.4633,"No issues","No issues","No issues","No issues"
1665,200,2025-05-27,2025-05-27 20:57:00,2025-05-27 21:03:30,2025-05-27 20:53:40,40,0.220145741088164,4857.28707242026,22.4815879924962,0.117304567752818,0.937451562228396,0.0047563527481544,0.0305134595765193,1.78077173302449e-24,0.672401713266334,0.00080682274395995,1.67628343361049,0.434484742185019,1.998657,483.7281,347.7309,2.001909,505.1398,348.5658,1.998657,482.9114,346.6845,"No issues","No issues","No issues","No issues"
1666,210,2025-05-27,2025-05-27 21:09:20,2025-05-27 21:15:50,2025-05-27 21:06:00,40,0.0865150919325398,2236.1683272045,-19.8185876172772,0.0187920127180738,0.749140769647872,0.00490916187494075,0.398951537400667,5.72156429803073e-13,0.667479715919969,0.00083522912207105,1.72885147419478,0.376981688084906,2.003386,493.6117,347.4014,2.00564,502.0934,347.7175,2.002044,492.3763,346.0442,"No issues","No issues","No issues","No issues"
1667,220,2025-05-27,2025-05-27 21:21:40,2025-05-27 21:28:10,2025-05-27 21:18:20,40,0.199592105065604,2334.90415609754,-66.1877493433342,0.0517046036170476,0.841333349387968,0.030609656686096,0.158221707824754,8.99310108576303e-17,0.280236883430624,0.00114201140094253,1.35471425137449,0.4976426512307,2.012527,494.9965,347.2206,2.01498,505.6782,347.6324,2.009678,494.445,345.5421,"No issues","No issues","No issues","No issues"
1668,230,2025-05-27,2025-05-27 21:34:00,2025-05-27 21:40:30,2025-05-27 21:30:40,40,0.568134303940038,-2238.25027542213,19.3952600375177,0.731012467253342,0.770424781367562,0.00227479941090093,2.17885344763033e-12,1.0476617222422e-13,0.77009562494274,0.00046044160906802,1.63239739997093,0.542686965203709,2.005973,517.4993,346.6667,2.008519,517.8278,348.1311,2.005973,507.0105,345.1796,"No issues","No issues","No issues","No issues"
1669,240,2025-05-27,2025-05-27 21:46:20,2025-05-27 21:52:50,2025-05-27 21:43:00,40,0.308364517823568,1588.02892007503,-61.7787557223304,0.51688431749866,0.708318352980459,0.0363184601680671,1.73710605526868e-07,1.03034564679367e-11,0.238832827612991,0.00039830261351741,1.36150292286068,0.425169477839662,2.010786,497.534,346.8824,2.012909,503.0063,347.8011,2.010117,493.6251,345.6649,"No issues","No issues","No issues","No issues"
1670,10,2025-05-27,2025-05-27 21:58:40,2025-05-27 22:05:10,2025-05-27 21:55:20,40,-0.405465636022453,-605.315401125714,-31.0928960600518,0.686063541744973,0.197848882993552,0.00850872453656893,4.22826241444798e-11,0.00403067852697622,0.571322985382427,0.00036644822794178,1.62840671724779,0.448428553142701,2.011733,500.5499,346.1305,2.011739,500.5499,347.3602,2.009271,494.1592,345.1891,"No issues","No issues","No issues","No issues"
1671,20,2025-05-27,2025-05-27 22:11:00,2025-05-27 22:17:30,2025-05-27 22:07:40,40,-1.89833849155718,-3634.13459212007,22.6842146341772,0.944815502416559,0.930839460605286,0.00372558374476063,1.64214184600321e-25,1.20575722626771e-23,0.708297609653196,0.00061295495672996,1.32346562890566,0.495605295604079,2.007148,499.6505,345.9511,2.007664,500.7598,347.837,1.999639,485.584,345.401,"No issues","No issues","No issues","No issues"
1672,30,2025-05-27,2025-05-27 22:23:20,2025-05-27 22:29:50,2025-05-27 22:20:00,40,-0.189720135084516,4.02189568480569,207.81210056287,0.343998880036576,1.34769291687392e-05,0.245923507110235,6.97166973812625e-05,0.982063597341664,0.00113758773319666,0.00035003145049648,1.46370066162734,0.486181442728736,1.99799,484.4834,345.9847,1.999152,487.0333,347.2026,1.997449,479.4911,345.0709,"No issues","No issues","No issues","No issues"
1673,40,2025-05-27,2025-05-27 22:35:40,2025-05-27 22:42:10,2025-05-27 22:32:20,40,0.00737560975607373,1836.9024990619,55.2371572232675,0.00035842706328901,0.62320539012579,0.0258491131387472,0.907691411270619,1.417489343505e-09,0.32165477276657,0.00052040271554003,1.90828269364055,0.453045141480917,1.997656,481.9807,346.9187,1.999654,495.0628,347.8353,1.997656,481.9807,345.9843,"No issues","No issues","No issues","No issues"
1674,50,2025-05-27,2025-05-27 22:48:00,2025-05-27 22:54:30,2025-05-27 22:44:40,40,0.238512630394036,2008.54793245781,-9.65297110695226,0.639179587916181,0.743494869958651,0.00059320945490603,6.15139884412565e-10,8.7640542453081e-13,0.881413519319646,0.00023942271358127,1.57619921249957,0.529356180927777,1.995123,486.8606,347.0992,1.996329,500.1582,347.9984,1.994847,486.8606,345.8423,"No issues","No issues","No issues","No issues"
1675,60,2025-05-28,2025-05-27 23:00:20,2025-05-27 23:06:50,2025-05-27 22:57:00,40,0.114938746716725,-901.551660787999,94.8875437148121,0.471617701683098,0.205942861989732,0.0536330103861694,9.93039761107816e-07,0.00326975877352301,0.150468786149026,0.00016254192720042,2.36517341744257,0.532528401782481,1.995239,490.7379,348.088,1.995606,490.7379,348.5635,1.994869,480.0176,345.9062,"No issues","No issues","No issues","No issues"
1676,70,2025-05-28,2025-05-27 23:12:40,2025-05-27 23:19:10,2025-05-27 23:09:20,40,-0.330184165103138,2989.84841425891,-148.573310318951,0.624296408428156,0.84761980617059,0.106986251206828,1.34042062119307e-09,4.15720229328546e-17,0.039385571656524,0.00034221840526818,1.69368542090932,0.573489873691737,1.996349,480.8669,347.8018,1.996349,494.5166,347.9901,1.994216,480.2064,345.243,"No issues","No issues","No issues","No issues"
1677,80,2025-05-28,2025-05-27 23:25:00,2025-05-27 23:31:30,2025-05-27 23:21:40,40,-0.590607219512171,-4985.2085943715,-136.591996998135,0.903477085364755,0.902619440286461,0.112039480214723,6.88744614279989e-21,8.1516984866548e-21,0.0347578038023178,0.00025791420398234,2.1876961028654,0.513755408166725,1.995502,503.1982,346.9439,1.995502,503.1982,347.7188,1.992339,480.0223,345.5822,"No issues","No issues","No issues","No issues"
1678,90,2025-05-28,2025-05-27 23:37:20,2025-05-27 23:43:50,2025-05-27 23:34:00,40,-0.374339752345223,460.709358348958,0.130329455897059,0.36179756397269,0.0824200246693066,2.55952792897603e-07,4.04295019360663e-05,0.0724696677619012,0.997527967033078,0.00066425101188086,2.05377325506424,0.34417748485382,1.993241,480.5685,346.5927,1.995088,487.4816,347.0224,1.992099,480.0683,345.2952,"No issues","No issues","No issues","No issues"
1679,100,2025-05-28,2025-05-27 23:49:40,2025-05-27 23:56:10,2025-05-27 23:46:20,40,0.054685688555382,-4097.76712345216,-154.712573358367,0.00957196286437752,0.743493745961015,0.223995675079766,0.548110258594579,8.76479014342529e-13,0.00203975123588104,0.00074319796453958,3.21571431886967,0.384731486574744,1.991596,484.4319,346.6639,1.99447,485.7013,347.1306,1.991371,466.4288,345.0913,"No issues","No issues","No issues","No issues"
1680,110,2025-05-28,2025-05-28 00:02:00,2025-05-28 00:08:30,2025-05-27 23:58:40,40,-0.238171407129427,-259.647075422144,-162.18763227017,0.523438926342925,0.0879281175622304,0.204688829982418,1.33232235989192e-07,0.0631742429422238,0.00337779310112688,0.00030362376646036,1.11725922059042,0.427129010254579,1.992385,456.3711,346.1461,1.993189,457.8643,346.6245,1.991515,453.4071,344.8073,"No issues","No issues","No issues","No issues"
1681,120,2025-05-28,2025-05-28 00:14:20,2025-05-28 00:20:50,2025-05-28 00:11:00,40,0.00147106941843836,-128.077706566602,-100.617338836796,3.77873525185632e-05,0.0294366784155777,0.117049668160573,0.969970385009845,0.289792427440529,0.0307064865136645,0.00031972131855845,0.982564217986347,0.369211939576368,1.992179,455.8251,345.8686,1.992235,455.8251,346.0403,1.990819,451.8143,344.4866,"No issues","No issues","No issues","No issues"
1682,130,2025-05-28,2025-05-28 00:26:40,2025-05-28 00:33:10,2025-05-28 00:23:20,40,-1.09793083677304,1202.81054859285,102.489041651017,0.832956713177863,0.507548770181634,0.0674440321332312,2.40148289257064e-16,2.51979427688183e-07,0.105596632328788,0.00065689831272968,1.58292310340473,0.509170211868976,1.999271,454.3609,345.1347,1.999271,461.6522,345.9303,1.992271,454.1591,343.5896,"No issues","No issues","No issues","No issues"
1683,140,2025-05-28,2025-05-28 00:39:00,2025-05-28 00:45:30,2025-05-28 00:35:40,40,-0.340190679174493,-1229.77650731708,121.693022138833,0.87870415516271,0.698729088897133,0.14811919151058,5.35618868189102e-19,1.91714973253291e-11,0.0141994253467369,0.00016886665412742,1.0788728080407,0.389914417248023,1.992514,464.6277,345.2546,1.992547,465.3899,347.1431,1.990776,456.1199,345.2546,"No issues","No issues","No issues","No issues"
1684,150,2025-05-28,2025-05-28 00:51:20,2025-05-28 00:57:50,2025-05-28 00:48:00,40,0.664534333958705,606.671297560972,7.7585741088299,0.774556616093045,0.557986900504076,0.00050656087610045,7.40064503988451e-14,3.09682221570874e-08,0.890359190027797,0.00047899331676413,0.721404560022557,0.460443059347956,1.991202,460.2815,346.9292,1.995053,464.3886,347.4892,1.991202,459.7516,345.5327,"No issues","No issues","No issues","No issues"
1685,160,2025-05-28,2025-05-28 01:03:40,2025-05-28 01:10:10,2025-05-28 01:00:20,40,1.76773832645415,-81.8644863039126,78.1396412757627,0.47933815223298,0.0143546458341699,0.0702216221290883,7.45268806550189e-07,0.461498844045613,0.0984298579072374,0.00246147099908115,0.906315705776478,0.379879250034146,1.997174,459.8206,346.327,2.011255,462.4639,347.4251,1.997174,458.4606,346.0048,"No issues","No issues","No issues","No issues"
1686,170,2025-05-28,2025-05-28 01:16:00,2025-05-28 01:22:30,2025-05-28 01:12:40,40,-3.48602845778623,-472.252754971869,127.688987617255,0.863645586680793,0.456940875342015,0.135080685297366,4.98930307262573e-18,1.69533442942765e-06,0.0196432425149879,0.00185062154950627,0.687840778761835,0.431682536841412,2.017345,465.6849,348.1726,2.017345,466.8906,348.9294,1.997545,462.5624,346.6042,"No issues","No issues","No issues","No issues"
1687,180,2025-05-28,2025-05-28 01:28:20,2025-05-28 01:34:50,2025-05-28 01:25:00,40,0.7614012157598,-906.084580863061,-145.804619887459,0.0683788209496487,0.658189788858053,0.155542211742865,0.103125312105908,2.16998305909239e-10,0.0117943566242406,0.00375484751398494,0.872379702561845,0.453895617012498,2.001032,467.5172,348.1492,2.013308,469.2423,348.5382,2.001019,464.2478,346.6019,"No issues","No issues","No issues","No issues"
1688,190,2025-05-28,2025-05-28 01:40:40,2025-05-28 01:47:10,2025-05-28 01:37:20,40,-0.778116292682874,882.173583489687,-116.942399999988,0.15750366308285,0.788520951593666,0.169969562663578,0.011228646322359,2.17769557657965e-14,0.00820557248486425,0.00240437972220841,0.610380949187911,0.345265591555976,2.015393,462.9304,347.1106,2.015393,466.4911,347.4805,2.005206,461.7665,345.3797,"No issues","No issues","No issues","No issues"
1689,200,2025-05-28,2025-05-28 01:53:00,2025-05-28 01:59:30,2025-05-28 01:49:40,40,2.93266563602236,-235.166535084432,-1.69622814259919,0.598119849232666,0.212541504202565,4.98193297804117e-05,4.91593380601231e-09,0.00275412362069216,0.965521836475645,0.00321171194789658,0.604765973775619,0.321066040399982,2.006181,462.5413,345.275,2.022549,464.0344,346.3151,2.00564,461.4183,345.1498,"No issues","No issues","No issues","No issues"
1690,210,2025-05-28,2025-05-28 02:05:20,2025-05-28 02:11:50,2025-05-28 02:02:00,40,-1.99511216510323,40.5352165103079,-75.3491482176424,0.721518429525591,0.00300915838538993,0.0617137113178758,4.2374178464333e-12,0.73672729440497,0.122181028703179,0.00165600520890011,0.98576960768939,0.392531999229805,2.013493,460.8509,345.0514,2.017952,460.8509,345.4883,2.005067,456.8017,343.6631,"No issues","No issues","No issues","No issues"
1691,220,2025-05-28,2025-05-28 02:17:40,2025-05-28 02:24:10,2025-05-28 02:14:20,40,-1.12788715947473,881.339977485907,40.8458026266276,0.595987621926561,0.655926778471203,0.0228016756064626,5.44484353509662e-09,2.46377774958988e-10,0.352326257223444,0.00124069272132359,0.852827296909417,0.357252499687198,2.007621,461.7645,345.0585,2.00775,465.7447,345.3484,2.000528,459.9398,343.7158,"No issues","No issues","No issues","No issues"
1692,230,2025-05-28,2025-05-28 02:30:00,2025-05-28 02:36:30,2025-05-28 02:26:40,40,0.28217137711072,188.830523076932,-79.921621013153,0.164861603355921,0.0986771047171905,0.0737646079318488,0.00933351112655508,0.0483800490434954,0.090020452713882,0.00084850086651874,0.762472289749956,0.378373591137513,2.005573,463.7191,344.2277,2.00737,465.903,345.3311,2.003923,462.7337,343.6603,"No issues","No issues","No issues","No issues"
1693,240,2025-05-28,2025-05-28 02:42:20,2025-05-28 02:48:50,2025-05-28 02:39:00,40,1.44641542964359,-537.334973358346,47.5106791744879,0.906369256004679,0.220318301908986,0.0351457205085704,3.85811326275022e-21,0.00224693744285621,0.246707129433236,0.00062111149461122,1.35051171800712,0.332587362716432,2.013248,463.8631,343.9904,2.018713,467.2709,345.1643,2.012849,461.3474,343.8643,"No issues","No issues","No issues","No issues"
1694,10,2025-05-28,2025-05-28 02:54:40,2025-05-28 03:01:10,2025-05-28 02:51:20,40,0.756212352720492,859.83804878048,42.9202941838865,0.567263040516873,0.712070578740135,0.025758694466977,2.05407575462755e-08,8.03664289708479e-12,0.322513777699898,0.0008824363387846,0.730496310402453,0.352658131259126,2.022593,461.8795,344.3578,2.028722,466.3043,345.4061,2.022554,461.2343,343.6158,"No issues","No issues","No issues","No issues"
1695,20,2025-05-28,2025-05-28 03:07:00,2025-05-28 03:13:30,2025-05-28 03:03:40,40,-0.379907121951264,624.514680675417,36.2513651031744,0.478326870697244,0.726537832712723,0.0204999398354569,7.73999041860382e-07,2.98958221823192e-12,0.378114346702443,0.00053007112339161,0.511896343038283,0.334788222768231,2.020312,461.9576,344.3406,2.020312,465.2776,345.3128,2.016881,461.6162,343.7181,"No issues","No issues","No issues","No issues"
1696,30,2025-05-28,2025-05-28 03:19:20,2025-05-28 03:25:50,2025-05-28 03:16:00,40,0.251732803001919,60.8703399624651,155.033290806728,0.138068773278021,0.0116392647135029,0.184185982935746,0.0182378544178155,0.507568218059738,0.00572071727490423,0.0008403268733999,0.749411861680208,0.435925350548748,2.012679,461.3856,344.9424,2.013862,464.727,346.578,2.010497,461.3856,343.9852,"No issues","No issues","No issues","No issues"
1697,40,2025-05-28,2025-05-28 03:31:40,2025-05-28 03:38:10,2025-05-28 03:28:20,40,1.18405688555353,517.132205628536,85.924313696067,0.807021220877858,0.430908914048348,0.0793884423398721,3.7832917579648e-15,4.2373335124596e-06,0.0781744894900569,0.00077357911090457,0.793998357589554,0.390926858359822,2.017458,460.8758,346.235,2.025992,462.5363,347.538,2.017458,458.7064,345.6926,"No issues","No issues","No issues","No issues"
1698,50,2025-05-28,2025-05-28 03:44:00,2025-05-28 03:50:30,2025-05-28 03:40:40,40,-1.78489756097556,228.128177110708,67.0712015009482,0.953074736177991,0.267604960252259,0.042891001678707,7.51315974938989e-27,0.00063043449487224,0.199756878792742,0.00052914298772969,0.504225045882891,0.423305155504893,2.018229,460.0902,345.6427,2.018843,461.477,347.5197,2.011561,458.4996,345.6427,"No issues","No issues","No issues","No issues"
1699,60,2025-05-28,2025-05-28 03:56:20,2025-05-28 04:02:50,2025-05-28 03:53:00,40,-1.32804499812384,-773.394200375237,96.3515617260818,0.976064259219802,0.605687295177976,0.103432408154361,2.07050795488988e-32,3.40586005026236e-09,0.0430059060609918,0.00027785415021593,0.833713685454542,0.379002281942642,2.007241,462.4414,347.2644,2.007479,462.4414,348.2036,2.00097,457.5143,346.5314,"No issues","No issues","No issues","No issues"
1700,70,2025-05-28,2025-05-28 04:08:40,2025-05-28 04:15:10,2025-05-28 04:05:20,40,-0.42530035272044,-92.9561065666199,-100.647327579741,0.893340569735794,0.0505991657443128,0.112360647836609,4.61722983183164e-20,0.162862703412028,0.0344827907296003,0.00019633906133906,0.537961155572234,0.377949061130591,1.997129,456.894,346.8307,1.997353,458.0225,347.4191,1.995159,455.7511,345.7676,"No issues","No issues","No issues","No issues"
1701,80,2025-05-28,2025-05-28 04:21:00,2025-05-28 04:27:30,2025-05-28 04:17:40,40,-0.284221148217655,-411.007312570347,-93.3831624765547,0.663529019089496,0.617420266634749,0.072227026130555,1.60293656051201e-10,1.90160682040932e-09,0.0935737975919094,0.00027040835269428,0.432254929564121,0.447156384205294,1.994301,454.8882,346.4845,1.994657,455.5719,347.1619,1.99271,452.7634,345.028,"No issues","No issues","No issues","No issues"
1702,90,2025-05-28,2025-05-28 04:33:20,2025-05-28 04:39:50,2025-05-28 04:30:00,40,-0.140329485928677,146.407393621011,-114.214964352728,0.596984037802273,0.0805165186409644,0.109296616338521,5.1912845891689e-09,0.0759994416344477,0.0371977157425058,0.00015404533991496,0.66101657119961,0.435618251470498,1.991647,453.5012,345.664,1.991647,454.4765,346.175,1.990628,451.4164,344.1521,"No issues","No issues","No issues","No issues"
1703,100,2025-05-28,2025-05-28 04:45:40,2025-05-28 04:52:10,2025-05-28 04:42:20,40,-0.386771302063826,-333.528072045028,-170.618683677316,0.888196139177094,0.480729812654121,0.217097626282418,1.13307712229689e-19,7.0738672062327e-07,0.00244496135478245,0.00018333613385275,0.463125214126162,0.432885183025082,1.990592,452.8268,344.6601,1.990592,453.5331,345.6125,1.988694,450.9838,343.7747,"No issues","No issues","No issues","No issues"
1704,110,2025-05-28,2025-05-28 04:58:00,2025-05-28 05:04:30,2025-05-28 04:54:40,40,-0.107818446529051,-102.082977861159,-22.2845538461663,0.441639174306536,0.0917082069667211,0.00830121669967414,2.91888162819288e-06,0.0575086100209808,0.576073489889295,0.0001619707571237,0.429221818851107,0.325418938902093,1.987561,451.0145,344.6976,1.98775,451.5643,344.9033,1.986927,449.5094,343.6407,"No issues","No issues","No issues","No issues"
1705,120,2025-05-28,2025-05-28 05:10:20,2025-05-28 05:16:50,2025-05-28 05:07:00,40,0.0455366904315392,257.184918574101,11.4727204503009,0.0704461298398216,0.245749601369488,0.00100227463881374,0.0978733378768035,0.00114292494756672,0.846233347398748,0.00022099886430247,0.601972604744094,0.483921766575349,1.986802,450.5933,344.5992,1.987626,452.3989,344.8031,1.986645,449.0589,342.7079,"No issues","No issues","No issues","No issues"
1706,130,2025-05-28,2025-05-28 05:22:40,2025-05-28 05:29:10,2025-05-28 05:19:20,40,-0.0382453733583482,54.7656045028185,-87.3940863039545,0.0404370726286409,0.0266165265125801,0.0528116406806722,0.213414623813646,0.314480682665366,0.153719005441959,0.00024891189297016,0.442480408965361,0.494487432890935,1.986798,450.2234,342.9589,1.986798,451.4554,344.304,1.985773,449.6504,342.2259,"No issues","No issues","No issues","No issues"
1707,140,2025-05-28,2025-05-28 05:35:00,2025-05-28 05:41:30,2025-05-28 05:31:40,40,-0.308953756097526,-114.458359474696,187.713482926838,0.891471505909884,0.0729944950771762,0.224434494666646,6.4292008361246e-20,0.0917822414871029,0.00201629573459421,0.00014402288330202,0.544958568478203,0.466208055320509,1.986022,450.4131,343.5611,1.986022,451.4279,344.9082,1.984301,448.5178,342.602,"No issues","No issues","No issues","No issues"
1708,150,2025-05-28,2025-05-28 05:47:20,2025-05-28 05:53:50,2025-05-28 05:44:00,40,-0.253952780487799,-172.48236247656,-66.7067166979327,0.879499911742583,0.179307997274252,0.0402567348277706,4.7245200206574e-19,0.00647700587850054,0.214459787318006,0.00012558813783894,0.493008979226595,0.435158724124036,1.983704,449.5536,344.2799,1.983868,450.5313,345.1159,1.982681,448.3387,343.2466,"No issues","No issues","No issues","No issues"
1709,160,2025-05-28,2025-05-28 05:59:40,2025-05-28 06:06:10,2025-05-28 05:56:20,40,-0.015697891181974,294.611518198857,97.158177861156,0.0415364106250815,0.358170517753745,0.0921605610308447,0.207168298561902,4.5226711723481e-05,0.0568662223896965,0.00010074755335742,0.526907647977246,0.407409541190262,1.982354,448.6931,344.2886,1.982457,450.3684,345.8098,1.98204,447.6943,344.0208,"No issues","No issues","No issues","No issues"
1710,170,2025-05-28,2025-05-28 06:12:00,2025-05-28 06:18:30,2025-05-28 06:08:40,40,0.152290131332108,109.116796998121,46.7655804878017,0.700294680277243,0.0646237723742265,0.0248471583234965,1.73464613515148e-11,0.113438651454168,0.331340934929236,0.0001331062474042,0.554636551194171,0.391421049946034,1.982724,448.9709,346.2989,1.98347,450.5996,346.618,1.982626,448.4091,344.9805,"No issues","No issues","No issues","No issues"
1711,180,2025-05-28,2025-05-28 06:24:20,2025-05-28 06:30:50,2025-05-28 06:21:00,40,0.0544871144464934,72.0824825515836,-64.6228232645382,0.252058809613814,0.0474074909370852,0.0299176344203591,0.00096391039057481,0.177127446788069,0.285826549469541,0.00012539968930526,0.431697662940841,0.491639166300659,1.983649,450.3087,346.8048,1.984068,451.3088,346.8048,1.9833,449.1737,344.6522,"No issues","No issues","No issues","No issues"
1712,190,2025-05-28,2025-05-28 06:36:40,2025-05-28 06:43:10,2025-05-28 06:33:20,40,0.103970971857437,54.9984630393724,-20.2788742964345,0.609755355205204,0.0139067812756003,0.00469261513155518,2.78812366157543e-09,0.468623717819428,0.674482110018433,0.00011112777892193,0.618751255934311,0.394579805486953,1.9838,450.7264,345.8953,1.984253,451.9149,346.5981,1.98359,449.529,344.7504,"No issues","No issues","No issues","No issues"
1713,200,2025-05-28,2025-05-28 06:49:00,2025-05-28 06:55:30,2025-05-28 06:45:40,40,-0.0363852607879438,-47.7590994371365,-72.7623354596514,0.190087499611968,0.015382468242611,0.0416423670622118,0.00491991764421647,0.445769220514437,0.20657740350222,0.00010034312689198,0.51050119610907,0.466361398184634,1.984485,452.74,345.4348,1.984783,453.3146,346.3698,1.984346,451.1954,344.3615,"No issues","No issues","No issues","No issues"
1714,210,2025-05-28,2025-05-28 07:01:20,2025-05-28 07:07:50,2025-05-28 06:58:00,40,0.00560222138845905,152.019908442766,-19.3090221388336,0.00267925163183428,0.192396260665889,0.00425901240330858,0.751091645464793,0.00463721714412141,0.689092976225256,0.00014440785223154,0.416122481854613,0.394456290801475,1.98426,453.0046,344.2065,1.984725,453.76,345.8287,1.984001,451.6034,344.1541,"No issues","No issues","No issues","No issues"
1715,220,2025-05-28,2025-05-28 07:13:40,2025-05-28 07:20:10,2025-05-28 07:10:20,40,0.152589208255187,124.049083677316,-34.0100712945444,0.692843277031833,0.0750850813836613,0.00951696001323024,2.77984738497423e-11,0.0870811123351387,0.549267662069008,0.00013573948437081,0.581684499864546,0.463555574628691,1.984041,450.8885,344.9742,1.984725,452.7267,345.2463,1.983714,450.2984,343.322,"No issues","No issues","No issues","No issues"
1716,230,2025-05-28,2025-05-28 07:26:00,2025-05-28 07:32:30,2025-05-28 07:22:40,40,0.0112279474672008,-0.759444652904929,-89.352027016895,0.00275566772598689,2.97725201759119e-06,0.0801503398776341,0.747681384408373,0.991569078805124,0.0766985410720657,0.00028536953121471,0.588040921417582,0.404417572075534,1.98533,451.359,344.2657,1.986454,453.6064,345.4181,1.985157,450.9713,343.4144,"No issues","No issues","No issues","No issues"
1717,240,2025-05-28,2025-05-28 07:38:20,2025-05-28 07:44:50,2025-05-28 07:35:00,40,-0.0701898686678349,-465.418887804871,-19.4474566604299,0.124777673844511,0.312375018894708,0.00325150119102637,0.0253607389755799,0.00017789386531587,0.726723636885123,0.0002483619422296,0.922574710671747,0.454918412658523,1.985005,452.0789,343.9759,1.985703,454.4118,345.0981,1.984449,449.4771,343.1377,"No issues","No issues","No issues","No issues"
1718,10,2025-05-28,2025-05-28 07:50:40,2025-05-28 07:57:10,2025-05-28 07:47:20,40,-0.218874056285202,-268.935561726097,-29.6051302063796,0.624979050266957,0.300466832143767,0.00618818761975594,1.29424062604269e-09,0.00025070993397099,0.629455173045379,0.00022652137425086,0.548244124665499,0.501253228398343,1.985964,451.1295,343.7682,1.986041,451.3304,344.2426,1.984666,448.8257,341.924,"No issues","No issues","No issues","No issues"
1719,20,2025-05-28,2025-05-28 08:03:00,2025-05-28 08:09:30,2025-05-28 07:59:40,40,-0.46253340337709,-551.524917073182,50.6970236397606,0.833655075033403,0.622054477894408,0.0286284693475949,2.216859807582e-16,1.50333921431399e-09,0.296611600834116,0.00027604160707543,0.574361599274119,0.394544460963372,1.985519,450.4862,342.7939,1.985519,451.4257,343.9083,1.983334,447.618,342.0648,"No issues","No issues","No issues","No issues"
1720,30,2025-05-28,2025-05-28 08:15:20,2025-05-28 08:21:50,2025-05-28 08:12:00,40,-0.250227692307813,-365.95327879928,218.558769230745,0.472732039263206,0.420716741833422,0.426870904718814,9.52975434603433e-07,6.00115197000892e-06,4.86712392962836e-06,0.00035307210720286,0.573714861943876,0.338349900884943,1.984088,449.9839,342.959,1.984088,451.0866,344.1986,1.982482,448.0207,342.5363,"No issues","No issues","No issues","No issues"
1721,40,2025-05-28,2025-05-28 08:27:40,2025-05-28 08:34:10,2025-05-28 08:24:20,40,0.00856705440900794,-21.9077493433524,62.5428202626474,0.00299417448163398,0.00353098339794028,0.0504494199295598,0.737360272820021,0.715691375682157,0.163502820483722,0.00020886308434444,0.491701679513516,0.362516927654875,1.982092,446.8343,343.631,1.982871,448.4359,344.6377,1.981832,446.1566,342.6857,"No issues","No issues","No issues","No issues"
1722,50,2025-05-28,2025-05-28 08:40:00,2025-05-28 08:46:30,2025-05-28 08:36:40,40,0.148998664164999,-178.439585741089,24.8874956848152,0.473303289121983,0.0780801209649586,0.00489600647572648,9.33038039396014e-07,0.0807778150936303,0.667899878505628,0.00020999685134552,0.819195246843371,0.474039254978749,1.98295,449.4478,344.7644,1.984079,451.0609,345.5783,1.982802,447.9193,343.4137,"No issues","No issues","No issues","No issues"
1723,60,2025-05-28,2025-05-28 08:52:20,2025-05-28 08:58:50,2025-05-28 08:49:00,40,0.291172052532798,-175.710042776734,66.756400750481,0.83511767367067,0.201292780715657,0.0576311039267065,1.87286446510949e-16,0.00368799775283186,0.135679536743495,0.00017285532779087,0.467623314799914,0.360657345491199,1.985773,448.6263,344.6202,1.987142,448.7977,346.073,1.985435,446.7805,344.4043,"No issues","No issues","No issues","No issues"
1724,70,2025-05-28,2025-05-28 09:04:40,2025-05-28 09:11:10,2025-05-28 09:01:20,40,0.540062409005617,-39.856741463408,63.7033846153772,0.90214833042913,0.0108000042266849,0.0305552010876163,8.93673277054411e-21,0.52337160170322,0.280671841712497,0.00023763420928519,0.509626198850861,0.479403657592911,1.989256,448.3909,345.3352,1.991313,449.0822,346.0983,1.989111,446.6656,344.0938,"No issues","No issues","No issues","No issues"
1725,80,2025-05-28,2025-05-28 09:17:00,2025-05-28 09:23:30,2025-05-28 09:13:40,40,0.614963752345246,231.607762851781,-214.445367354592,0.307251351508425,0.128635163030806,0.238373442881482,0.00020632044531042,0.0230492083922215,0.00139287714424078,0.00123370216544945,0.805365724593201,0.51212814025708,1.992415,448.1125,345.7374,1.998173,450.9215,347.0219,1.992375,446.8612,343.7645,"No issues","No issues","No issues","No issues"
1726,90,2025-05-28,2025-05-28 09:29:20,2025-05-28 09:35:50,2025-05-28 09:26:00,40,0.267490671669784,-265.684944090056,-2.66753921201286,0.455383719627375,0.263516570098976,2.755707391616e-05,1.79288138183095e-06,0.0007053934835163,0.974353994198694,0.00039082745751829,0.593422947357207,0.678903650520043,1.995842,448.519,344.5809,1.997428,449.936,346.0482,1.995467,446.9525,343.1961,"No issues","No issues","No issues","No issues"
1727,100,2025-05-28,2025-05-28 09:41:40,2025-05-28 09:48:10,2025-05-28 09:38:20,40,0.127062303939936,78.492616885549,19.3235302063714,0.463566923376197,0.042879795392017,0.00379265569761993,1.3339191751663e-06,0.199816941229966,0.705800106404696,0.00018261571430514,0.495456539094835,0.418417169257889,1.997045,449.9035,345.6659,1.997494,450.0133,345.6659,1.996587,448.1747,343.5916,"No issues","No issues","No issues","No issues"
1728,110,2025-05-28,2025-05-28 09:54:00,2025-05-28 10:00:30,2025-05-28 09:50:40,40,-0.143877073170768,-262.4046619137,35.1903309568423,0.69295347317668,0.227532439724656,0.0137763642737497,2.76075520969162e-11,0.00185795459729859,0.470731028743698,0.00012795625407664,0.645966321942114,0.397798931283421,1.99689,449.7231,344.6318,1.996967,450.7166,345.2034,1.995983,447.5367,343.4564,"No issues","No issues","No issues","No issues"
1729,120,2025-05-28,2025-05-28 10:06:20,2025-05-28 10:12:50,2025-05-28 10:03:00,40,-0.469751774859228,80.644106566604,-46.8357703564667,0.914993962181309,0.0457013183153821,0.0272228310110222,6.12385308317836e-22,0.185319097031363,0.308956209481742,0.00019129519826675,0.49234586988429,0.374056818128307,1.996715,448.0088,344.6351,1.996718,449.4142,345.2264,1.994423,446.9676,343.6038,"No issues","No issues","No issues","No issues"
1730,130,2025-05-28,2025-05-28 10:18:40,2025-05-28 10:25:10,2025-05-28 10:15:20,40,-0.322348187617322,99.7169470919132,-7.7245328330134,0.845418191279369,0.0548614491337324,0.00064058459879683,5.46639035663388e-17,0.145746712053152,0.876804096766707,0.00018415711264799,0.55297174581545,0.407628647196819,1.992945,447.1835,343.7167,1.992945,447.8989,345.3462,1.991174,445.4505,343.6746,"No issues","No issues","No issues","No issues"
1731,140,2025-05-28,2025-05-28 10:31:00,2025-05-28 10:37:30,2025-05-28 10:27:40,40,-0.322294694183749,-218.349253283292,141.199483677296,0.856950722205919,0.239286315410694,0.175743833694611,1.24493390507515e-17,0.00135930402951362,0.00709021630555578,0.00017592920189848,0.520143601816396,0.408548884890373,1.989311,446.6776,345.3055,1.989462,447.8468,346.1794,1.987707,445.1645,344.2792,"No issues","No issues","No issues","No issues"
1732,150,2025-05-28,2025-05-28 10:43:20,2025-05-28 10:49:50,2025-05-28 10:40:00,40,-0.274782799249637,-292.278150844278,-153.424597373362,0.881955256827474,0.298219348725384,0.131968004458699,3.19089559627548e-19,0.00026733333249848,0.0212209265679043,0.00013431034326064,0.599030594410505,0.525712617544272,1.985541,445.5318,346.2148,1.985541,447.611,347.5075,1.984113,443.9545,344.3603,"No issues","No issues","No issues","No issues"
1733,160,2025-05-28,2025-05-28 10:55:40,2025-05-28 11:02:10,2025-05-28 10:52:20,40,-0.0653827542214153,170.947100938058,149.709640525337,0.284443012768705,0.134048053965014,0.147308960564518,0.00039476698221716,0.0201533512962785,0.0144894171182796,0.00013855032725495,0.580494682661312,0.481228013726666,1.983314,443.5042,344.7784,1.983792,445.0614,346.6048,1.983082,442.1881,344.0842,"No issues","No issues","No issues","No issues"
1734,170,2025-05-28,2025-05-28 11:08:00,2025-05-28 11:14:30,2025-05-28 11:04:40,40,-0.0344278874296336,-90.6991699812455,141.988917073161,0.15442296257002,0.0674908259411143,0.122075291170018,0.0121295733731209,0.10547145130361,0.027115665781529,0.00010763434962867,0.450430058077009,0.508732010218287,1.982732,442.9386,346.649,1.9829,443.1108,347.87,1.982417,441.2677,345.2931,"No issues","No issues","No issues","No issues"
1735,180,2025-05-28,2025-05-28 11:20:20,2025-05-28 11:26:50,2025-05-28 11:17:00,40,0.100719219512112,-738.903174484078,-203.460166604133,0.527483704561743,0.860920603140685,0.313902337732768,1.12914145619813e-07,7.27721897468295e-18,0.00017017273859761,0.0001273608912338,0.396786828766879,0.401878670558737,1.982913,441.5895,347.2373,1.983536,442.0563,347.2373,1.982658,438.3721,345.3138,"No issues","No issues","No issues","No issues"
1736,190,2025-05-28,2025-05-28 11:32:40,2025-05-28 11:39:10,2025-05-28 11:29:20,40,0.0367532307691972,-679.946197373364,-72.2891617260773,0.121259423748176,0.872931144133301,0.0490831580473996,0.0276688214698686,1.29980305161145e-18,0.169473086142094,0.00013218676618273,0.34659634713199,0.425106823316477,1.983851,441.3297,346.1721,1.984057,441.3297,346.4761,1.983463,437.4612,344.5788,"No issues","No issues","No issues","No issues"
1737,200,2025-05-28,2025-05-28 11:45:00,2025-05-28 11:51:30,2025-05-28 11:41:40,40,0.148589358348967,35.0223939962528,-76.7913636022639,0.752292572572111,0.00865278179078392,0.0396287371242966,4.49088056218383e-13,0.568069458628842,0.218145671638109,0.00011391573093604,0.500841971179302,0.505064341643809,1.983623,441.3056,343.3864,1.984423,442.37,345.296,1.983568,440.4012,342.8228,"No issues","No issues","No issues","No issues"
1738,210,2025-05-28,2025-05-28 11:57:20,2025-05-28 12:03:50,2025-05-28 11:54:00,40,0.0520620787993386,171.941511444633,-33.7761590994418,0.187872575648791,0.164918735802482,0.0118167132162948,0.00520680884643588,0.00932009536918883,0.504330890431834,0.00014461780480034,0.516927906042778,0.412667752222322,1.984612,440.4587,343.8674,1.985063,442.7812,344.9717,1.984312,440.2062,343.1866,"No issues","No issues","No issues","No issues"
1739,220,2025-05-28,2025-05-28 12:09:40,2025-05-28 12:16:10,2025-05-28 12:06:20,40,-0.0327136660413176,-844.645832645433,76.5585050656516,0.137681075518718,0.889835090115162,0.092822701407583,0.0184144428564131,8.5511496658761e-20,0.0559390495824471,0.0001093820140822,0.397064799551898,0.319766008641861,1.985172,441.0225,343.536,1.985436,441.0225,344.2994,1.984952,436.6071,342.7524,"No issues","No issues","No issues","No issues"
1740,230,2025-05-28,2025-05-28 12:22:00,2025-05-28 12:28:30,2025-05-28 12:18:40,40,0.132578611632269,-213.542463039391,27.4580172608023,0.700222021659227,0.207145142703039,0.0040863702400488,1.74273804381608e-11,0.00316932682789182,0.695149480732479,0.00011589783247628,0.558166262345089,0.572705061941131,1.985256,442.3229,342.8551,1.986173,443.2848,344.6743,1.985256,440.8821,341.9364,"No issues","No issues","No issues","No issues"
1741,240,2025-05-28,2025-05-28 12:34:20,2025-05-28 12:40:50,2025-05-28 12:31:00,40,-0.00493112195119255,279.872618386496,-36.3058311444687,0.00369283533665305,0.380059573937291,0.0124041283720788,0.709526309335624,2.27854929685422e-05,0.493857070769087,0.00010821370455567,0.477561620740421,0.432815451471476,1.986565,440.8456,343.1288,1.986865,443.3174,344.3845,1.986396,440.7847,342.5551,"No issues","No issues","No issues","No issues"
1742,10,2025-05-28,2025-05-28 12:46:40,2025-05-28 12:53:10,2025-05-28 12:43:20,40,0.0503316472795201,-552.383324577851,-21.3475272045022,0.28044826042246,0.641707003541228,0.00436465687505119,0.0004414924815997,5.37250700807627e-10,0.685456422648374,0.00010771238674128,0.551456418479117,0.430767114068581,1.986958,441.8021,343.2219,1.987357,441.8021,344.6378,1.986747,438.2492,342.7193,"No issues","No issues","No issues","No issues"
1743,20,2025-05-28,2025-05-28 12:59:00,2025-05-28 13:05:30,2025-05-28 12:55:40,40,0.11151111444654,-593.590126829277,-64.8017020637767,0.44393247895147,0.705061385713101,0.0230907873146796,2.69303699896882e-06,1.27510005058991e-11,0.34925588381195,0.00016674135533171,0.512930929628739,0.563136933381739,1.986298,441.0033,343.6283,1.986904,442.088,345.1044,1.986043,438.4397,342.6013,"No issues","No issues","No issues","No issues"
1744,30,2025-05-28,2025-05-28 13:11:20,2025-05-28 13:17:50,2025-05-28 13:08:00,40,-0.230074446529162,121.434227392113,262.060034521576,0.770770986961502,0.0874431718368556,0.32192708202945,1.01783321302777e-13,0.0639412122239818,0.00013459416135942,0.00016763332727475,0.524116688878358,0.508136162317183,1.987024,444.4274,344.8939,1.987132,445.5439,346.8403,1.985695,443.5042,344.3342,"No issues","No issues","No issues","No issues"
1745,40,2025-05-28,2025-05-28 13:23:40,2025-05-28 13:30:10,2025-05-28 13:20:20,40,-0.363356577861197,-293.97770206379,228.912180112569,0.952699725590403,0.471343121296346,0.28308351097932,8.74148933933419e-27,1.00315517980541e-06,0.00041010921618389,0.00010816996846572,0.41596100057707,0.486704952916192,1.984343,444.2644,346.9136,1.984343,444.5892,348.3842,1.982368,442.2776,345.9873,"No issues","No issues","No issues","No issues"
1746,50,2025-05-28,2025-05-28 13:36:00,2025-05-28 13:42:30,2025-05-28 13:32:40,40,-0.036866701688712,399.840396247655,206.146428517801,0.171133031050689,0.502894558580482,0.217360367195939,0.00796788938910326,3.02557406832894e-07,0.00242819495931581,0.00010840009090963,0.531119596648302,0.522620474929531,1.981194,445.6814,347.1667,1.981311,448.0892,349.4331,1.980821,444.4599,347.0633,"No issues","No issues","No issues","No issues"
1747,60,2025-05-28,2025-05-28 13:48:20,2025-05-28 13:54:50,2025-05-28 13:45:00,40,-0.101748562851895,105.054132833011,345.331479174498,0.555029061987746,0.077573867770176,0.417498981551567,3.52378153889826e-08,0.0818090897374177,6.69018381599661e-06,0.00012171836549807,0.483995233708974,0.544975112311272,1.980545,446.0499,349.2016,1.980732,447.2696,352.1155,1.979904,445.0934,349.2016,"No issues","No issues","No issues","No issues"
1748,70,2025-05-28,2025-05-28 14:00:40,2025-05-28 14:07:10,2025-05-28 13:57:20,40,0.00589643527212793,-433.40209530957,-372.628772983109,0.00482636398881604,0.562534223709391,0.504355629749156,0.670135289100175,2.53494240949047e-08,2.85723292559429e-07,0.0001131224485683,0.51063248486689,0.493529259166529,1.979342,444.5514,351.7328,1.979767,445.2057,351.7328,1.979176,442.2545,348.7384,"No issues","No issues","No issues","No issues"
1749,80,2025-05-28,2025-05-28 14:13:00,2025-05-28 14:19:30,2025-05-28 14:09:40,40,-0.0421965928705843,-285.83340787991,-158.217122701678,0.225246007789281,0.34753966607653,0.190220090158402,0.00197360311291739,6.26210830133184e-05,0.00490323936751282,0.00010455639774575,0.52324817335529,0.436142748441421,1.979188,444.4098,348.3759,1.979448,444.8501,349.1168,1.978872,441.6938,346.9437,"No issues","No issues","No issues","No issues"
1750,90,2025-05-28,2025-05-28 14:25:20,2025-05-28 14:31:50,2025-05-28 14:22:00,40,-0.0481351744840888,-457.501211257035,-5.73530656659974,0.260768973430528,0.561038329571745,0.00034868760742348,0.00076050242392895,2.70811350403757e-08,0.908948875951504,0.00010827907857893,0.540666110119909,0.41028205047518,1.979291,442.2467,346.8188,1.979291,442.8178,347.5179,1.978696,439.3296,345.5181,"No issues","No issues","No issues","No issues"
1751,100,2025-05-28,2025-05-28 14:37:40,2025-05-28 14:44:10,2025-05-28 14:34:20,40,-0.0302424315197458,55.6232825515923,59.8572878048615,0.0912660105838404,0.0195038682347535,0.022165208838352,0.0581437103170054,0.390076515591073,0.359213458210063,0.00012749713473032,0.526913160967799,0.531170234078522,1.978615,444.2231,345.7881,1.97885,445.0302,347.528,1.978343,443.0466,345.1331,"No issues","No issues","No issues","No issues"
1752,110,2025-05-28,2025-05-28 14:50:00,2025-05-28 14:56:30,2025-05-28 14:46:40,40,0.0277525553471368,102.361143714805,-49.0352420262651,0.0732053124278345,0.0427684254697734,0.036118538824265,0.0912964093429175,0.200414967841683,0.240153984823275,0.00013192992405679,0.646996413025255,0.338434724716211,1.978274,443.7475,345.2941,1.978516,443.8165,346.0103,1.977975,441.4028,344.2857,"No issues","No issues","No issues","No issues"
1753,120,2025-05-28,2025-05-28 15:02:20,2025-05-28 15:08:50,2025-05-28 14:59:00,40,0.060068262664162,315.575918949343,-87.353723076919,0.289113969293289,0.380923788090247,0.100242466091606,0.00034613823242211,2.21671146853383e-05,0.0465400361869225,0.00012584338437965,0.537497851861978,0.349653726169248,1.978533,442.9035,345.0434,1.978812,445.031,345.3292,1.978142,441.6634,343.8157,"No issues","No issues","No issues","No issues"
1754,130,2025-05-28,2025-05-28 15:14:40,2025-05-28 15:21:10,2025-05-28 15:11:20,40,0.237163947467131,269.061352345199,80.2514161350946,0.293461939707488,0.0518773359974621,0.0641633318768866,0.0003060729507146,0.157509731048744,0.114776411460218,0.00049165496091841,1.53679032621475,0.40947665426085,1.980801,441.1643,341.549,1.98268,445.3152,343.5479,1.980347,437.6013,341.549,"No issues","No issues","No issues","No issues"
1755,140,2025-05-28,2025-05-28 15:27:00,2025-05-28 15:33:30,2025-05-28 15:23:40,40,-0.0656161801126226,-790.179061913715,404.254090806746,0.261854853009867,0.4090149670081,0.618481630448871,0.00073824571463266,8.88682106372021e-06,1.8024047216813e-09,0.00014718765333122,1.26900702108813,0.424197997388665,1.980861,446.8214,343.4714,1.981169,446.8214,346.3314,1.980263,439.854,343.4659,"No issues","No issues","No issues","No issues"
1756,150,2025-05-28,2025-05-28 15:39:20,2025-05-28 15:45:50,2025-05-28 15:36:00,40,0.133808960600462,199.251773358347,89.599879924951,0.654700397362448,0.106100551393259,0.0627686138928528,2.63838131554782e-10,0.0402581403438872,0.118931827582701,0.00012983201595256,0.772694064086489,0.46257210214524,1.979619,440.4609,347.7362,1.980266,441.7763,348.8531,1.979418,437.7239,346.8938,"No issues","No issues","No issues","No issues"
1757,160,2025-05-28,2025-05-28 15:51:40,2025-05-28 15:58:10,2025-05-28 15:48:20,40,0.0800440075046856,-1764.74731407129,133.575291557231,0.336869899786217,0.880385998982195,0.108834639813515,8.64016900079265e-05,4.10439979790128e-19,0.0376252257165471,0.0001500434209668,0.869074167526592,0.510671444122678,1.980159,438.3908,347.4258,1.980713,438.6705,349.395,1.979947,429.9079,347.1584,"No issues","No issues","No issues","No issues"
1758,170,2025-05-28,2025-05-28 16:04:00,2025-05-28 16:10:30,2025-05-28 16:00:40,40,0.0723296060037769,34.9983219512145,459.194683677293,0.416074537768647,0.00691320261951622,0.647316507319686,7.01870396226999e-06,0.610003059679754,3.96473696552523e-10,0.00011447986343577,0.560429579723143,0.452846424610672,1.979131,445.7008,349.4738,1.979665,445.7038,351.8725,1.979073,443.7146,348.1759,"No issues","No issues","No issues","No issues"
1759,180,2025-05-28,2025-05-28 16:16:20,2025-05-28 16:22:50,2025-05-28 16:13:00,40,0.15462520075042,-4206.32102363977,-135.538014258896,0.724483925163158,0.987258570409959,0.119581535776536,3.45087149317104e-12,1.29116258466357e-37,0.0288419380661756,0.00012739701058795,0.638433848072275,0.49135286490543,1.979587,433.8158,351.2758,1.980495,433.8158,352.3334,1.979553,415.0134,349.9339,"No issues","No issues","No issues","No issues"
1760,190,2025-05-28,2025-05-28 16:28:40,2025-05-28 16:35:10,2025-05-28 16:25:20,40,0.389501088180168,-2348.03914446529,-319.837724577858,0.964191048461432,0.971262187725218,0.394247284701818,4.3908438747199e-29,6.69611382132433e-31,1.4439010456637e-05,0.00010028657437794,0.539614747353256,0.529679155899424,1.979771,437.3323,349.7104,1.981546,437.3323,350.4657,1.979771,426.3677,347.9561,"No issues","No issues","No issues","No issues"
1761,200,2025-05-28,2025-05-28 16:41:00,2025-05-28 16:47:30,2025-05-28 16:37:40,40,0.244589808630352,140.30152345217,-108.295915947464,0.770554489022895,0.123668050227635,0.0874541397366357,1.03639051434762e-13,0.0260672491914408,0.0639237610976026,0.0001783184698601,0.498985377674963,0.467378907191426,1.979165,445.1467,347.5287,1.980335,446.9214,348.7827,1.978986,444.5989,346.3336,"No issues","No issues","No issues","No issues"
1762,210,2025-05-28,2025-05-28 16:53:20,2025-05-28 16:59:50,2025-05-28 16:50:00,40,0.131871039399583,202.444763977464,-159.940340712943,0.60342027995903,0.251668567762374,0.166492358157378,3.80437505086163e-09,0.00097415159586188,0.00895789227703827,0.00014283169681943,0.466400406128362,0.47811847308287,1.979956,445.3964,345.6803,1.980776,447.8536,346.6904,1.979839,445.0822,344.1783,"No issues","No issues","No issues","No issues"
1763,220,2025-05-28,2025-05-28 17:05:40,2025-05-28 17:12:10,2025-05-28 17:02:20,40,0.149359339587178,-3474.84030619137,-57.3079204503153,0.709822520734899,0.98894626826402,0.0284382198115164,9.33019483978417e-12,8.67267868674677e-39,0.298245764960967,0.00012758781963441,0.490820653138408,0.447526259344552,1.980675,439.8094,344.0793,1.981206,440.0154,344.8564,1.980196,424.6728,342.899,"No issues","No issues","No issues","No issues"
1764,230,2025-05-28,2025-05-28 17:18:00,2025-05-28 17:24:30,2025-05-28 17:14:40,40,0.303985350844198,270.968960600356,-26.2645463414723,0.69274481833145,0.0642322610568028,0.00511081728608538,2.79701187378773e-11,0.11457508481446,0.661120577082715,0.00027048020477894,1.38180525863046,0.48958933310662,1.984079,443.0553,344.1522,1.986013,448.0218,344.3831,1.984079,441.7943,342.4062,"No issues","No issues","No issues","No issues"
1765,240,2025-05-28,2025-05-28 17:30:20,2025-05-28 17:36:50,2025-05-28 17:27:00,40,-0.0919811482176646,-297.175636772989,-118.746830769223,0.0612288631421068,0.0644225391157711,0.111009889888178,0.123706044706535,0.114021267329289,0.0356543085830428,0.00048119428348313,1.51305259491099,0.448961936698255,1.986641,443.8189,343.1789,1.988279,447.3601,343.7766,1.986125,440.8187,341.9206,"No issues","No issues","No issues","No issues"
1766,10,2025-05-28,2025-05-28 17:42:40,2025-05-28 17:49:10,2025-05-28 17:39:20,40,0.0378328255159496,-685.230294934318,19.1072060037503,0.140007194683952,0.783221661180802,0.00294474786285675,0.0173796727384291,3.49617638142961e-14,0.739460776310858,0.00012527398017101,0.481639413392158,0.46973466119958,1.986493,439.9625,343.3324,1.987007,440.198,343.6083,1.98633,436.627,341.7039,"No issues","No issues","No issues","No issues"
1767,20,2025-05-28,2025-05-28 17:55:00,2025-05-28 18:01:30,2025-05-28 17:51:40,40,0.0740049230768778,340.023876923081,90.8349298311456,0.385337570799097,0.366526842754997,0.0543193563867697,1.92505497973832e-05,3.49002469374496e-05,0.147810312315101,0.00012487575710097,0.597228462074222,0.506369680196286,1.98624,438.5559,342.9222,1.986768,441.2094,344.0534,1.985963,438.3721,341.1856,"No issues","No issues","No issues","No issues"
1768,30,2025-05-28,2025-05-28 18:07:20,2025-05-28 18:13:50,2025-05-28 18:04:00,40,0.067080765478514,184.598219887439,279.55960075047,0.313013130854853,0.167569536838007,0.470933130078253,0.00017462806910547,0.00871791705423207,1.01844173600363e-06,0.00013277332033177,0.549697577417035,0.395885813690966,1.985292,444.077,344.422,1.985686,446.0054,345.606,1.985035,443.5377,343.1358,"No issues","No issues","No issues","No issues"
1769,40,2025-05-28,2025-05-28 18:19:40,2025-05-28 18:26:10,2025-05-28 18:16:20,40,0.246422363977479,-427.23965178236,153.118550093805,0.86015669716952,0.506258603680611,0.140795494294028,8.07878071850993e-18,2.65129852658181e-07,0.0170421674913909,0.00013274923733012,0.563709015689257,0.505360820386145,1.984624,442.337,345.4823,1.985961,443.5302,347.7063,1.984624,440.2586,345.4823,"No issues","No issues","No issues","No issues"
1770,50,2025-05-28,2025-05-28 18:32:00,2025-05-28 18:38:30,2025-05-28 18:28:40,40,0.0304693733583556,305.581724577844,403.14175159474,0.10652448862511,0.19677410597515,0.645007450861114,0.0398380927005855,0.0041438004210137,4.49553992420672e-10,0.00011789624871897,0.824863563942111,0.399581063082637,1.984416,444.2576,347.452,1.984731,448.152,349.7646,1.984212,444.2244,347.0105,"No issues","No issues","No issues","No issues"
1771,60,2025-05-28,2025-05-28 18:44:20,2025-05-28 18:50:50,2025-05-28 18:41:00,40,0.127414874296449,340.213940712936,560.472018011249,0.51476145870133,0.147596420748901,0.679415395352656,1.89156211156993e-07,0.0143858719059789,6.32479848239575e-11,0.00016527784031178,1.0923371175217,0.514372143542907,1.984334,446.7237,350.3684,1.984724,448.1848,353.7091,1.983778,443.4433,350.3684,"No issues","No issues","No issues","No issues"
1772,70,2025-05-28,2025-05-28 18:56:40,2025-05-28 19:03:10,2025-05-28 18:53:20,40,0.240749628517856,1822.17559474671,-383.15417335839,0.86977394078141,0.960534304847829,0.393673103534222,2.07556706314084e-18,2.79039258811005e-28,1.47108382891673e-05,0.00012446041520537,0.493473153265156,0.635300170047155,1.985732,447.3407,353.7451,1.986561,455.8803,355.7924,1.985439,446.0248,351.9538,"No issues","No issues","No issues","No issues"
1773,80,2025-05-28,2025-05-28 19:09:00,2025-05-28 19:15:30,2025-05-28 19:05:40,40,0.098062378986923,340.438288930591,-294.90159849906,0.59991266086471,0.194667742594134,0.44774943102261,4.50934320990845e-09,0.00437449120955618,2.35358822431306e-06,0.00010699307802531,0.925121590309607,0.437570018899277,1.987956,449.4266,352.2237,1.98864,453.2788,352.9684,1.987917,448.6947,350.4008,"No issues","No issues","No issues","No issues"
1774,90,2025-05-28,2025-05-28 19:21:20,2025-05-28 19:27:50,2025-05-28 19:18:00,40,0.119869868667852,1797.65760900563,-266.756514821765,0.559937388408957,0.947742223914977,0.446175758041924,2.84268038075222e-08,5.82260184827852e-26,2.48828378177317e-06,0.00014197680478879,0.563971542797251,0.397070750634667,1.987908,450.5009,350.0409,1.988366,459.334,350.0409,1.987582,450.5009,347.7574,"No issues","No issues","No issues","No issues"
1775,100,2025-05-28,2025-05-28 19:33:40,2025-05-28 19:40:10,2025-05-28 19:30:20,40,-0.0369047954972248,340.737609005624,-127.369891181975,0.140217662817088,0.23505387152059,0.115718512348127,0.0172889233754653,0.00152182598895397,0.0317344803622129,0.00012209434996407,0.821242958857242,0.470414272445049,1.98599,450.8206,347.2542,1.986193,455.1922,347.8749,1.985616,450.5993,345.8094,"No issues","No issues","No issues","No issues"
1776,110,2025-05-28,2025-05-28 19:46:00,2025-05-28 19:52:30,2025-05-28 19:42:40,40,0.283546806754208,-581.913077673542,-24.8519954972041,0.836235076639659,0.186441579907154,0.0069134877314403,1.64483295764678e-16,0.00540072851439776,0.609995665586996,0.00016764510609344,1.62405588180577,0.397947770700667,1.983874,457.9153,345.5715,1.985607,457.9153,347.1572,1.983713,448.3581,345.5715,"No issues","No issues","No issues","No issues"
1777,120,2025-05-28,2025-05-28 19:58:20,2025-05-28 20:04:50,2025-05-28 19:55:00,40,0.176157928705389,160.051866416529,-68.7486258911842,0.64966116133442,0.0139019571719861,0.0358655169179348,3.48695350653108e-10,0.468701401285868,0.241838414441948,0.00017283144160382,1.80095426714582,0.476227147918109,1.986213,453.1338,347.0281,1.987138,457.8022,347.0797,1.985997,450.0717,345.0183,"No issues","No issues","No issues","No issues"
1778,130,2025-05-28,2025-05-28 20:10:40,2025-05-28 20:17:10,2025-05-28 20:07:20,40,0.135957613508478,-133.871126454063,-111.818458536589,0.192661549602068,0.0103532829652532,0.102028887047527,0.0046057612048272,0.532135918824307,0.0445262714799044,0.00037183793363287,1.74866990723808,0.443203290141983,1.988474,451.4137,345.0351,1.990113,454.0551,346.7489,1.988273,447.0627,344.5472,"No issues","No issues","No issues","No issues"
1779,140,2025-05-28,2025-05-28 20:23:00,2025-05-28 20:29:30,2025-05-28 20:19:40,40,0.133195407129468,551.995497185737,509.980457786133,0.472560733846519,0.191428900387848,0.635716665308331,9.59032792204412e-07,0.0047536946297442,7.39405343359431e-10,0.00018800375743471,1.51569129494431,0.51577614787887,1.98852,448.1627,346.3377,1.989782,452.2884,348.2308,1.988357,446.1762,344.916,"No issues","No issues","No issues","No issues"
