"group","MIU_VALVE","date","flux_start","flux_end","TIMESTAMP","n","CH4_slope_ppm_per_day","CO2_slope_ppm_per_day","N2O_slope_ppm_per_day","CH4_R2","CO2_R2","N2O_R2","CH4_p","CO2_p","N2O_p","CH4_rmse","CO2_rmse","N2O_rmse","CH4_init","CO2_init","N2O_init","CH4_max","CO2_max","N2O_max","CH4_min","CO2_min","N2O_min","Flag","Flag_CO2_slope","Flag_N2O_slope","Flag_CH4_slope"
1,10,2025-05-12,2025-05-12 12:30:30,2025-05-12 12:34:10,2025-05-12 12:27:00,23,0.226313359683516,-7967.30769960476,-2.21442916231226e-26,0.651948419254397,0.98863247169436,0.513246490640179,3.20786965546007e-06,6.64387344013299e-22,0.0979291883765585,0.000126951540321503,0.655903234505585,4.49804098094738e-29,2.0344,405.288,1.207849e-13,2.034934,405.288,1.207849e-13,2.034157,384.426,1.207849e-13,"No issues","No issues","No issues","No issues"
2,20,2025-05-12,2025-05-12 12:37:50,2025-05-12 12:41:30,2025-05-12 12:34:20,23,0.201204426877435,-13007.8213754941,-2.21442916231226e-26,0.699038883958693,0.995352320043896,0.513246490640179,6.76022096183591e-07,5.52797279552665e-26,0.0979291883765585,0.000101357211732369,0.682412307694798,4.49804098094738e-29,2.035743,402.5683,1.207849e-13,2.036438,402.5683,1.207849e-13,2.035633,370.1475,1.207849e-13,"No issues","No issues","No issues","No issues"
3,30,2025-05-12,2025-05-12 12:45:10,2025-05-12 12:48:50,2025-05-12 12:41:40,23,-0.515104505928689,-49.7278102767416,-2.21442916231226e-26,0.862886677835193,0.00406768180270409,0.513246490640179,1.5998041186332e-10,0.772499246059941,0.0979291883765585,0.000157641620112961,0.597383685789777,4.49804098094738e-29,2.036542,418.5336,1.207849e-13,2.03661,419.4443,1.207849e-13,2.035136,417.1328,1.207849e-13,"No issues","No issues","No issues","No issues"
4,40,2025-05-12,2025-05-12 12:52:30,2025-05-12 12:56:10,2025-05-12 12:49:00,23,-0.0782381027668018,-10516.3766324111,-2.21442916231226e-26,0.120491173358973,0.993665781157572,0.513246490640179,0.104631032029261,1.42790364219359e-24,0.0979291883765585,0.000162283135659861,0.644621953641768,4.49804098094738e-29,2.029805,401.203,1.207849e-13,2.030107,401.203,1.207849e-13,2.029472,376.5474,1.207849e-13,"No issues","No issues","No issues","No issues"
5,50,2025-05-12,2025-05-12 12:59:50,2025-05-12 13:03:30,2025-05-12 12:56:20,23,-0.768405059288531,1509.50020553361,-2.21442916231226e-26,0.599447403126769,0.420061493516161,0.513246490640179,1.45491394804837e-05,0.000824743730756237,0.0979291883765585,0.000482233132320757,1.36169646200927,4.49804098094738e-29,2.024626,421.8285,1.207849e-13,2.025446,426.3093,1.207849e-13,2.022421,420.3215,1.207849e-13,"No issues","No issues","No issues","No issues"
6,60,2025-05-12,2025-05-12 13:07:10,2025-05-12 13:10:50,2025-05-12 13:03:40,23,-0.0825922529645452,140.054229248935,-2.21442916231226e-26,0.0407111692448411,0.0214969339805116,0.513246490640179,0.355883323111002,0.504410438487458,0.0979291883765585,0.000307800850051783,0.725440265958325,4.49804098094738e-29,2.007783,428.5084,1.207849e-13,2.00878,430.3718,1.207849e-13,2.007701,427.1637,1.207849e-13,"No issues","No issues","No issues","No issues"
7,70,2025-05-12,2025-05-12 13:14:30,2025-05-12 13:18:10,2025-05-12 13:11:00,23,0.426655494070963,-5342.69084584982,-2.21442916231226e-26,0.773221957549049,0.933540351940223,0.513246490640179,3.31081085084473e-08,7.69343101271966e-14,0.0979291883765585,0.00017739376451436,1.09442274783383,4.49804098094738e-29,2.006671,416.7735,1.207849e-13,2.008157,416.7735,1.207849e-13,2.006665,400.9707,1.207849e-13,"No issues","No issues","No issues","No issues"
9,90,2025-05-12,2025-05-12 13:42:40,2025-05-12 13:46:20,2025-05-12 13:39:10,23,10.032149881423,-2260.59709090914,-2.21442916231226e-26,0.180858455239258,0.128489525232955,0.513246490640179,0.0430716741886736,0.0930421387877074,0.0979291883765585,0.0163914236658042,4.51999759360517,4.49804098094738e-29,2.008118,422.3737,1.207849e-13,2.049453,426.908,1.207849e-13,2.007667,409.3378,1.207849e-13,"No issues","No issues","No issues","No issues"
10,100,2025-05-12,2025-05-12 13:50:00,2025-05-12 13:53:40,2025-05-12 13:46:30,23,-0.410750039525951,141.902608695596,-2.21442916231226e-26,0.843154055824663,0.0282113709086654,0.513246490640179,6.63327343815468e-10,0.443637472317667,0.0979291883765585,0.000136010798216408,0.639406116453379,4.49804098094738e-29,2.008674,430.2279,1.207849e-13,2.008963,432.7857,1.207849e-13,2.007699,430.2279,1.207849e-13,"No issues","No issues","No issues","No issues"
11,110,2025-05-12,2025-05-12 13:57:20,2025-05-12 14:01:00,2025-05-12 13:53:50,23,-1.23097802371551,-7.53609486168024,-2.21442916231226e-26,0.726783788832703,0.000100516382723418,0.513246490640179,2.40671723923937e-07,0.96378723490691,0.0979291883765585,0.000579446723978052,0.577056980236068,4.49804098094738e-29,2.003599,431.1944,1.207849e-13,2.00363,431.9046,1.207849e-13,1.999579,429.9997,1.207849e-13,"No issues","No issues","No issues","No issues"
12,120,2025-05-12,2025-05-12 14:04:40,2025-05-12 14:08:20,2025-05-12 14:01:10,23,-0.527876679841957,974.463083004002,-2.21442916231226e-26,0.778732977576045,0.313275478792945,0.513246490640179,2.54900465194691e-08,0.00548395524381597,0.0979291883765585,0.000216027547284526,1.107658954953,4.49804098094738e-29,1.998144,429.1672,1.207849e-13,1.998144,432.4953,1.207849e-13,1.996427,427.1616,1.207849e-13,"No issues","No issues","No issues","No issues"
13,130,2025-05-12,2025-05-12 14:12:00,2025-05-12 14:15:40,2025-05-12 14:08:30,23,0.212098339920655,-15076.5950988143,-2.21442916231226e-26,0.660152532945862,0.997989889626858,0.513246490640179,2.483436189154e-06,8.3151501315844e-30,0.0979291883765585,0.000116834132114314,0.519472723819284,4.49804098094738e-29,1.997209,406.4254,1.207849e-13,1.997679,406.4254,1.207849e-13,1.996983,368.328,1.207849e-13,"No issues","No issues","No issues","No issues"
14,140,2025-05-12,2025-05-12 14:19:20,2025-05-12 14:23:00,2025-05-12 14:15:50,23,0.166345612648167,956.50349407114,-2.21442916231226e-26,0.521780710328355,0.779936651171749,0.513246490640179,9.93216968283539e-05,2.40545093891111e-08,0.0979291883765585,0.000122262559094114,0.390070718855504,4.49804098094738e-29,1.993831,432.9263,1.207849e-13,1.994563,435.7638,1.207849e-13,1.993831,432.9263,1.207849e-13,"No issues","No issues","No issues","No issues"
15,150,2025-05-12,2025-05-12 14:26:40,2025-05-12 14:30:20,2025-05-12 14:23:10,23,0.111440632410862,-9766.25217391303,-2.21442916231226e-26,0.235870409287066,0.963420558260014,0.513246490640179,0.0188054934068167,1.4355860489334e-16,0.0979291883765585,0.000153993695930459,1.46100301320644,4.49804098094738e-29,1.99076,398.6336,1.207849e-13,1.991361,398.6336,1.207849e-13,1.990666,371.254,1.207849e-13,"No issues","No issues","No issues","No issues"
16,160,2025-05-12,2025-05-12 14:34:00,2025-05-12 14:37:40,2025-05-12 14:30:30,23,0.355213280632157,-13668.0761739131,-2.21442916231226e-26,0.796160858087647,0.995988562842202,0.513246490640179,1.06650610185249e-08,1.17790135452983e-26,0.0979291883765585,0.000137989223411109,0.665951815346952,4.49804098094738e-29,1.990319,405.5519,1.207849e-13,1.991447,405.5519,1.207849e-13,1.990319,369.8403,1.207849e-13,"No issues","No issues","No issues","No issues"
17,170,2025-05-12,2025-05-12 14:41:20,2025-05-12 14:45:00,2025-05-12 14:37:50,23,0.277180079051442,358.486577075044,-2.21442916231226e-26,0.756169191447017,0.475359140013683,0.513246490640179,7.15939976347933e-08,0.000273380369725455,0.0979291883765585,0.000120839636440271,0.289138301753364,4.49804098094738e-29,1.989897,433.7988,1.207849e-13,1.991019,435.0542,1.207849e-13,1.989897,433.2081,1.207849e-13,"No issues","No issues","No issues","No issues"
18,180,2025-05-12,2025-05-12 14:48:40,2025-05-12 14:52:20,2025-05-12 14:45:10,23,0.377649960474186,-12949.8505612649,-2.21442916231226e-26,0.902567427916027,0.997835484231576,0.513246490640179,4.33809415072151e-12,1.80875474785804e-29,0.0979291883765585,9.52608154451486e-05,0.463050393468447,4.49804098094738e-29,1.990383,404.7771,1.207849e-13,1.991309,404.7771,1.207849e-13,1.990346,371.5015,1.207849e-13,"No issues","No issues","No issues","No issues"
19,190,2025-05-12,2025-05-12 14:56:00,2025-05-12 14:59:40,2025-05-12 14:52:30,23,0.963957628458398,-8882.42286166011,-2.21442916231226e-26,0.978179243714241,0.993775963470502,0.513246490640179,6.28297824852404e-19,1.18756435558235e-24,0.0979291883765585,0.000110534084388715,0.539679426959594,4.49804098094738e-29,1.992198,415.4531,1.207849e-13,1.994765,415.4531,1.207849e-13,1.992198,392.0374,1.207849e-13,"No issues","No issues","No issues","No issues"
20,200,2025-05-12,2025-05-12 15:03:20,2025-05-12 15:07:00,2025-05-12 14:59:50,23,0.357612332015695,854.088758893296,-2.21442916231226e-26,0.00466807807182754,0.00386030164368214,0.513246490640179,0.756746170671812,0.778229901354325,0.0979291883765585,0.004009036345038,10.5333157963847,4.49804098094738e-29,1.991334,433.14,1.207849e-13,2.006016,470.3685,1.207849e-13,1.990933,431.9669,1.207849e-13,"No issues","No issues","No issues","No issues"
21,210,2025-05-12,2025-05-12 15:10:40,2025-05-12 15:14:20,2025-05-12 15:07:10,23,0.0887222134385318,164.883984189703,-2.21442916231226e-26,0.253842536486332,0.0653746195309384,0.513246490640179,0.0142401243413864,0.238980707589741,0.0979291883765585,0.000116782564549247,0.478635896849449,4.49804098094738e-29,1.992761,434.1029,1.207849e-13,1.99333,435.5365,1.207849e-13,1.992718,433.6943,1.207849e-13,"No issues","No issues","No issues","No issues"
22,220,2025-05-12,2025-05-12 15:18:00,2025-05-12 15:21:40,2025-05-12 15:14:30,23,0.130035415019571,-15079.5729960475,-2.21442916231226e-26,0.440467117667662,0.994727816323364,0.513246490640179,0.000555078430830058,2.07783290626566e-25,0.0979291883765585,0.0001125201505697,0.842839293619206,4.49804098094738e-29,1.991916,405.8246,1.207849e-13,1.992484,405.8246,1.207849e-13,1.991916,366.9066,1.207849e-13,"No issues","No issues","No issues","No issues"
23,230,2025-05-12,2025-05-12 15:25:20,2025-05-12 15:29:00,2025-05-12 15:21:50,23,0.0429182608694921,406.634940711438,-2.21442916231226e-26,0.0204433969651714,0.0570728935877022,0.513246490640179,0.515157925091606,0.272282708701417,0.0979291883765585,0.000228083016632934,1.26894092300697,4.49804098094738e-29,1.990932,428.0303,1.207849e-13,1.991739,431.9614,1.207849e-13,1.990723,426.8295,1.207849e-13,"No issues","No issues","No issues","No issues"
24,240,2025-05-12,2025-05-12 15:32:40,2025-05-12 15:36:20,2025-05-12 15:29:10,23,0.0707079841897557,-706.553928853782,-2.21442916231226e-26,0.147614191879062,0.540386549455301,0.513246490640179,0.0702909791804347,6.44978169355554e-05,0.0979291883765585,0.000130447301770746,0.500267178912712,4.49804098094738e-29,1.990643,430.0662,1.207849e-13,1.990993,431.1833,1.207849e-13,1.990396,428.2838,1.207849e-13,"No issues","No issues","No issues","No issues"
25,10,2025-05-12,2025-05-12 15:40:00,2025-05-12 15:43:40,2025-05-12 15:36:30,23,0.147008063240736,-8167.54396837945,-2.21442916231226e-26,0.549573619683212,0.990963293844244,0.513246490640179,5.17983701639312e-05,5.96441779040332e-23,0.0979291883765585,0.00010217689992258,0.598798044130264,4.49804098094738e-29,1.991136,407.0094,1.207849e-13,1.991719,407.0094,1.207849e-13,1.991136,386.873,1.207849e-13,"No issues","No issues","No issues","No issues"
26,20,2025-05-12,2025-05-12 15:47:20,2025-05-12 15:51:00,2025-05-12 15:43:50,23,0.095594940711233,-8528.03857707513,-2.21442916231226e-26,0.215804857277644,0.992586013811254,0.513246490640179,0.0255320492617831,7.45900317018871e-24,0.0979291883765585,0.000139903625870517,0.56585292168326,4.49804098094738e-29,1.991567,411.9678,1.207849e-13,1.991921,411.9678,1.207849e-13,1.991298,391.2804,1.207849e-13,"No issues","No issues","No issues","No issues"
27,30,2025-05-12,2025-05-12 15:54:40,2025-05-12 15:58:20,2025-05-12 15:51:10,23,0.161009644268688,20.8956521739615,-2.21442916231226e-26,0.560265787763582,0.000897893642566539,0.513246490640179,3.99162488573045e-05,0.892040674403611,0.0979291883765585,0.00010951221485267,0.535132115045384,4.49804098094738e-29,1.991627,429.5835,1.207849e-13,1.992031,431.3354,1.207849e-13,1.991411,428.7359,1.207849e-13,"No issues","No issues","No issues","No issues"
28,40,2025-05-12,2025-05-12 16:02:00,2025-05-12 16:05:40,2025-05-12 15:58:30,23,0.199693280632423,-6681.82169169964,-2.21442916231226e-26,0.595138010570406,0.989949300037479,0.513246490640179,1.63305147790273e-05,1.8227429861165e-22,0.0979291883765585,0.000126450545010269,0.516891220430338,4.49804098094738e-29,1.991979,416.8295,1.207849e-13,1.992755,416.8295,1.207849e-13,1.991979,399.7509,1.207849e-13,"No issues","No issues","No issues","No issues"
29,50,2025-05-12,2025-05-12 16:09:20,2025-05-12 16:13:00,2025-05-12 16:05:50,23,0.153991778655985,-0.580553359694012,-2.21442916231226e-26,0.419084149453329,7.90257746725197e-07,0.513246490640179,0.000840271308642274,0.9967880795595,0.0979291883765585,0.0001391925934209,0.501383671142432,4.49804098094738e-29,1.991411,431.6085,1.207849e-13,1.992067,432.0058,1.207849e-13,1.99127,430.1347,1.207849e-13,"No issues","No issues","No issues","No issues"
30,60,2025-05-12,2025-05-12 16:16:40,2025-05-12 16:20:20,2025-05-12 16:13:10,23,0.233783715414893,37.1921264821986,-2.21442916231226e-26,0.731075987513445,0.00383301120090903,0.513246490640179,2.03273866996894e-07,0.778996238649526,0.0979291883765585,0.00010885800819311,0.460319777520448,4.49804098094738e-29,1.991657,433.5984,1.207849e-13,1.992196,434.168,1.207849e-13,1.991389,432.0557,1.207849e-13,"No issues","No issues","No issues","No issues"
31,70,2025-05-12,2025-05-12 16:24:00,2025-05-12 16:27:40,2025-05-12 16:20:30,23,0.539342608695651,-6793.88727272726,-2.21442916231226e-26,0.890040904011412,0.99500791132266,0.513246490640179,1.55445911281957e-11,1.17116556351898e-25,0.0979291883765585,0.0001455418612113,0.369452671357942,4.49804098094738e-29,1.99283,416.6597,1.207849e-13,1.994587,416.6597,1.207849e-13,1.99283,399.3469,1.207849e-13,"No issues","No issues","No issues","No issues"
32,80,2025-05-12,2025-05-12 16:31:20,2025-05-12 16:35:00,2025-05-12 16:27:50,23,0.0585163636361655,701.889865612651,-2.21442916231226e-26,0.107253084362131,0.479342152594119,0.513246490640179,0.127147083328255,0.000251465438554548,0.0979291883765585,0.000129613193096691,0.561610172870941,4.49804098094738e-29,1.992151,425.8152,1.207849e-13,1.992561,428.7334,1.207849e-13,1.992024,425.8152,1.207849e-13,"No issues","No issues","No issues","No issues"
33,90,2025-05-12,2025-05-12 16:38:40,2025-05-12 16:42:20,2025-05-12 16:35:10,23,-0.171715731225263,19.0865454545024,-2.21442916231226e-26,0.467278387525077,0.00068226053785521,0.513246490640179,0.000323312289036903,0.90582861872816,0.0979291883765585,0.000140761857856624,0.560811097485653,4.49804098094738e-29,1.991787,432.1545,1.207849e-13,1.992019,433.4402,1.207849e-13,1.991268,431.5374,1.207849e-13,"No issues","No issues","No issues","No issues"
34,100,2025-05-12,2025-05-12 16:46:00,2025-05-12 16:49:40,2025-05-12 16:42:30,23,0.0698200790516179,406.495778656108,-2.21442916231226e-26,0.142389073065748,0.500840922681946,0.513246490640179,0.0758890898562879,0.000158517816380791,0.0979291883765585,0.000131552696190093,0.311557506117343,4.49804098094738e-29,1.991375,433.9995,1.207849e-13,1.991799,435.3221,1.207849e-13,1.991172,433.682,1.207849e-13,"No issues","No issues","No issues","No issues"
35,110,2025-05-12,2025-05-12 16:53:20,2025-05-12 16:57:00,2025-05-12 16:49:50,23,-0.0926494861661651,423.506845849813,-2.21442916231226e-26,0.150361109545115,0.0276924387862981,0.513246490640179,0.0675141909743975,0.447920952840044,0.0979291883765585,0.000169084984291025,1.92661199593132,4.49804098094738e-29,1.991578,436.9584,1.207849e-13,1.991965,439.7727,1.207849e-13,1.991141,432.9115,1.207849e-13,"No issues","No issues","No issues","No issues"
36,120,2025-05-12,2025-05-12 17:00:40,2025-05-12 17:04:20,2025-05-12 16:57:10,23,0.057295494071097,909.027889328062,-2.21442916231226e-26,0.126346409552519,0.251070479844387,0.513246490640179,0.0960135383219502,0.0148683786107673,0.0979291883765585,0.000115670135719229,1.20534800067818,4.49804098094738e-29,1.992242,432.3472,1.207849e-13,1.992386,437.1295,1.207849e-13,1.99189,432.271,1.207849e-13,"No issues","No issues","No issues","No issues"
37,130,2025-05-12,2025-05-12 17:08:00,2025-05-12 17:11:40,2025-05-12 17:04:30,23,0.261829565217262,-550.809391304363,-2.21442916231226e-26,0.802177538874591,0.571764691794374,0.513246490640179,7.76018989600598e-09,2.99570473127965e-05,0.0979291883765585,9.98237387998385e-05,0.365970855989705,4.49804098094738e-29,1.992477,436.1478,1.207849e-13,1.993181,436.3984,1.207849e-13,1.99243,434.2974,1.207849e-13,"No issues","No issues","No issues","No issues"
38,140,2025-05-12,2025-05-12 17:15:20,2025-05-12 17:19:00,2025-05-12 17:11:50,23,0.221907984189446,569.20012648217,-2.21442916231226e-26,0.674946773856176,0.575122712451,0.513246490640179,1.54117772396362e-06,2.75104426078627e-05,0.0979291883765585,0.000118230084926107,0.375603025758966,4.49804098094738e-29,1.994313,435.7462,1.207849e-13,1.994913,437.0035,1.207849e-13,1.994071,434.6938,1.207849e-13,"No issues","No issues","No issues","No issues"
39,150,2025-05-12,2025-05-12 17:22:40,2025-05-12 17:26:20,2025-05-12 17:19:10,23,0.20328758893267,150.374418972396,-2.21442916231226e-26,0.661287994172823,0.0578594502492437,0.513246490640179,2.39587076823027e-06,0.268904380160694,0.0979291883765585,0.000111697495934476,0.465861965568805,4.49804098094738e-29,1.994738,435.9016,1.207849e-13,1.995421,437.1649,1.207849e-13,1.994738,434.6049,1.207849e-13,"No issues","No issues","No issues","No issues"
40,160,2025-05-12,2025-05-12 17:30:00,2025-05-12 17:33:40,2025-05-12 17:26:30,23,0.203893754940763,11.7109565217351,-2.21442916231226e-26,0.691711229118911,0.000414969007029527,0.513246490640179,8.74343158799448e-07,0.926494666534803,0.0979291883765585,0.000104504011077723,0.441272644636547,4.49804098094738e-29,1.995511,437.2607,1.207849e-13,1.996256,438.3395,1.207849e-13,1.995511,436.7567,1.207849e-13,"No issues","No issues","No issues","No issues"
41,170,2025-05-12,2025-05-12 17:37:20,2025-05-12 17:41:00,2025-05-12 17:33:50,23,0.0500385770752422,662.856189723337,-2.21442916231226e-26,0.148299293125607,0.626436504355046,0.513246490640179,0.0695880260623399,6.86100865603876e-06,0.0979291883765585,9.20643540753184e-05,0.392984660229072,4.49804098094738e-29,1.995741,436.3764,1.207849e-13,1.996117,437.9862,1.207849e-13,1.995648,435.4193,1.207849e-13,"No issues","No issues","No issues","No issues"
42,180,2025-05-12,2025-05-12 17:44:40,2025-05-12 17:48:20,2025-05-12 17:41:10,23,0.167207905138291,528.622007905121,-2.21442916231226e-26,0.452100991654163,0.552426681622842,0.513246490640179,0.000440330464917443,4.83470066592664e-05,0.0979291883765585,0.000141319446897758,0.365302468440347,4.49804098094738e-29,1.995326,434.7781,1.207849e-13,1.995846,437.001,1.207849e-13,1.995174,434.7781,1.207849e-13,"No issues","No issues","No issues","No issues"
43,190,2025-05-12,2025-05-12 17:52:00,2025-05-12 17:55:40,2025-05-12 17:48:30,23,0.79287367588923,474.953264822118,-2.21442916231226e-26,0.968418268238591,0.355983680802785,0.513246490640179,3.06262804975558e-17,0.00265387550911491,0.0979291883765585,0.000109926671609393,0.490452400697178,4.49804098094738e-29,1.995573,433.3544,1.207849e-13,1.99776,436.0654,1.207849e-13,1.995573,433.3544,1.207849e-13,"No issues","No issues","No issues","No issues"
44,200,2025-05-12,2025-05-12 17:59:20,2025-05-12 18:03:00,2025-05-12 17:55:50,23,0.0597969960473136,-537.758893280628,-2.21442916231226e-26,0.0701361654548627,0.207504200357388,0.513246490640179,0.222004984191757,0.028937789243922,0.0979291883765585,0.000167159334160784,0.806835940307887,4.49804098094738e-29,1.994982,435.0967,1.207849e-13,1.9953,437.1662,1.207849e-13,1.994703,433.7977,1.207849e-13,"No issues","No issues","No issues","No issues"
45,210,2025-05-12,2025-05-12 18:06:40,2025-05-12 18:10:20,2025-05-12 18:03:10,23,0.071954466403346,507.954308300386,-2.21442916231226e-26,0.195713065347508,0.682877266792193,0.513246490640179,0.0345317121973675,1.18298597426614e-06,0.0979291883765585,0.00011198657181417,0.265753874142682,4.49804098094738e-29,1.995308,435.9862,1.207849e-13,1.995533,437.5573,1.207849e-13,1.995032,435.681,1.207849e-13,"No issues","No issues","No issues","No issues"
46,220,2025-05-12,2025-05-12 18:14:00,2025-05-12 18:17:40,2025-05-12 18:10:30,23,0.237881739130285,1894.95007114625,-2.21442916231226e-26,0.732919168162082,0.852338168240077,0.513246490640179,1.88900630353397e-07,3.50312508865229e-10,0.0979291883765585,0.000110247061009667,0.605533987949439,4.49804098094738e-29,1.995694,436.76,1.207849e-13,1.996265,441.6995,1.207849e-13,1.99538,436.7343,1.207849e-13,"No issues","No issues","No issues","No issues"
47,230,2025-05-12,2025-05-12 18:21:20,2025-05-12 18:25:00,2025-05-12 18:17:50,23,0.0894137549406533,-374.65840316207,-2.21442916231226e-26,0.0686882736481142,0.0146277982829865,0.513246490640179,0.227017773353904,0.582516802486089,0.0979291883765585,0.000252768623987791,2.36079754717168,4.49804098094738e-29,1.994902,444.3488,1.207849e-13,1.995836,445.6618,1.207849e-13,1.994902,436.5465,1.207849e-13,"No issues","No issues","No issues","No issues"
48,240,2025-05-12,2025-05-12 18:28:40,2025-05-12 18:32:20,2025-05-12 18:25:10,23,0.11750229248998,-1513.36771541502,-2.21442916231226e-26,0.168368359170887,0.126992226825235,0.513246490640179,0.0518056891499866,0.0951081705087353,0.0979291883765585,0.000200490684268525,3.04633420377191,4.49804098094738e-29,1.996196,436.6287,1.207849e-13,1.996585,445.1661,1.207849e-13,1.995677,433.5845,1.207849e-13,"No issues","No issues","No issues","No issues"
49,10,2025-05-12,2025-05-12 18:36:00,2025-05-12 18:39:40,2025-05-12 18:32:30,23,0.105737549407016,2486.01059288535,-2.21442916231226e-26,0.342537844940818,0.968704910741147,0.513246490640179,0.00334891770613711,2.78264876747098e-17,0.0979291883765585,0.000112466436726356,0.343050389856451,4.49804098094738e-29,1.99652,441.0085,1.207849e-13,1.996962,447.5473,1.207849e-13,1.996416,441.0085,1.207849e-13,"No issues","No issues","No issues","No issues"
50,20,2025-05-12,2025-05-12 18:43:20,2025-05-12 18:47:00,2025-05-12 18:39:50,23,0.107846324110796,2226.73546245058,-2.21442916231226e-26,0.317990626145935,0.946264693981744,0.513246490640179,0.00507082084824909,8.20949900963734e-15,0.0979291883765585,0.000121256758908582,0.407384748867896,4.49804098094738e-29,1.996965,442.0229,1.207849e-13,1.997346,447.9295,1.207849e-13,1.996859,441.9739,1.207849e-13,"No issues","No issues","No issues","No issues"
51,30,2025-05-12,2025-05-12 18:50:40,2025-05-12 18:54:20,2025-05-12 18:47:10,23,0.0597286956517649,436.483067193677,-2.21442916231226e-26,0.154252480821494,0.274026263102111,0.513246490640179,0.0637651343518007,0.0103644329247044,0.0979291883765585,0.00010737419332104,0.545436700828178,4.49804098094738e-29,1.997451,439.0764,1.207849e-13,1.997608,440.7947,1.207849e-13,1.997095,437.8033,1.207849e-13,"No issues","No issues","No issues","No issues"
52,40,2025-05-12,2025-05-12 18:58:00,2025-05-12 19:01:40,2025-05-12 18:54:30,23,0.233963003952263,2433.8248221344,-2.21442916231226e-26,0.75068216806421,0.938917714327873,0.513246490640179,9.07332239284711e-08,3.1640126534837e-14,0.0979291883765585,0.000103516220160661,0.476590943474195,4.49804098094738e-29,1.997946,441.9785,1.207849e-13,1.998822,449.7494,1.207849e-13,1.997946,441.9785,1.207849e-13,"No issues","No issues","No issues","No issues"
53,50,2025-05-12,2025-05-12 19:05:20,2025-05-12 19:09:00,2025-05-12 19:01:50,23,0.0348246640313226,834.86390513831,-2.21442916231226e-26,0.0364311203250693,0.608205330872426,0.513246490640179,0.382995422803503,1.14625324488071e-05,0.0979291883765585,0.000137500618036846,0.514437277080279,4.49804098094738e-29,1.998746,438.6728,1.207849e-13,1.998983,440.5971,1.207849e-13,1.998457,437.132,1.207849e-13,"No issues","No issues","No issues","No issues"
54,60,2025-05-12,2025-05-12 19:12:40,2025-05-12 19:16:20,2025-05-12 19:09:10,23,0.0951168379445445,566.032695652151,-2.21442916231226e-26,0.228494119550401,0.438325599845172,0.513246490640179,0.0210541765597863,0.000578978600644141,0.0979291883765585,0.000134184424051402,0.49192399942453,4.49804098094738e-29,1.999423,439.0063,1.207849e-13,1.999868,441.0401,1.207849e-13,1.999354,438.7886,1.207849e-13,"No issues","No issues","No issues","No issues"
55,70,2025-05-12,2025-05-12 19:20:00,2025-05-12 19:23:40,2025-05-12 19:16:30,23,0.265227509881202,3697.675826087,-2.21442916231226e-26,0.746325557299955,0.973459740019126,0.513246490640179,1.09115821596561e-07,4.92032821213826e-18,0.0979291883765585,0.000118714936393895,0.468743241292184,4.49804098094738e-29,1.999818,446.6794,1.207849e-13,2.000796,457.1978,1.207849e-13,1.999818,446.6794,1.207849e-13,"No issues","No issues","No issues","No issues"
56,80,2025-05-12,2025-05-12 19:27:20,2025-05-12 19:31:00,2025-05-12 19:23:50,23,-0.011081739130671,732.292932806305,-2.21442916231226e-26,0.00522229711243865,0.064309316455035,0.513246490640179,0.743157719889005,0.242978432744782,0.0979291883765585,0.000117422886250787,2.14450293306782,4.49804098094738e-29,1.999621,447.6041,1.207849e-13,1.999989,450.2782,1.207849e-13,1.99953,440.9954,1.207849e-13,"No issues","No issues","No issues","No issues"
57,90,2025-05-12,2025-05-12 19:34:40,2025-05-12 19:38:20,2025-05-12 19:31:10,23,-0.205140237154418,1582.09754940707,-2.21442916231226e-26,0.535875377689329,0.22890869909135,0.513246490640179,7.17218600819681e-05,0.0209213026606736,0.0979291883765585,0.000146571270407479,2.22929533282263,4.49804098094738e-29,2.000043,446.787,1.207849e-13,2.000043,454.0968,1.207849e-13,1.999307,445.3914,1.207849e-13,"No issues","No issues","No issues","No issues"
58,100,2025-05-12,2025-05-12 19:42:00,2025-05-12 19:45:40,2025-05-12 19:38:30,23,-0.00590798418978449,628.360221343858,-2.21442916231226e-26,0.00129806776396962,0.570045522554741,0.513246490640179,0.870357552965711,3.12849632763676e-05,0.0979291883765585,0.00012581174407653,0.418965004303144,4.49804098094738e-29,1.999957,445.9937,1.207849e-13,2.000123,447.7164,1.207849e-13,1.999691,445.4514,1.207849e-13,"No issues","No issues","No issues","No issues"
59,110,2025-05-12,2025-05-12 19:49:20,2025-05-12 19:53:00,2025-05-12 19:45:50,23,0.00294545454504821,734.052521739119,-2.21442916231226e-26,0.000129178665276589,0.0262016151424856,0.513246490640179,0.958951315027062,0.460579343249445,0.0979291883765585,0.000198948867700055,3.43566035928081,4.49804098094738e-29,1.99983,443.9886,1.207849e-13,2.000179,460.9648,1.207849e-13,1.999393,443.9886,1.207849e-13,"No issues","No issues","No issues","No issues"
60,120,2025-05-12,2025-05-12 19:56:40,2025-05-12 20:00:20,2025-05-12 19:53:10,23,-0.0593103557312991,1646.95048221345,-2.21442916231226e-26,0.0214176941078876,0.0786292520231943,0.513246490640179,0.505205710482222,0.194980320442641,0.0979291883765585,0.000307790668042772,4.32830917541187,4.49804098094738e-29,1.999545,444.295,1.207849e-13,2.000458,452.7386,1.207849e-13,1.999347,436.1636,1.207849e-13,"No issues","No issues","No issues","No issues"
61,130,2025-05-12,2025-05-12 20:04:00,2025-05-12 20:07:40,2025-05-12 20:00:30,23,0.112712727272733,2532.46339920943,-2.21442916231226e-26,0.30370500554366,0.956557772998922,0.513246490640179,0.0064206861405819,8.76051594393458e-16,0.0979291883765585,0.000131025617699624,0.414339379069674,4.49804098094738e-29,2.000095,443.4615,1.207849e-13,2.000752,450.6329,1.207849e-13,2.000095,443.4615,1.207849e-13,"No issues","No issues","No issues","No issues"
62,140,2025-05-12,2025-05-12 20:11:20,2025-05-12 20:15:00,2025-05-12 20:07:50,23,0.203355889327898,867.134134387276,-2.21442916231226e-26,0.621574217420159,0.57595192069322,0.513246490640179,7.88568350078312e-06,2.69350558799748e-05,0.0979291883765585,0.000121818490331739,0.571233032008961,4.49804098094738e-29,2.001386,443.6848,1.207849e-13,2.002087,446.0149,1.207849e-13,2.001349,442.9362,1.207849e-13,"No issues","No issues","No issues","No issues"
63,150,2025-05-12,2025-05-12 20:18:40,2025-05-12 20:22:20,2025-05-12 20:15:10,23,0.147878893280675,3059.13030830036,-2.21442916231226e-26,0.423980672972172,0.977051931041378,0.513246490640179,0.00076509204622443,1.06683051741845e-18,0.0979291883765585,0.000132331819908266,0.359935615449901,4.49804098094738e-29,2.000894,449.1157,1.207849e-13,2.001569,456.5834,1.207849e-13,2.000894,448.9966,1.207849e-13,"No issues","No issues","No issues","No issues"
64,160,2025-05-12,2025-05-12 20:26:00,2025-05-12 20:29:40,2025-05-12 20:22:30,23,0.160224189723151,2413.31079841893,-2.21442916231226e-26,0.592169959606697,0.935211802766668,0.513246490640179,1.76706627942366e-05,5.88321603500739e-14,0.0979291883765585,0.00010208386390089,0.48766188175944,4.49804098094738e-29,2.001224,443.8771,1.207849e-13,2.001807,449.1064,1.207849e-13,2.00122,443.3028,1.207849e-13,"No issues","No issues","No issues","No issues"
65,170,2025-05-12,2025-05-12 20:33:20,2025-05-12 20:37:00,2025-05-12 20:29:50,23,0.046802845849322,619.714245059284,-2.21442916231226e-26,0.0624983633138448,0.525863123478619,0.513246490640179,0.249952313142737,9.0468387550777e-05,0.0979291883765585,0.00013916709188553,0.451772284132563,4.49804098094738e-29,2.001267,444.636,1.207849e-13,2.001369,446.5636,1.207849e-13,2.000843,443.4856,1.207849e-13,"No issues","No issues","No issues","No issues"
66,180,2025-05-12,2025-05-12 20:40:40,2025-05-12 20:44:20,2025-05-12 20:37:10,23,0.167421343873494,3679.32265612643,-2.21442916231226e-26,0.69036901649875,0.973359812495027,0.513246490640179,9.15936140053697e-07,5.11860340858344e-18,0.0979291883765585,8.60805393463305e-05,0.467317885998991,4.49804098094738e-29,2.001275,450.6974,1.207849e-13,2.001885,460.3156,1.207849e-13,2.001275,450.6974,1.207849e-13,"No issues","No issues","No issues","No issues"
67,190,2025-05-12,2025-05-12 20:48:00,2025-05-12 20:51:40,2025-05-12 20:44:30,23,0.570035098814232,2569.39854545451,-2.21442916231226e-26,0.944796589660506,0.953584882576274,0.513246490640179,1.09028004071924e-14,1.75789141143298e-15,0.0979291883765585,0.00010578594956294,0.435205241955401,4.49804098094738e-29,2.002654,442.1526,1.207849e-13,2.004362,449.6103,1.207849e-13,2.002654,442.0428,1.207849e-13,"No issues","No issues","No issues","No issues"
68,200,2025-05-12,2025-05-12 20:55:20,2025-05-12 20:59:00,2025-05-12 20:51:50,23,-0.115111778656216,-216.85802371544,-2.21442916231226e-26,0.353361398830295,0.0109783006714763,0.513246490640179,0.0027779145828672,0.634227131146043,0.0979291883765585,0.000119551112175521,1.58024142004071,4.49804098094738e-29,2.00151,439.1941,1.207849e-13,2.001574,440.6191,1.207849e-13,2.001028,434.9413,1.207849e-13,"No issues","No issues","No issues","No issues"
69,210,2025-05-12,2025-05-12 21:02:40,2025-05-12 21:06:20,2025-05-12 20:59:10,23,0.00448221343846295,430.752664031591,-2.21442916231226e-26,0.00110852355739181,0.28032519036952,0.513246490640179,0.880124324384086,0.00937427741305721,0.0979291883765585,0.00010329797772999,0.529880156300298,4.49804098094738e-29,2.001065,437.6494,1.207849e-13,2.00133,439.4476,1.207849e-13,2.00097,437.0084,1.207849e-13,"No issues","No issues","No issues","No issues"
70,220,2025-05-12,2025-05-12 21:10:00,2025-05-12 21:13:40,2025-05-12 21:06:30,23,0.123307826087165,3084.51073517778,-2.21442916231226e-26,0.258952044670523,0.956752468966059,0.513246490640179,0.0131471475452558,8.35615478063609e-16,0.0979291883765585,0.000160146230731372,0.503477127252357,4.49804098094738e-29,2.001001,446.6419,1.207849e-13,2.001749,454.2765,1.207849e-13,2.001001,445.8599,1.207849e-13,"No issues","No issues","No issues","No issues"
71,230,2025-05-12,2025-05-12 21:17:20,2025-05-12 21:21:00,2025-05-12 21:13:50,23,0.138453438734923,4149.24218181821,-2.21442916231226e-26,0.245392154577637,0.584876471814943,0.513246490640179,0.0162378842261332,2.14004530669998e-05,0.0979291883765585,0.000186400324299202,2.68372479701075,4.49804098094738e-29,2.000852,435.464,1.207849e-13,2.001257,446.8919,1.207849e-13,2.000408,433.8102,1.207849e-13,"No issues","No issues","No issues","No issues"
72,240,2025-05-12,2025-05-12 21:24:40,2025-05-12 21:28:20,2025-05-12 21:21:10,23,-0.183079209486341,1659.61166798423,-2.21442916231226e-26,0.439240390371101,0.290368497628077,0.513246490640179,0.000568655846464761,0.00797682330454106,0.0979291883765585,0.000158814024832773,1.99186898728178,4.49804098094738e-29,2.000635,436.4437,1.207849e-13,2.000817,443.9464,1.207849e-13,1.999957,436.4437,1.207849e-13,"No issues","No issues","No issues","No issues"
73,10,2025-05-12,2025-05-12 21:32:00,2025-05-12 21:35:40,2025-05-12 21:28:30,23,0.0444550197626779,3092.29441897233,-2.21442916231226e-26,0.0720909127280388,0.961224447802019,0.513246490640179,0.215433890773638,2.65063532947359e-16,0.0979291883765585,0.00012244635325752,0.476826105073671,4.49804098094738e-29,1.999999,442.777,1.207849e-13,2.000068,450.0146,1.207849e-13,1.999547,442.3985,1.207849e-13,"No issues","No issues","No issues","No issues"
197,120,2025-05-17,2025-05-17 13:49:40,2025-05-17 13:53:20,2025-05-17 13:40:40,23,-0.427637312253079,-624.01033992099,-81.3543083004346,0.347269259917303,0.430441175642135,0.0164597811902396,0.00308710584288685,0.000675356437813384,0.559629645737057,0.000450113511060173,0.551082690206133,0.48281103289857,1.993826,423.5132,350.5157,1.994742,423.9396,350.8407,1.992547,421.7099,349.1549,"No issues","No issues","No issues","No issues"
198,130,2025-05-17,2025-05-17 13:57:00,2025-05-17 14:00:40,2025-05-17 13:53:40,23,-4.44206988142334,-4094.75810276679,-140.044837944692,0.401202204102704,0.653850691688119,0.0951958897915312,0.00117638450677767,3.02460788474325e-06,0.152028336841865,0.00416635645628335,2.28735349490654,0.331472790738813,2.012645,425.823,350.8884,2.014881,433.1844,351.1684,1.994848,417.8593,349.6131,"No issues","No issues","No issues","No issues"
199,140,2025-05-17,2025-05-17 14:04:20,2025-05-17 14:08:00,2025-05-17 14:01:00,23,1.11647241106723,-863.729359683795,308.412996047425,0.386134498121646,0.197828704443257,0.209539382768733,0.00155150056320634,0.0334569709196136,0.0280646881862251,0.00108075661695739,1.33530102786317,0.459888505017436,1.997162,422.4344,350.6233,2.002853,422.5336,352.0312,1.997162,417.3662,349.423,"No issues","No issues","No issues","No issues"
200,150,2025-05-17,2025-05-17 14:11:40,2025-05-17 14:15:20,2025-05-17 14:08:20,23,0.815856758893042,-3250.34067984188,861.224442687747,0.935023724887287,0.966788027826802,0.667107282691779,6.0655903292647e-14,5.19929018419242e-17,1.98958265871106e-06,0.00016511730885406,0.462512186172201,0.467071372068038,2.004865,415.9161,351.9218,2.006469,415.9161,354.8353,2.00458,407.4988,351.6708,"No issues","No issues","No issues","No issues"
201,160,2025-05-17,2025-05-17 14:19:00,2025-05-17 14:22:40,2025-05-17 14:15:40,23,-1.61051478260903,-3360.29150988138,609.835446640334,0.973108143455106,0.960640979311157,0.538070734102338,5.65040377843097e-18,3.10153058722434e-16,6.81187610995914e-05,0.000205545110700384,0.522193110789203,0.433803761395545,2.002356,421.176,353.0055,2.002884,421.176,354.4308,1.998815,412.0977,352.2687,"No issues","No issues","No issues","No issues"
202,170,2025-05-17,2025-05-17 14:26:20,2025-05-17 14:30:00,2025-05-17 14:23:00,23,-0.922823715414938,-1617.58301976282,452.296316205533,0.898427502705239,0.646272633906104,0.346845773925243,6.72912387966317e-12,3.81634629062651e-06,0.00310974198354621,0.000238219818092922,0.918767495358379,0.476513614381689,1.997426,431.2243,352.4873,1.997426,431.2243,354.3499,1.994981,424.2536,352.1622,"No issues","No issues","No issues","No issues"
203,180,2025-05-17,2025-05-17 14:33:40,2025-05-17 14:37:20,2025-05-17 14:30:20,23,-0.658996363636215,-5199.28904347825,-79.7031462450766,0.790485951769343,0.974134468637014,0.0132243864917804,1.42748978883673e-08,3.75342217383337e-18,0.601328479183643,0.000260468440618582,0.650440843845275,0.528578505233822,1.9951,417.0904,352.722,1.995684,417.0904,353.5775,1.993846,403.5938,351.4115,"No issues","No issues","No issues","No issues"
204,190,2025-05-17,2025-05-17 14:41:00,2025-05-17 14:44:40,2025-05-17 14:37:40,23,1.72465328063219,-2591.20942292488,-24.9603794466324,0.948928794185097,0.947703402229528,0.00179539637474607,4.8071052318263e-15,6.16965201374879e-15,0.847771209612637,0.000307174838105643,0.467321334578839,0.451849068409013,1.993245,418.1376,353.2149,1.997843,418.1376,353.5172,1.993245,411.8556,351.725,"No issues","No issues","No issues","No issues"
205,200,2025-05-17,2025-05-17 14:48:20,2025-05-17 14:52:00,2025-05-17 14:45:00,23,-1.38875193675887,-421.515889328104,1617.13821343868,0.930731147418907,0.111616290082654,0.887396701901602,1.18988184685018e-13,0.119222165274444,1.99766724574251e-11,0.00029086679545171,0.912983749843816,0.442258700873184,2.000465,426.2488,354.7892,2.000592,429.3137,359.0353,1.997049,425.4948,354.4845,"No issues","No issues","No issues","No issues"
206,210,2025-05-17,2025-05-17 14:55:40,2025-05-17 14:59:20,2025-05-17 14:52:20,23,0.0537353359683024,-782.257233201598,-139.932142292542,0.00710108198173295,0.632316639914282,0.058750161804889,0.702254646413387,5.7844438980263e-06,0.265138281265129,0.000487823614480882,0.457964554558628,0.430009452657104,1.996454,426.4183,352.9417,1.996454,426.8467,353.5739,1.994865,424.2055,351.8144,"No issues","No issues","No issues","No issues"
207,220,2025-05-17,2025-05-17 15:03:00,2025-05-17 15:06:40,2025-05-17 14:59:40,23,0.504637470355665,-4648.62564426884,-149.530909090902,0.766195170956386,0.977043118693268,0.0447181603050735,4.57989984452682e-08,1.07114437693702e-18,0.332736713526275,0.000214017419665396,0.547062251673147,0.530600147099494,1.997291,419.1608,352.4457,1.99912,419.1608,353.776,1.997291,407.9718,351.7034,"No issues","No issues","No issues","No issues"
208,230,2025-05-17,2025-05-17 15:10:20,2025-05-17 15:14:00,2025-05-17 15:07:00,23,0.855129486165918,124.228173913045,58.6896758893302,0.71907581918035,0.0170215480227555,0.0130797713367535,3.23853662803298e-07,0.552947944720537,0.603337327907699,0.000410347410172765,0.724778277940164,0.391394984790091,2.002038,425.3658,352.374,2.00469,427.4719,353.4702,2.002038,424.5778,352.0615,"No issues","No issues","No issues","No issues"
209,240,2025-05-17,2025-05-17 15:17:40,2025-05-17 15:21:20,2025-05-17 15:14:20,23,-2.02473106719379,536.772806324088,52.2199209485952,0.757733943738632,0.225446878076284,0.00169055264969841,6.68525847176628e-08,0.0220557217552956,0.852233945704009,0.000878957459046453,0.763847379470237,0.974242443435104,2.005649,425.7553,352.2756,2.006993,429.0457,355.9067,2.001365,425.7553,350.9477,"No issues","No issues","No issues","No issues"
210,10,2025-05-17,2025-05-17 15:25:00,2025-05-17 15:28:40,2025-05-17 15:21:40,23,-0.847223715415017,-1112.89347035574,43.826656126484,0.493535456894195,0.345643142850195,0.0034457007488975,0.000185803759665607,0.00317486654965732,0.790203951979943,0.000658909916200932,1.17559991574251,0.572219478090985,2.004057,421.9132,352.1671,2.004133,424.4919,353.1866,2.000409,417.9468,351.147,"No issues","No issues","No issues","No issues"
211,20,2025-05-17,2025-05-17 15:32:20,2025-05-17 15:36:00,2025-05-17 15:29:00,23,1.59201391304301,-4444.65761264824,359.437660079061,0.466675117192769,0.954110644564268,0.150549222363556,0.000327356244911412,1.55931714798774e-15,0.0673280524148082,0.00130661625065072,0.748354742814214,0.655489931145631,2.000966,418.0305,351.7829,2.006056,418.7867,354.5724,2.000966,405.3766,351.7829,"No issues","No issues","No issues","No issues"
212,30,2025-05-17,2025-05-17 15:39:40,2025-05-17 15:43:20,2025-05-17 15:36:20,23,-0.211825138340009,1113.79759683794,-322.008189723346,0.178079116624129,0.354343548862835,0.17675914621585,0.0448818928632499,0.00273084141466373,0.0457672505651029,0.000349380454718927,1.15426985671472,0.533521619547986,1.993047,425.1884,353.4194,1.993047,427.934,353.4194,1.991553,423.0062,351.2494,"No issues","No issues","No issues","No issues"
213,40,2025-05-17,2025-05-17 15:47:00,2025-05-17 15:50:40,2025-05-17 15:43:40,23,-0.454419604742984,-2866.84420553358,107.33407114627,0.834742032178808,0.927437438981097,0.0152059862084735,1.15324970424183e-09,1.9410469948898e-13,0.575102019904721,0.000155229664266089,0.615645454933069,0.663155845228719,1.990453,417.8486,352.0648,1.990453,417.8486,353.4814,1.989077,409.8972,350.5002,"No issues","No issues","No issues","No issues"
214,50,2025-05-17,2025-05-17 15:54:20,2025-05-17 15:58:00,2025-05-17 15:51:00,23,0.165150355731343,-539.128316205521,1681.96724110667,0.27635003610482,0.460468564471942,0.785600886356971,0.00998825684306072,0.000371740398889849,1.82339680430161e-08,0.000205176028356507,0.448036217103767,0.674591149701719,1.990214,425.3353,356.4421,1.990955,425.6364,360.9223,1.990051,423.4226,355.8073,"No issues","No issues","No issues","No issues"
215,60,2025-05-17,2025-05-17 16:01:40,2025-05-17 16:05:20,2025-05-17 15:58:20,23,0.660567272727045,-839.034498023744,5139.92319367586,0.343741184694551,0.586265027994001,0.928075901538948,0.00328044691247864,2.06393877990924e-05,1.76847762256007e-13,0.00070073117485379,0.541136135145831,1.09853700393517,1.990813,418.225,371.3376,1.994322,419.5553,383.7249,1.990813,416.7044,371.3376,"No issues","No issues","No issues","No issues"
216,70,2025-05-17,2025-05-17 16:09:00,2025-05-17 16:12:40,2025-05-17 16:05:40,23,0.686384822134364,-747.17558893282,-277.240695652193,0.922655393526833,0.367322978327862,0.136221165029948,3.80266227220804e-13,0.00217425356308889,0.0830708289704281,0.000152572239826601,0.752839248634306,0.535979969599536,1.994218,409.2766,352.967,1.99608,409.2766,353.7151,1.994129,405.1664,351.128,"No issues","No issues","No issues","No issues"
217,80,2025-05-17,2025-05-17 16:16:20,2025-05-17 16:20:00,2025-05-17 16:13:00,23,0.688860711462058,-4287.1970276679,-8.5964584980383,0.815132615495643,0.96731776668776,0.000297224422445037,3.78347187532774e-09,4.39050896532385e-17,0.937767809789701,0.000251860478852451,0.605002709233654,0.382758963300026,1.998146,406.4325,351.876,1.999896,406.4325,353.2178,1.998103,395.0612,351.4338,"No issues","No issues","No issues","No issues"
218,90,2025-05-17,2025-05-17 16:23:40,2025-05-17 16:27:20,2025-05-17 16:20:20,23,-0.13135019762857,-1970.24528063242,-71.3346403162156,0.0301570270259687,0.724479823078671,0.00692250122494578,0.428105277811694,2.63226985521212e-07,0.705858359067467,0.000571873240819978,0.932816992213346,0.65595360283484,2.000717,406.437,352.057,2.000717,406.437,353.3537,1.998768,399.9844,350.3462,"No issues","No issues","No issues","No issues"
219,100,2025-05-17,2025-05-17 16:31:00,2025-05-17 16:34:40,2025-05-17 16:27:40,23,0.170315573122505,-140.326577075145,13.815462450567,0.328815198076967,0.0424619369988978,0.000277607399000612,0.00422941105061056,0.345522404640167,0.93985281281429,0.000186815140838502,0.511600134551535,0.636505578075417,1.999984,411.649,351.988,2.000389,412.2675,353.1714,1.999624,410.2876,350.4673,"No issues","No issues","No issues","No issues"
220,110,2025-05-17,2025-05-17 16:38:20,2025-05-17 16:42:00,2025-05-17 16:35:00,23,0.975133280632446,508.638166007909,95.5616442687456,0.688366757667879,0.134950712818616,0.0133362844849178,9.81332045217703e-07,0.0846324172046027,0.599783540125207,0.000503719216364187,0.988676872897077,0.631049406533611,1.9972,410.0503,351.3463,2.000172,412.569,352.6352,1.997157,408.4895,349.8615,"No issues","No issues","No issues","No issues"
221,120,2025-05-17,2025-05-17 16:45:40,2025-05-17 16:49:20,2025-05-17 16:42:20,23,-0.528534071146291,1035.14798418974,-31.9107984190269,0.637849841541383,0.624529185557688,0.003950646476622,4.91425517312967e-06,7.24754387345054e-06,0.775713494710375,0.00030575297978116,0.616207187280012,0.389006278613959,1.99765,409.6153,350.8391,1.99811,413.972,351.5123,1.996505,409.6153,349.6223,"No issues","No issues","No issues","No issues"
222,130,2025-05-17,2025-05-17 16:53:00,2025-05-17 16:56:40,2025-05-17 16:49:40,23,1.61943652173901,-2394.91664822136,-31.8322529644274,0.926714220502745,0.899686716749129,0.00120400407764277,2.15483711462139e-13,5.89925921323198e-12,0.875106002631374,0.000349633845740111,0.613955037450831,0.703889344035766,1.992582,401.9685,350.9586,1.996008,402.2808,352.1685,1.992221,396.0182,349,"No issues","No issues","No issues","No issues"
223,140,2025-05-17,2025-05-17 17:00:20,2025-05-17 17:04:00,2025-05-17 16:57:00,23,-0.666970434782988,1250.70147035568,-5.13618972334183,0.528819085407445,0.455543519481639,8.74514278907581e-05,8.45148848609318e-05,0.000410816599171583,0.966221164088513,0.000483347485832467,1.04974280228475,0.421649131560916,1.992552,408.1628,351.3849,1.992784,412.4206,352.0351,1.990679,407.6422,350.1376,"No issues","No issues","No issues","No issues"
224,150,2025-05-17,2025-05-17 17:07:40,2025-05-17 17:11:20,2025-05-17 17:04:20,23,1.70710861660053,-3460.22181818186,537.339699604741,0.823246529440687,0.785675042567931,0.309050198727287,2.35119692550883e-09,1.81670885829996e-08,0.00588059142075036,0.000607285303115091,1.38749501090353,0.616836775868008,1.991412,405.002,352.323,1.995215,405.8227,354.3307,1.991298,396.7908,351.7296,"No issues","No issues","No issues","No issues"
225,160,2025-05-17,2025-05-17 17:15:00,2025-05-17 17:18:40,2025-05-17 17:11:40,23,-0.838498339921302,-2976.88724110674,192.882023715418,0.832870735855877,0.868338813080089,0.0640762273432375,1.29929490527523e-09,1.04184386136201e-10,0.243863347817381,0.000288371443910677,0.889936986202862,0.56594746930103,1.994123,410.8904,352.1183,1.994123,411.4293,353.4879,1.991665,403.3221,351.5339,"No issues","No issues","No issues","No issues"
226,170,2025-05-17,2025-05-17 17:22:20,2025-05-17 17:26:00,2025-05-17 17:19:00,23,1.54647462450588,650.673960474327,454.872948616627,0.838264419608027,0.311808708506049,0.273072776615493,9.18023447926098e-10,0.00561872922640812,0.0105225972983825,0.000521516031516846,0.742141108856356,0.569782320213447,1.990638,415.1215,351.1549,1.995045,417.0463,352.9633,1.990638,414.0808,350.433,"No issues","No issues","No issues","No issues"
227,180,2025-05-17,2025-05-17 17:29:40,2025-05-17 17:33:20,2025-05-17 17:26:20,23,-0.71578814229234,-1356.22387351777,-271.247335968391,0.662612405110251,0.521587987504391,0.123136845126738,2.29728779428284e-06,9.97585843318243e-05,0.100644075122665,0.000392131625284701,0.997197608447743,0.555712258372164,1.999913,414.9805,351.2515,2.000091,416.5728,351.9623,1.99812,410.9004,349.6807,"No issues","No issues","No issues","No issues"
228,190,2025-05-17,2025-05-17 17:37:00,2025-05-17 17:40:40,2025-05-17 17:33:40,23,2.30607747035584,-698.187130434801,-579.285533596832,0.788113692055246,0.214586925602181,0.324128280907551,1.60879088883156e-08,0.0260066134220088,0.00457637712633866,0.000918001728896411,1.02549103832194,0.64221279382694,1.998247,419.0617,351.6685,2.004342,421.1279,351.9723,1.998247,415.8722,348.9493,"No issues","No issues","No issues","No issues"
229,200,2025-05-17,2025-05-17 17:44:20,2025-05-17 17:48:00,2025-05-17 17:41:00,23,1.17756711462446,-728.203446640336,472.765090909084,0.727517119916748,0.0694017385286494,0.371736794101357,2.33869965393567e-07,0.224531870578945,0.00201029216085627,0.000553281649438528,2.04720469774724,0.471857687377202,1.995262,418.0924,351.4471,1.998785,423.6411,353.2197,1.995146,417.3745,350.9081,"No issues","No issues","No issues","No issues"
230,210,2025-05-17,2025-05-17 17:51:40,2025-05-17 17:55:20,2025-05-17 17:48:20,23,1.8396796837947,3738.98732015815,51.7520632411226,0.938937958591159,0.92067703132592,0.00298165965018161,3.15298840676936e-14,4.96231491041275e-13,0.804556257674873,0.000360182011746968,0.842582458577953,0.726545478144767,1.995197,415.8404,350.1169,1.999632,423.4662,352.4963,1.99513,414.8513,349.772,"No issues","No issues","No issues","No issues"
231,220,2025-05-17,2025-05-17 17:59:00,2025-05-17 18:02:40,2025-05-17 17:55:40,23,3.25560664031636,1301.28730434781,44.3534229249084,0.81919932135949,0.574591463237519,0.00300359483994197,2.98873596896826e-09,2.78849447403878e-05,0.803852210364057,0.0011742207687726,0.859625528169958,0.62039152846024,2.000971,421.116,351.6537,2.012,424.6581,352.2571,2.000971,420.4501,349.9403,"No issues","No issues","No issues","No issues"
232,230,2025-05-17,2025-05-17 18:06:20,2025-05-17 18:10:00,2025-05-17 18:03:00,23,-3.66921675889354,-5113.43800790514,-230.489075098803,0.933295705727976,0.708308303185235,0.0580789445698517,7.9970017786535e-14,4.83917329729828e-07,0.267970491627508,0.000753101005228185,2.51928011043029,0.71262464175807,2.005702,434.5872,350.3904,2.006663,437.2189,351.9268,1.996918,420.0116,348.5663,"No issues","No issues","No issues","No issues"
233,240,2025-05-17,2025-05-17 18:13:40,2025-05-17 18:17:20,2025-05-17 18:10:20,23,7.14644110671924,9545.15525691697,70.9606956521929,0.754550313787418,0.980351000157642,0.00861196750039192,7.6818804016941e-08,2.08770146141878e-19,0.673646949577876,0.00312924490237638,1.0374687380791,0.584522327658392,1.996295,419.2892,350.3429,2.017545,441.6731,350.9755,1.996295,419.2519,348.6479,"No issues","No issues","No issues","No issues"
234,10,2025-05-17,2025-05-17 18:21:00,2025-05-17 18:24:40,2025-05-17 18:17:40,23,-5.37109185770727,-3749.29384980242,-204.148173913059,0.854230380750806,0.407162444597464,0.0411825988651696,3.05638920018489e-10,0.00105262508645484,0.353054105663692,0.00170341779078416,3.47333020037058,0.756256593453424,2.022456,450.0836,349.5489,2.022919,450.0836,350.9569,2.009698,434.4607,347.8875,"No issues","No issues","No issues","No issues"
235,20,2025-05-17,2025-05-17 18:28:20,2025-05-17 18:32:00,2025-05-17 18:25:00,23,1.01571225296441,5915.01913043476,-153.35231620555,0.230175933598724,0.905558272722984,0.04801517327745,0.0205200697585818,3.12230778671807e-12,0.315112038405642,0.00142609702089632,1.46653525874483,0.52423824203079,2.011188,448.1243,348.4841,2.016395,465.3214,350.0978,2.010404,448.1243,348.07,"No issues","No issues","No issues","No issues"
236,30,2025-05-17,2025-05-17 18:35:40,2025-05-17 18:39:20,2025-05-17 18:32:20,23,0.150995098813945,2049.22956521729,-63.2504347826465,0.00568651538284584,0.560858627887522,0.0120079496951468,0.732374706872179,3.93368129167144e-05,0.618676236780817,0.00153290062708959,1.39212644500764,0.440472101196978,2.009791,462.4879,347.6542,2.011212,468.3356,348.5954,2.005815,460.13,346.7823,"No issues","No issues","No issues","No issues"
237,40,2025-05-17,2025-05-17 18:43:00,2025-05-17 18:46:40,2025-05-17 18:39:40,23,0.35918324110672,5792.42760474306,50.5986403161903,0.0313025099459963,0.797963735925365,0.00976021473369421,0.419328901260772,9.70535873437088e-09,0.65380950740061,0.00153402757686768,2.23767132962574,0.391283866804797,2.012534,476.4328,347.0555,2.012623,491.7393,348.3822,2.006987,476.4328,346.8557,"No issues","No issues","No issues","No issues"
238,50,2025-05-17,2025-05-17 18:50:20,2025-05-17 18:54:00,2025-05-17 18:47:00,23,-0.317041897233237,3541.46343083006,118.8162213439,0.049459674669235,0.654691403718609,0.0788647982839199,0.307758182665993,2.94669330615146e-06,0.194284638781562,0.00106706014519062,1.97460727676747,0.311751408035332,2.014925,496.1183,347.3087,2.014925,506.7115,348.2625,2.010554,495.8569,346.8893,"No issues","No issues","No issues","No issues"
239,60,2025-05-17,2025-05-17 18:57:40,2025-05-17 19:01:20,2025-05-17 18:54:20,23,5.35875509881401,-742.917913043527,4284.27120948614,0.923268966342317,0.109207933891528,0.991564227268462,3.49653141597556e-13,0.123531253143194,2.89502555083798e-23,0.00118603610766854,1.62897530533528,0.303383223484283,2.011946,511.3971,360.3135,2.027755,515.4942,371.0781,2.011946,509.3146,360.3135,"No issues","No issues","No issues","No issues"
240,70,2025-05-17,2025-05-17 19:05:00,2025-05-17 19:08:40,2025-05-17 19:01:40,23,-1.73282371541532,-4938.79048221344,8.51108300393222,0.75662606491093,0.76434561690819,0.000466781235356289,7.01790119301482e-08,4.98030521463887e-08,0.92205351758444,0.000754507153812629,2.105358555527,0.302370447934999,2.026748,518.2433,346.4571,2.026748,521.2482,347.2588,2.020752,506.9531,346.0576,"No issues","No issues","No issues","No issues"
241,80,2025-05-17,2025-05-17 19:12:20,2025-05-17 19:16:00,2025-05-17 19:09:00,23,-1.21267351778675,-1466.30788932809,54.2373438734952,0.5597575008676,0.447307971965673,0.0142548855757508,4.04192341126359e-05,0.000484669598774544,0.58739938253647,0.000825662406403847,1.25134207674094,0.346267281690738,2.016098,511.3204,346.6672,2.016664,515.679,346.968,2.012142,509.2989,345.4532,"No issues","No issues","No issues","No issues"
242,90,2025-05-17,2025-05-17 19:19:40,2025-05-17 19:23:20,2025-05-17 19:16:20,23,0.225912094861547,1392.27111462453,165.712980237109,0.0392630263812443,0.559547012227069,0.0543351263493529,0.364762355448797,4.0629215719051e-05,0.284441817269673,0.000857950921338286,0.948348361788397,0.530759054567531,2.013379,511.5107,346.3264,2.014781,517.1986,347.8199,2.011104,511.5107,345.7176,"No issues","No issues","No issues","No issues"
243,100,2025-05-17,2025-05-17 19:27:00,2025-05-17 19:30:40,2025-05-17 19:23:40,23,-2.67755478260886,1787.70649802375,83.5177233201237,0.45356170479385,0.13164928084308,0.0282856899529518,0.000427577484464231,0.0888294088178993,0.443029017588853,0.00225633372813558,3.52490286013075,0.37581763366766,2.035615,532.7306,347.0325,2.035843,538.8445,348.0464,2.025983,525.0243,346.5342,"No issues","No issues","No issues","No issues"
244,110,2025-05-17,2025-05-17 19:34:20,2025-05-17 19:38:00,2025-05-17 19:31:00,23,0.294092964426832,3464.56657707507,102.636711462445,0.016985048216236,0.19779765296262,0.0276073702029172,0.553377599969853,0.0334725099409639,0.448629044272435,0.00171768649275542,5.35664547967586,0.467652902398245,2.021744,512.68,346.1711,2.027184,539.4948,348.1544,2.02136,512.68,346.1711,"No issues","No issues","No issues","No issues"
245,120,2025-05-17,2025-05-17 19:41:40,2025-05-17 19:45:20,2025-05-17 19:38:20,23,1.51931667984169,370.741375494085,-117.38532806325,0.11503736460157,0.00805585400069346,0.0690701610637247,0.113365428512631,0.683812473087135,0.225683327425331,0.00323522065640164,3.15843154581775,0.33085648756897,2.018545,541.8836,347.0583,2.031532,541.8836,347.1567,2.018545,531.6628,345.7285,"No issues","No issues","No issues","No issues"
246,130,2025-05-17,2025-05-17 19:49:00,2025-05-17 19:52:40,2025-05-17 19:45:40,23,2.17369422924903,211.067003952584,-51.1518735177984,0.379700273988117,0.00261319644205013,0.0140236452830707,0.00174303610373907,0.816818016590314,0.590468078468063,0.00213300261349268,3.16576534765885,0.329288779024437,2.021793,535.2327,345.6967,2.029648,537.7288,346.5413,2.021426,528.1799,345.2821,"No issues","No issues","No issues","No issues"
247,140,2025-05-17,2025-05-17 19:56:20,2025-05-17 20:00:00,2025-05-17 19:53:00,23,1.07454450592856,2796.93533596839,-133.485438735221,0.337688555268862,0.843166202792315,0.0924722933338897,0.00363850348976908,6.62783842177815e-10,0.158328138680703,0.001155340406778,0.926100791291944,0.321048482337573,2.029319,523.9608,345.7882,2.031882,533.3644,346.1912,2.027286,523.3396,344.854,"No issues","No issues","No issues","No issues"
248,150,2025-05-17,2025-05-17 20:03:40,2025-05-17 20:07:20,2025-05-17 20:00:20,23,3.29382071146238,8810.11408695653,237.830513833994,0.82160243467049,0.637014922759052,0.272565550364823,2.59357769472017e-09,5.03741882995039e-06,0.0106076562050834,0.00117835501527237,5.10579895972292,0.298292009566636,2.034074,531.862,346.1235,2.042436,547.6999,346.9526,2.034074,523.8246,345.6475,"No issues","No issues","No issues","No issues"
249,160,2025-05-17,2025-05-17 20:11:00,2025-05-17 20:14:40,2025-05-17 20:07:40,23,0.0651500395252873,5453.04806324111,227.856094861657,0.000761145956893447,0.554345711456653,0.108723474213612,0.900558091720454,4.61450736450432e-05,0.124417311488357,0.00181229112311616,3.75370916181715,0.500861695126714,2.047244,527.8153,345.9277,2.050066,547.4656,347.311,2.044213,527.8153,345.2679,"No issues","No issues","No issues","No issues"
250,170,2025-05-17,2025-05-17 20:18:20,2025-05-17 20:22:00,2025-05-17 20:15:00,23,-3.60148837944685,-8940.96569169969,-70.5995573122521,0.817832855709473,0.930207587569631,0.0200829829196918,3.23704005983947e-09,1.28810730711467e-13,0.518923614063717,0.00130496048666475,1.88023092091489,0.378612644509972,2.050006,542.5516,346.4973,2.05202,545.66,346.4973,2.042537,524.7612,344.8905,"No issues","No issues","No issues","No issues"
251,180,2025-05-17,2025-05-17 20:25:40,2025-05-17 20:29:20,2025-05-17 20:22:20,23,-0.380791778656235,2843.40521739131,139.724679841889,0.110474462843246,0.317307364217933,0.0628367365374752,0.121245482127222,0.00512883598278178,0.248631879014674,0.000829561178945362,3.20201885589049,0.41427291110655,2.040288,518.6363,345.3485,2.04315,529.7499,346.4486,2.040288,516.2699,344.6052,"No issues","No issues","No issues","No issues"
252,190,2025-05-17,2025-05-17 20:33:00,2025-05-17 20:36:40,2025-05-17 20:29:40,23,1.2081656916996,7871.34564426881,220.59149407115,0.72219513019001,0.942644748997308,0.335780429396517,2.8747305058061e-07,1.6306640623243e-14,0.00375869131087542,0.000575283269659918,1.4906447169458,0.238193278246948,2.043043,536.8315,345.5604,2.046494,553.6808,346.3921,2.043043,536.0546,345.2871,"No issues","No issues","No issues","No issues"
253,200,2025-05-17,2025-05-17 20:40:20,2025-05-17 20:44:00,2025-05-17 20:37:00,23,-2.60279146245069,-1980.3836205534,214.849992094827,0.882995033597677,0.157556793255581,0.137562997920714,2.99473163602628e-11,0.0607433378295061,0.0814527985811832,0.000727402830968892,3.5157150752982,0.413010233340165,2.045837,561.8586,345.9198,2.045845,562.1093,346.8896,2.038739,548.2875,345.0715,"No issues","No issues","No issues","No issues"
254,210,2025-05-17,2025-05-17 20:47:40,2025-05-17 20:51:20,2025-05-17 20:44:20,23,2.4015614229251,3487.04167588931,230.699098814219,0.895861188018862,0.604502921415667,0.144713669261437,8.75596308801169e-12,1.26860679611194e-05,0.0733458943708495,0.000628625860443224,2.16542013943746,0.430585580176062,2.037088,555.1772,345.3421,2.043273,566.6356,346.8519,2.037088,554.685,344.7321,"No issues","No issues","No issues","No issues"
255,220,2025-05-17,2025-05-17 20:55:00,2025-05-17 20:58:40,2025-05-17 20:51:40,23,0.237173122529655,259.06596047436,-9.46899604744892,0.0322091729989536,0.0206005855586117,0.000541867648971543,0.41256403914079,0.513530078910024,0.916037903341933,0.000998111434222873,1.37139665739184,0.312213891523758,2.038047,559.3279,346.2074,2.042103,565.2825,346.6141,2.038047,559.3279,345.5107,"No issues","No issues","No issues","No issues"
256,230,2025-05-17,2025-05-17 21:02:20,2025-05-17 21:06:00,2025-05-17 20:59:00,23,-0.831847588933053,-897.14447430832,-120.045628458489,0.292294890244955,0.0318545643672877,0.0382667293340772,0.00773212807390369,0.415191233923657,0.371041749408602,0.000993738033430239,3.79716481845062,0.462035763738349,2.038157,552.8688,345.8977,2.038157,556.8469,346.8008,2.033731,543.7523,345.3206,"No issues","No issues","No issues","No issues"
257,240,2025-05-17,2025-05-17 21:09:40,2025-05-17 21:13:20,2025-05-17 21:06:20,23,0.299659446639737,521.185802371532,-265.878924901215,0.159640920837128,0.04160374323329,0.155940434919553,0.0589102971816627,0.350551424534921,0.0622034613482759,0.000527838306854862,1.9204876692666,0.474901659388509,2.038673,564.8494,346.2308,2.040318,567.0594,347.1322,2.038289,559.3897,345.1661,"No issues","No issues","No issues","No issues"
258,10,2025-05-17,2025-05-17 21:17:00,2025-05-17 21:20:40,2025-05-17 21:13:40,23,-2.3964303557312,-7839.72768379453,9.49887747037991,0.80858302920371,0.889394478226783,0.000209181987382911,5.47298479500062e-09,1.65367941924856e-11,0.947777698853245,0.000895169582345488,2.12253452571953,0.504170360966215,2.039754,562.9818,345.0487,2.039754,563.9584,346.7208,2.032202,544.6271,344.8873,"No issues","No issues","No issues","No issues"
259,20,2025-05-17,2025-05-17 21:24:20,2025-05-17 21:28:00,2025-05-17 21:21:00,23,-0.113950671936896,-2873.26444268777,-144.274339920938,0.0509210996993809,0.394462160811504,0.0629550152399996,0.300532352443428,0.00133241173361563,0.248172224388139,0.000377686757935507,2.73310403192813,0.427333308643736,2.030872,534.6255,345.3661,2.030872,537.6301,346.0655,2.029528,525.0173,344.5325,"No issues","No issues","No issues","No issues"
260,30,2025-05-17,2025-05-17 21:31:40,2025-05-17 21:35:20,2025-05-17 21:28:20,23,1.67334260869565,8328.84388932807,-317.94516996048,0.852853618646387,0.90316956523177,0.332743503118819,3.37591368935545e-10,4.06348645453852e-12,0.00395760419478291,0.000533623577883593,2.09372004761866,0.345665822332275,2.025988,517.0994,345.0499,2.030865,535.7182,345.599,2.025842,517.0994,343.7455,"No issues","No issues","No issues","No issues"
261,40,2025-05-17,2025-05-17 21:39:00,2025-05-17 21:42:40,2025-05-17 21:35:40,23,1.88367367588933,-459.039272727363,34.1109249011406,0.64848285406219,0.048788889008174,0.00313547118866885,3.56791189678156e-06,0.311146372698053,0.799675594258852,0.00106473681851264,1.55611049413154,0.466952554106468,2.031607,543.8339,344.549,2.036797,545.5562,345.7031,2.031377,540.8217,343.8919,"No issues","No issues","No issues","No issues"
262,50,2025-05-17,2025-05-17 21:46:20,2025-05-17 21:50:00,2025-05-17 21:43:00,23,-1.77505897233223,5558.48935968375,144.280316205503,0.774599010968755,0.786688159725144,0.0536639450418571,3.10323489426368e-08,1.72754029019495e-08,0.287521234238012,0.000735131142869006,2.22216114081851,0.46515862335351,2.034365,536.3428,345.0607,2.035006,549.4818,346.0786,2.030141,536.3428,344.0495,"No issues","No issues","No issues","No issues"
263,60,2025-05-17,2025-05-17 21:53:40,2025-05-17 21:57:20,2025-05-17 21:50:20,23,0.358414861660002,-2715.55456126478,1843.89894071144,0.144518612647742,0.847591021915462,0.909888944973523,0.0735559981784976,4.8960136368688e-10,1.90320530819163e-12,0.00066948676478812,0.884063032097825,0.445496763840294,2.027926,547.4258,350.2002,2.030519,547.4258,355.6914,2.027926,539.6887,350.2002,"No issues","No issues","No issues","No issues"
264,70,2025-05-17,2025-05-17 22:01:00,2025-05-17 22:04:40,2025-05-17 21:57:40,23,-2.21921644268766,-6028.66330434784,-268.945612648244,0.833493775312726,0.662461210066074,0.224357165986435,1.24890782085165e-09,2.30835238242167e-06,0.0224247492236063,0.000761511232761208,3.30381136741784,0.383917562182161,2.027833,526.882,344.2952,2.027833,526.882,345.1672,2.021877,509.5497,343.3047,"No issues","No issues","No issues","No issues"
265,80,2025-05-17,2025-05-17 22:08:20,2025-05-17 22:12:00,2025-05-17 22:05:00,23,-0.567849486165917,-486.464442687735,-31.539415019784,0.751495489643717,0.0703486583430984,0.00292544781255695,8.76307649585883e-08,0.221279865750461,0.806373061952059,0.000250697372077184,1.35767505329654,0.4470271166681,2.019368,502.0224,343.4573,2.019942,506.3034,344.3895,2.018026,501.4242,342.6149,"No issues","No issues","No issues","No issues"
266,90,2025-05-17,2025-05-17 22:15:40,2025-05-17 22:19:20,2025-05-17 22:12:20,23,-0.896220711462468,-2408.66210276687,124.023272727203,0.873710096107598,0.374127419944224,0.0862961134554712,6.7089971860479e-11,0.00192633406648665,0.173668580543977,0.000261594260526589,2.39178241488459,0.30982959609812,2.017386,487.8223,343.67,2.017386,487.8223,344.477,2.014429,475.5372,343.153,"No issues","No issues","No issues","No issues"
267,100,2025-05-17,2025-05-17 22:23:00,2025-05-17 22:26:40,2025-05-17 22:19:40,23,1.13913960474319,-260.092173913049,166.722972332005,0.850868868444478,0.00811448210593394,0.0977138877171377,3.88994928786108e-10,0.682721986657812,0.146439758750659,0.000366135961285544,2.20770098603246,0.388957392511765,2.015634,484.4675,343.673,2.019193,492.0453,344.8488,2.015634,484.2617,343.0818,"No issues","No issues","No issues","No issues"
268,110,2025-05-17,2025-05-17 22:30:20,2025-05-17 22:34:00,2025-05-17 22:27:00,23,-0.186878418972255,-4514.21558893283,189.876806324085,0.36597575765323,0.860709329703745,0.13017579324977,0.00222670928581445,1.88976015198899e-10,0.0907694889193524,0.000188841968804457,1.39420825817968,0.376821038905414,2.017095,467.246,343.484,2.01721,469.5168,343.9998,2.016446,458.9366,342.447,"No issues","No issues","No issues","No issues"
269,120,2025-05-17,2025-05-17 22:37:40,2025-05-17 22:41:20,2025-05-17 22:34:20,23,1.89370529644285,5134.94324110669,333.215430830015,0.95910544351965,0.790682630119826,0.331118912027327,4.63890015244233e-16,1.41332457208497e-08,0.00406798251570855,0.000300209591032486,2.02838214368618,0.363596895023609,2.017702,462.7721,343.2899,2.022749,477.5102,344.2242,2.017702,461.7109,342.5183,"No issues","No issues","No issues","No issues"
270,130,2025-05-17,2025-05-17 22:45:00,2025-05-17 22:48:40,2025-05-17 22:41:40,23,-0.548938814229492,-4037.83228458506,-43.7310355731305,0.770267323192435,0.864494081397059,0.00805882650925538,3.79931840096198e-08,1.41230199668175e-10,0.683757074185988,0.000230158588208467,1.22732333660048,0.372485535761128,2.021488,470.6619,342.5719,2.021615,470.6619,343.5592,2.019901,458.123,342.072,"No issues","No issues","No issues","No issues"
271,140,2025-05-17,2025-05-17 22:52:20,2025-05-17 22:56:00,2025-05-17 22:49:00,23,0.902555573122492,-1265.79073517794,76.6236521738875,0.93374333202498,0.534852313882769,0.0567677733892853,7.44952381631924e-14,7.34597051212435e-05,0.273606742869263,0.000184581251834912,0.906260395490049,0.239791524736678,2.020771,446.6682,342.6971,2.023334,446.8896,343.231,2.020771,442.6356,342.3652,"No issues","No issues","No issues","No issues"
272,150,2025-05-18,2025-05-17 23:00:00,2025-05-17 23:03:20,2025-05-17 22:56:20,21,0.80919771428552,-587.862233766243,38.5142025973886,0.820538122115528,0.343475179111227,0.00547838484031146,1.61479060565671e-08,0.00523942006604611,0.749838185073676,0.000265224318698314,0.569607145737438,0.363683609086876,2.02667,443.4558,343.4018,2.028713,444.916,343.9452,2.02667,442.4359,342.4881,"No issues","No issues","No issues","No issues"
273,160,2025-05-18,2025-05-17 23:07:00,2025-05-17 23:10:40,2025-05-17 23:03:40,23,0.148391146244826,487.167936758891,42.7808063241392,0.339836898579589,0.192764131594573,0.00454977724536832,0.0035074581823213,0.0360853234383018,0.759759102818961,0.000158785537244161,0.765382283674803,0.485820983056722,2.030656,442.6186,342.3215,2.031358,443.7644,343.7262,2.030562,440.547,341.8355,"No issues","No issues","No issues","No issues"
274,170,2025-05-18,2025-05-17 23:14:20,2025-05-17 23:18:00,2025-05-17 23:11:00,23,0.126910671936416,-16.2819604743181,66.8233992094688,0.330716521019659,0.000681559183211086,0.0128723921175949,0.00409576019513512,0.90587682586204,0.606242433867884,0.000138607856132057,0.478651534826728,0.449260440277296,2.031848,440.3307,343.2329,2.031926,441.1646,343.5491,2.031332,439.0929,341.9864,"No issues","No issues","No issues","No issues"
275,180,2025-05-18,2025-05-17 23:21:40,2025-05-17 23:25:20,2025-05-17 23:18:20,23,0.650672252964339,1080.39016600786,-12.8532806324344,0.742122856228289,0.756130064839039,0.000793927287896963,1.29989718997506e-07,7.17163725398645e-08,0.898449789789673,0.000294471592474847,0.471057688170693,0.3500771408613,2.032389,441.844,343.1837,2.03406,444.9019,343.578,2.032231,441.844,342.2208,"No issues","No issues","No issues","No issues"
276,190,2025-05-18,2025-05-17 23:29:00,2025-05-17 23:32:40,2025-05-17 23:25:40,23,0.0447282213438817,242.725090909028,-35.2908142292455,0.0800625876829424,0.0654954294242803,0.00419541644297481,0.190788849286163,0.238532128291398,0.769047521345518,0.000116401493726997,0.703902465073364,0.417420521914631,2.033128,441.9467,343.4521,2.033448,444.5076,343.6184,2.032978,441.5331,342.0667,"No issues","No issues","No issues","No issues"
277,200,2025-05-18,2025-05-17 23:36:20,2025-05-17 23:40:00,2025-05-17 23:33:00,23,0.232306719367624,1067.39772332017,62.3625296442829,0.531882466841433,0.597847529245798,0.0115055819550479,7.87247411758497e-05,1.51886885866708e-05,0.626157324848297,0.000167318508374088,0.67210792943443,0.443781439578106,2.032676,442.2151,343.4065,2.033429,444.4612,344.089,2.03256,440.7498,342.1397,"No issues","No issues","No issues","No issues"
278,210,2025-05-18,2025-05-17 23:43:40,2025-05-17 23:47:20,2025-05-17 23:40:20,23,-0.659986719367553,-707.201928853771,85.6094229248869,0.812133056326512,0.496344112206634,0.0441099926858663,4.48750445202599e-09,0.000174841885390182,0.33612267228406,0.000243702162719444,0.546929756792729,0.305963509132651,2.034341,443.6385,342.5236,2.034809,444.1653,343.9256,2.032938,440.9842,342.5236,"No issues","No issues","No issues","No issues"
279,220,2025-05-18,2025-05-17 23:51:00,2025-05-17 23:54:40,2025-05-17 23:47:40,23,-0.315855177865431,-662.097201581037,113.490498023704,0.134031406254199,0.156594046515186,0.0415479211340081,0.0857806989970366,0.0616089151620236,0.350881821392421,0.000616379775379018,1.17968227973048,0.418487653940584,2.033458,446.9091,343.449,2.035504,451.3543,344.2203,2.033401,446.6154,342.4236,"No issues","No issues","No issues","No issues"
280,230,2025-05-18,2025-05-17 23:58:20,2025-05-18 00:02:00,2025-05-17 23:55:00,23,-1.16782577075117,-1255.4901818182,161.269185770763,0.83183771598876,0.711273816044305,0.0691321178023356,1.38691277360882e-09,4.33879477960879e-07,0.22546766663168,0.000403121206704712,0.614116252817112,0.454326512832936,2.031453,444.237,342.7907,2.031455,445.3663,344.1954,2.028685,441.606,342.4316,"No issues","No issues","No issues","No issues"
281,240,2025-05-18,2025-05-18 00:05:40,2025-05-18 00:09:20,2025-05-18 00:02:20,23,-1.30886608695667,-644.165786561264,-213.42251383402,0.633531242712842,0.0745958177205274,0.129581449384781,5.58223059891772e-06,0.207329251517234,0.0915640557205877,0.000764262006422582,1.74188203356655,0.424664032389313,2.030027,443.9054,344.2133,2.03093,448.8684,344.3727,2.026509,442.5499,342.5663,"No issues","No issues","No issues","No issues"
282,10,2025-05-18,2025-05-18 00:13:00,2025-05-18 00:16:40,2025-05-18 00:09:40,23,0.105839999999961,1563.08271936763,227.47532015808,0.111087076934825,0.771013631772542,0.0984066575754741,0.120155568497083,3.67011634890759e-08,0.144940478555127,0.000229858340734718,0.653985838005414,0.528615615544679,2.026499,444.8642,343.2601,2.026978,448.4432,344.5017,2.026022,443.4763,342.1917,"No issues","No issues","No issues","No issues"
283,20,2025-05-18,2025-05-18 00:20:20,2025-05-18 00:24:00,2025-05-18 00:17:00,23,0.406976442687511,1719.00910671936,193.683699604727,0.366593215214058,0.788188055771714,0.089799986753705,0.00220252422031375,1.60280454702411e-08,0.164779784337896,0.000410705965662075,0.684149591349581,0.473408389817929,2.024788,447.1332,342.7064,2.02695,452.0616,344.1559,2.024281,446.2437,342.0207,"No issues","No issues","No issues","No issues"
284,30,2025-05-18,2025-05-18 00:27:40,2025-05-18 00:31:20,2025-05-18 00:24:20,23,-0.84745422924913,-0.0239051383673839,-28.8978972332005,0.834347591485293,4.61790880257668e-10,0.00261022075700717,1.18273330876461e-09,0.999922356668609,0.816920625868689,0.000289904005718039,0.854045838542866,0.433683276422044,2.026314,448.6475,343.6751,2.026314,450.2592,344.5639,2.023948,446.331,342.1534,"No issues","No issues","No issues","No issues"
285,40,2025-05-18,2025-05-18 00:35:00,2025-05-18 00:38:40,2025-05-18 00:31:40,23,0.00121233201583754,-861.201391304363,-164.351241106749,2.43744456448617e-05,0.38955482884928,0.132650018176644,0.982163265900469,0.00145778075282478,0.0875356038441727,0.000188521767844865,0.827668360807644,0.322648101297677,2.023961,449.5145,342.7881,2.024606,451.8649,343.6067,2.023789,448.0907,341.9534,"No issues","No issues","No issues","No issues"
286,50,2025-05-18,2025-05-18 00:42:20,2025-05-18 00:46:00,2025-05-18 00:39:00,23,-0.126808221343752,-1289.06750988147,-55.9115573122185,0.104411679175198,0.790357989775382,0.0127568557811544,0.132599568466145,1.43677492322038e-08,0.607873630171866,0.000285127874988388,0.50970100737295,0.377619510581556,2.024902,450.9629,343.547,2.025101,451.1335,344.0645,2.023829,447.043,342.2832,"No issues","No issues","No issues","No issues"
287,60,2025-05-18,2025-05-18 00:49:40,2025-05-18 00:53:20,2025-05-18 00:46:20,23,-0.167498181818477,-233.339762845875,813.505517786541,0.0579455295732272,0.0472192213370776,0.652438652802288,0.268537678889566,0.319257503945898,3.15969961271008e-06,0.000518502353704681,0.804708207570609,0.455846887257967,2.0244,449.0445,346.827,2.025505,450.2354,349.4052,2.023579,447.4345,346.6233,"No issues","No issues","No issues","No issues"
288,70,2025-05-18,2025-05-18 00:57:00,2025-05-18 01:00:40,2025-05-18 00:53:40,23,-0.848965375494342,-1509.8135335969,-261.870545454556,0.895442845046557,0.791098055364832,0.220029997075926,9.1343505177811e-12,1.38382293984949e-08,0.0239489354886383,0.000222720666376381,0.595651161029842,0.378527339465466,2.021148,444.8884,342.456,2.021192,446.7846,343.266,2.019269,442.3635,341.3924,"No issues","No issues","No issues","No issues"
289,80,2025-05-18,2025-05-18 01:04:20,2025-05-18 01:08:00,2025-05-18 01:01:00,23,0.0110475889327296,695.8162529644,67.387731225257,0.00219736545220575,0.493805244570954,0.0235615972602529,0.831803447044533,0.000184724135848276,0.484390310742216,0.000180738752007095,0.540864075280267,0.333053109278145,2.019111,443.0152,341.5444,2.019476,444.8763,342.4775,2.018734,442.2508,341.2733,"No issues","No issues","No issues","No issues"
290,90,2025-05-18,2025-05-18 01:11:40,2025-05-18 01:15:20,2025-05-18 01:08:20,23,1.66089486165979,2744.44733596838,46.3827984189366,0.760706947425256,0.910262450575083,0.011072971832498,5.86210558141581e-08,1.82164711773885e-12,0.632761156902464,0.000715172968333575,0.661563118855527,0.336526732653864,2.018537,442.7603,341.793,2.023838,449.4762,342.7364,2.0184,442.7603,341.1157,"No issues","No issues","No issues","No issues"
291,100,2025-05-18,2025-05-18 01:19:00,2025-05-18 01:22:40,2025-05-18 01:15:40,23,-0.0604287747036247,294.133090909059,18.4112252964027,0.0645921641247908,0.166386801327541,0.00157453098830863,0.241909564862354,0.0533413014455871,0.857342375034368,0.000176549693555524,0.505451322549298,0.355940583055658,2.018265,444.4731,341.7682,2.018583,445.9514,342.5721,2.017913,443.9202,340.9553,"No issues","No issues","No issues","No issues"
292,110,2025-05-18,2025-05-18 01:26:20,2025-05-18 01:30:00,2025-05-18 01:23:00,23,0.197388142292241,512.01049802372,4.74431620552875,0.518960136446029,0.25595370267723,0.000119205142656574,0.000105893668179038,0.0137785346974214,0.96056652399924,0.000145900637584035,0.670209736909803,0.333589859172744,2.0171,443.1463,341.7865,2.01772,444.1129,342.3109,2.017085,441.4095,340.9171,"No issues","No issues","No issues","No issues"
293,120,2025-05-18,2025-05-18 01:33:40,2025-05-18 01:37:20,2025-05-18 01:30:20,23,-0.135362845850111,61.5215810276528,263.649770750983,0.237206252987153,0.00928115075944414,0.176273854120511,0.018423424468136,0.661909437281302,0.0460970003392889,0.000186359942424751,0.48799388826643,0.437559854526409,2.017252,443.3326,341.0196,2.017508,444.685,342.5694,2.01664,442.5757,340.6274,"No issues","No issues","No issues","No issues"
294,130,2025-05-18,2025-05-18 01:41:00,2025-05-18 01:44:40,2025-05-18 01:37:40,23,0.256749723319877,72.3241422924717,-145.322750988201,0.21670883616493,0.00750298094020514,0.0744708204924878,0.0251851698110131,0.694328638880009,0.207725533408874,0.000374753660683026,0.638621553107742,0.393321959994332,2.017139,444.327,341.5235,2.018224,445.6223,342.0439,2.016739,443.1537,340.3937,"No issues","No issues","No issues","No issues"
295,140,2025-05-18,2025-05-18 01:48:20,2025-05-18 01:52:00,2025-05-18 01:45:00,23,-0.110091699604889,-17.9638577075236,29.6790830039552,0.318601947481241,0.000590928577674155,0.00227612631512403,0.00501943239531497,0.912332875441544,0.828858128637759,0.00012360709594952,0.567174045763965,0.47705678423397,2.01682,443.2035,340.9363,2.017215,443.9638,342.0703,2.016647,441.9048,340.255,"No issues","No issues","No issues","No issues"
296,150,2025-05-18,2025-05-18 01:55:40,2025-05-18 01:59:20,2025-05-18 01:52:20,23,-0.0266286166010632,317.85894071148,139.705043478254,0.0368998196487067,0.306937932273473,0.176189806752871,0.379894410181631,0.00608874800252464,0.0461543434198792,0.000104444316183688,0.366697383309242,0.231925163603023,2.016965,443.9276,341.088,2.016965,445.2483,341.8016,2.016548,443.3119,340.7321,"No issues","No issues","No issues","No issues"
297,160,2025-05-18,2025-05-18 02:03:00,2025-05-18 02:06:40,2025-05-18 01:59:40,23,-0.131768537549411,162.166482213421,7.01871936757174,0.323670937980558,0.107590039435241,0.000219362129672584,0.00461161383850717,0.126516098346912,0.946523780805902,0.000146235055154023,0.358566624482438,0.363782671491162,2.017352,443.6805,340.8653,2.017745,444.5496,341.7146,2.016922,442.8376,340.6402,"No issues","No issues","No issues","No issues"
298,170,2025-05-18,2025-05-18 02:10:20,2025-05-18 02:14:00,2025-05-18 02:07:00,23,0.326074624505799,-472.317723320119,106.914023715412,0.719919305859362,0.321644653396334,0.0374268421845558,3.13624809107939e-07,0.00477078888644779,0.376447914272691,0.000156145429142544,0.526607810340558,0.416267544102218,2.016824,442.6078,340.6427,2.017721,443.4951,342.0207,2.016699,440.8491,340.6427,"No issues","No issues","No issues","No issues"
299,180,2025-05-18,2025-05-18 02:17:40,2025-05-18 02:21:20,2025-05-18 02:14:20,23,0.183659762845778,968.631083003899,32.0695968379081,0.415987680398322,0.681183514893643,0.00649379793374155,0.000891260376805008,1.25240948350998e-06,0.714729872013782,0.000167069581490156,0.508755734161743,0.304538358129152,2.017436,441.7708,341.1125,2.017996,444.703,341.8849,2.017156,441.4552,340.7079,"No issues","No issues","No issues","No issues"
300,190,2025-05-18,2025-05-18 02:25:00,2025-05-18 02:28:40,2025-05-18 02:21:40,23,0.0626485375490344,306.668774703528,133.079905138314,0.0751533629134359,0.128322824471851,0.0373389262013249,0.205571845211351,0.0932699004440627,0.377019909035754,0.000168726844534718,0.613632051536259,0.518777189192156,2.017719,440.9237,340.9156,2.018289,443.241,342.854,2.017513,440.9237,340.2583,"No issues","No issues","No issues","No issues"
301,200,2025-05-18,2025-05-18 02:32:20,2025-05-18 02:36:00,2025-05-18 02:29:00,23,0.299283794466503,812.545897233235,-29.1489011857514,0.69355720618922,0.513661759041608,0.00582350588821241,8.19941919822128e-07,0.00011932484984199,0.729286441738974,0.000152731761100691,0.607003352944885,0.29239791374166,2.017864,440.342,341.4538,2.018419,442.9954,341.8918,2.017527,439.6629,340.7403,"No issues","No issues","No issues","No issues"
302,210,2025-05-18,2025-05-18 02:39:40,2025-05-18 02:43:20,2025-05-18 02:36:20,23,-0.154239367589098,514.181596837914,-17.4405059288772,0.279774232607066,0.177444779248112,0.00098966431177095,0.00945721038776218,0.0453052733475328,0.886690665021404,0.000189993307196514,0.849923902188597,0.425414913773174,2.018497,441.0999,341.506,2.019231,443.8376,342.0398,2.018285,440.279,340.1531,"No issues","No issues","No issues","No issues"
303,220,2025-05-18,2025-05-18 02:47:00,2025-05-18 02:50:40,2025-05-18 02:43:40,23,0.402178339920717,2086.26289328067,32.3889011857435,0.624651563991741,0.626036646238759,0.00507288126117692,7.22215986313693e-06,6.94045237937632e-06,0.746740050632813,0.000239347922567831,1.23793053174634,0.348238750645342,2.019031,446.573,341.714,2.020458,451.4136,342.1783,2.018715,444.6108,340.858,"No issues","No issues","No issues","No issues"
304,230,2025-05-18,2025-05-18 02:54:20,2025-05-18 02:58:00,2025-05-18 02:51:00,23,0.0942716205533156,79.490561264854,207.82358893275,0.0331265960507324,0.0036712241954551,0.23799021130859,0.405875281003646,0.783600646504412,0.0182026381607094,0.000391011895324951,1.0053656496636,0.285501348603745,2.020893,450.0656,341.216,2.020923,450.6865,342.21,2.019639,446.6679,340.9745,"No issues","No issues","No issues","No issues"
305,240,2025-05-18,2025-05-18 03:01:40,2025-05-18 03:05:20,2025-05-18 02:58:20,23,0.0265005533595267,-333.311051383367,95.9159525691708,0.0011668120293945,0.0242044866810629,0.031278029399404,0.877035692686159,0.478416876140495,0.419513746278528,0.000595269418295044,1.62477706254469,0.409810727937215,2.020046,447.5441,341.1569,2.022317,452.7744,342.5724,2.020046,446.5902,340.9236,"No issues","No issues","No issues","No issues"
306,10,2025-05-18,2025-05-18 03:09:00,2025-05-18 03:12:40,2025-05-18 03:05:40,23,1.76246608695637,3479.29384980236,65.3361581027597,0.369843024013732,0.741063261759168,0.0191715475531917,0.00207918752062329,1.35795004852458e-07,0.528660095970043,0.00176623718307088,1.57896644148005,0.358784879092678,2.022113,451.6123,342.3833,2.029965,461.8957,342.7088,2.021533,451.6123,340.9218,"No issues","No issues","No issues","No issues"
307,20,2025-05-18,2025-05-18 03:16:20,2025-05-18 03:20:00,2025-05-18 03:13:00,23,-0.0838899604746184,1371.20727272723,-7.45584189726819,0.00608364729269252,0.120084105066023,0.000351171174542828,0.723531203352128,0.1052585780754,0.932367081981709,0.000823219197973313,2.8496631233791,0.305403202327705,2.023224,459.8106,342.1171,2.025665,470.933,342.4287,2.022905,459.8106,341.1909,"No issues","No issues","No issues","No issues"
308,30,2025-05-18,2025-05-18 03:23:40,2025-05-18 03:27:20,2025-05-18 03:20:20,23,0.00286861660060714,-2953.47130434787,-51.8092648221223,0.000158224617531387,0.763681822413051,0.0130364272552555,0.954574371508915,5.13158145423682e-08,0.603942127608886,0.000175070799514751,1.26135603410877,0.346091787997341,2.022136,465.6775,342.1671,2.022564,465.9274,342.4717,2.021945,458.0899,341.3934,"No issues","No issues","No issues","No issues"
309,40,2025-05-18,2025-05-18 03:31:00,2025-05-18 03:34:40,2025-05-18 03:27:40,23,0.262999209486145,2987.08961264816,208.702956521695,0.0361125758177761,0.841522862641611,0.126620500269073,0.38512261463096,7.40093225754769e-10,0.0956282329484742,0.00104316008865876,0.995201900118777,0.420814486093393,2.025539,471.4088,341.5735,2.028038,477.941,342.7757,2.023485,470.514,341.111,"No issues","No issues","No issues","No issues"
310,50,2025-05-18,2025-05-18 03:38:20,2025-05-18 03:42:00,2025-05-18 03:35:00,23,-0.430599841897359,706.13217391302,376.684363636367,0.408320644942356,0.197724519305789,0.374367645208638,0.00103001478199196,0.0335091354576691,0.00191807909871235,0.00039795045033409,1.09201873981615,0.373852797572626,2.025825,480.8287,342.2295,2.026315,484.5508,343.5347,2.024621,479.2166,341.7338,"No issues","No issues","No issues","No issues"
311,60,2025-05-18,2025-05-18 03:45:40,2025-05-18 03:49:20,2025-05-18 03:42:20,23,1.84161770750969,2029.37378656129,987.390640316158,0.620801945610489,0.25367196045148,0.79421431272921,8.06068475981331e-06,0.0142780489910285,1.17972056564505e-08,0.0011050160687137,2.67241123323822,0.385869391357201,2.025849,492.1408,345.2454,2.031667,504.696,347.7398,2.025849,492.1408,344.4023,"No issues","No issues","No issues","No issues"
312,70,2025-05-18,2025-05-18 03:53:00,2025-05-18 03:56:40,2025-05-18 03:49:40,23,-1.14252047430838,2028.354403162,144.108711462466,0.790390459024496,0.774694305589519,0.0871225187035237,1.43441372813746e-08,3.08931690991095e-08,0.171526669896093,0.000451711623624676,0.839802836624675,0.358132609051337,2.02857,494.6949,342.1907,2.029917,500.5026,342.837,2.02664,493.9846,341.4053,"No issues","No issues","No issues","No issues"
313,80,2025-05-18,2025-05-18 04:00:20,2025-05-18 04:04:00,2025-05-18 03:57:00,23,-1.03534007905134,3844.98441106715,-79.9951304348038,0.92326661290574,0.661501109609986,0.0280988959452304,3.49766167604117e-13,2.37975210013909e-06,0.444560680932089,0.00022915231077746,2.11164308862012,0.361195687448495,2.029417,516.2694,342.4362,2.029703,529.7917,342.4362,2.027256,516.2694,341.1096,"No issues","No issues","No issues","No issues"
314,90,2025-05-18,2025-05-18 04:07:40,2025-05-18 04:11:20,2025-05-18 04:04:20,23,-0.918700079051468,6044.0641897233,-40.1435573122692,0.861362830573763,0.637621187972032,0.0052660249490733,1.79809812583862e-10,4.94770967093285e-06,0.742120002245691,0.000282965264795886,3.49817629247945,0.423584900156382,2.029735,522.4176,342.3553,2.029735,532.3405,342.8555,2.027051,513.602,341.3403,"No issues","No issues","No issues","No issues"
315,100,2025-05-18,2025-05-18 04:15:00,2025-05-18 04:18:40,2025-05-18 04:11:40,23,-0.165397944664019,-6024.5123478261,97.0181501975513,0.0343799032449708,0.957346765656817,0.0408714507005667,0.396980871527293,7.22413082049305e-16,0.354918104253461,0.000672966625989596,0.976283258049639,0.360822796678298,2.024451,517.2331,341.3122,2.026208,517.2331,342.5344,2.023667,501.5437,341.1183,"No issues","No issues","No issues","No issues"
316,110,2025-05-18,2025-05-18 04:22:20,2025-05-18 04:26:00,2025-05-18 04:19:00,23,-1.58946118577107,2216.79519367587,34.9783399209396,0.863309306582353,0.708310981957108,0.00368533341775067,1.54843667824094e-10,4.83869857969946e-07,0.783194830996513,0.000485566576394718,1.09215987899144,0.44154163231322,2.029081,502.1329,341.2698,2.029081,507.0265,342.5475,2.025289,499.1794,340.508,"No issues","No issues","No issues","No issues"
317,120,2025-05-18,2025-05-18 04:29:40,2025-05-18 04:33:20,2025-05-18 04:26:20,23,-1.29108237154127,2319.39860869557,-96.653596837969,0.879588382140528,0.250485952532996,0.0670480819903006,4.05498819876888e-11,0.015004150991003,0.232851786924132,0.000366742296927997,3.08025157891981,0.276800625836213,2.027021,512.4901,341.5589,2.027207,520.0189,341.5589,2.023671,505.3584,340.4397,"No issues","No issues","No issues","No issues"
318,130,2025-05-18,2025-05-18 04:37:00,2025-05-18 04:40:40,2025-05-18 04:33:40,23,-0.319867826087167,487.09109881418,-187.16101185771,0.334922462638738,0.0711102665386886,0.133685430693678,0.00381392442888037,0.218702728260199,0.0862168822723225,0.000346056615995808,1.35157054087967,0.365783195472354,2.024725,519.6134,340.0638,2.025011,521.6371,341.5511,2.02367,516.1138,339.6613,"No issues","No issues","No issues","No issues"
319,140,2025-05-18,2025-05-18 04:44:20,2025-05-18 04:48:00,2025-05-18 04:41:00,23,0.58193644268793,1070.61552569172,-167.45720158106,0.702138610988505,0.36229356388484,0.0848095307176291,6.05202211467016e-07,0.00237611132266018,0.177594515936008,0.0002909938617306,1.09050138998553,0.422327964678014,2.026722,528.8914,339.6325,2.028302,531.4493,341.2751,2.026694,526.5294,339.453,"No issues","No issues","No issues","No issues"
320,150,2025-05-18,2025-05-18 04:51:40,2025-05-18 04:55:20,2025-05-18 04:48:20,23,0.485325533596698,-526.453470355769,182.0948300395,0.143919217345669,0.129942192284552,0.204089463825771,0.0742053807885774,0.0910809539475399,0.0304614304285661,0.000908748519274689,1.04585517137783,0.276078156306018,2.029306,514.86,340.4869,2.029972,517.1401,340.988,2.026695,513.0825,339.8403,"No issues","No issues","No issues","No issues"
321,160,2025-05-18,2025-05-18 04:59:00,2025-05-18 05:02:40,2025-05-18 04:55:40,23,1.06590450592858,6610.62194466398,53.5483636363374,0.975640598874726,0.879272324358383,0.0120266034449188,1.99777390360345e-18,4.16882648455886e-11,0.618402184466992,0.000129306175078996,1.88060087801344,0.372614652886709,2.027786,517.3547,340.5403,2.030474,534.5917,341.4775,2.027786,517.3547,340.0534,"No issues","No issues","No issues","No issues"
322,170,2025-05-18,2025-05-18 05:06:20,2025-05-18 05:10:00,2025-05-18 05:03:00,23,0.337199051383052,799.52528063238,-25.5981343873874,0.458663775554273,0.333875770979617,0.00358923749627469,0.000385645579892985,0.00388232728493578,0.785975463631353,0.000281245293787426,0.867021684796354,0.327445493171064,2.03057,514.666,340.7148,2.031591,518.2105,341.0722,2.030178,514.6435,339.8402,"No issues","No issues","No issues","No issues"
323,180,2025-05-18,2025-05-18 05:13:40,2025-05-18 05:17:20,2025-05-18 05:10:20,23,0.330889802371165,5020.31383399211,252.77805533593,0.702421440908359,0.884959964499294,0.252205328166927,5.99088586332295e-07,2.50432673997347e-11,0.0146080822913216,0.000165347608217881,1.3896523123344,0.33416889201642,2.033725,514.7707,340.0091,2.034146,527.5378,341.0575,2.033123,514.3112,339.4441,"No issues","No issues","No issues","No issues"
324,190,2025-05-18,2025-05-18 05:21:00,2025-05-18 05:24:40,2025-05-18 05:17:40,23,-0.263921264822171,-2131.11832411074,121.975968379438,0.561957456773423,0.521443070195926,0.0586564985273928,3.82830846850372e-05,0.000100088256913086,0.265531370823928,0.000178893024372492,1.56741324996327,0.375148200580834,2.032275,508.6763,340.3741,2.032275,509.332,340.6985,2.031098,502.5575,339.3576,"No issues","No issues","No issues","No issues"
325,200,2025-05-18,2025-05-18 05:28:20,2025-05-18 05:32:00,2025-05-18 05:25:00,23,0.294195415019683,-1276.32350988144,174.051604743065,0.132614598891205,0.591802701913874,0.127228903698114,0.0875810709612477,1.78432774275141e-05,0.0947785384226763,0.000577642158194042,0.813804254228007,0.349983776171266,2.029429,491.3776,340.4117,2.031721,491.9451,340.7114,2.029429,487.3345,339.3362,"No issues","No issues","No issues","No issues"
326,210,2025-05-18,2025-05-18 05:35:40,2025-05-18 05:39:20,2025-05-18 05:32:20,23,0.88793928853741,568.068901185759,38.5641106719166,0.915376599685402,0.360249914728646,0.0173523810799723,9.81255793154199e-13,0.00246297987689374,0.549081242461905,0.000207272268852618,0.581188273705358,0.222800048473828,2.031957,487.8493,340.4564,2.034228,489.6102,340.5303,2.031957,487.0513,339.4925,"No issues","No issues","No issues","No issues"
327,220,2025-05-18,2025-05-18 05:43:00,2025-05-18 05:46:40,2025-05-18 05:39:40,23,0.955923794466344,342.05947826085,-151.259762845856,0.851802223105914,0.176549642111758,0.0940435052341568,3.63998703053851e-10,0.0459093239089211,0.15466078655243,0.000306116914786057,0.567152061859319,0.360433607241917,2.036488,490.7694,339.913,2.039436,492.4075,340.7919,2.036488,489.9162,339.5888,"No issues","No issues","No issues","No issues"
328,230,2025-05-18,2025-05-18 05:50:20,2025-05-18 05:54:00,2025-05-18 05:47:00,23,-0.4225916205535,-977.757723320184,186.886102766772,0.126085483269601,0.195115562733622,0.215571045820367,0.0963817958095455,0.0348412055353456,0.0256225076735515,0.000854152487801618,1.52463070043763,0.273697730833613,2.039093,495.5417,340.6461,2.041188,500.3777,341.0651,2.038267,493.805,339.8242,"No issues","No issues","No issues","No issues"
329,240,2025-05-18,2025-05-18 05:57:40,2025-05-18 06:01:20,2025-05-18 05:54:20,23,0.586956521738832,-2778.17833992099,-15.8089802371288,0.424151454852065,0.560886637683367,0.00114508119989515,0.000762585261556032,3.93096273054327e-05,0.878177760289183,0.000525063929854888,1.88722419792058,0.358467276623611,2.036957,490.3187,340.5959,2.039099,491.3788,341.2734,2.036957,481.3711,339.8707,"No issues","No issues","No issues","No issues"
330,10,2025-05-18,2025-05-18 06:05:00,2025-05-18 06:08:40,2025-05-18 06:01:40,23,0.751082371541257,-2769.90545454552,-8.33520948616996,0.505121869036031,0.855985494972251,0.000356904835335436,0.000144285439842589,2.68886262632479e-10,0.931818424670381,0.00057075695209734,0.872263011657211,0.338668952439607,2.040523,481.7648,341.0958,2.042706,483.0092,341.1378,2.03996,474.5627,339.9282,"No issues","No issues","No issues","No issues"
331,20,2025-05-18,2025-05-18 06:12:20,2025-05-18 06:16:00,2025-05-18 06:09:00,23,0.764264347826148,-580.867541502014,-27.8682687747247,0.760109768201143,0.16885970463355,0.00320093090371723,6.01965723717001e-08,0.0514316491375368,0.797636988904267,0.000329628171685895,0.989381672934114,0.377561974261139,2.041835,470.9625,340.5894,2.043624,472.9041,341.3982,2.041482,468.3415,339.677,"No issues","No issues","No issues","No issues"
332,30,2025-05-18,2025-05-18 06:19:40,2025-05-18 06:23:20,2025-05-18 06:16:20,23,0.12581786561277,-4142.96196047431,40.1316047430607,0.145975695468727,0.855015026332309,0.00618413820596916,0.0720008358040556,2.88679975244207e-10,0.721344806460719,0.000233641372039783,1.30977942794885,0.39058223892037,2.043657,472.8127,341.3232,2.043985,472.8127,341.4734,2.04301,463.627,339.9643,"No issues","No issues","No issues","No issues"
333,40,2025-05-18,2025-05-18 06:27:00,2025-05-18 06:30:40,2025-05-18 06:23:40,23,0.656008221343466,-1918.79459288536,-28.679335968415,0.750419721321187,0.60145181107085,0.00640850561084655,9.17554147445401e-08,1.37825392151354e-05,0.716533898919729,0.000290452347638167,1.19917090603881,0.274161984768879,2.04647,466.9853,340.6594,2.048754,468.3529,341.5043,2.04647,462.286,340.3615,"No issues","No issues","No issues","No issues"
334,50,2025-05-18,2025-05-18 06:34:20,2025-05-18 06:38:00,2025-05-18 06:31:00,23,0.6064477470355,997.481169960446,146.296885375459,0.646296512661173,0.736944427330747,0.0878685698340001,3.8135802134446e-06,1.60666727770061e-07,0.169617420259826,0.000344436959895175,0.457534329546485,0.36187585527489,2.050687,467.8954,340.9961,2.052042,470.0514,342.1486,2.050045,466.7964,340.7377,"No issues","No issues","No issues","No issues"
335,60,2025-05-18,2025-05-18 06:41:40,2025-05-18 06:45:20,2025-05-18 06:38:20,23,0.0750365217389469,-1663.10181818182,456.062229249001,0.0800093056926799,0.6013996971616,0.534603541203649,0.190942881853976,1.38019951396338e-05,7.38880608327507e-05,0.000195347004759464,1.03948599806746,0.326687353845757,2.054447,470.814,343.6989,2.054664,471.282,345.1827,2.053936,465.8812,343.2912,"No issues","No issues","No issues","No issues"
336,70,2025-05-18,2025-05-18 06:49:00,2025-05-18 06:52:40,2025-05-18 06:45:40,23,-0.0698456916996726,-2296.96107509887,154.794308300355,0.0517233674904562,0.85736046941112,0.110298558295626,0.296653952708072,2.4294492665938e-10,0.121560317569295,0.000229602359460221,0.719290714774827,0.337524119408276,2.053842,460.9969,340.7599,2.053842,460.9969,341.7567,2.052897,453.8717,340.4059,"No issues","No issues","No issues","No issues"
337,80,2025-05-18,2025-05-18 06:56:20,2025-05-18 07:00:00,2025-05-18 06:53:00,23,0.147870355731007,-2099.1059288538,23.1871304347922,0.437471402274281,0.868684806475483,0.00334494560257578,0.000588772758303389,1.01327020360026e-10,0.793228485483525,0.000128733382996087,0.626575381555059,0.307282273857497,2.054515,448.8891,340.5318,2.054984,448.8891,341.668,2.054186,442.4984,340.3775,"No issues","No issues","No issues","No issues"
338,90,2025-05-18,2025-05-18 07:03:40,2025-05-18 07:07:20,2025-05-18 07:00:20,23,0.214668142292694,-1563.42336758898,-65.0117312252881,0.595343484106755,0.88410187791671,0.0111204508267811,1.6241260113185e-05,2.70875088637716e-11,0.632028808995601,0.000135875032301188,0.434586506332749,0.470668168383349,2.055671,439.2138,341.1495,2.056633,439.8643,341.5222,2.055671,435.0418,339.794,"No issues","No issues","No issues","No issues"
339,100,2025-05-18,2025-05-18 07:11:00,2025-05-18 07:14:40,2025-05-18 07:07:40,23,-0.0974817391307089,-520.203984189743,-127.101059288544,0.161573973848414,0.446420024571963,0.0516242253884603,0.0572587329998472,0.000493320447316525,0.297129915672964,0.000170483572209028,0.444738392888673,0.418239664607039,2.056719,437.8296,340.2995,2.05719,438.9705,341.4754,2.056258,436.7613,339.9903,"No issues","No issues","No issues","No issues"
340,110,2025-05-18,2025-05-18 07:18:20,2025-05-18 07:22:00,2025-05-18 07:15:00,23,-0.238206166007913,114.466339920929,-68.2022134387579,0.380038995598356,0.0267931966919894,0.0208860830177802,0.00173243219181855,0.45549216866352,0.51059557336208,0.000233578949351075,0.529639899088657,0.358508268994621,2.05383,435.0953,339.6725,2.054651,436.9642,341.014,2.05333,434.7713,339.6244,"No issues","No issues","No issues","No issues"
341,120,2025-05-18,2025-05-18 07:25:40,2025-05-18 07:29:20,2025-05-18 07:22:20,23,-0.555640790513732,302.060205533572,-101.701849802377,0.703745552229039,0.313923588899971,0.0491806858072768,5.71206241484259e-07,0.00542536825348574,0.309161812164934,0.000276777845516962,0.342831230694206,0.343315297468824,2.053223,434.6523,339.8592,2.053223,435.7777,340.7032,2.051495,434.0213,339.0151,"No issues","No issues","No issues","No issues"
342,130,2025-05-18,2025-05-18 07:33:00,2025-05-18 07:36:40,2025-05-18 07:29:40,23,-0.603101027668063,-1775.57976284585,-100.577454545495,0.898996425074259,0.775513516915776,0.0452421580788479,6.34191671552446e-12,2.97198514252779e-08,0.329854065861704,0.000155200120688608,0.733420752605415,0.354722058895199,2.051153,432.6673,340.0432,2.051313,433.0399,340.8962,2.04968,427.8693,339.3215,"No issues","No issues","No issues","No issues"
343,140,2025-05-18,2025-05-18 07:40:20,2025-05-18 07:44:00,2025-05-18 07:37:00,23,-0.132297865612949,-381.158039525688,-82.0578023715526,0.399051054707454,0.247834827866992,0.0248265534085537,0.0012242488244268,0.0156347692136771,0.472747001183004,0.000124643601906095,0.509792124279323,0.394834592264054,2.048352,433.9832,339.373,2.048376,434.5426,340.0592,2.047871,431.9743,338.6028,"No issues","No issues","No issues","No issues"
344,150,2025-05-18,2025-05-18 07:47:40,2025-05-18 07:51:20,2025-05-18 07:44:20,23,-0.456673517786752,-4171.90937549408,-25.0218498024034,0.723762912108972,0.938298979888642,0.0021528127506552,2.70627177195757e-07,3.51825602270782e-14,0.833493923436017,0.000216601397715689,0.821340071583967,0.413581304620836,2.045947,424.4274,339.3462,2.046137,424.4389,340.1851,2.044764,413.7082,338.7666,"No issues","No issues","No issues","No issues"
345,160,2025-05-18,2025-05-18 07:55:00,2025-05-18 07:58:40,2025-05-18 07:51:40,23,0.0525998418971391,-1466.92344664034,138.32281422922,0.0677986579790845,0.83586199817383,0.0557092244689236,0.230161193271817,1.07312942950019e-09,0.278259895324857,0.000149741213294403,0.499065245059476,0.437215680493666,2.044457,428.5932,338.9883,2.045244,428.5932,340.5182,2.044457,424.3121,338.2774,"No issues","No issues","No issues","No issues"
346,170,2025-05-18,2025-05-18 08:02:20,2025-05-18 08:06:00,2025-05-18 07:59:00,23,-0.309528853754973,135.459320158068,-2.74823715418524,0.751323927706666,0.0485174778757001,4.66805345621221e-05,8.82770651792296e-08,0.31253039659396,0.975317724232449,0.000136715301561438,0.460545758272415,0.308808151175222,2.044474,432.0982,339.3033,2.044474,433.3624,339.963,2.043495,431.49,338.8698,"No issues","No issues","No issues","No issues"
347,180,2025-05-18,2025-05-18 08:09:40,2025-05-18 08:13:20,2025-05-18 08:06:20,23,-0.131017233201524,-4802.41849802376,-72.9354308300588,0.445236569467172,0.983689537951442,0.020719590268115,0.000505070734585469,2.94996157216525e-20,0.512303436539678,0.00011227925393594,0.474762824298869,0.384958665637543,2.042837,422.5948,339.2838,2.042881,422.5948,340.0655,2.04237,410.8788,338.644,"No issues","No issues","No issues","No issues"
348,190,2025-05-18,2025-05-18 08:17:00,2025-05-18 08:20:40,2025-05-18 08:13:40,23,-0.00241612648250862,-1110.27244268775,-82.8278893280897,0.00017266701335864,0.7851976386155,0.0422357070828725,0.952548630596412,1.86015718614144e-08,0.346838997030685,0.000141152987800097,0.445832977812903,0.302815866228964,2.041733,429.6916,339.0476,2.042127,429.9723,339.9878,2.041577,426.0887,338.8572,"No issues","No issues","No issues","No issues"
349,200,2025-05-18,2025-05-18 08:24:20,2025-05-18 08:28:00,2025-05-18 08:21:00,23,-0.31370371541513,50.9717312253468,120.275288537501,0.640590542237224,0.00558363037571943,0.0572626022172794,4.52897279555801e-06,0.734721332205719,0.271463319104785,0.000180400089049982,0.522237173220433,0.374669922929477,2.041724,432.1403,339.4779,2.041724,434.0757,339.9355,2.040461,431.8366,338.4116,"No issues","No issues","No issues","No issues"
350,210,2025-05-18,2025-05-18 08:31:40,2025-05-18 08:35:20,2025-05-18 08:28:20,23,-0.519731857707676,-61.9416284585824,78.4771541501832,0.761940547744654,0.00959057638017236,0.0166184736713309,5.54843825732636e-08,0.656650256068424,0.557727054844184,0.000223035557572265,0.483259324366042,0.463469647355234,2.038936,433.1658,338.8959,2.03913,433.5163,340.3987,2.037751,431.8849,338.5891,"No issues","No issues","No issues","No issues"
351,220,2025-05-18,2025-05-18 08:39:00,2025-05-18 08:42:40,2025-05-18 08:35:40,23,0.246069249011878,-4542.55256916999,-50.49618972334,0.750806257414811,0.977551192218208,0.00656975750323533,9.02535233255962e-08,8.46621401659569e-19,0.71313442240069,0.000108836499259554,0.528493248402219,0.476722031726675,2.037827,428.6223,340.8855,2.038602,428.6458,340.8855,2.037827,417.3497,338.3985,"No issues","No issues","No issues","No issues"
352,230,2025-05-18,2025-05-18 08:46:20,2025-05-18 08:50:00,2025-05-18 08:43:00,23,0.0653464031618088,-42.0107193675918,86.3854861659813,0.127117142981812,0.0022814810598349,0.0301686471027573,0.0949340492928543,0.828659827927894,0.428014920520685,0.000131465017658063,0.67447878938662,0.376030931072786,2.036813,431.5352,339.2949,2.037145,432.8818,340.4914,2.036676,430.1464,338.9562,"No issues","No issues","No issues","No issues"
353,240,2025-05-18,2025-05-18 08:53:40,2025-05-18 08:57:20,2025-05-18 08:50:20,23,0.122488221344249,176.360158102759,-124.942766798376,0.350923822396823,0.060907675431086,0.0550437567525382,0.00289801118302555,0.256269693353422,0.281233464395649,0.000127893458994007,0.531656598481949,0.397443620711379,2.036839,430.754,340.2023,2.037421,432.0767,340.7474,2.036839,429.9513,339.1447,"No issues","No issues","No issues","No issues"
354,10,2025-05-18,2025-05-18 09:01:00,2025-05-18 09:04:40,2025-05-18 08:57:40,23,-0.0554769960474521,-4.62991304352224,253.334703557305,0.0485535603215203,4.9198535770305e-05,0.120993003388911,0.312345959977775,0.974660974060639,0.103862636873578,0.000188541589809258,0.506755717991801,0.524231749124215,2.037923,427.1047,339.6336,2.038663,427.8214,340.509,2.037866,425.6129,338.6573,"No issues","No issues","No issues","No issues"
355,20,2025-05-18,2025-05-18 09:08:20,2025-05-18 09:12:00,2025-05-18 09:05:00,23,0.404184664031812,-4092.21562055338,-214.881581027721,0.831857435650941,0.966716581359215,0.140885769932402,1.38519126631928e-09,5.31811745328447e-17,0.0775802729243625,0.000139510472190691,0.582955607912813,0.407383727824477,2.038254,423.0023,340.0967,2.039429,423.0023,340.7162,2.038254,411.4948,339.0334,"No issues","No issues","No issues","No issues"
356,30,2025-05-18,2025-05-18 09:15:40,2025-05-18 09:19:20,2025-05-18 09:12:20,23,0.381064980236965,194.802972332005,-336.409328063251,0.864604942844267,0.0839908069862505,0.414786462088936,1.4001358361027e-10,0.179797570910092,0.000911795825527362,0.000115772172433472,0.493903625383403,0.306778924633013,2.038994,430.5916,340.2517,2.039879,431.6261,340.4889,2.038758,429.8429,339.0664,"No issues","No issues","No issues","No issues"
357,40,2025-05-18,2025-05-18 09:23:00,2025-05-18 09:26:40,2025-05-18 09:19:40,23,-0.020481581028013,-2555.92885375502,113.614292490105,0.00663513301952335,0.899108215002338,0.027789302957453,0.711769572193504,6.26824873752571e-12,0.447116715686304,0.000192400260058361,0.65732973195844,0.515925430217,2.038415,427.2741,340.0395,2.038464,427.7453,341.2121,2.037838,421.6231,339.0041,"No issues","No issues","No issues","No issues"
358,50,2025-05-18,2025-05-18 09:30:20,2025-05-18 09:34:00,2025-05-18 09:27:00,23,-0.0508411067196202,-283.595193675924,-48.042498023722,0.0987732940417616,0.140970183096732,0.00586606252277184,0.144153552181987,0.0774843231266754,0.728335289232629,0.000117902998212347,0.537467179683535,0.480161442597377,2.037738,431.0313,339.6786,2.037868,432.2976,341.8009,2.037351,429.5658,339.5443,"No issues","No issues","No issues","No issues"
359,60,2025-05-18,2025-05-18 09:37:40,2025-05-18 09:41:20,2025-05-18 09:34:20,23,-0.186246640316082,-274.675162055354,304.048600790482,0.441709516320269,0.206644853144499,0.177522783050826,0.000541631648572706,0.0293142043658913,0.0452530023943282,0.000160754366268094,0.413193528120536,0.502447274014948,2.036781,430.3513,341.6292,2.036858,431.7151,343.6568,2.035979,429.5627,341.0918,"No issues","No issues","No issues","No issues"
360,70,2025-05-18,2025-05-18 09:45:00,2025-05-18 09:48:40,2025-05-18 09:41:40,23,-0.655291067193845,-98.8306719367487,-47.0982450592905,0.911754824262784,0.0261697755483067,0.00373079691423004,1.52639839227181e-12,0.460855598415847,0.781892817092046,0.00015651403746965,0.462856076542552,0.590887590340398,2.036284,427.8382,339.853,2.036284,427.9016,341.3232,2.034695,425.9579,339.2566,"No issues","No issues","No issues","No issues"
361,80,2025-05-18,2025-05-18 09:52:20,2025-05-18 09:56:00,2025-05-18 09:49:00,23,0.186536916995877,-2733.93932015818,140.949818181777,0.442063055437258,0.95190194263545,0.052273770600158,0.000537860271314237,2.55714768464509e-15,0.294028373200326,0.00016088955102317,0.471812158482382,0.46076199723301,2.034618,428.4597,340.0814,2.035293,428.9739,341.5114,2.034513,421.7438,339.9218,"No issues","No issues","No issues","No issues"
362,90,2025-05-18,2025-05-18 09:59:40,2025-05-18 10:03:20,2025-05-18 09:56:20,23,0.17198893280593,-2166.01897233204,-19.4049960474103,0.518911528290694,0.896113911892405,0.00060775113997491,0.000106010330982477,8.53431391365097e-12,0.911098508356204,0.000127139035621521,0.566202703549826,0.604131181247024,2.034722,423.3219,341.199,2.035182,423.3219,342.2486,2.034519,417.3777,339.8257,"No issues","No issues","No issues","No issues"
363,100,2025-05-18,2025-05-18 10:07:00,2025-05-18 10:10:40,2025-05-18 10:03:40,23,0.145701818181638,243.193802371501,-0.28003162058191,0.601965788093093,0.142842626424524,2.42468015242778e-07,1.35919881400295e-05,0.0753860949379878,0.998220867142193,9.09602956843176e-05,0.457368729184079,0.436608702685866,2.0347,428.8663,341.5845,2.035141,430.2029,342.2935,2.034505,428.2957,340.6957,"No issues","No issues","No issues","No issues"
364,110,2025-05-18,2025-05-18 10:14:20,2025-05-18 10:18:00,2025-05-18 10:11:00,23,-0.0353198418974892,-19.072031620562,-24.7119367589146,0.0330411758957957,0.00106193956125122,0.00335878259073695,0.406491588296088,0.882652879959999,0.792810272262281,0.000146692391766227,0.449085397762123,0.326811894784299,2.033907,429.5221,340.5629,2.033907,430.5392,341.6508,2.033326,428.6996,340.3018,"No issues","No issues","No issues","No issues"
365,120,2025-05-18,2025-05-18 10:21:40,2025-05-18 10:25:20,2025-05-18 10:18:20,23,-0.170853438735296,-208.818213438707,105.06564426875,0.296550203576353,0.0704790423762368,0.0386950051344607,0.0072162547601487,0.220836258541825,0.368324961336188,0.000202024369870805,0.582211215620626,0.402046669540158,2.033695,429.7949,341.8793,2.033695,431.3224,342.2095,2.032717,429.1866,340.7303,"No issues","No issues","No issues","No issues"
366,130,2025-05-18,2025-05-18 10:29:00,2025-05-18 10:32:40,2025-05-18 10:25:40,23,0.0781527272728855,-3115.44739920954,5.65783399201752,0.167555548304057,0.959325482842424,6.05006405393179e-05,0.0524302838852152,4.38295669869532e-16,0.971901814723634,0.000133738041417832,0.492505666346568,0.558431196612717,2.032592,425.4938,341.2065,2.032826,425.4938,342.5573,2.032234,416.419,340.1383,"No issues","No issues","No issues","No issues"
367,140,2025-05-18,2025-05-18 10:36:20,2025-05-18 10:40:00,2025-05-18 10:33:00,23,0.130983083003758,50.1179762845519,165.919588932813,0.358845890626981,0.0105801423031223,0.093841220222664,0.00252435319018058,0.640477715748851,0.155127838314167,0.000134417257600283,0.37209229643705,0.395836271333185,2.032633,430.1973,340.7024,2.032917,430.978,342.4342,2.032224,429.4768,340.7024,"No issues","No issues","No issues","No issues"
368,150,2025-05-18,2025-05-18 10:43:40,2025-05-18 10:47:20,2025-05-18 10:40:20,23,0.114317786560958,-3677.73467193678,151.647367588931,0.375458651432218,0.968318891960774,0.0731000871508179,0.00188099802700469,3.16549026629577e-17,0.212126943904658,0.000113194660990775,0.510721297427718,0.414576752208065,2.0327,421.9813,341.326,2.033186,421.9813,342.4334,2.032691,412.2809,340.6714,"No issues","No issues","No issues","No issues"
369,160,2025-05-18,2025-05-18 10:51:00,2025-05-18 10:54:40,2025-05-18 10:47:40,23,-0.0658757312254001,-3333.11990513838,92.8817075098877,0.164676883483923,0.983221725244228,0.0178182498919646,0.0547020879338002,3.97064853617612e-20,0.543718917984949,0.000113906622635331,0.334280813871104,0.529427131688255,2.033051,426.4318,341.154,2.03311,426.5494,342.8185,2.032682,418.5123,340.7158,"No issues","No issues","No issues","No issues"
370,170,2025-05-18,2025-05-18 10:58:20,2025-05-18 11:02:00,2025-05-18 10:55:00,23,0.0159993675888052,-84.4209960474249,130.54852173912,0.0146811283451725,0.016384042984187,0.0515285972524113,0.58182508286294,0.560541948579662,0.297589890441863,0.000100629217368493,0.502186820868278,0.430004019088117,2.031757,430.772,340.4281,2.032045,431.115,342.3052,2.031603,429.5422,340.4281,"No issues","No issues","No issues","No issues"
371,180,2025-05-18,2025-05-18 11:05:40,2025-05-18 11:09:20,2025-05-18 11:02:20,23,-0.0134295652174955,-4382.85343873527,36.0720000000181,0.00657821164024804,0.952924301639984,0.00478650601171238,0.712957495452859,2.0397209845047e-15,0.753771366356451,0.000126703166274899,0.74789172569036,0.39932972738922,2.030911,421.3402,341.2397,2.030911,421.7943,342.026,2.030334,411.5514,340.6694,"No issues","No issues","No issues","No issues"
372,190,2025-05-18,2025-05-18 11:13:00,2025-05-18 11:16:40,2025-05-18 11:09:40,23,0.325383083003787,-2853.40268774707,95.6547035572638,0.797333054541903,0.95806687361013,0.0259928994058921,1.00317838622054e-08,6.03938067900869e-16,0.462394894760857,0.000125944481313166,0.458306874107397,0.449544433464974,2.030874,424.8509,340.4069,2.031927,425.0688,342.4575,2.030874,417.424,340.4069,"No issues","No issues","No issues","No issues"
373,200,2025-05-18,2025-05-18 11:20:20,2025-05-18 11:24:00,2025-05-18 11:17:00,23,0.218936916995816,-195.129106719396,80.4203003952229,0.385621722892509,0.065441207082877,0.0227481332760826,0.00156602078248386,0.238733341952179,0.492121313073483,0.000212162573402796,0.56612497619331,0.404677127958953,2.031165,430.7384,341.1506,2.032127,431.6692,342.054,2.030883,429.2654,340.4166,"No issues","No issues","No issues","No issues"
374,210,2025-05-18,2025-05-18 11:27:40,2025-05-18 11:31:20,2025-05-18 11:24:20,23,-0.478188142292609,234.053501976283,147.622766798408,0.813648555707526,0.151506021342306,0.0423189946140864,4.118192503857e-09,0.0663891154159794,0.346353534862741,0.000175694979228345,0.425243001554639,0.539148874153943,2.03062,428.5605,341.4269,2.030903,430.0758,341.8112,2.029507,428.3476,339.7976,"No issues","No issues","No issues","No issues"
375,220,2025-05-18,2025-05-18 11:35:00,2025-05-18 11:38:40,2025-05-18 11:31:40,23,0.169854545454527,-4056.61574703561,168.395478260892,0.409780776207316,0.977335213370478,0.125399044377325,0.0010021476378369,9.36258314522226e-19,0.0973574364306097,0.000156502274673599,0.474275305049512,0.341429373977879,2.029156,423.8468,341.3612,2.029455,423.8468,341.8291,2.028779,413.198,340.1042,"No issues","No issues","No issues","No issues"
376,230,2025-05-18,2025-05-18 11:42:20,2025-05-18 11:46:00,2025-05-18 11:39:00,23,-0.0303168379447861,104.830007905112,-192.153770751003,0.0149396080939722,0.0246775001066054,0.142903691401253,0.5784951266959,0.47409590638193,0.0753186271016136,0.000188998485501627,0.505966490059347,0.361288880801129,2.029462,429.176,341.6608,2.029977,430.7603,342.4186,2.029047,428.4716,340.793,"No issues","No issues","No issues","No issues"
377,240,2025-05-18,2025-05-18 11:49:40,2025-05-18 11:53:20,2025-05-18 11:46:20,23,0.443790355731002,-334.658276679865,200.864632411057,0.839060587851121,0.173496614499633,0.0649877098886088,8.7129465083528e-10,0.0480289857677621,0.240423859173635,0.000149219300635226,0.560778019099901,0.584937026769665,2.029816,429.6626,341.7774,2.031187,431.2285,342.7692,2.029682,428.2833,340.5273,"No issues","No issues","No issues","No issues"
378,10,2025-05-18,2025-05-18 11:57:00,2025-05-18 12:00:40,2025-05-18 11:53:40,23,0.37536189723304,-34.9288221344429,-146.795478260873,0.810906061146847,0.00264157190167194,0.0479470392153378,4.80823346638016e-09,0.81584262294663,0.315464258059997,0.000139160606288823,0.521063856239082,0.502197944601913,2.031374,426.0725,341.1233,2.032358,427.1854,342.9715,2.031348,424.9708,340.6567,"No issues","No issues","No issues","No issues"
379,20,2025-05-18,2025-05-18 12:04:20,2025-05-18 12:08:00,2025-05-18 12:01:00,23,1.00923225296428,-4746.07664822131,40.6950830039638,0.977104372869043,0.971988045820942,0.00525512132964718,1.04148251127576e-18,8.67750479897196e-18,0.742378314111333,0.000118606778575485,0.618569618155916,0.429852064224498,2.031045,422.4466,341.5939,2.033522,422.4466,342.6385,2.031045,409.4333,340.9738,"No issues","No issues","No issues","No issues"
380,30,2025-05-18,2025-05-18 12:11:40,2025-05-18 12:15:20,2025-05-18 12:08:20,23,0.192180237154184,110.621881422912,152.752126482194,0.622972732541862,0.0273282851798024,0.0902608157583959,7.57755233143414e-06,0.450963930205019,0.163647505817783,0.0001147818398884,0.506676298534276,0.372313414315316,2.034792,430.3912,341.962,2.035361,431.3736,342.6126,2.034665,429.1688,340.6951,"No issues","No issues","No issues","No issues"
381,40,2025-05-18,2025-05-18 12:19:00,2025-05-18 12:22:40,2025-05-18 12:15:40,23,-0.699148458498138,-1474.14279841897,91.9459920948604,0.732156603400207,0.845348801865822,0.0184535981639157,1.94731283077971e-07,5.71425331412161e-10,0.536555790409502,0.000324653792294637,0.484072960836091,0.514825780911881,2.03624,425.8091,341.8948,2.036547,425.8091,343.2107,2.034681,420.8416,340.8726,"No issues","No issues","No issues","No issues"
382,50,2025-05-18,2025-05-18 12:26:20,2025-05-18 12:30:00,2025-05-18 12:23:00,23,0.00702640316192853,87.6183083004084,-85.2363320158539,0.0015836662498668,0.0200782118171188,0.0265163345261608,0.856933257475968,0.518973777851243,0.457862261583945,0.000135447086879825,0.469938093654462,0.396501594215013,2.034675,430.286,342.1546,2.034952,431.2053,343.3055,2.034377,429.3122,341.8931,"No issues","No issues","No issues","No issues"
383,60,2025-05-18,2025-05-18 12:33:40,2025-05-18 12:37:20,2025-05-18 12:30:20,23,0.214966956521882,179.229628458459,617.590102766835,0.696849273827545,0.104637023817288,0.611925336812653,7.30499782013929e-07,0.132158403369118,1.0342390726632e-05,0.000108853947778914,0.402512412068632,0.377590753046173,2.033366,429.4023,343.3658,2.033813,430.4113,345.8658,2.033144,428.7454,343.3658,"No issues","No issues","No issues","No issues"
384,70,2025-05-18,2025-05-18 12:41:00,2025-05-18 12:44:40,2025-05-18 12:37:40,23,0.718289644268551,-1195.35253754945,372.128727272733,0.939812844675181,0.645326574773145,0.292773200576794,2.70850630224938e-14,3.9274165816417e-06,0.00767246898510689,0.000139554363873148,0.68035119698759,0.444037335368885,2.035357,426.4067,342.5194,2.037477,427.0858,343.2701,2.035357,423.1896,341.2306,"No issues","No issues","No issues","No issues"
385,80,2025-05-18,2025-05-18 12:48:20,2025-05-18 12:52:00,2025-05-18 12:45:00,23,0.432939130434708,-3580.87105138339,179.456727272695,0.51258199887646,0.932638250792897,0.0723158812872422,0.000122246101916148,8.8673031311746e-14,0.214691732999451,0.00032412202479389,0.738841607064412,0.493464095030542,2.040231,423.5837,343.1028,2.042023,423.5837,343.9182,2.040231,414.3001,341.9844,"No issues","No issues","No issues","No issues"
386,90,2025-05-18,2025-05-18 12:55:40,2025-05-18 12:59:20,2025-05-18 12:52:20,23,0.758697865612468,-1338.15415019765,-188.141122529648,0.935992085679955,0.59135290841794,0.114129423326818,5.17841676592538e-14,1.80567781406665e-05,0.114890376360232,0.000152321850732805,0.854023023078836,0.402422869817098,2.044527,423.0041,342.8023,2.04664,423.0041,343.9546,2.044527,418.0781,342.3733,"No issues","No issues","No issues","No issues"
387,100,2025-05-18,2025-05-18 13:03:00,2025-05-18 13:06:40,2025-05-18 12:59:40,23,-0.918145138340076,-467.988332015853,-382.573565217399,0.904318258332705,0.371864947111214,0.273928963370077,3.58285578173502e-12,0.00200570705031512,0.0103804702060276,0.000229286149472427,0.466961972277625,0.478187405370547,2.050209,429.5254,344.1822,2.050283,430.8791,344.6041,2.04811,428.7583,342.752,"No issues","No issues","No issues","No issues"
388,110,2025-05-18,2025-05-18 13:10:20,2025-05-18 13:14:00,2025-05-18 13:07:00,23,-1.52180964426915,-338.957786561265,213.700837944675,0.901294466522185,0.34684953945338,0.118509430808307,4.97471846442516e-12,0.00310954003271151,0.107722461057823,0.000386643154578687,0.357103632889374,0.447456890070789,2.042557,429.6765,342.6035,2.042557,430.3362,344.2995,2.038585,428.6802,342.528,"No issues","No issues","No issues","No issues"
389,120,2025-05-18,2025-05-18 13:17:40,2025-05-18 13:21:20,2025-05-18 13:14:20,23,-0.233860553359721,379.994371541451,-139.94580237153,0.210102907745901,0.287630879315202,0.0776266059907995,0.0278274238086838,0.00833704334016011,0.197972403088694,0.000348127871551525,0.459118241204937,0.370356999300336,2.037942,430.1178,342.7895,2.038867,431.8165,344.136,2.037446,429.4106,342.5034,"No issues","No issues","No issues","No issues"
390,130,2025-05-18,2025-05-18 13:25:00,2025-05-18 13:28:40,2025-05-18 13:21:40,23,0.814234624506017,-3657.48616600792,110.428079051395,0.672562727645851,0.967216752175339,0.0325509018497655,1.66668466414573e-06,4.53532227814581e-17,0.410054508038255,0.000436174047346954,0.516962893334445,0.462194382224577,2.037049,423.7227,343.7917,2.039093,423.7227,345.2699,2.03704,414.0475,343.3085,"No issues","No issues","No issues","No issues"
391,140,2025-05-18,2025-05-18 13:32:20,2025-05-18 13:36:00,2025-05-18 13:29:00,23,0.770163794466195,21.863810276723,270.256980237148,0.743633196380941,0.0011960926054257,0.151994737481419,1.22103980676029e-07,0.875513904688155,0.0659145248224023,0.000347174008763972,0.485060778527162,0.490088501804394,2.04207,428.4433,343.5816,2.044285,430.145,344.6526,2.04207,428.1879,342.2982,"No issues","No issues","No issues","No issues"
392,150,2025-05-18,2025-05-18 13:39:40,2025-05-18 13:43:20,2025-05-18 13:36:20,23,-0.566287114624569,-4787.12860079056,228.486166007875,0.643648287605772,0.981479719318327,0.134226728103568,4.13171613637954e-06,1.12115408377764e-19,0.0855354280820756,0.000323492630516752,0.504859819118125,0.445507573304948,2.04433,423.1228,344.0682,2.044607,423.1228,345.2746,2.042865,411.1633,342.9056,"No issues","No issues","No issues","No issues"
393,160,2025-05-18,2025-05-18 13:47:00,2025-05-18 13:50:40,2025-05-18 13:43:40,23,-0.500001581027922,-3084.551715415,36.2248221343592,0.701529327529904,0.950862421103952,0.00460503686261067,6.18565478868975e-07,3.20240971686689e-15,0.758346490849934,0.00025038706511464,0.538335087136516,0.408883910423403,2.043153,425.9781,344.4137,2.043153,425.9781,344.7682,2.041643,418.0991,343.4103,"No issues","No issues","No issues","No issues"
394,170,2025-05-18,2025-05-18 13:54:20,2025-05-18 13:58:00,2025-05-18 13:51:00,23,-0.439410592885567,69.6109090908499,-67.9964584980356,0.717187777204504,0.0179600318269065,0.0082198638747932,3.47856774256098e-07,0.542105660829556,0.68077326796687,0.000211843803817703,0.395185437073236,0.573421905521794,2.040345,429.7221,344.2146,2.040726,430.6786,345.9441,2.039509,429.1496,343.5736,"No issues","No issues","No issues","No issues"
395,180,2025-05-18,2025-05-18 14:01:40,2025-05-18 14:05:20,2025-05-18 13:58:20,23,0.428994782608606,-6041.34241897234,-105.35677470354,0.764852433872349,0.992988344053661,0.0329967311790266,4.86754101945322e-08,4.15119515683168e-24,0.406812777291849,0.000182619026622933,0.389748337340734,0.437878452509009,2.038152,421.9893,344.0334,2.039496,422.091,344.9805,2.038152,407.5603,343.0001,"No issues","No issues","No issues","No issues"
396,190,2025-05-18,2025-05-18 14:09:00,2025-05-18 14:12:40,2025-05-18 14:05:40,23,1.56459130434784,-3420.57002371546,-114.520126482249,0.986150268965066,0.964901632855413,0.0419812159719664,5.29126949581631e-21,9.29498821110941e-17,0.348327828348295,0.000142351690473666,0.500856156917564,0.420004477422225,2.04388,421.1898,343.8608,2.047452,421.8484,345.037,2.043681,412.4829,343.2773,"No issues","No issues","No issues","No issues"
397,200,2025-05-18,2025-05-18 14:16:20,2025-05-18 14:20:00,2025-05-18 14:13:00,23,-0.431180395256896,-11.6486324110712,180.891035573111,0.73976361235755,0.000575040629424698,0.0764623248266342,1.43236491576314e-07,0.913515086291732,0.201510459351552,0.000196340155362226,0.372832159758792,0.482650988500023,2.050794,429.5616,344.8774,2.051066,430.3095,345.1157,2.049869,428.7802,343.3014,"No issues","No issues","No issues","No issues"
398,210,2025-05-18,2025-05-18 14:23:40,2025-05-18 14:27:20,2025-05-18 14:20:20,23,0.858868932806298,310.62763636357,-40.0308616600773,0.880422727932281,0.135653471639621,0.00608888201900136,3.76787213485781e-11,0.0837650170938416,0.723416814780678,0.000243006666288806,0.601978773058647,0.392656262951697,2.047678,430.2609,344.239,2.050179,431.3816,344.4803,2.047678,429.1794,343.1542,"No issues","No issues","No issues","No issues"
399,220,2025-05-18,2025-05-18 14:31:00,2025-05-18 14:34:40,2025-05-18 14:27:40,23,-0.600061660078963,-3896.14738339925,106.766324110676,0.888157374624261,0.980525224439949,0.0309548534126348,1.85971082528404e-11,1.90116295947424e-19,0.421964941506983,0.000163480963390201,0.421555556538173,0.458621611269024,2.048765,423.7573,343.8653,2.049092,424.2608,345.0867,2.047402,414.7475,342.9964,"No issues","No issues","No issues","No issues"
400,230,2025-05-18,2025-05-18 14:38:20,2025-05-18 14:42:00,2025-05-18 14:35:00,23,-0.378563478261139,-147.199304347868,-17.616379446643,0.507085623587538,0.0630923148039526,0.0010241781756665,0.000138156514543745,0.247639882205405,0.884744377375712,0.000286547354037277,0.435490337227492,0.422395207391151,2.042875,429.1263,343.7489,2.043443,430.1912,344.269,2.04208,428.4761,342.6899,"No issues","No issues","No issues","No issues"
401,240,2025-05-18,2025-05-18 14:45:40,2025-05-18 14:49:20,2025-05-18 14:42:20,23,0.648332964426796,299.183051383351,-85.1347351778841,0.860151898914081,0.199506223449103,0.0133740189705441,1.97127089662339e-10,0.0326277173462247,0.599264389072155,0.000200701865964353,0.460097993264554,0.56139002490873,2.043009,429.1559,343.4452,2.044672,430.8879,344.4341,2.042828,429.0399,341.9405,"No issues","No issues","No issues","No issues"
402,10,2025-05-18,2025-05-18 14:53:00,2025-05-18 14:56:40,2025-05-18 14:49:40,23,-0.0317596837943465,215.601296442703,-9.1642055335921,0.0197509760223545,0.0735419752157185,0.00025130744119691,0.522434275820335,0.21069680173624,0.942768038763889,0.000171776082480876,0.587501787656563,0.4437620559966,2.043281,424.4885,342.0247,2.043811,426.2794,343.9249,2.043143,423.6893,342.0247,"No issues","No issues","No issues","No issues"
403,20,2025-05-18,2025-05-18 15:00:20,2025-05-18 15:04:00,2025-05-18 14:57:00,23,0.0512167588932453,-5139.6397470356,192.303177865639,0.0432498156198892,0.985709773715698,0.117389844166941,0.340987183175788,7.35232869048946e-21,0.109509992447554,0.000184940417965542,0.475105760734791,0.404825866425934,2.044206,419.5719,342.9528,2.044941,420.3187,343.9556,2.044206,407.1392,341.9028,"No issues","No issues","No issues","No issues"
404,30,2025-05-18,2025-05-18 15:07:40,2025-05-18 15:11:20,2025-05-18 15:04:20,23,-0.42896063241156,-199.345802371537,-67.5567747035979,0.734822039369632,0.111046645859373,0.00695994765915452,1.75035907909105e-07,0.12022718794305,0.705098371643687,0.000197837064369807,0.433018503446181,0.619529368748278,2.045018,429.2355,343.482,2.045459,429.2355,344.1895,2.043741,427.6009,341.8461,"No issues","No issues","No issues","No issues"
405,40,2025-05-18,2025-05-18 15:15:00,2025-05-18 15:18:40,2025-05-18 15:11:40,23,-0.265534861660078,-1137.87433992099,-36.7302450592562,0.664185199353932,0.484284593377687,0.00318045077515835,2.18501651185673e-06,0.000226512390084742,0.798272403515543,0.000144957090201465,0.9014914788243,0.499229632767348,2.044121,421.4964,343.393,2.04448,423.3098,344.3882,2.043548,418.3079,342.2801,"No issues","No issues","No issues","No issues"
406,50,2025-05-18,2025-05-18 15:22:20,2025-05-18 15:26:00,2025-05-18 15:19:00,23,0.595169644268907,30.583209486128,29.5723636363363,0.862628222272328,0.00216184551321163,0.0030830367040363,1.63197342458625e-10,0.833149729031664,0.801324881410098,0.00018234350403239,0.504444487460905,0.408261831033874,2.044036,427.6995,342.6567,2.045622,429.6359,344.0421,2.044036,427.609,342.526,"No issues","No issues","No issues","No issues"
407,60,2025-05-18,2025-05-18 15:29:40,2025-05-18 15:33:20,2025-05-18 15:26:20,23,0.505081422924679,-162.526766798408,285.198545454528,0.677455513881243,0.0423659793383062,0.256118449822016,1.41844016482699e-06,0.346080060190095,0.0137431136229621,0.000267564450512148,0.593237573362874,0.373156802834459,2.045758,429.4091,344.6245,2.047304,429.7798,345.8792,2.04571,427.5475,344.285,"No issues","No issues","No issues","No issues"
408,70,2025-05-18,2025-05-18 15:37:00,2025-05-18 15:40:40,2025-05-18 15:33:40,23,-0.0472297233202201,-1900.86147035574,84.4875889327669,0.0120185973704428,0.83406781945376,0.0375357408705275,0.618519773957187,1.20405807099313e-09,0.375741020344351,0.000328757363448084,0.650920112936288,0.32845457974764,2.04767,425.6859,343.4869,2.047811,425.7466,344.6635,2.046625,420.6362,343.3358,"No issues","No issues","No issues","No issues"
409,80,2025-05-18,2025-05-18 15:44:20,2025-05-18 15:48:00,2025-05-18 15:41:00,23,-0.716983399209779,-4767.89947826086,9.17530434783312,0.851955106249777,0.975019282459158,0.000238014687873543,3.60046027301395e-10,2.60330206310115e-18,0.944299883175871,0.000229461620983319,0.585916243800702,0.456540705014937,2.048034,423.2986,344.4443,2.048209,423.2986,344.6981,2.046418,411.3873,343.0029,"No issues","No issues","No issues","No issues"
410,90,2025-05-18,2025-05-18 15:51:40,2025-05-18 15:55:20,2025-05-18 15:48:20,23,0.0719288537551751,-2488.84249802373,204.056822134402,0.0573312263521737,0.909374520431277,0.0883489182403202,0.271167637285507,2.02094959681369e-12,0.16840022955143,0.00022392350324761,0.603203395768041,0.50324262883265,2.046043,421.2648,343.6881,2.046155,421.2648,345.1735,2.045211,414.828,343.2373,"No issues","No issues","No issues","No issues"
411,100,2025-05-18,2025-05-18 15:59:00,2025-05-18 16:02:40,2025-05-18 15:55:40,23,-0.352156837944621,-286.380142292504,123.460648221331,0.519100538270483,0.147468290989338,0.0355302329253724,0.000105557353357398,0.0704415878189893,0.389053233098502,0.00026022566515159,0.528641730819193,0.493840189471421,2.045761,429.2904,345.1165,2.045923,429.6219,345.7476,2.044641,427.176,343.8035,"No issues","No issues","No issues","No issues"
412,110,2025-05-18,2025-05-18 16:06:20,2025-05-18 16:10:00,2025-05-18 16:03:00,23,0.223726482213227,74.6215968379463,164.8037312253,0.392990605323985,0.0144499028491543,0.070583404639066,0.00136892020016924,0.584835953525661,0.220481906455985,0.00021346988292878,0.473133852838181,0.459127753310307,2.045934,428.2599,344.0291,2.046935,429.5708,345.3156,2.045934,427.4851,343.5038,"No issues","No issues","No issues","No issues"
413,120,2025-05-18,2025-05-18 16:13:40,2025-05-18 16:17:20,2025-05-18 16:10:20,23,0.787691383399121,442.644616600801,-29.4272252964488,0.938216806694168,0.398185358737497,0.00232178657358915,3.56790918044521e-14,0.00124401258434246,0.827174935127402,0.000155185900969656,0.417788530958902,0.468323560136434,2.046486,428.8947,344.6399,2.048646,430.9648,345.3677,2.046486,428.8947,343.7688,"No issues","No issues","No issues","No issues"
414,130,2025-05-18,2025-05-18 16:21:00,2025-05-18 16:24:40,2025-05-18 16:17:40,23,-0.406455652174019,-3859.08332015817,-73.0208063241341,0.716158483568655,0.978775586224101,0.0178467919004496,3.61612521163651e-07,4.69555494779286e-19,0.543393461883099,0.000196453220067263,0.436287769918101,0.415880693977924,2.049059,424.2308,344.8139,2.049462,424.2308,345.5372,2.048012,414.4063,343.7789,"No issues","No issues","No issues","No issues"
415,140,2025-05-18,2025-05-18 16:28:20,2025-05-18 16:32:00,2025-05-18 16:25:00,23,-0.38127841897232,-95.3917470355722,-63.4596047430763,0.606854184130619,0.0474227350692884,0.00936653592040527,1.18959963163138e-05,0.318191125037579,0.660447970519223,0.000235607696658054,0.328231460709171,0.501045255824869,2.047062,429.4696,344.1022,2.047507,429.4696,345.5685,2.046095,428.1676,343.2727,"No issues","No issues","No issues","No issues"
416,150,2025-05-18,2025-05-18 16:35:40,2025-05-18 16:39:20,2025-05-18 16:32:20,23,0.171946245059,-5043.98333596842,257.151841897269,0.528903260360734,0.983099780767493,0.116053751704572,8.4350720797062e-05,4.28458623771432e-20,0.111682926218075,0.000124586853931498,0.507730915779786,0.544860809508913,2.045663,425.7547,344.5293,2.046142,425.7547,346.6772,2.045445,412.1184,344.15,"No issues","No issues","No issues","No issues"
417,160,2025-05-18,2025-05-18 16:43:00,2025-05-18 16:46:40,2025-05-18 16:39:40,23,0.286793359683797,-1465.12970750993,-121.475667984187,0.407983316455333,0.87293867630229,0.0517790509772538,0.00103655347585719,7.15485180165833e-11,0.296387033690295,0.000265232939348565,0.429144439799669,0.399098064395578,2.045382,423.8939,344.4837,2.04603,423.8939,345.38,2.044804,419.2194,343.8457,"No issues","No issues","No issues","No issues"
418,170,2025-05-18,2025-05-18 16:50:20,2025-05-18 16:54:00,2025-05-18 16:47:00,23,0.440085059288516,-213.056252964466,94.2596679841751,0.590916276172271,0.145594853725787,0.0309804149981249,1.82662566220927e-05,0.0724041344816051,0.421770316355637,0.000281120388668114,0.396246825661167,0.404726054512051,2.045392,429.9441,344.6941,2.046344,429.9972,346.0564,2.044966,428.5791,344.1371,"No issues","No issues","No issues","No issues"
419,180,2025-05-18,2025-05-18 16:57:40,2025-05-18 17:01:20,2025-05-18 16:54:20,23,0.655606956521452,-1449.12521739129,-8.20629249016561,0.866341516622333,0.81789821131277,0.000106607325976555,1.22154932092828e-10,3.22475099409386e-09,0.962706906340878,0.000197701447835563,0.52495972604999,0.610158846139202,2.044719,425.826,344.8431,2.046559,426.0741,345.8752,2.044719,421.8412,343.1664,"No issues","No issues","No issues","No issues"
420,190,2025-05-18,2025-05-18 17:05:00,2025-05-18 17:08:40,2025-05-18 17:01:40,23,0.958425296442728,-2079.52164426877,153.049233201565,0.878929863482119,0.905029729296989,0.0346188019025941,4.29543633219112e-11,3.31161604895617e-12,0.395316270455823,0.000273094069606267,0.517176110823446,0.620493383871049,2.046881,425.0821,344.723,2.049117,425.911,345.8144,2.046867,420.4518,343.1885,"No issues","No issues","No issues","No issues"
421,200,2025-05-18,2025-05-18 17:12:20,2025-05-18 17:16:00,2025-05-18 17:09:00,23,-0.25133691699615,40.6814229248627,-69.808126482229,0.442212158053627,0.00608474855642716,0.0141281598270843,0.00053627696310616,0.723507134116879,0.589077152329977,0.000216714545705425,0.399173856592032,0.447698881712989,2.048419,429.9803,345.1544,2.04882,431.0428,345.2458,2.047683,429.5721,343.5372,"No issues","No issues","No issues","No issues"
422,210,2025-05-18,2025-05-18 17:19:40,2025-05-18 17:23:20,2025-05-18 17:16:20,23,0.00445660079021498,18.3173122529284,220.472822134359,6.53675020913306e-05,0.000772292920047656,0.0716187859804749,0.970793969271149,0.899836106724177,0.217000766817623,0.000423176155926353,0.505842775573457,0.609420910193139,2.048291,431.1821,343.8761,2.050137,431.8702,345.2611,2.048291,430.0494,342.6908,"No issues","No issues","No issues","No issues"
423,220,2025-05-18,2025-05-18 17:27:00,2025-05-18 17:30:40,2025-05-18 17:23:40,23,0.974979604742967,-3355.48999209489,11.7946245059161,0.930954060354616,0.944709465857107,0.000224544255420927,1.15015986002217e-13,1.10853006332388e-14,0.945896704599249,0.000203851106730924,0.623224909070596,0.604222614710934,2.050104,425.5775,344.6898,2.052961,425.5775,345.3658,2.050059,416.75,342.9307,"No issues","No issues","No issues","No issues"
424,230,2025-05-18,2025-05-18 17:34:20,2025-05-18 17:38:00,2025-05-18 17:31:00,23,0.553984505928855,320.61400790514,-119.315667984182,0.73687505122918,0.232475023808187,0.0430729715538059,1.61118947666987e-07,0.0198107061463318,0.341998441741863,0.000254152450890236,0.447252932613327,0.431764634075908,2.048929,429.7413,343.5553,2.050241,431.544,344.4556,2.048684,429.7163,342.8001,"No issues","No issues","No issues","No issues"
425,240,2025-05-18,2025-05-18 17:41:40,2025-05-18 17:45:20,2025-05-18 17:38:20,23,0.423436837944914,349.292490118573,6.64477470354464,0.433604413756436,0.33136325643657,8.46800339666018e-05,0.000635045146207799,0.00405120053940285,0.966760418371962,0.000371547477061595,0.380929659596968,0.554349877122067,2.048333,430.5551,342.612,2.04919,431.9959,344.7714,2.047778,430.248,342.612,"No issues","No issues","No issues","No issues"
426,10,2025-05-18,2025-05-18 17:49:00,2025-05-18 17:52:40,2025-05-18 17:45:40,23,0.156920158102543,814.051067193603,-33.687462450629,0.0393142816110322,0.501449016730191,0.00219676940727473,0.364443136343834,0.000156420811792737,0.831825944538577,0.000595534365892628,0.623168714997315,0.551202414313411,2.049789,428.2182,343.2756,2.050046,430.3564,344.7528,2.048125,427.0927,342.3572,"No issues","No issues","No issues","No issues"
427,20,2025-05-18,2025-05-18 17:56:20,2025-05-18 18:00:00,2025-05-18 17:53:00,23,-0.0713739130434878,-2980.51655335966,11.9124426877248,0.0694941140006603,0.936798162664319,0.000306538987516143,0.224212264484144,4.53143229596272e-14,0.936802063710014,0.0002005107467104,0.594355068638634,0.522280710640926,2.048782,430.0096,342.955,2.048782,430.0096,344.0356,2.047951,421.4322,341.7757,"No issues","No issues","No issues","No issues"
428,30,2025-05-18,2025-05-18 18:03:40,2025-05-18 18:07:20,2025-05-18 18:00:20,23,-0.289243636363584,441.246166007894,-326.376000000004,0.374865411365007,0.35305824758225,0.189906856775553,0.00190107806572671,0.00279259530129942,0.0376547308308303,0.000286764566816082,0.458567160515085,0.51752098716838,2.049441,432.2499,342.732,2.050122,433.8332,345.029,2.048852,431.4642,342.7268,"No issues","No issues","No issues","No issues"
429,40,2025-05-18,2025-05-18 18:11:00,2025-05-18 18:14:40,2025-05-18 18:07:40,23,0.306959051383087,-261.527335968401,151.385264822127,0.306968344794514,0.0831263462055142,0.0437505213364978,0.00608570282523483,0.18215587853035,0.338144697178334,0.000354097434023905,0.6668299333117,0.543363160225523,2.048148,429.9375,343.4644,2.049565,430.8738,344.7795,2.047677,427.8287,342.7129,"No issues","No issues","No issues","No issues"
430,50,2025-05-18,2025-05-18 18:18:20,2025-05-18 18:22:00,2025-05-18 18:15:00,23,-0.0398105928853701,45.7689486166336,34.3747351778585,0.00986032233722447,0.0108600694744662,0.0037971171067937,0.652146842665051,0.636068717922839,0.78000864425624,0.000306276670386144,0.335348290842144,0.427463323663472,2.049322,433.0317,344.0236,2.049823,434.223,345.3321,2.048851,432.9515,343.5014,"No issues","No issues","No issues","No issues"
431,60,2025-05-18,2025-05-18 18:25:40,2025-05-18 18:29:20,2025-05-18 18:22:20,23,2.00635826086943,1223.55803952569,378.29283794464,0.782553120781924,0.585745216828965,0.259934257384683,2.11837772246959e-08,2.09213566175886e-05,0.0129463102376981,0.000811971443899997,0.789980845425892,0.490054188511712,2.048666,434.2159,344.3388,2.052782,436.6924,345.9037,2.047804,432.5598,343.5681,"No issues","No issues","No issues","No issues"
432,70,2025-05-18,2025-05-18 18:33:00,2025-05-18 18:36:40,2025-05-18 18:29:40,23,0.253915256917142,368.511367588829,385.326924901165,0.150302372436706,0.214056031025964,0.330717608661038,0.0675724157702594,0.0262160990998775,0.00409568487656581,0.000463501002369314,0.542120142161801,0.420840950044757,2.047395,432.0979,343.0201,2.048647,434.0825,344.5475,2.046785,431.6442,342.8258,"No issues","No issues","No issues","No issues"
433,80,2025-05-18,2025-05-18 18:40:20,2025-05-18 18:44:00,2025-05-18 18:37:00,23,2.45191588932803,3029.22071146243,152.660774703524,0.63051033026613,0.842886240364485,0.0938212146751324,6.0975193943544e-06,6.75413541593495e-10,0.155174109931267,0.00144103062627181,1.0040749718201,0.36424741418661,2.047915,434.5579,343.617,2.055482,441.4874,344.0992,2.047915,433.7251,342.7558,"No issues","No issues","No issues","No issues"
434,90,2025-05-18,2025-05-18 18:47:40,2025-05-18 18:51:20,2025-05-18 18:44:20,23,-0.330266561264709,283.274181818214,188.91547826082,0.500223965814298,0.1177334613762,0.0584917254495129,0.000160671648620477,0.108958174747813,0.266224562633049,0.000253444380409596,0.59534613355333,0.581895491139684,2.049532,436.5861,343.7913,2.050356,438.6159,345.1069,2.049085,436.0554,342.744,"No issues","No issues","No issues","No issues"
435,100,2025-05-18,2025-05-18 18:55:00,2025-05-18 18:58:40,2025-05-18 18:51:40,23,0.110561264822001,-155.951999999979,38.6827826086762,0.0149771464940441,0.0312204214901714,0.00425348887951028,0.578014615361159,0.419949186598833,0.767497017434587,0.000688373603810018,0.666955182060332,0.454393435598202,2.049747,438.5515,343.7201,2.051162,439.5237,344.7261,2.048326,436.9248,342.7432,"No issues","No issues","No issues","No issues"
436,110,2025-05-18,2025-05-18 19:02:20,2025-05-18 19:06:00,2025-05-18 18:59:00,23,0.242304189722881,-690.687747035564,142.053723320154,0.204889069054284,0.337338989903907,0.0679466247366059,0.0300979076479501,0.00366025126143147,0.229634953878368,0.000366461189431689,0.743201857344011,0.403925866131863,2.050367,439.5984,343.2276,2.051795,439.5984,344.9897,2.050205,435.6487,343.2276,"No issues","No issues","No issues","No issues"
437,120,2025-05-18,2025-05-18 19:09:40,2025-05-18 19:13:20,2025-05-18 19:06:20,23,0.279382766798456,550.556679841889,80.5756837944502,0.100249727773234,0.195009266321512,0.0290892044685029,0.141029757660606,0.034896543642828,0.436528837201539,0.000642586507128963,0.858781041631965,0.35738830634279,2.049625,437.3619,343.7879,2.052573,440.4319,344.5342,2.049611,436.9084,343.0826,"No issues","No issues","No issues","No issues"
438,130,2025-05-18,2025-05-18 19:17:00,2025-05-18 19:20:40,2025-05-18 19:13:40,23,-0.72556363636386,1239.52667193668,-24.3337233201853,0.32294236135204,0.353730683837185,0.00169461000791846,0.00466826968335745,0.0027601277770771,0.85205862589653,0.000806563226376004,1.28628994164128,0.453438076207927,2.054949,438.6216,343.859,2.056084,444.6393,344.8226,2.052915,438.5465,342.8446,"No issues","No issues","No issues","No issues"
439,140,2025-05-18,2025-05-18 19:24:20,2025-05-18 19:28:00,2025-05-18 19:21:00,23,0.725981976284494,3153.09030830045,153.623810276678,0.143084696604581,0.893775971750702,0.0704685700835469,0.0751189955237521,1.07936523336978e-11,0.220871851567432,0.00136398875663805,0.834537874403965,0.428356575842623,2.057723,442.9876,343.0839,2.061906,450.9898,345.0856,2.057108,442.9876,343.0839,"No issues","No issues","No issues","No issues"
440,150,2025-05-18,2025-05-18 19:31:40,2025-05-18 19:35:20,2025-05-18 19:28:20,23,0.632333596837754,-89.4829090909331,191.121581027644,0.173894732396436,0.00496726959396838,0.172802143521219,0.0477472775316151,0.749307197390094,0.0485242694167296,0.00105811613114663,0.972327363247249,0.32103505902827,2.051954,443.1563,344.3651,2.055721,446.597,344.5918,2.051291,442.7263,343.3514,"No issues","No issues","No issues","No issues"
441,160,2025-05-18,2025-05-18 19:39:00,2025-05-18 19:42:40,2025-05-18 19:35:40,23,0.679964584980158,1799.1886482213,25.5170276679696,0.313295181142651,0.693969231172184,0.00278112896808481,0.00548216556716359,8.08227601257688e-07,0.81112366561377,0.000772871120361557,0.917279604242371,0.370960236806637,2.054666,448.5932,344.917,2.057318,454.5583,345.1584,2.053932,447.8905,343.7639,"No issues","No issues","No issues","No issues"
442,170,2025-05-18,2025-05-18 19:46:20,2025-05-18 19:50:00,2025-05-18 19:43:00,23,-0.358295335968521,-1601.05432411071,220.932142292479,0.252607560436127,0.51302938639557,0.211486743713192,0.0145168598900048,0.000121027866379401,0.027252887520254,0.000473156628409395,1.19756451700097,0.327517434799316,2.05594,456.4438,344.2313,2.056339,456.8387,345.3883,2.054162,450.5392,343.7224,"No issues","No issues","No issues","No issues"
443,180,2025-05-18,2025-05-18 19:53:40,2025-05-18 19:57:20,2025-05-18 19:50:20,23,6.59956837944633,5367.47705928855,30.3919683794324,0.686302080711055,0.919537307654066,0.0031118073286905,1.05318547733143e-06,5.76742707843714e-13,0.800418099933971,0.00342551828489511,1.2189766756425,0.417626742699227,2.053965,449.1169,343.9301,2.073886,463.615,344.8266,2.052825,449.1169,343.3825,"No issues","No issues","No issues","No issues"
444,190,2025-05-18,2025-05-18 20:01:00,2025-05-18 20:04:40,2025-05-18 19:57:40,23,-0.241347984189644,8274.26333596831,245.075478260839,0.0105234307590774,0.92888638431875,0.0953578905323026,0.641379483219776,1.569459121993e-13,0.151662090042216,0.00179671980471854,1.75766868791658,0.579525481856477,2.061688,468.2688,343.5855,2.06352,485.4328,345.6642,2.05723,466.137,343.119,"No issues","No issues","No issues","No issues"
445,200,2025-05-18,2025-05-18 20:08:20,2025-05-18 20:12:00,2025-05-18 20:05:00,23,-2.03174039525732,-3642.30213438742,-182.420110671905,0.609522947719052,0.646639621475136,0.0771041056675437,1.10537324690958e-05,3.77403595391226e-06,0.199551647087495,0.00124848560346913,2.06712307057865,0.484532503228615,2.062977,490.7937,344.4401,2.067818,493.7931,344.4401,2.061302,483.5112,342.0893,"No issues","No issues","No issues","No issues"
446,210,2025-05-18,2025-05-18 20:15:40,2025-05-18 20:19:20,2025-05-18 20:12:20,23,-2.05235003952572,3516.83345454547,-71.9553201580984,0.368869581134304,0.53445594782401,0.0225172266348677,0.00211544453579824,7.41432756959973e-05,0.494352166617595,0.00206104353228096,2.51993205917294,0.363975886371184,2.074695,485.1111,343.2311,2.074695,494.5034,344.1815,2.064204,482.5488,342.8927,"No issues","No issues","No issues","No issues"
447,220,2025-05-18,2025-05-18 20:23:00,2025-05-18 20:26:40,2025-05-18 20:19:40,23,2.95963541501938,756.263810276711,176.658118577067,0.0866658617188157,0.0277311891984573,0.141940028517147,0.172706713142658,0.447598958705984,0.0763903740098417,0.00737635189402146,3.43791270124195,0.333466778390805,2.065186,501.5333,343.2715,2.089796,515.3723,344.2461,2.064004,501.5333,342.584,"No issues","No issues","No issues","No issues"
448,230,2025-05-18,2025-05-18 20:30:20,2025-05-18 20:34:00,2025-05-18 20:27:00,23,4.60077438735173,7066.14118577071,-148.648126482252,0.654257962517864,0.626253727906557,0.07716296364233,2.98663224346504e-06,6.89721932522718e-06,0.199373058201435,0.00256770494634506,4.19090850115689,0.394666345066384,2.065065,522.4587,343.3303,2.081291,542.5429,344.4829,2.065065,521.1595,342.9069,"No issues","No issues","No issues","No issues"
449,240,2025-05-18,2025-05-18 20:37:40,2025-05-18 20:41:20,2025-05-18 20:34:20,23,4.30856822134361,1901.59399209486,4.81090909086446,0.309114575202293,0.15856645483684,6.69968311116437e-05,0.00587435276420028,0.059848424507338,0.970432372150503,0.00494525673904967,3.36306022828009,0.451230104678884,2.071382,532.4742,343.2228,2.08201,537.5441,344.7947,2.065402,525.3835,342.6765,"No issues","No issues","No issues","No issues"
450,10,2025-05-18,2025-05-18 20:45:00,2025-05-18 20:48:40,2025-05-18 20:41:40,23,-1.68339130434773,-2433.81286956523,-184.617675889326,0.321976293892745,0.202880478395039,0.0693283981501323,0.00474439188145995,0.0310190712290602,0.224785984284784,0.00187546155491149,3.70374750115169,0.519312197562843,2.08552,547.5636,344.3643,2.088404,551.3497,344.9411,2.080413,536.4077,342.8318,"No issues","No issues","No issues","No issues"
451,20,2025-05-18,2025-05-18 20:52:20,2025-05-18 20:56:00,2025-05-18 20:49:00,23,-4.32617264822132,-17513.8024980237,-12.6799683794661,0.863449265646369,0.89924916730566,0.000651221311316887,1.53175804353807e-10,6.17646817765104e-12,0.907986669893315,0.00132082430139367,4.50067179294175,0.381351103199311,2.071846,519.9838,343.7441,2.071846,522.9374,343.9318,2.061775,483.5038,342.5577,"No issues","No issues","No issues","No issues"
452,30,2025-05-18,2025-05-18 20:59:40,2025-05-18 21:03:20,2025-05-18 20:56:20,23,1.91203541501948,3298.9184822134,23.1640790513883,0.765541992375476,0.664939435358644,0.00187300203128973,4.717838249927e-08,2.13296764198714e-06,0.844554054449019,0.000812375007266889,1.79785554007629,0.410536155825186,2.059658,476.7042,343.3654,2.063802,485.9167,343.7637,2.058722,474.593,342.0735,"No issues","No issues","No issues","No issues"
453,40,2025-05-18,2025-05-18 21:07:00,2025-05-18 21:10:40,2025-05-18 21:03:40,23,0.213430197628298,-1645.87645849806,46.6261185770498,0.0920345304391152,0.367658839080775,0.00912772215159883,0.159366298455022,0.00216135556556328,0.664555572226071,0.000514668665574319,1.65715468710446,0.372966214664128,2.058694,475.094,342.7286,2.058867,475.094,343.6575,2.057005,467.5193,342.0008,"No issues","No issues","No issues","No issues"
454,50,2025-05-18,2025-05-18 21:14:20,2025-05-18 21:18:00,2025-05-18 21:11:00,23,-1.23248916996055,-3090.86608695663,591.384948616615,0.91519780733329,0.793262300967992,0.662688955122771,1.00333299303062e-12,1.23896720589522e-08,2.29170421121051e-06,0.000288032678371732,1.2114185420906,0.32392411254597,2.061005,473.3336,344.5984,2.061005,475.9421,346.5645,2.057249,467.1722,344.5351,"No issues","No issues","No issues","No issues"
455,60,2025-05-18,2025-05-18 21:21:40,2025-05-18 21:25:20,2025-05-18 21:18:20,23,0.824479683794152,1707.65587351775,247.389154150174,0.494070593299669,0.725740669089934,0.166140671358274,0.000183667880689347,2.50656561749108e-07,0.0535351176223138,0.000640535217720602,0.805940402134056,0.425502059789831,2.054269,456.2691,344.0257,2.056221,459.6897,344.6407,2.053154,454.8305,342.8168,"No issues","No issues","No issues","No issues"
456,70,2025-05-18,2025-05-18 21:29:00,2025-05-18 21:32:40,2025-05-18 21:25:40,23,-0.0793821343873645,1006.70343083004,84.0368063240842,0.0295163736152171,0.426668067064172,0.0220610751679943,0.43313026043221,0.000726510759804246,0.49880791412696,0.000349460403779847,0.895925999705298,0.429560821567819,2.054031,459.1929,342.8351,2.054161,461.0518,343.4136,2.052979,456.87,341.7044,"No issues","No issues","No issues","No issues"
457,80,2025-05-18,2025-05-18 21:36:20,2025-05-18 21:40:00,2025-05-18 21:33:00,23,-1.5992793675889,-2747.87601581025,-168.937612648259,0.957264576525852,0.865004526467367,0.0798954245663005,7.37192686962486e-16,1.3570685776477e-10,0.191272556570059,0.000259426861700098,0.833412754314701,0.44014582741006,2.055466,462.4903,342.7657,2.055466,463.2984,343.5281,2.05077,455.8353,341.4709,"No issues","No issues","No issues","No issues"
458,90,2025-05-18,2025-05-18 21:43:40,2025-05-18 21:47:20,2025-05-18 21:40:20,23,-0.643039683794506,-1106.10611857713,158.567905138322,0.0825426371761593,0.37291940126867,0.0653889813667395,0.183767257213692,0.00196834563677214,0.238927330089657,0.00164590265634878,1.10119335865917,0.460247085386146,2.05395,458.9597,341.7014,2.058367,461.6386,343.8965,2.053083,457.0509,341.7014,"No issues","No issues","No issues","No issues"
459,100,2025-05-18,2025-05-18 21:51:00,2025-05-18 21:54:40,2025-05-18 21:47:40,23,-1.1910564426879,-868.921897233213,371.942608695676,0.890360109726126,0.421784470878412,0.207868598388708,1.50748117546552e-11,0.000798011196900169,0.0287795746551816,0.000320882762135262,0.781075328632058,0.557433031152821,2.053159,457.8022,342.5764,2.053364,457.8022,344.965,2.050038,454.603,341.5004,"No issues","No issues","No issues","No issues"
460,110,2025-05-18,2025-05-18 21:58:20,2025-05-18 22:02:00,2025-05-18 21:55:00,23,0.178127430829882,-1119.07209486171,102.813438735138,0.511970459908056,0.696749328447889,0.0630917684803979,0.000123929467188546,7.33079055582654e-07,0.247641997812477,0.000133519286610099,0.566804472299849,0.30417579901577,2.046776,450.8763,342.1595,2.047582,451.74,343.4767,2.046745,447.9708,342.1595,"No issues","No issues","No issues","No issues"
461,120,2025-05-18,2025-05-18 22:05:40,2025-05-18 22:09:20,2025-05-18 22:02:20,23,-0.800634308300542,-1036.78036363641,-134.760094861702,0.425787173170562,0.376526454329512,0.0538998558997938,0.000738955473428451,0.00184534790439619,0.286434311253413,0.000713817103580292,1.02426097712561,0.433459630103773,2.045178,446.5922,342.6808,2.046629,448.4113,344.0076,2.043503,443.865,342.2051,"No issues","No issues","No issues","No issues"
462,130,2025-05-18,2025-05-18 22:13:00,2025-05-18 22:16:40,2025-05-18 22:09:40,23,-0.779999051383631,-430.213944664039,-129.224347826112,0.600393996726808,0.250199205141188,0.0698362307298013,1.41823940073987e-05,0.0150711827993366,0.223033052371168,0.000488544919953839,0.57177750386862,0.362073098761666,2.044309,446.9327,342.8813,2.044309,447.9581,343.8027,2.041441,445.2641,342.2019,"No issues","No issues","No issues","No issues"
463,140,2025-05-18,2025-05-18 22:20:20,2025-05-18 22:24:00,2025-05-18 22:17:00,23,-0.0782637154150721,-37.3773913043451,304.660743083014,0.00681644567202369,0.00200128540528503,0.324704619639664,0.708023503436062,0.839383918551209,0.00453232870413439,0.000725285221108934,0.640814101104144,0.337311966426666,2.039688,444.1313,342.0896,2.041571,445.6101,343.8161,2.039009,443.2374,342.0695,"No issues","No issues","No issues","No issues"
464,150,2025-05-18,2025-05-18 22:27:40,2025-05-18 22:31:20,2025-05-18 22:24:20,23,-0.170187509881641,331.520727272658,189.706909090855,0.128057609720852,0.16371984407916,0.111691493097599,0.0936334206338397,0.0554784798101127,0.119090132796256,0.000340942765845449,0.575239257203092,0.410740574410225,2.038111,444.6105,343.2085,2.038786,446.4953,344.3094,2.037514,443.917,342.5157,"No issues","No issues","No issues","No issues"
465,160,2025-05-18,2025-05-18 22:35:00,2025-05-18 22:38:40,2025-05-18 22:31:40,23,-0.535628774703576,-46.6133122529853,141.134229248966,0.292369723653711,0.00499844698111028,0.0541607850210691,0.00772276566422416,0.748546270645275,0.285237875223924,0.00063975472199393,0.504913397226776,0.45280491724313,2.038664,443.8307,342.8292,2.041103,445.2918,343.9872,2.037974,443.6667,341.9818,"No issues","No issues","No issues","No issues"
466,170,2025-05-18,2025-05-18 22:42:20,2025-05-18 22:46:00,2025-05-18 22:39:00,23,-0.501666403162168,37.7556047430246,129.238007905146,0.157534466350024,0.00132798790537308,0.0289125075124289,0.0607632751838405,0.868884343556654,0.437946114852891,0.000890668085635383,0.794892512639407,0.575028211031156,2.036729,446.3732,343.1591,2.04008,448.578,346.2329,2.036711,445.5032,343.1141,"No issues","No issues","No issues","No issues"
467,180,2025-05-18,2025-05-18 22:49:40,2025-05-18 22:53:20,2025-05-18 22:46:20,23,-0.199138339920863,-2007.25384980235,-83.8541027667696,0.0213675646652397,0.438409353925925,0.0109162397464564,0.505709899015989,0.000578026386327367,0.635192297235058,0.00103466502202913,1.744154377147,0.612797401641014,2.038891,459.4641,343.5306,2.038891,459.4641,344.5708,2.035464,451.1874,342.2318,"No issues","No issues","No issues","No issues"
468,190,2025-05-18,2025-05-18 22:57:00,2025-05-18 22:59:50,2025-05-18 22:53:40,18,-0.483652755418162,1705.60287306503,-189.461201238478,0.844675292991494,0.582927040682226,0.0753482897163981,7.16699728943835e-08,0.000227006228287727,0.270319174541302,0.000124539161673066,0.866310803662171,0.398537847955628,2.035582,447.2883,343.2778,2.035582,450.0249,343.8363,2.034523,445.3718,342.2897,"No issues","No issues","No issues","No issues"
469,200,2025-05-19,2025-05-18 23:04:20,2025-05-18 23:08:00,2025-05-18 23:01:00,23,-0.186340553359835,1106.05916205527,182.753075098785,0.252733168200534,0.350632086226276,0.155250607087271,0.0144884835207288,0.00291270254132838,0.0628370764793899,0.000245995242969261,1.15560799637613,0.327283853315446,2.034421,446.0548,343.3774,2.034831,450.6969,343.8764,2.0337,445.7082,342.5081,"No issues","No issues","No issues","No issues"
470,210,2025-05-19,2025-05-18 23:11:40,2025-05-18 23:15:20,2025-05-18 23:08:20,23,-0.144677312253185,-626.704790513861,-117.624379446602,0.272227268613287,0.273796570710886,0.158964737470703,0.0106647423511197,0.0104023290239326,0.0594989809631453,0.000181612235613039,0.783593375409375,0.207714418887966,2.032513,445.2626,343.4166,2.032887,446.6536,343.5486,2.032184,442.6469,342.6378,"No issues","No issues","No issues","No issues"
471,220,2025-05-19,2025-05-18 23:19:00,2025-05-18 23:22:40,2025-05-18 23:15:40,23,-0.79036363636361,-420.376126482165,-75.6367114624526,0.687983288731845,0.198801892156914,0.0196573322604118,9.9433039125441e-07,0.0329734584644751,0.523431849269735,0.000408638733264205,0.647903521660346,0.41008312403659,2.030255,443.3437,342.7887,2.031083,444.7842,343.6501,2.029171,441.834,342.104,"No issues","No issues","No issues","No issues"
472,230,2025-05-19,2025-05-18 23:26:20,2025-05-18 23:30:00,2025-05-18 23:23:00,23,-0.270264664031865,227.28493280626,-254.217486166016,0.424998145891258,0.073039070478702,0.237240521679345,0.000750268475429056,0.212325269843393,0.0184137205915708,0.000241347590755506,0.621636258844916,0.349959177370358,2.027524,441.1673,342.9479,2.027881,442.4357,343.5189,2.026762,439.8629,341.9646,"No issues","No issues","No issues","No issues"
473,240,2025-05-19,2025-05-18 23:33:40,2025-05-18 23:37:20,2025-05-18 23:30:20,23,-0.43429660079072,-161.970118577056,-163.24135968378,0.480377691526359,0.0380018538255443,0.060736813728058,0.000246037807737417,0.372735399711976,0.256959249001386,0.000346777973650383,0.625651113606981,0.492845104692608,2.026531,441.0455,341.8997,2.027498,443.6039,343.8167,2.025609,440.8543,341.4592,"No issues","No issues","No issues","No issues"
474,10,2025-05-19,2025-05-18 23:41:00,2025-05-18 23:44:40,2025-05-18 23:37:40,23,-0.627245217391196,-531.316458498091,-114.51927272731,0.880239497380351,0.292930666904141,0.017820950437809,3.82929806466943e-11,0.00765292272656654,0.543688109448375,0.000177625917157688,0.633744853468992,0.652711221111367,2.027468,443.5384,343.5491,2.027468,443.6075,343.5491,2.025693,440.9749,340.6651,"No issues","No issues","No issues","No issues"
475,20,2025-05-19,2025-05-18 23:48:20,2025-05-18 23:52:00,2025-05-18 23:45:00,23,0.211031146245218,1640.83162055338,-59.3009644269071,0.191521214981215,0.64797273599779,0.00792734469913027,0.0367601103533295,3.62390649013513e-06,0.686218879174912,0.000332877946510072,0.928509595380066,0.509310020075026,2.024503,441.4035,342.5039,2.025755,446.7395,343.0027,2.024299,441.4035,341.0985,"No issues","No issues","No issues","No issues"
476,30,2025-05-19,2025-05-18 23:55:40,2025-05-18 23:59:20,2025-05-18 23:52:20,23,-0.185734387352145,-166.864695652185,-26.5722687746829,0.141750687229659,0.0823456194237835,0.00167748667257763,0.0766027288576468,0.184314633710164,0.852800011426914,0.000350872280026932,0.427657779946284,0.4976764903802,2.02409,443.688,342.0143,2.024289,444.5432,342.5012,2.022852,443.0004,340.3403,"No issues","No issues","No issues","No issues"
477,40,2025-05-19,2025-05-19 00:03:00,2025-05-19 00:06:40,2025-05-18 23:59:40,23,0.634536284584479,1313.27914624508,223.612079051366,0.528883377006422,0.898194211450233,0.0759078244894733,8.43894724381028e-05,6.89399819094012e-12,0.203219992827739,0.000459783426633996,0.339446045835831,0.59899366515173,2.022545,442.6782,341.3031,2.024166,445.5624,342.8156,2.022082,441.9245,340.5192,"No issues","No issues","No issues","No issues"
478,50,2025-05-19,2025-05-19 00:10:20,2025-05-19 00:14:00,2025-05-19 00:07:00,23,-0.435901660079133,127.953960474326,225.959905138304,0.725077363139971,0.0274545662706008,0.266095345065794,2.57199945946456e-07,0.449905176841505,0.011750890887659,0.000206069726998645,0.584674273439183,0.288101262889095,2.022092,444.1778,343.7942,2.022092,444.7414,344.7941,2.020494,442.4753,343.6485,"No issues","No issues","No issues","No issues"
479,60,2025-05-19,2025-05-19 00:17:40,2025-05-19 00:21:20,2025-05-19 00:14:20,23,-0.319449486166186,-59.1933913043179,343.390482213424,0.67465474953786,0.00935225403352973,0.314440622242173,1.55607491577834e-06,0.660691873111027,0.00537904872634971,0.000170312386351491,0.467721461859243,0.389272804379634,2.01986,443.5005,340.8451,2.020393,444.2488,342.6916,2.019333,442.3448,340.8451,"No issues","No issues","No issues","No issues"
480,70,2025-05-19,2025-05-19 00:25:00,2025-05-19 00:28:40,2025-05-19 00:21:40,23,-0.234799683794691,252.402403162018,200.63241106717,0.46880149496463,0.141628228521944,0.124043756429982,0.000313305262862329,0.0767403847159985,0.099313173742756,0.000191886327749162,0.477055473701772,0.409324216771342,2.020193,443.3776,341.4415,2.02063,444.7704,342.3,2.019684,442.9154,340.6318,"No issues","No issues","No issues","No issues"
481,80,2025-05-19,2025-05-19 00:32:20,2025-05-19 00:36:00,2025-05-19 00:29:00,23,0.80399810276687,707.844806324041,-137.171098814222,0.465754035818456,0.320156706522612,0.0869111259158952,0.000333620151901562,0.00489091265751961,0.172071845818917,0.000661089000650593,0.791906217233493,0.341345396947409,2.019516,444.2531,341.8526,2.022059,446.326,342.3166,2.019197,442.1795,341.0063,"No issues","No issues","No issues","No issues"
482,90,2025-05-19,2025-05-19 00:39:40,2025-05-19 00:43:20,2025-05-19 00:36:20,23,0.996767430829761,517.684553359688,11.4317786561314,0.419544888869402,0.462275285241883,0.000562286222421895,0.000832918095029399,0.000358282377194664,0.914476132195361,0.000900122333416098,0.428654575506027,0.370020297852924,2.019431,442.1891,341.1127,2.023644,443.9796,342.3809,2.019273,441.8622,340.9772,"No issues","No issues","No issues","No issues"
483,100,2025-05-19,2025-05-19 00:47:00,2025-05-19 00:50:40,2025-05-19 00:43:40,23,-0.0419962055337665,17.7794466403112,-4.5103873517971,0.0229565166370226,0.00077888192064046,6.00649035678533e-05,0.490122036898265,0.899411823862843,0.972003143145375,0.000210342290844693,0.488906516942914,0.446789544046303,2.021456,442.9911,342.0573,2.021456,443.1193,342.616,2.020582,441.46,341.05,"No issues","No issues","No issues","No issues"
484,110,2025-05-19,2025-05-19 00:54:20,2025-05-19 00:58:00,2025-05-19 00:51:00,23,-0.0377530434782111,1260.13887747035,7.74953359684583,0.0102209106376055,0.482402572985347,0.000291482309679174,0.646239829245608,0.00023573358561953,0.938370756966875,0.000285225864799903,1.00212582214315,0.348432579667711,2.020524,443.1645,341.2038,2.021343,447.6008,342.5087,2.020336,442.6761,341.2038,"No issues","No issues","No issues","No issues"
485,120,2025-05-19,2025-05-19 01:01:40,2025-05-19 01:05:20,2025-05-19 00:58:20,23,0.133757786561294,520.707699604692,53.1872252964385,0.0559412838214353,0.261776093375718,0.00984328067033653,0.27723180015204,0.0125774633495193,0.65242917309936,0.000421856706594566,0.671329384357914,0.409545317922874,2.020572,443.0992,342.2501,2.021082,445.8015,342.7779,2.019679,442.5424,341.1095,"No issues","No issues","No issues","No issues"
486,130,2025-05-19,2025-05-19 01:09:00,2025-05-19 01:12:40,2025-05-19 01:05:40,23,-0.0898150197631079,-240.669249011857,32.3487747034992,0.00512302711798395,0.0370462139495229,0.00400055513242046,0.745531393662325,0.378932800353778,0.774336624472925,0.000960910474867949,0.942028421303541,0.391868044106792,2.021384,447.309,341.5952,2.025516,448.8991,342.6511,2.021384,445.8173,341.1151,"No issues","No issues","No issues","No issues"
487,140,2025-05-19,2025-05-19 01:16:20,2025-05-19 01:20:00,2025-05-19 01:13:00,23,0.232784822134182,2224.49264822131,-256.771067193723,0.0421876403351621,0.476642569479626,0.225422768328135,0.347119566621101,0.000266134840287357,0.0220638236082673,0.000851559223232272,1.78956037244531,0.365419867602574,2.024594,449.169,342.2005,2.02646,456.9541,342.8025,2.023062,447.1729,341.2373,"No issues","No issues","No issues","No issues"
488,150,2025-05-19,2025-05-19 01:23:40,2025-05-19 01:27:20,2025-05-19 01:20:20,23,0.124614071146161,1458.46785770755,-115.577075098857,0.0251941492810287,0.289436030767003,0.0688941412120206,0.469445842827206,0.00809785098031694,0.226297295888864,0.000595098553778618,1.75442477749398,0.32620655187035,2.023673,450.0186,342.215,2.024661,454.86,343.0411,2.022268,447.1779,341.6515,"No issues","No issues","No issues","No issues"
489,160,2025-05-19,2025-05-19 01:31:00,2025-05-19 01:34:40,2025-05-19 01:27:40,23,3.82826276679842,1359.77122529637,-94.0726956521871,0.598544671996461,0.276511023754013,0.0290447177816206,1.49069212942815e-05,0.00996267608748102,0.436885025739281,0.00240704751727709,1.68864429235821,0.417582431314274,2.024353,454.6385,342.2765,2.037443,461.257,343.5051,2.023796,454.6385,341.8115,"No issues","No issues","No issues","No issues"
490,170,2025-05-19,2025-05-19 01:38:20,2025-05-19 01:42:00,2025-05-19 01:35:00,23,0.0571588932806741,7857.43370750984,114.363035573099,0.00160459250820705,0.919005498787398,0.0431472744258481,0.856000644670863,6.18210373835834e-13,0.341573082225735,0.00109462487803069,1.79086163991282,0.413470125495603,2.032525,461.9223,343.1139,2.033484,480.9149,344.1841,2.029467,461.7799,342.5556,"No issues","No issues","No issues","No issues"
491,180,2025-05-19,2025-05-19 01:45:40,2025-05-19 01:49:20,2025-05-19 01:42:20,23,1.71250434782598,4781.01400790508,84.0820553359774,0.650355821249288,0.708558204234055,0.0223594780674625,3.36900533520458e-06,4.795068875298e-07,0.495885694953503,0.000964010831510935,2.35407753848633,0.426849405853062,2.029604,482.0826,342.4117,2.035486,493.465,343.7185,2.029604,478.8924,341.8575,"No issues","No issues","No issues","No issues"
492,190,2025-05-19,2025-05-19 01:53:00,2025-05-19 01:56:40,2025-05-19 01:49:40,23,-0.463290118576999,-1278.77037154152,30.3407430830077,0.0323805839199124,0.138004088609846,0.00386603332071894,0.411302552615369,0.0809278262281849,0.778069321170705,0.00194435509359259,2.45364533530669,0.373908111634451,2.028366,477.6673,342.7957,2.035086,483.2981,343.4644,2.028366,472.6817,341.7869,"No issues","No issues","No issues","No issues"
493,200,2025-05-19,2025-05-19 02:00:20,2025-05-19 02:04:00,2025-05-19 01:57:00,23,1.31682308300395,364.993043478297,-41.4250434782952,0.157236099554937,0.0721136842759304,0.00426766492264577,0.0610303273768137,0.215358638359066,0.767120264504268,0.00234054425827504,1.00516122235926,0.485793519800305,2.036021,481.2906,343.4896,2.039988,483.3513,344.1405,2.031006,479.1082,342.2919,"No issues","No issues","No issues","No issues"
494,210,2025-05-19,2025-05-19 02:07:40,2025-05-19 02:11:20,2025-05-19 02:04:20,23,-1.63436869565208,2234.64379446637,139.605154150202,0.207328567392014,0.625271287172263,0.0554608318094415,0.0290143426412011,7.09485402169458e-06,0.279365396243725,0.00245346383712792,1.3281439373842,0.442314161992978,2.041662,477.0275,342.3173,2.043479,482.9181,343.5406,2.034339,476.3291,341.9747,"No issues","No issues","No issues","No issues"
495,220,2025-05-19,2025-05-19 02:15:00,2025-05-19 02:18:40,2025-05-19 02:11:40,23,0.0435500395258203,-3737.0057549407,122.43272727272,0.0024838657631409,0.724387108395888,0.0468503922469228,0.821335702651844,2.64173554858837e-07,0.321201522541572,0.000670034327190233,1.76970455948543,0.423968939373035,2.032969,494.8103,342.3496,2.03387,496.9687,343.7722,2.031234,486.881,341.9048,"No issues","No issues","No issues","No issues"
496,230,2025-05-19,2025-05-19 02:22:20,2025-05-19 02:26:00,2025-05-19 02:19:00,23,-1.657198102767,-5335.49881422922,-160.139667984209,0.208203619514287,0.457503927635865,0.0668543482760992,0.0286348455581413,0.000394831922479266,0.233552062666622,0.0024811306953416,4.4605509995072,0.459326400742684,2.033595,490.4287,343.2522,2.042519,505.1313,344.0251,2.033166,481.7324,342.3239,"No issues","No issues","No issues","No issues"
497,240,2025-05-19,2025-05-19 02:29:40,2025-05-19 02:33:20,2025-05-19 02:26:20,23,-0.813893122529893,1211.90257707505,-101.741976284601,0.396961089783022,0.17200223194023,0.0329309589566923,0.0012724648944052,0.0491009139622039,0.407288748756607,0.000770155945507381,2.04139875976584,0.423291274686415,2.031593,490.4991,343.5558,2.032812,495.491,344.1572,2.029317,487.6456,342.0762,"No issues","No issues","No issues","No issues"
498,10,2025-05-19,2025-05-19 02:37:00,2025-05-19 02:40:40,2025-05-19 02:33:40,23,1.11661754940672,-5749.78510671937,90.2982450592985,0.418932753890998,0.88868810826134,0.0282096312384123,0.000842700527254095,1.76863128160914e-11,0.443651730000112,0.00100962032390677,1.56228515754052,0.406892323478818,2.035263,496.9858,343.4265,2.036062,498.5839,343.5829,2.032286,484.9623,342.1821,"No issues","No issues","No issues","No issues"
499,20,2025-05-19,2025-05-19 02:44:20,2025-05-19 02:48:00,2025-05-19 02:41:00,23,0.255016600790434,-3905.17413438739,-32.3316996047846,0.0278523302670436,0.730890657265832,0.00469299554597773,0.446594577519972,2.04772679235288e-07,0.756116879266476,0.00115668845250021,1.81924496834011,0.361488586875581,2.031966,474.8088,342.1707,2.03488,475.2097,343.0569,2.030079,464.1105,341.7944,"No issues","No issues","No issues","No issues"
500,30,2025-05-19,2025-05-19 02:51:40,2025-05-19 02:55:20,2025-05-19 02:48:20,23,-0.152284268774693,1549.11699604744,-9.13261660078842,0.0349728553493295,0.649059576809525,0.000287356222115298,0.392866974449655,3.50555522265351e-06,0.938807709962976,0.000614146324429767,0.87452299038646,0.413556747715397,2.032855,460.9619,342.5451,2.033223,466.7742,342.6117,2.030876,460.8692,340.9442,"No issues","No issues","No issues","No issues"
501,40,2025-05-19,2025-05-19 02:59:00,2025-05-19 03:02:40,2025-05-19 02:55:40,23,-0.503169011857805,528.356490118625,30.4850276679526,0.709227486769611,0.0489714174639556,0.00247149735819385,4.67874170966498e-07,0.310219860855743,0.821774140152257,0.000247349124963568,1.78757836460429,0.470199075483562,2.035077,467.4978,342.3589,2.035077,472.0543,342.8935,2.033132,465.691,340.9873,"No issues","No issues","No issues","No issues"
502,50,2025-05-19,2025-05-19 03:06:20,2025-05-19 03:10:00,2025-05-19 03:03:00,23,1.09751905138329,1212.97574703559,991.842972331985,0.309897988461751,0.414705626042621,0.786640927576406,0.00579892563337956,0.000913193277402127,1.73160746997773e-08,0.00125739558615382,1.10632295685378,0.396572691132539,2.035725,476.6457,343.5029,2.039631,482.4147,346.7851,2.034405,476.6457,343.5029,"No issues","No issues","No issues","No issues"
503,60,2025-05-19,2025-05-19 03:13:40,2025-05-19 03:17:20,2025-05-19 03:10:20,23,3.15449644268746,1295.1658814229,-19.2385138340191,0.453895474064157,0.277916477871221,0.00128267633773476,0.00042471145348264,0.00974194565151625,0.87112217637926,0.00265645583261019,1.60278238110327,0.412141991911545,2.035145,490.06,342.4025,2.046021,493.1583,343.4316,2.034803,486.0618,341.839,"No issues","No issues","No issues","No issues"
504,70,2025-05-19,2025-05-19 03:21:00,2025-05-19 03:24:40,2025-05-19 03:17:40,23,-2.11049075098827,-6175.58001581028,-24.510450592889,0.618274064679403,0.876400539250702,0.00280540168497434,8.65854639173912e-06,5.34389510386333e-11,0.810315734610344,0.00127315525922827,1.7805218962907,0.354777707393082,2.044163,487.9964,340.6764,2.044163,488.7568,342.1716,2.035938,474.6203,340.6764,"No issues","No issues","No issues","No issues"
505,80,2025-05-19,2025-05-19 03:28:20,2025-05-19 03:32:00,2025-05-19 03:25:00,23,1.36646893280625,4673.14292490117,166.583810276699,0.47095655360441,0.853906186512551,0.0653916998673938,0.000299630884810852,3.12905664706877e-10,0.238917227989818,0.00111190480022208,1.48399518695279,0.483502685416392,2.033575,474.4647,341.3018,2.037891,486.5996,342.3336,2.033043,474.4647,340.3511,"No issues","No issues","No issues","No issues"
506,90,2025-05-19,2025-05-19 03:35:40,2025-05-19 03:39:20,2025-05-19 03:32:20,23,1.2447320158102,4633.79762845846,53.9445059288352,0.795474704031443,0.853687969247634,0.00935448827106786,1.10523664137408e-08,3.17884744534581e-10,0.660653702859056,0.000484561364951071,1.47278752626331,0.42619557497483,2.035353,485.9533,341.844,2.037966,495.8948,342.4798,2.034801,483.3163,340.8073,"No issues","No issues","No issues","No issues"
507,100,2025-05-19,2025-05-19 03:43:00,2025-05-19 03:46:40,2025-05-19 03:39:40,23,0.813312569170003,2340.83981027667,-22.1361581027763,0.17600825580937,0.913561598282759,0.00176090906872813,0.0462784469881849,1.22728000603047e-12,0.84922395205436,0.00135102999270967,0.552800894055352,0.4046352045794,2.035756,475.6886,341.5941,2.039932,481.4604,342.6434,2.034811,474.2401,341.1364,"No issues","No issues","No issues","No issues"
508,110,2025-05-19,2025-05-19 03:50:20,2025-05-19 03:54:00,2025-05-19 03:47:00,23,0.396125217391185,-4305.85242687747,-85.170592885399,0.0713969368879189,0.665427330732113,0.0281405544363072,0.217741438578538,2.0999019721903e-06,0.444218409362647,0.00109678209593947,2.34404880853908,0.38427105373142,2.036484,501.8744,341.4254,2.040272,501.8744,342.1383,2.035978,486.8437,340.8065,"No issues","No issues","No issues","No issues"
509,120,2025-05-19,2025-05-19 03:57:40,2025-05-19 04:01:20,2025-05-19 03:54:20,23,0.157193359683599,-921.258782608665,88.7546561264614,0.0219053438676915,0.0694285656162921,0.0292856468535848,0.500344202395406,0.224438999676911,0.434961090366292,0.000806421684768818,2.58940509927514,0.392303385972483,2.035398,485.7598,341.8026,2.038905,486.988,342.0854,2.035398,477.2219,340.4782,"No issues","No issues","No issues","No issues"
510,130,2025-05-19,2025-05-19 04:05:00,2025-05-19 04:08:40,2025-05-19 04:01:40,23,0.652482213438697,3471.53492490121,147.159177865609,0.0092885585244865,0.591226988772543,0.0812818097575373,0.661782331657846,1.81169634378139e-05,0.187301060185315,0.00517345530598417,2.21614471345651,0.379834513309232,2.043698,481.0862,340.8063,2.05927,492.2271,341.663,2.043698,479.08,340.2229,"No issues","No issues","No issues","No issues"
511,140,2025-05-19,2025-05-19 04:12:20,2025-05-19 04:16:00,2025-05-19 04:09:00,23,-0.958382608695767,-4565.79263241111,-101.825644268773,0.613291921980894,0.793485699730038,0.0657880889708104,9.95660985211941e-06,1.2248271142548e-08,0.237449443028948,0.000584264527658234,1.78827494439238,0.294590560635494,2.042717,487.0983,341.5554,2.043685,490.0876,341.8007,2.039821,478.7124,340.683,"No issues","No issues","No issues","No issues"
512,150,2025-05-19,2025-05-19 04:19:40,2025-05-19 04:23:20,2025-05-19 04:16:20,23,0.0348844268772597,-519.261438735167,139.250845849787,0.00154167158974168,0.269239139426996,0.068310950449444,0.858824162749516,0.0111816765203107,0.228345048178796,0.000681574330100189,0.656775903433376,0.394821477344284,2.038397,477.8286,340.6654,2.039753,478.4681,342.0843,2.037276,475.3325,340.3933,"No issues","No issues","No issues","No issues"
513,160,2025-05-19,2025-05-19 04:27:00,2025-05-19 04:30:40,2025-05-19 04:23:40,23,2.0102428458496,4818.12673517788,72.372806324099,0.425330637216344,0.69801884679378,0.0375229750583166,0.000745481967995313,7.00923704621272e-07,0.375823794649171,0.00179393544048407,2.43302829924852,0.281406783534465,2.040602,483.0522,341.4976,2.04684,496.8979,342.0825,2.039345,481.5861,340.9229,"No issues","No issues","No issues","No issues"
514,170,2025-05-19,2025-05-19 04:34:20,2025-05-19 04:38:00,2025-05-19 04:31:00,23,-1.33838039525703,-3052.70836363636,145.327019762825,0.338910036109498,0.817757943353626,0.119031663136129,0.00356344858563811,3.25117833988776e-09,0.106898877580713,0.00143509360565286,1.10639404750307,0.303534361417576,2.046135,506.8391,342.5382,2.046488,507.589,343.4118,2.041751,499.3141,342.2663,"No issues","No issues","No issues","No issues"
515,180,2025-05-19,2025-05-19 04:41:40,2025-05-19 04:45:20,2025-05-19 04:38:20,23,-1.88701185770766,-1085.86444268777,-50.7813438735035,0.61840992585964,0.307425933177816,0.0115384164116978,8.62541503141598e-06,0.00604005599528558,0.62566232608961,0.00113801381395582,1.25127011076097,0.360847398862062,2.04765,507.729,341.3975,2.050551,509.2187,342.4796,2.044339,503.8256,341.2528,"No issues","No issues","No issues","No issues"
516,190,2025-05-19,2025-05-19 04:49:00,2025-05-19 04:52:40,2025-05-19 04:45:40,23,1.07372490118554,-232.602972332055,129.25508300394,0.5288544381467,0.0597238103952544,0.0547013210258997,8.44459018691203e-05,0.261092264868927,0.282778408489652,0.000778063596760031,0.708568466847991,0.412520793874599,2.042718,500.0755,341.9653,2.046259,500.3201,342.9414,2.0425,497.388,341.3503,"No issues","No issues","No issues","No issues"
517,200,2025-05-19,2025-05-19 04:56:20,2025-05-19 05:00:00,2025-05-19 04:53:00,23,6.18091256916988,9586.87057707506,109.449675889305,0.368597033286625,0.931697481737575,0.0337360586185817,0.00212570012729168,1.02620902365552e-13,0.401515751928505,0.0062107291138637,1.99283048171321,0.449705077198563,2.050746,491.3535,342.9838,2.074038,511.6388,343.0797,2.050746,491.3535,341.1881,"No issues","No issues","No issues","No issues"
518,210,2025-05-19,2025-05-19 05:03:40,2025-05-19 05:07:20,2025-05-19 05:00:20,23,-1.74020869565205,6552.87566798421,109.648600790459,0.368471412938962,0.83623520111022,0.0441638123902691,0.00213044250252835,1.04757405393312e-09,0.335821266894568,0.0017490754235963,2.22633533488655,0.391628370903642,2.061362,520.6299,342.7195,2.061362,535.3955,343.4381,2.054514,518.2886,342.0552,"No issues","No issues","No issues","No issues"
519,220,2025-05-19,2025-05-19 05:11:00,2025-05-19 05:14:40,2025-05-19 05:07:40,23,0.0760098023713853,-6103.37966798421,206.000822134377,0.000548453954831608,0.631238917578822,0.155602187740711,0.915530932208471,5.96942806276004e-06,0.0625133555087574,0.00249111045792522,3.58144791572324,0.368423436951281,2.049588,534.9649,342.2029,2.056471,538.4805,343.3249,2.048608,519.9583,341.8802,"No issues","No issues","No issues","No issues"
520,230,2025-05-19,2025-05-19 05:18:20,2025-05-19 05:22:00,2025-05-19 05:15:00,23,-0.969148458498306,-1611.54270355729,-51.028079051362,0.922235086064613,0.50043483682256,0.0085575138741787,4.02615942777056e-13,0.000159932491603188,0.674625185273377,0.000216059781496641,1.23616578643544,0.421678804861494,2.047861,502.9558,341.9782,2.047861,505.1542,343.3759,2.045285,499.1523,341.4767,"No issues","No issues","No issues","No issues"
521,240,2025-05-19,2025-05-19 05:25:40,2025-05-19 05:29:20,2025-05-19 05:22:20,23,-0.209596837944627,1645.33859288538,56.1352411066861,0.415651995871227,0.478530733854219,0.0110790552981136,0.000896955792479756,0.000255794794198062,0.632667215191446,0.000190795518513605,1.31864326580658,0.407171723778008,2.043598,492.4936,342.325,2.04388,497.7071,343.2798,2.043034,492.1243,341.4852,"No issues","No issues","No issues","No issues"
522,10,2025-05-19,2025-05-19 05:33:00,2025-05-19 05:36:40,2025-05-19 05:29:40,23,3.43614166007881,-4094.38330434788,313.114624505884,0.290125592851433,0.687228552419946,0.293061594058395,0.00800818664831587,1.02037168036866e-06,0.00763670621805623,0.00412649567984813,2.12062582524575,0.373359565633524,2.045767,498.0292,342.4547,2.063166,503.6036,343.6379,2.045767,490.9592,341.6815,"No issues","No issues","No issues","No issues"
523,20,2025-05-19,2025-05-19 05:40:20,2025-05-19 05:44:00,2025-05-19 05:37:00,23,3.52930339920948,4155.4378814229,-16.3263557312539,0.352776991386733,0.931672243598262,0.00203990458549193,0.0028062799363208,1.03021017969491e-13,0.837861356535274,0.0036701045665817,0.863965483038552,0.277238481598858,2.05305,484.1082,342.1855,2.068173,496.3561,342.6132,2.05262,484.1082,341.302,"No issues","No issues","No issues","No issues"
524,30,2025-05-19,2025-05-19 05:47:40,2025-05-19 05:51:20,2025-05-19 05:44:20,23,0.402716205533516,-139.533438735196,99.6374703557136,0.00346890856291214,0.00594972286039371,0.0242558930010279,0.789513984400066,0.726476583304935,0.477944280443389,0.00524035492418178,1.3846713301122,0.485170764423084,2.074469,503.4837,341.9386,2.089961,507.6874,343.2919,2.071753,502.8194,341.3714,"No issues","No issues","No issues","No issues"
525,40,2025-05-19,2025-05-19 05:55:00,2025-05-19 05:58:40,2025-05-19 05:51:40,23,-3.35219193675897,483.118577075093,64.5933913042778,0.965343073644538,0.121732710564263,0.0154385119247052,8.13656844297313e-17,0.102740459126489,0.572171401772694,0.000487635878763835,0.996267678860713,0.396022066440415,2.069113,496.8586,341.8449,2.069113,499.6769,342.8256,2.059944,496.1374,341.2313,"No issues","No issues","No issues","No issues"
526,50,2025-05-19,2025-05-19 06:02:20,2025-05-19 06:06:00,2025-05-19 05:59:00,23,0.591788774703413,253.927209486165,2007.90867984189,0.021714291965967,0.029806294880221,0.960891544476814,0.502239596702015,0.430845662112836,2.90002354061306e-16,0.00304957512680531,1.11223630045794,0.31099592575475,2.064099,492.2598,345.8906,2.074994,494.8664,351.2865,2.064099,490.6444,345.8906,"No issues","No issues","No issues","No issues"
527,60,2025-05-19,2025-05-19 06:09:40,2025-05-19 06:13:20,2025-05-19 06:06:20,23,-1.02411320158114,406.781786561201,12.7610750987993,0.564560857030301,0.0993363522589757,0.000714383227879548,3.58885483824386e-05,0.142953768197882,0.903646982140545,0.000690508313529631,0.940375505293225,0.366419901478619,2.059927,488.8258,341.9361,2.059927,491.4761,343.086,2.05653,487.7374,341.6758,"No issues","No issues","No issues","No issues"
528,70,2025-05-19,2025-05-19 06:17:00,2025-05-19 06:20:40,2025-05-19 06:13:40,23,0.408701027667872,-1428.57960474313,-278.627193675897,0.217349208076581,0.786256083060653,0.173768833699295,0.0249421676249358,1.76507174286247e-08,0.0478361892052828,0.000595419849928322,0.571849721549997,0.466445534699337,2.055378,479.7997,341.0071,2.057481,479.7997,342.2078,2.054639,475.1841,340.3695,"No issues","No issues","No issues","No issues"
529,80,2025-05-19,2025-05-19 06:24:20,2025-05-19 06:28:00,2025-05-19 06:21:00,23,-0.308393359683938,-2203.25890909087,-124.923130434831,0.317806977099661,0.858258723802567,0.0971786065878889,0.00508635399976063,2.27245544120007e-10,0.147609383561681,0.000346888208130102,0.687412122691633,0.292328421458531,2.055717,464.498,341.1617,2.05607,466.2545,341.5576,2.054431,459.6949,340.4629,"No issues","No issues","No issues","No issues"
530,90,2025-05-19,2025-05-19 06:31:40,2025-05-19 06:35:20,2025-05-19 06:28:20,23,-0.327406482213592,-1403.33065612657,87.0018972331723,0.771002221826338,0.782151402829414,0.0439642935989362,3.67206126079331e-08,2.16032861518189e-08,0.33694036230131,0.000136989628817382,0.568597018247184,0.311478680114594,2.054475,457.812,341.2912,2.054475,458.9691,341.5609,2.053415,454.3829,340.3936,"No issues","No issues","No issues","No issues"
531,100,2025-05-19,2025-05-19 06:39:00,2025-05-19 06:42:40,2025-05-19 06:35:40,23,-0.114360474308479,-89.638292490162,-104.866719367597,0.14742467857588,0.0352700052794962,0.0325690516104347,0.0704866694969193,0.39082743148123,0.409921827008489,0.000211139664737432,0.359920264488383,0.438790998399793,2.054399,454.8317,341.2869,2.054742,455.4221,341.63,2.053881,454.1369,339.9745,"No issues","No issues","No issues","No issues"
532,110,2025-05-19,2025-05-19 06:46:20,2025-05-19 06:50:00,2025-05-19 06:43:00,23,0.462163162055099,328.321707509864,-45.9064031620606,0.190784477618704,0.211961338866162,0.0150704976117818,0.0371658124035204,0.0270584705353481,0.576823028127675,0.00073074946399475,0.486023903002104,0.284921117591694,2.054464,454.2497,340.6139,2.057016,455.3965,341.0981,2.054464,453.3071,340.1139,"No issues","No issues","No issues","No issues"
533,120,2025-05-19,2025-05-19 06:53:40,2025-05-19 06:57:20,2025-05-19 06:50:20,23,-0.947591146244888,-848.271272727276,-56.3350197628556,0.950088384457811,0.652856304202776,0.0153971382925567,3.77494289621462e-15,3.11918164255669e-06,0.57269074850687,0.000166744838501346,0.474890187130542,0.345860996447476,2.053833,452.3839,340.92,2.053833,452.9039,341.0245,2.05131,450.1139,339.6966,"No issues","No issues","No issues","No issues"
534,130,2025-05-19,2025-05-19 07:01:00,2025-05-19 07:04:40,2025-05-19 06:57:40,23,-0.252480948616835,-794.898782608734,113.65698023713,0.178193414553776,0.520580912334161,0.0647238824901252,0.0448060155413534,0.000102070257584211,0.241413651529921,0.000416274868820583,0.585649757895034,0.33170067155942,2.051368,450.5648,339.7188,2.052936,450.5962,340.7101,2.051296,447.1248,339.3317,"No issues","No issues","No issues","No issues"
535,140,2025-05-19,2025-05-19 07:08:20,2025-05-19 07:12:00,2025-05-19 07:05:00,23,-0.878027193676015,-615.701596837986,207.159367588919,0.869263938392116,0.501969589389075,0.207249599489135,9.6702795707825e-11,0.000154645825664347,0.0290488256276834,0.00026142217876604,0.470838647227734,0.311055981713369,2.05013,449.0387,339.6514,2.050396,449.6631,340.8604,2.048265,446.9604,339.5572,"No issues","No issues","No issues","No issues"
536,150,2025-05-19,2025-05-19 07:15:40,2025-05-19 07:19:20,2025-05-19 07:12:20,23,-0.043285375494135,-1688.30551778661,39.4648221343992,0.0445060105528544,0.861296279567971,0.00445463979285373,0.333912899178103,1.80724492022955e-10,0.762213130652933,0.000153977913910285,0.52015335628608,0.45294657053755,2.045616,443.519,339.5015,2.046035,444.1112,340.8105,2.045507,439.2778,339.1353,"No issues","No issues","No issues","No issues"
537,160,2025-05-19,2025-05-19 07:23:00,2025-05-19 07:26:40,2025-05-19 07:19:40,23,-0.219047905138607,-975.840189723324,154.47500395254,0.282044848253982,0.746680709163735,0.0858541707277224,0.0091197869704092,1.07499631592554e-07,0.17482583640087,0.000268312726408728,0.436373091435159,0.386988316049593,2.04405,441.5027,339.9892,2.04405,441.7919,341.0725,2.042793,438.5412,339.2258,"No issues","No issues","No issues","No issues"
538,170,2025-05-19,2025-05-19 07:30:20,2025-05-19 07:34:00,2025-05-19 07:27:00,23,6.34432126482195,368.704316205539,33.6797786561286,0.396703677944094,0.0631510932671375,0.00368323599381448,0.00127852301520303,0.247412387874893,0.783255105332966,0.00600661764963718,1.09027275075459,0.425271001861744,2.043804,443.3493,340.2453,2.073759,447.4012,341.0906,2.043025,442.1929,339.3588,"No issues","No issues","No issues","No issues"
540,190,2025-05-19,2025-05-19 13:55:00,2025-05-19 13:58:40,2025-05-19 13:51:40,23,-0.499139288537557,-1549.04528063243,139.976537549435,0.150928280810462,0.35696151947874,0.0340971582875081,0.0669545114766985,0.00260894961566604,0.398963558128078,0.000908910722132545,1.59618964553582,0.57197292498295,2.010551,420.2066,338.2862,2.013013,425.7453,339.4932,2.009352,417.5467,337.3702,"No issues","No issues","No issues","No issues"
541,200,2025-05-19,2025-05-19 14:02:20,2025-05-19 14:06:00,2025-05-19 13:59:00,23,-0.238615968379722,-788.773090909097,147.74912252963,0.0352661422438099,0.284390938510713,0.0444351133673888,0.390853852679958,0.00878301566322132,0.334307141202661,0.000958157453346943,0.960604729052574,0.526022657680111,2.009309,424.2752,338.3874,2.012257,425.058,339.4258,2.0086,420.2452,337.5998,"No issues","No issues","No issues","No issues"
542,210,2025-05-19,2025-05-19 14:09:40,2025-05-19 14:13:20,2025-05-19 14:06:20,23,0.456007588932497,752.88123320157,95.892901185714,0.0875777505445701,0.414632441321814,0.0325596439275651,0.170358937433,0.0009144601571407,0.409990592857114,0.00113001889811088,0.686786505350477,0.401302005743775,2.009448,423.7269,339.021,2.013373,425.1393,339.9034,2.008127,421.2642,338.0466,"No issues","No issues","No issues","No issues"
543,220,2025-05-19,2025-05-19 14:17:00,2025-05-19 14:20:40,2025-05-19 14:13:40,23,0.334390197628341,-1653.83772332017,-155.794909090896,0.0888341251717637,0.748322429285174,0.0805569747401936,0.167180235149608,1.00307355696119e-07,0.189366092194999,0.000822195209167334,0.736348429685511,0.404088689930532,2.007648,421.7466,339.6909,2.011574,422.1956,339.6909,2.007648,417.0681,338.1521,"No issues","No issues","No issues","No issues"
544,230,2025-05-19,2025-05-19 14:24:20,2025-05-19 14:28:00,2025-05-19 14:21:00,23,0.68591525691686,634.975114624529,188.928284584968,0.216744405433076,0.213339041820936,0.0807463000771087,0.0251716133202974,0.0265015739067085,0.188824322299734,0.00100106174050807,0.936112251548676,0.489402242100011,2.008974,423.6537,338.1921,2.012268,424.9196,339.6723,2.008446,421.1832,337.3153,"No issues","No issues","No issues","No issues"
545,240,2025-05-19,2025-05-19 14:31:40,2025-05-19 14:35:20,2025-05-19 14:28:20,23,-0.669207272727154,-789.890656126547,102.621343873495,0.259130202364902,0.313896349172961,0.029331055910368,0.0131105024519346,0.00542781885232469,0.434599871347157,0.000868730713603535,0.896564017585182,0.453233509851865,2.010845,423.71,337.6137,2.010845,424.5795,339.1906,2.007342,419.8692,337.4492,"No issues","No issues","No issues","No issues"
546,10,2025-05-19,2025-05-19 14:39:00,2025-05-19 14:42:40,2025-05-19 14:35:40,23,0.297123794466063,-112.942387351782,-14.813501976266,0.0751441233940237,0.00665828882628915,0.000614873022800514,0.205600833524725,0.711287964229581,0.91058114727039,0.000800275547901456,1.05910149301674,0.458504979881685,2.007955,418.5869,338.4222,2.010511,422.0089,339.405,2.007236,418.2931,337.8456,"No issues","No issues","No issues","No issues"
547,20,2025-05-19,2025-05-19 14:46:20,2025-05-19 14:50:00,2025-05-19 14:43:00,23,-0.320755731225564,-6665.53546245064,149.110007905114,0.0664355260349459,0.861410572335763,0.081978001215444,0.235074166891673,1.79156234375956e-10,0.18534074034497,0.000923121763644351,2.05261543758953,0.383086873083077,2.009136,420.8208,338.3991,2.011431,422.8652,340.0005,2.007549,404.7047,338.3991,"No issues","No issues","No issues","No issues"
548,30,2025-05-19,2025-05-19 14:53:40,2025-05-19 14:57:20,2025-05-19 14:50:20,23,0.267139920948519,282.884869565249,185.742071146207,0.102975230364005,0.0192856513649376,0.0810322795236922,0.135448050864832,0.527423942284574,0.188009175824104,0.000605323062335781,1.54873254256895,0.48022413162703,2.010047,423.6174,339.2231,2.010973,430.0539,340.075,2.008737,421.9381,338.1926,"No issues","No issues","No issues","No issues"
549,40,2025-05-19,2025-05-19 15:01:00,2025-05-19 15:04:40,2025-05-19 14:57:40,23,0.132758893280476,-715.757407114678,-268.248948616611,0.0353405677306064,0.219666364448088,0.193673400598417,0.3903452512502,0.0240814169395418,0.0355992495673142,0.00053250840339915,1.03570680380801,0.420214591264248,2.00932,414.2337,339.6329,2.010461,415.6375,340.1618,2.008276,411.0634,338.2997,"No issues","No issues","No issues","No issues"
550,50,2025-05-19,2025-05-19 15:08:20,2025-05-19 15:12:00,2025-05-19 15:05:00,23,0.64441422924906,-242.388711462544,168.388648221306,0.0969156329917362,0.00890246092809709,0.0676331928252535,0.148187600755069,0.668488348767097,0.23075128748008,0.00151023649602647,1.96348752574154,0.479997376052107,2.011105,425.3088,338.6197,2.014238,427.2959,340.284,2.008322,419.4904,338.587,"No issues","No issues","No issues","No issues"
551,60,2025-05-19,2025-05-19 15:15:40,2025-05-19 15:19:20,2025-05-19 15:12:20,23,-0.677591146244857,-158.088094861616,124.779699604738,0.216961946359271,0.0182463650556357,0.0428396002632611,0.0250888534009707,0.538873630502322,0.343338853207884,0.00098827991309645,0.890276358424824,0.452820612535432,2.012045,422.8105,338.9818,2.012615,424.1566,340.211,2.009091,420.8813,338.281,"No issues","No issues","No issues","No issues"
552,70,2025-05-19,2025-05-19 15:23:00,2025-05-19 15:26:40,2025-05-19 15:19:40,23,-0.866185612648142,-3300.74381027664,-315.579415019797,0.235259649388978,0.733778382821833,0.180935143474296,0.0189826687024695,1.82521260908401e-07,0.0430227434546456,0.00119896592854738,1.52638333336603,0.515488456063109,2.011434,418.0006,339.0072,2.013831,419.0247,339.8059,2.008405,408.2323,337.8193,"No issues","No issues","No issues","No issues"
553,80,2025-05-19,2025-05-19 15:30:20,2025-05-19 15:34:00,2025-05-19 15:27:00,23,0.130428142292553,-3435.1572806324,-119.600822134409,0.0204237389117903,0.934466450176941,0.0363910443568538,0.515362118588521,6.63642083892038e-14,0.383262164436111,0.000693482339035432,0.698408010498367,0.472497935154074,2.01028,413.5977,339.3896,2.011777,414.3782,340.5738,2.009121,404.6543,338.4896,"No issues","No issues","No issues","No issues"
554,90,2025-05-19,2025-05-19 15:37:40,2025-05-19 15:41:20,2025-05-19 15:34:20,23,-0.228823399209602,-4241.10792094863,-35.0278577075487,0.0492310539846403,0.791219584326081,0.0028815505672565,0.308907819620422,1.37529874699655e-08,0.80780470400704,0.000772024274550304,1.67258533391524,0.500249226674511,2.01055,413.1476,339.5963,2.01223,419.3787,340.6484,2.009172,403.3678,338.653,"No issues","No issues","No issues","No issues"
555,100,2025-05-19,2025-05-19 15:45:00,2025-05-19 15:48:40,2025-05-19 15:41:40,23,-0.477266086956603,-233.761517786576,-71.3756205533789,0.0283366692502438,0.0112823041430849,0.0083192041970697,0.442612364242842,0.629546446188883,0.678949462820845,0.00214563911497726,1.6800525503334,0.598284225465318,2.016392,424.1568,340.0623,2.017,425.6072,340.744,2.009859,420.5237,338.3407,"No issues","No issues","No issues","No issues"
556,110,2025-05-19,2025-05-19 15:52:20,2025-05-19 15:56:00,2025-05-19 15:49:00,23,-1.2415987351781,-361.336411067159,-170.995162055352,0.295438078716132,0.0447474780201681,0.0537835978518905,0.00734788114004259,0.332574586793566,0.286969332676858,0.00147204201529466,1.281737637186,0.550638697717112,2.015494,422.8195,337.9258,2.019137,425.8408,339.7468,2.011862,419.6227,337.5122,"No issues","No issues","No issues","No issues"
557,120,2025-05-19,2025-05-19 15:59:40,2025-05-19 16:03:20,2025-05-19 15:56:20,23,0.570154624505768,160.419699604658,-243.079399209543,0.074359118227161,0.0267418197436501,0.0656445191308428,0.208080378221594,0.45593057173657,0.237979871239167,0.00154439858522093,0.74300005742055,0.70407282644438,2.014287,422.2397,341.6883,2.018181,424.699,341.6883,2.013044,420.7633,337.538,"No issues","No issues","No issues","No issues"
558,130,2025-05-19,2025-05-19 16:07:00,2025-05-19 16:10:40,2025-05-19 16:03:40,23,0.0382567588933926,-3883.87380237159,-201.795225296445,0.00292943982027561,0.973449455132839,0.0800871841558397,0.806243432748867,4.94040951251486e-18,0.1907177893718,0.000541865406607394,0.492444988010969,0.525067701588165,2.016112,420.3604,340.2412,2.017575,420.3604,340.4099,2.015594,410.1221,338.0578,"No issues","No issues","No issues","No issues"
559,140,2025-05-19,2025-05-19 16:14:20,2025-05-19 16:18:00,2025-05-19 16:11:00,23,0.0643901976286699,-317.722339920971,-228.729486165997,0.0410100425633754,0.148592987537851,0.0492154911529522,0.354086257563632,0.0692888146063816,0.308986271080133,0.000239053041374956,0.583888339459806,0.771835743752684,2.016004,424.2332,338.3056,2.01722,424.8503,341.1534,2.016004,422.3387,337.6976,"No issues","No issues","No issues","No issues"
560,150,2025-05-19,2025-05-19 16:21:40,2025-05-19 16:25:20,2025-05-19 16:18:20,23,0.344208379446697,306.532173912986,122.21587351775,0.680908832882195,0.293768329844191,0.0443245799922646,1.26401084153362e-06,0.00754972378523814,0.33492297359185,0.000180903488452779,0.364888157451042,0.435685498981291,2.016174,420.7535,338.4354,2.01723,421.9021,340.3797,2.015991,420.187,338.4354,"No issues","No issues","No issues","No issues"
561,160,2025-05-19,2025-05-19 16:29:00,2025-05-19 16:32:40,2025-05-19 16:25:40,23,0.240682055335984,-2075.14444268776,128.901628458502,0.592243167892959,0.922999294604995,0.0230794645898966,1.76364366975482e-05,3.62821794557255e-13,0.488948593910162,0.000153322856160965,0.460158654719096,0.643854528102401,2.01623,419.2468,338.4433,2.017154,419.2468,341.2701,2.01623,414.076,338.3393,"No issues","No issues","No issues","No issues"
562,170,2025-05-19,2025-05-19 16:36:20,2025-05-19 16:40:00,2025-05-19 16:33:00,23,-0.0962267193679686,60.4578023715146,165.764205533599,0.15150494388445,0.00634536370295449,0.103986358672877,0.0663901654492771,0.717878119260626,0.133436416214268,0.000174831438595532,0.580837201106935,0.373570417494757,2.016771,425.8413,338.8902,2.016771,426.5711,340.2456,2.016069,424.21,338.5054,"No issues","No issues","No issues","No issues"
563,180,2025-05-19,2025-05-19 16:43:40,2025-05-19 16:47:20,2025-05-19 16:40:20,23,-0.00396996047454085,-3726.8400948617,109.258434782574,0.000192308923769038,0.974483164870512,0.0357110286338638,0.94992548205634,3.25434304655886e-18,0.387827080498521,0.000219764377154221,0.462998504637404,0.435883059164422,2.016851,420.9021,338.434,2.016915,420.9021,339.69,2.016088,410.2611,337.7137,"No issues","No issues","No issues","No issues"
564,190,2025-05-19,2025-05-19 16:51:00,2025-05-19 16:54:40,2025-05-19 16:47:40,23,-0.0533255335968078,-2684.36518577079,-240.674371541554,0.0429217262151655,0.933505050943769,0.121800293596165,0.342866377911329,7.73658027481969e-14,0.10263854831779,0.000193322741155287,0.550034823543714,0.496152196580593,2.015042,421.3623,338.2598,2.015042,421.3623,339.2339,2.014398,413.3031,337.0227,"No issues","No issues","No issues","No issues"
565,200,2025-05-19,2025-05-19 16:58:20,2025-05-19 17:02:00,2025-05-19 16:55:00,23,0.113438418972398,223.868205533589,211.72354150195,0.219528644941619,0.166678332541561,0.0728457982420579,0.0241317740133149,0.0531126208475485,0.212954840912947,0.000164212285823198,0.384301232590638,0.579903163170979,2.013721,426.8401,338.2357,2.014342,427.7939,339.0895,2.013695,426.2112,336.6164,"No issues","No issues","No issues","No issues"
566,210,2025-05-19,2025-05-19 17:05:40,2025-05-19 17:09:20,2025-05-19 17:02:20,23,0.371007747035558,530.750418972366,-176.170624505913,0.76176379286325,0.4386396454306,0.0594174314012012,5.59242596731864e-08,0.000575415575138168,0.262357566304509,0.000159290286674243,0.460967035544575,0.538130510286021,2.014039,425.0645,339.2534,2.015171,427.5663,339.8986,2.013958,425.0645,337.5276,"No issues","No issues","No issues","No issues"
567,220,2025-05-19,2025-05-19 17:13:00,2025-05-19 17:16:40,2025-05-19 17:09:40,23,-0.297115256916889,-3566.41527272729,-65.0510039525808,0.504038690463672,0.972680724099488,0.01017945894263,0.000147771545293587,6.6692129444067e-18,0.646912480596344,0.000226271320295799,0.458874520908205,0.492473065474914,2.014404,421.0831,338.4915,2.014631,421.3047,339.1956,2.013329,412.0118,337.5621,"No issues","No issues","No issues","No issues"
568,230,2025-05-19,2025-05-19 17:20:20,2025-05-19 17:24:00,2025-05-19 17:17:00,23,-0.0138564426877478,304.832347826032,-92.7015652174128,0.00136978869131954,0.213079506255592,0.0381109128117897,0.866854361464982,0.0266056397666309,0.372036812328876,0.000287236686131479,0.449746957236507,0.357550579425948,2.012039,426.2171,338.414,2.012692,427.2253,338.6064,2.011522,424.9812,337.2939,"No issues","No issues","No issues","No issues"
569,240,2025-05-19,2025-05-19 17:27:40,2025-05-19 17:31:20,2025-05-19 17:24:20,23,0.0685992094859171,370.892490118574,18.3548774703491,0.0306019164635517,0.177371683350397,0.00140252422418042,0.424665463782973,0.0453543086710583,0.865286709996769,0.000296420661823377,0.61322565964238,0.376014101046564,2.01218,425.165,337.4695,2.01271,427.9507,338.3828,2.011469,425.1147,337.0952,"No issues","No issues","No issues","No issues"
570,10,2025-05-19,2025-05-19 17:35:00,2025-05-19 17:38:40,2025-05-19 17:31:40,23,0.147853280632194,-2231.68553359684,292.311177865617,0.192067789854237,0.932085091729821,0.217537013075652,0.0364618872488629,9.66500411153461e-14,0.0248713262185759,0.000232811137572167,0.462487897356781,0.425621286124395,2.012928,421.5503,337.4187,2.013577,421.5503,339.3379,2.012496,415.825,337.4187,"No issues","No issues","No issues","No issues"
571,20,2025-05-19,2025-05-19 17:42:20,2025-05-19 17:46:00,2025-05-19 17:39:00,23,0.171109565217448,-2438.02102766802,271.853501976231,0.185037092624941,0.939500226605857,0.0694588912152306,0.0404825000700435,2.86035385193112e-14,0.224334069730276,0.000275693423741203,0.474983444064826,0.763926167204187,2.0137,424.3412,338.7843,2.014276,424.3412,340.3885,2.012708,417.751,337.2167,"No issues","No issues","No issues","No issues"
572,30,2025-05-19,2025-05-19 17:49:40,2025-05-19 17:53:20,2025-05-19 17:46:20,23,-0.393384664031513,-191.143778656132,-32.1037470355711,0.638594287078522,0.0670798364825221,0.00417682926045753,4.80675606615407e-06,0.232737234351386,0.769546235855788,0.000227203497799348,0.547266677451217,0.380571334137677,2.015105,428.0283,338.5255,2.01538,429.9498,339.2072,2.013788,427.6391,337.4055,"No issues","No issues","No issues","No issues"
573,40,2025-05-19,2025-05-19 17:57:00,2025-05-19 18:00:40,2025-05-19 17:53:40,23,0.591310671936896,-1208.86662450596,25.7270513833753,0.819014674201611,0.778858916374479,0.00145951060168304,3.02124710494906e-09,2.53362898567259e-08,0.862601899202625,0.000213404785178682,0.494534166669365,0.516632618299271,2.013664,427.7391,338.5026,2.015254,427.7391,340.253,2.013664,424.1312,337.7827,"No issues","No issues","No issues","No issues"
574,50,2025-05-19,2025-05-19 18:04:20,2025-05-19 18:08:00,2025-05-19 18:01:00,23,0.207061185770728,285.604932806294,165.408189723307,0.172867983880796,0.162309948390466,0.0330024450957715,0.0484771008285575,0.056641938358109,0.406771464513804,0.000347729410910129,0.498135403348066,0.68739953458384,2.01408,429.0566,339.381,2.014961,431.2808,341.5107,2.013195,428.7192,337.815,"No issues","No issues","No issues","No issues"
575,60,2025-05-19,2025-05-19 18:11:40,2025-05-19 18:15:20,2025-05-19 18:08:20,23,-0.0352430039526221,29.6440790513624,88.0375019762666,0.0153208923106143,0.00213253160982882,0.0108481311647945,0.573650209466547,0.83426948725118,0.636255343346423,0.00021691562978517,0.492310674023718,0.64540798029839,2.013392,429.2873,340.6742,2.013759,430.7002,340.6742,2.012801,428.4515,338.1406,"No issues","No issues","No issues","No issues"
576,70,2025-05-19,2025-05-19 18:19:00,2025-05-19 18:22:40,2025-05-19 18:15:40,23,-0.461881422924994,-149.474561264853,-315.199494071162,0.481443897017953,0.0626748345515626,0.166241277524581,0.000240561773724735,0.249262659558061,0.0534558118070965,0.000368017205228474,0.443790931588535,0.541937082312854,2.012111,428.4708,339.2198,2.012781,428.8376,339.4749,2.010904,427.3256,337.4359,"No issues","No issues","No issues","No issues"
577,80,2025-05-19,2025-05-19 18:26:20,2025-05-19 18:30:00,2025-05-19 18:23:00,23,-0.144566324110898,1214.84717786563,-144.037849802399,0.165971990161002,0.574450725642904,0.0319765367957044,0.0536683437353623,2.79849332549249e-05,0.414284900258764,0.000248801303517472,0.802754559329617,0.608438174159697,2.010944,430.6084,338.7231,2.01167,434.1476,339.7635,2.010637,430.1082,337.5581,"No issues","No issues","No issues","No issues"
578,90,2025-05-19,2025-05-19 18:33:40,2025-05-19 18:37:20,2025-05-19 18:30:20,23,0.466978339920952,1440.39728063239,210.401075098796,0.230780958034778,0.645673912085278,0.0823104071475865,0.0203310931318665,3.88630088405675e-06,0.184412651021675,0.000654537238845547,0.819199792153194,0.539362910500196,2.009351,431.9825,339.1311,2.011956,435.5799,339.8472,2.009284,430.6736,337.7268,"No issues","No issues","No issues","No issues"
579,100,2025-05-19,2025-05-19 18:41:00,2025-05-19 18:44:40,2025-05-19 18:37:40,23,-0.886966007905556,-23.2947035573892,-143.435098814252,0.929724805025792,0.001028264987864,0.0637654780893281,1.38512765095279e-13,0.884516143733614,0.245048872185335,0.000187216185610823,0.557434520359476,0.421956370498367,2.0087,432.6599,339.823,2.0087,432.6599,339.9409,2.006064,430.4796,338.1964,"No issues","No issues","No issues","No issues"
580,110,2025-05-19,2025-05-19 18:48:20,2025-05-19 18:52:00,2025-05-19 18:45:00,23,-0.264843320158192,430.519588932734,219.954592885347,0.536601450854082,0.52673986330734,0.117959592744296,7.05113811863669e-05,8.86637929836185e-05,0.108596578809017,0.000188952669968547,0.313297826339951,0.461767367897875,2.003689,431.2322,338.0083,2.003689,432.5417,339.3451,2.002602,430.8604,337.5974,"No issues","No issues","No issues","No issues"
581,120,2025-05-19,2025-05-19 18:55:40,2025-05-19 18:59:20,2025-05-19 18:52:20,23,0.155827351778239,-162.12550197636,88.9826086956384,0.406213802537188,0.0605847268939081,0.0331171205938654,0.00107148399126942,0.257574854816543,0.40594358181332,0.000144641859680265,0.490129858817529,0.369129181675802,2.002378,432.6844,338.1541,2.002903,433.399,339.2491,2.002267,431.4565,337.8521,"No issues","No issues","No issues","No issues"
582,130,2025-05-19,2025-05-19 19:03:00,2025-05-19 19:06:40,2025-05-19 18:59:40,23,0.348733280632425,2097.43598418968,200.566671936754,0.456813384788306,0.824246607318531,0.122485119342925,0.00040039613979608,2.21400019217619e-09,0.101611650752643,0.000291951768831671,0.743574666314817,0.412151556238432,2.0031,433.1997,338.7754,2.004414,439.0056,339.2528,2.002827,433.1997,337.6351,"No issues","No issues","No issues","No issues"
583,140,2025-05-19,2025-05-19 19:10:20,2025-05-19 19:14:00,2025-05-19 19:07:00,23,0.647009644268584,2039.65641106719,-188.290529644263,0.453307636764179,0.809471321077179,0.0979030748860664,0.000429771017930045,5.20954094330157e-09,0.146028710195967,0.000545504497913016,0.759712120691672,0.438802919108546,2.00539,439.8628,338.7566,2.008596,447.3201,339.4124,2.00539,439.8628,337.0564,"No issues","No issues","No issues","No issues"
584,150,2025-05-19,2025-05-19 19:17:40,2025-05-19 19:21:20,2025-05-19 19:14:20,23,0.29385391304325,4592.57748616602,75.8808853754645,0.163808600838565,0.883520434454754,0.0246526769141507,0.0554060251180149,2.8557377392532e-11,0.47432113761631,0.000509716358446694,1.28022310239212,0.366431323727944,2.00902,446.5725,337.766,2.009571,457.5007,339.0871,2.007396,446.5223,337.2268,"No issues","No issues","No issues","No issues"
585,160,2025-05-19,2025-05-19 19:25:00,2025-05-19 19:28:40,2025-05-19 19:21:40,23,0.72886766798393,219.858118577031,-77.1171225296317,0.891125411474086,0.0104476156457851,0.0380967929824124,1.40004317997528e-11,0.64258958941987,0.372127159436833,0.000195593820898414,1.64272892495158,0.297498574774813,2.00817,451.8075,337.6823,2.010316,455.2553,338.3995,2.00812,449.0772,337.2032,"No issues","No issues","No issues","No issues"
586,170,2025-05-19,2025-05-19 19:32:20,2025-05-19 19:36:00,2025-05-19 19:29:00,23,0.197021027668034,-4461.59269565223,473.711051383381,0.103796142880885,0.775344349642547,0.337810793186988,0.133812457533013,2.99587748954641e-08,0.00363092695284989,0.000444465414495826,1.84380027806488,0.509190626935728,2.013914,461.0265,338.9905,2.015407,462.9125,340.4444,2.013643,451.839,338.2377,"No issues","No issues","No issues","No issues"
587,180,2025-05-19,2025-05-19 19:39:40,2025-05-19 19:43:20,2025-05-19 19:36:20,23,-0.0155981027668162,-1786.98678260871,-104.297264822162,0.00019287857177299,0.429634220791272,0.0386889282031699,0.949851463195506,0.000686009860202554,0.368363324979137,0.000862185064254293,1.58074287669324,0.39913897513347,2.017762,452.409,336.7326,2.020346,455.3596,337.8387,2.017682,447.5128,336.5606,"No issues","No issues","No issues","No issues"
588,190,2025-05-19,2025-05-19 19:47:00,2025-05-19 19:50:40,2025-05-19 19:43:40,23,0.315334387351472,186.469470355701,-205.151335968377,0.485884863508394,0.0545409784846094,0.127953091268658,0.000218932867533722,0.283505310647792,0.0937770726536043,0.000249027574924459,0.596046614552048,0.41117952205854,2.018725,443.4431,337.809,2.019645,445.0004,337.809,2.018379,441.947,335.9179,"No issues","No issues","No issues","No issues"
589,200,2025-05-19,2025-05-19 19:54:20,2025-05-19 19:58:00,2025-05-19 19:51:00,23,-0.00577138339935245,-597.347573122563,244.345517786502,0.000623029643659357,0.412677149431097,0.126689255406485,0.909992328789202,0.000948912630582104,0.0955318252435815,0.000177460963421356,0.547107838912442,0.492528632270951,2.018461,439.2272,336.491,2.018643,440.863,338.2299,2.017994,438.0665,336.076,"No issues","No issues","No issues","No issues"
590,210,2025-05-19,2025-05-19 20:01:40,2025-05-19 20:05:20,2025-05-19 19:58:20,23,0.995068458497948,1552.00183399204,-52.0090434782747,0.294173978644203,0.354499316931058,0.00415378430941517,0.00750021717404113,0.00272344388824445,0.770166223618329,0.00118334740166894,1.60784980619033,0.618252142771535,2.020824,440.949,337.4594,2.024364,446.4072,338.0146,2.019474,438.8629,335.1822,"No issues","No issues","No issues","No issues"
591,220,2025-05-19,2025-05-19 20:09:00,2025-05-19 20:12:40,2025-05-19 20:05:40,23,-0.348212490118932,-269.613249011809,-65.427509881479,0.655418851064613,0.0930738381024636,0.0112290952714865,2.88075418759306e-06,0.156913284028237,0.630360114821214,0.000193839925330845,0.646139035529922,0.471355352890653,2.019672,442.0168,337.1753,2.020283,443.1718,337.6586,2.018896,440.4259,335.8683,"No issues","No issues","No issues","No issues"
592,230,2025-05-19,2025-05-19 20:16:20,2025-05-19 20:20:00,2025-05-19 20:13:00,23,-0.0896784189723638,632.210656126455,-35.3215494070982,0.16448890665051,0.23764335307404,0.00353329427049444,0.0548537390306269,0.0183000130156916,0.787612585511157,0.000155170207950182,0.869342010869635,0.455400846358905,2.018751,440.1454,337.1109,2.018788,443.1269,337.3132,2.018168,439.1686,335.8135,"No issues","No issues","No issues","No issues"
593,240,2025-05-19,2025-05-19 20:23:40,2025-05-19 20:27:20,2025-05-19 20:20:20,23,-0.316247905138598,-609.169517786632,-67.2297865613022,0.357354717159367,0.271648728171383,0.0157878583907223,0.00259108381813481,0.0107630417834543,0.567821840843178,0.000325593821851237,0.765803527957334,0.4075276463315,2.019323,440.8559,337.0351,2.019951,441.3071,337.7587,2.018233,437.9957,335.7241,"No issues","No issues","No issues","No issues"
594,10,2025-05-19,2025-05-19 20:31:00,2025-05-19 20:34:40,2025-05-19 20:27:40,23,0.321524110672019,628.057138339933,-14.9637628458931,0.3961260488372,0.302519140681968,0.000490298043071506,0.00129221427145262,0.00654661886327442,0.920120084919833,0.000304777279728796,0.732152365290593,0.51870070646766,2.01808,438.8817,335.7643,2.019298,442.3007,337.7965,2.017628,438.8817,335.7026,"No issues","No issues","No issues","No issues"
595,20,2025-05-19,2025-05-19 20:38:20,2025-05-19 20:42:00,2025-05-19 20:35:00,23,0.0307693280633918,893.991557312257,47.3381501976143,0.0112010289921692,0.341020972190684,0.00637409343887474,0.630790248142974,0.00343711726024651,0.717265569478977,0.000221950255996302,0.95409422193884,0.453759906178704,2.017965,440.056,336.0321,2.018433,444.8228,337.7986,2.017646,440.056,336.0321,"No issues","No issues","No issues","No issues"
596,30,2025-05-19,2025-05-19 20:45:40,2025-05-19 20:49:20,2025-05-19 20:42:20,23,0.108392727272638,-91.2134703557557,304.267162055292,0.0758197455181612,0.0144745051427342,0.190933844514687,0.203493015317993,0.584514138665669,0.0370832126831522,0.000290535978559703,0.577834734766652,0.480859541568581,2.020103,445.3982,336.3134,2.020116,446.9482,338.2946,2.018971,444.5201,336.1397,"No issues","No issues","No issues","No issues"
597,40,2025-05-19,2025-05-19 20:53:00,2025-05-19 20:56:40,2025-05-19 20:49:40,23,-0.2233337549409,35.5255968380205,-17.9262924901311,0.280960793638794,0.00233902223529738,0.00107805061639533,0.00927944984455206,0.826544067020903,0.881772093248058,0.000274296577509494,0.563285142667624,0.418937537745548,2.018839,440.176,336.5354,2.01903,441.0793,337.7424,2.017736,439.0957,335.8076,"No issues","No issues","No issues","No issues"
598,50,2025-05-19,2025-05-19 21:00:20,2025-05-19 21:04:00,2025-05-19 20:57:00,23,-0.333015652174011,-600.204237154197,395.918608695638,0.683215786435591,0.39349065440533,0.253868028596832,1.16953761264832e-06,0.00135641205828348,0.0142344647725571,0.000174092499803088,0.572088463866659,0.521101508040813,2.019436,439.2801,337.1941,2.019656,440.7573,339.7368,2.018501,437.6655,337.1885,"No issues","No issues","No issues","No issues"
599,60,2025-05-19,2025-05-19 21:07:40,2025-05-19 21:11:20,2025-05-19 21:04:20,23,0.116443636363529,-748.260711462457,50.5550988142349,0.0654344622850373,0.268029237232198,0.00683936699373978,0.238758384806658,0.011397602992844,0.707553955037908,0.000337854701874904,0.949338994891041,0.467712905618823,2.01995,441.4796,337.4641,2.020543,443.541,339.1045,2.019115,439.4156,336.9943,"No issues","No issues","No issues","No issues"
600,70,2025-05-19,2025-05-19 21:15:00,2025-05-19 21:18:40,2025-05-19 21:11:40,23,-0.284454071146206,121.569581027644,78.1698023715106,0.260518112684634,0.0033193112978273,0.0137448223236221,0.012828299215044,0.79400570260717,0.594211258387784,0.000367933692059967,1.61730357101769,0.508366229337807,2.020769,443.3338,337.8657,2.021589,446.9823,338.049,2.019676,441.8218,336.0613,"No issues","No issues","No issues","No issues"
601,80,2025-05-19,2025-05-19 21:22:20,2025-05-19 21:26:00,2025-05-19 21:19:00,23,-0.667013122529809,3035.10393675892,28.9576600790421,0.711931016175502,0.724361343590097,0.00206013405858054,4.23447689943961e-07,2.64437148683753e-07,0.837069782038421,0.000325743881647262,1.43740315289203,0.489305961108402,2.023348,447.7174,336.9166,2.023854,455.0673,338.0714,2.021921,447.185,336.0861,"No issues","No issues","No issues","No issues"
602,90,2025-05-19,2025-05-19 21:29:40,2025-05-19 21:33:20,2025-05-19 21:26:20,23,0.102228616600921,-1260.33267984193,-2.81056126484721,0.0652070437218134,0.253354239863973,1.83634155165986e-05,0.239604533924167,0.0143489427219079,0.984517789724311,0.000297163551175164,1.66108174935296,0.503529516962661,2.023412,446.0262,337.2729,2.023412,451.5959,338.227,2.022175,444.4834,336.1755,"No issues","No issues","No issues","No issues"
603,100,2025-05-19,2025-05-19 21:37:00,2025-05-19 21:40:40,2025-05-19 21:33:40,23,0.750245691699422,4503.7494071146,146.232853754941,0.423639898959136,0.740362043364168,0.0919844598092728,0.000770116687645719,1.39765216264408e-07,0.159485502405762,0.00067183810519682,2.04761749861695,0.352733705490659,2.023611,442.8011,338.3817,2.026203,452.5765,339.2084,2.023257,441.8698,337.7466,"No issues","No issues","No issues","No issues"
604,110,2025-05-19,2025-05-19 21:44:20,2025-05-19 21:48:00,2025-05-19 21:41:00,23,-1.06817549407097,-5743.52366798424,-135.034150197678,0.674831257016916,0.720029059196414,0.0300168179260674,1.54705507204209e-06,3.12315649198829e-07,0.429197726358299,0.000569261754500291,2.74961872728201,0.589326524255165,2.026738,458.8004,337.851,2.028067,463.281,338.7059,2.024738,448.0294,336.0445,"No issues","No issues","No issues","No issues"
605,120,2025-05-19,2025-05-19 21:51:40,2025-05-19 21:55:20,2025-05-19 21:48:20,23,0.772776284585059,5326.96980237148,-66.0755098814332,0.428547322628049,0.343815295165935,0.00939057435850009,0.000700603346967009,0.00327627271629031,0.66003794276135,0.000685104979863329,5.6499328424562,0.521024648029834,2.027132,450.7095,337.1351,2.029388,471.0657,338.62,2.026452,449.688,336.6804,"No issues","No issues","No issues","No issues"
606,130,2025-05-19,2025-05-19 21:59:00,2025-05-19 22:02:40,2025-05-19 21:55:40,23,-0.510110039525835,-2404.01682213439,92.6016758892985,0.289541323693033,0.393731534053355,0.0232513225517581,0.00808409918283711,0.00135042442689854,0.487315909773858,0.000613466144451866,2.29024787300054,0.46078573715958,2.030517,474.9957,338.0191,2.030517,474.9957,338.2171,2.027231,463.8411,336.6026,"No issues","No issues","No issues","No issues"
607,140,2025-05-19,2025-05-19 22:06:20,2025-05-19 22:10:00,2025-05-19 22:03:00,23,0.116016758893276,-4052.47674308298,61.7888063240956,0.0114342069138133,0.616497473912207,0.0160860105111638,0.62723632825018,9.10258949048005e-06,0.564159061885483,0.000828195926800573,2.45387022327983,0.371002464665686,2.033144,480.9917,336.8419,2.035073,485.0635,337.9796,2.030822,474.0243,336.5808,"No issues","No issues","No issues","No issues"
608,150,2025-05-19,2025-05-19 22:13:40,2025-05-19 22:17:20,2025-05-19 22:10:20,23,-0.169828932806433,-116.686102766894,-77.3117786561165,0.00761200764189186,0.00602533054257335,0.016562890848222,0.69222049886612,0.724809265282556,0.558392077110607,0.00148872821329971,1.15061213703849,0.457365589453116,2.038316,480.4556,337.7484,2.039859,483.4812,338.3955,2.034811,478.5793,336.7257,"No issues","No issues","No issues","No issues"
609,160,2025-05-19,2025-05-19 22:21:00,2025-05-19 22:24:40,2025-05-19 22:17:40,23,-2.07062039525712,-162.169043478299,-28.3506403162436,0.916178792401585,0.011164084244046,0.00258689321667546,8.87515397108079e-13,0.631357449094213,0.817727155582745,0.000480839262736195,1.17173961863342,0.427389405545742,2.036063,473.3739,336.8908,2.036685,475.9279,338.0077,2.031221,471.7762,336.2873,"No issues","No issues","No issues","No issues"
610,170,2025-05-19,2025-05-19 22:28:20,2025-05-19 22:32:00,2025-05-19 22:25:00,23,-1.37705549407122,80.1983241106691,1264.60828458498,0.589177290823027,0.00111597905230716,0.744197025346079,1.91227195745521e-05,0.879724715021522,1.19273291978888e-07,0.000882812064519669,1.84207538956061,0.569216458222746,2.03405,479.0048,339.639,2.034449,484.2481,343.4643,2.029975,477.7841,339.168,"No issues","No issues","No issues","No issues"
611,180,2025-05-19,2025-05-19 22:35:40,2025-05-19 22:39:20,2025-05-19 22:32:20,23,0.3372246640314,91.1682213438071,32.3829249011722,0.104413487217589,0.00338174658851514,0.00240922298450574,0.13259602270489,0.79211821962113,0.823999305428621,0.000758241234487449,1.20157246072402,0.505901983563723,2.03203,471.0977,337.0231,2.033377,473.8486,337.5061,2.030494,470.1685,335.3093,"No issues","No issues","No issues","No issues"
612,190,2025-05-19,2025-05-19 22:43:00,2025-05-19 22:46:40,2025-05-19 22:39:40,23,3.13109501976266,1434.05644268772,76.3222766797966,0.689852616262646,0.28159195627352,0.0173331615091268,9.32411835435774e-07,0.00918617470184115,0.549304525356829,0.00161181334181115,1.75854834182559,0.44119255060077,2.0303,478.7331,336.3224,2.038919,481.6915,337.6342,2.029899,474.045,335.7607,"No issues","No issues","No issues","No issues"
613,200,2025-05-19,2025-05-19 22:50:20,2025-05-19 22:54:00,2025-05-19 22:47:00,23,-0.291932964426675,9552.96967588933,-112.719557312276,0.0466576987277233,0.928142048482193,0.0259056034086278,0.322223065552762,1.75141788092293e-13,0.463157515607213,0.00101311444534207,2.04070950345191,0.5306590027201,2.03343,472.6558,336.4668,2.036117,496.8637,338.0178,2.032579,472.2255,335.6343,"No issues","No issues","No issues","No issues"
614,210,2025-05-19,2025-05-19 22:57:40,2025-05-19 22:59:50,2025-05-19 22:54:20,14,1.09194408791219,296.999525274662,-304.090021978119,0.461373989820524,0.0163203531761143,0.0786572311257279,0.00754699259438312,0.663398267205572,0.331435357156091,0.000550465935364649,1.07579807224593,0.485575089395181,2.033473,484.265,336.7543,2.036102,486.3926,337.4791,2.032713,482.9752,335.3966,"No issues","No issues","No issues","No issues"
614,210,2025-05-20,2025-05-19 23:00:00,2025-05-19 23:01:20,2025-05-19 22:54:20,9,-7.02273600000031,-4456.85760000004,852.55200000002,0.952920685843335,0.908543461704546,0.128700108070084,6.7135188522456e-06,6.98643900716768e-05,0.343077734329984,0.000466480675237822,0.422575108905696,0.662911998726507,2.038083,486.7924,334.6959,2.038343,487.136,337.108,2.03221,483.3717,334.6959,"No issues","No issues","No issues","No issues"
615,220,2025-05-20,2025-05-19 23:05:00,2025-05-19 23:08:40,2025-05-19 23:01:40,23,-3.75431051383417,-3193.34314624502,-136.623841897227,0.888670014002595,0.562720093779428,0.0532303663763822,1.7716686678789e-11,3.75669628850231e-05,0.289531878084318,0.00102018421501925,2.16118395006324,0.442365777748259,2.041205,488.182,336.737,2.041205,489.4883,337.0581,2.031734,476.7176,335.2607,"No issues","No issues","No issues","No issues"
616,230,2025-05-20,2025-05-19 23:12:20,2025-05-19 23:16:00,2025-05-19 23:09:00,23,-1.36807399209505,1715.4011383399,-68.2158735178058,0.467149499768957,0.245922931583762,0.0131841463516686,0.00032417240583642,0.0161049916163848,0.601886066625839,0.00112175219336987,2.30614517404477,0.453095857770562,2.031735,469.4799,336.3576,2.034673,476.7086,336.8223,2.030126,467.1462,334.9942,"No issues","No issues","No issues","No issues"
617,240,2025-05-20,2025-05-19 23:19:40,2025-05-19 23:23:20,2025-05-19 23:16:20,23,-0.379622134387483,-4137.36303557317,-212.222988142313,0.0620796052968829,0.915338984503293,0.221871233535796,0.251597692669307,9.85863616824356e-13,0.0232887084097524,0.00113285059904858,0.966021923741407,0.305126731887675,2.033335,480.2296,335.8162,2.033335,480.2296,336.3274,2.029652,466.3462,334.9372,"No issues","No issues","No issues","No issues"
618,10,2025-05-20,2025-05-19 23:27:00,2025-05-19 23:30:40,2025-05-19 23:23:40,23,1.53381343873499,65.7297391303908,-15.6886007905163,0.469199556168942,0.00213785342969683,0.00109372973084808,0.000310737177332485,0.834065607339543,0.880921346417539,0.00125248339457161,1.09023674452667,0.364002334279224,2.028603,465.0151,336.7061,2.033945,469.902,336.7061,2.028334,465.0151,334.7531,"No issues","No issues","No issues","No issues"
619,20,2025-05-20,2025-05-19 23:34:20,2025-05-19 23:38:00,2025-05-19 23:31:00,23,-2.01101122529648,3374.36395256915,252.740490118578,0.764223861716073,0.781274167037337,0.188580221697908,5.00774589943975e-08,2.2545690903097e-08,0.0384055890840605,0.000857564350461823,1.37073286620076,0.402496532077934,2.041549,475.8463,335.9181,2.041868,483.3961,336.7374,2.036216,474.6635,334.9897,"No issues","No issues","No issues","No issues"
620,30,2025-05-20,2025-05-19 23:41:40,2025-05-19 23:45:20,2025-05-19 23:38:20,23,-1.01226308300408,-3034.09394466401,-52.991715415055,0.756633901061975,0.92028216641928,0.00933837374583855,7.01549655503201e-08,5.22892444742547e-13,0.660929127839681,0.000440750827731955,0.685581137509537,0.419032413959479,2.035123,475.8832,336.3426,2.035719,476.8094,337.3047,2.032517,468.8224,335.6113,"No issues","No issues","No issues","No issues"
621,40,2025-05-20,2025-05-19 23:49:00,2025-05-19 23:52:40,2025-05-19 23:45:40,23,1.23851667984182,-1039.22381027672,106.375304347841,0.584212543945326,0.177943275146418,0.0180329553785557,2.17733170639039e-05,0.044972234170266,0.541279243335209,0.000802166845706236,1.71487230926632,0.602654513931179,2.032509,482.532,335.8511,2.035483,484.3789,337.6213,2.031431,477.9317,335.0468,"No issues","No issues","No issues","No issues"
622,50,2025-05-20,2025-05-19 23:56:20,2025-05-20,2025-05-19 23:53:00,23,-0.812757628458558,387.258118577048,1924.82551778655,0.126436510767267,0.0347123473686265,0.91299594491161,0.0958867049382655,0.394667091800499,1.31464844011633e-12,0.00164015403319945,1.56783195150647,0.456183198984608,2.037233,478.5762,341.7299,2.043203,484.3882,347.7682,2.036851,478.5762,341.7299,"No issues","No issues","No issues","No issues"
623,60,2025-05-20,2025-05-20 00:03:40,2025-05-20 00:07:20,2025-05-20 00:00:20,23,0.720236205533418,-1183.19506719368,83.4246640316519,0.418455270938098,0.77846857493251,0.0197342400182725,0.000850404375421639,2.58156094230689e-08,0.522612321813009,0.000651860379937326,0.484580656426691,0.451407505470906,2.032051,475.9634,336.4727,2.034703,475.9634,338.135,2.032051,472.1644,336.4727,"No issues","No issues","No issues","No issues"
624,70,2025-05-20,2025-05-20 00:11:00,2025-05-20 00:14:40,2025-05-20 00:07:40,23,-0.639940553359692,1278.23079841897,-120.16771541502,0.415446477868844,0.242105826785349,0.0473584166518509,0.000900459240384385,0.0170840545240288,0.318527661552952,0.000582782937781477,1.73629508725287,0.413777223140795,2.034759,466.3417,335.8296,2.034759,472.1814,336.8722,2.031885,465.083,335.2025,"No issues","No issues","No issues","No issues"
625,80,2025-05-20,2025-05-20 00:18:20,2025-05-20 00:22:00,2025-05-20 00:15:00,23,-0.20898213438749,875.679367588903,-3.39282213439222,0.0506631133368014,0.495222694012536,2.55915671552158e-05,0.301792680377814,0.000179145605881539,0.981723428422731,0.000694521983474975,0.678746111340912,0.514896204482287,2.031927,464.2682,335.6831,2.034252,467.6772,336.9867,2.031434,463.1556,334.9757,"No issues","No issues","No issues","No issues"
626,90,2025-05-20,2025-05-20 00:25:40,2025-05-20 00:29:20,2025-05-20 00:22:20,23,0.352771541501828,-712.35007114622,-100.291446640322,0.121306444358287,0.245437682853757,0.0212555418623637,0.103385615366056,0.0162264446411433,0.50683962535632,0.000728925129422142,0.958921382968462,0.522486482566063,2.031733,467.4828,336.3453,2.034592,469.9423,337.6634,2.031306,465.5378,335.4407,"No issues","No issues","No issues","No issues"
627,100,2025-05-20,2025-05-20 00:33:00,2025-05-20 00:36:40,2025-05-20 00:29:40,23,-1.71642308300413,4482.33381818184,492.393770750951,0.107711673308323,0.702205824567786,0.361631808596497,0.126289123329409,6.03744215775895e-07,0.00240392488984642,0.00379278444796232,2.24100424254667,0.502258683042024,2.035976,464.5965,337.7653,2.050828,482.3129,339.0831,2.035976,464.5965,336.9438,"No issues","No issues","No issues","No issues"
628,110,2025-05-20,2025-05-20 00:40:20,2025-05-20 00:44:00,2025-05-20 00:37:00,23,0.994052490118075,1168.67440316201,105.291035573115,0.181576368520346,0.350418316114214,0.0439557892963572,0.0426157137790552,0.00292351142735027,0.336988168429098,0.00162024739071078,1.22160165934693,0.376994435018111,2.035816,479.1801,336.7865,2.042289,485.214,337.5002,2.035816,479.1801,335.9886,"No issues","No issues","No issues","No issues"
629,120,2025-05-20,2025-05-20 00:47:40,2025-05-20 00:51:20,2025-05-20 00:44:20,23,-1.5249343873516,-1225.97587351779,32.7500395256435,0.690495533237103,0.095500895371616,0.00389539759889705,9.11940207842539e-07,0.151339564040582,0.777248641754182,0.000783820788170887,2.89664229932553,0.402069381163603,2.038919,485.9398,336.7203,2.039957,488.8352,337.5428,2.034693,477.1532,336.1297,"No issues","No issues","No issues","No issues"
630,130,2025-05-20,2025-05-20 00:55:00,2025-05-20 00:58:40,2025-05-20 00:51:40,23,-0.439248379446813,-3778.27029249012,24.8954940711473,0.197269714788591,0.829256506096239,0.00188744428322692,0.0337377686900111,1.62974436823518e-09,0.843963013180924,0.000680263829280554,1.3162344624963,0.439527481602337,2.034698,475.9457,336.2791,2.035194,478.7714,337.3127,2.032638,469.3739,335.7975,"No issues","No issues","No issues","No issues"
631,140,2025-05-20,2025-05-20 01:02:20,2025-05-20 01:06:00,2025-05-20 00:59:00,23,1.49544569169956,3664.540743083,29.5006482213191,0.554291390679417,0.673977341593796,0.00309723634462088,4.62061215939776e-05,1.59113735832518e-06,0.800876785181357,0.00102953161280664,1.95674122291515,0.406334203745116,2.032238,464.301,336.4664,2.039524,473.1935,337.6003,2.032238,463.8073,335.9591,"No issues","No issues","No issues","No issues"
632,150,2025-05-20,2025-05-20 01:09:40,2025-05-20 01:13:20,2025-05-20 01:06:20,23,-1.56981628458501,-3955.24088537549,-63.4314308300976,0.487375594810378,0.661345924542452,0.0133799659943609,0.00021208188166134,2.39147949174112e-06,0.599182653953329,0.00123603046685859,2.17294806531481,0.418181257084607,2.036655,473.2924,337.0662,2.038262,473.2924,337.6795,2.032745,461.4937,335.9685,"No issues","No issues","No issues","No issues"
633,160,2025-05-20,2025-05-20 01:17:00,2025-05-20 01:20:40,2025-05-20 01:13:40,23,-0.843125691699784,309.645818181813,42.6860395256787,0.374650628604302,0.0164696793032203,0.0121483099975372,0.00190839674786136,0.559510622705814,0.61662052236575,0.000836282569754446,1.83708444587469,0.29551967381133,2.032827,469.1819,337.1396,2.03569,474.1603,337.4107,2.031863,467.9052,336.3029,"No issues","No issues","No issues","No issues"
634,170,2025-05-20,2025-05-20 01:24:20,2025-05-20 01:28:00,2025-05-20 01:21:00,23,-1.55116173913056,-517.629059288586,900.71999999997,0.754930980810608,0.04779731647699,0.659068285951092,7.5560039413825e-08,0.316239974226491,2.56975914397793e-06,0.000678516263580679,1.77375726973753,0.497360047455838,2.036241,469.8574,338.4443,2.036241,470.5625,342.0999,2.030449,464.257,338.4443,"No issues","No issues","No issues","No issues"
635,180,2025-05-20,2025-05-20 01:31:40,2025-05-20 01:35:20,2025-05-20 01:28:20,23,0.306890750988117,-1271.70554940708,-30.9212964426914,0.0322324804825739,0.544700753728269,0.00239471692503726,0.412392187718833,5.82172288779327e-05,0.824521937077058,0.00129102619014746,0.892624164891962,0.484532116043836,2.030215,466.8564,336.7153,2.032644,467.3357,337.9005,2.027788,462.4959,336.1051,"No issues","No issues","No issues","No issues"
636,190,2025-05-20,2025-05-20 01:39:00,2025-05-20 01:42:40,2025-05-20 01:35:40,23,1.05361897233172,901.311652173921,108.420047430825,0.642113779014388,0.224429632768053,0.0292900813515514,4.32692837025202e-06,0.0224000274480429,0.434925795506308,0.00060389672204985,1.28634684505008,0.479188771926828,2.02809,455.4399,336.0776,2.030286,459.2938,337.8097,2.026788,453.8068,335.8781,"No issues","No issues","No issues","No issues"
637,200,2025-05-20,2025-05-20 01:46:20,2025-05-20 01:50:00,2025-05-20 01:43:00,23,-0.288073992094889,452.701849802363,-29.1651225296696,0.191996842886372,0.203338020314458,0.00345969287103044,0.0365004653719956,0.0308068900935009,0.78978767124636,0.000453707681309216,0.687943251847491,0.380018782677556,2.027863,452.1876,335.9557,2.02882,454.4561,337.5915,2.026429,451.3499,335.9557,"No issues","No issues","No issues","No issues"
638,210,2025-05-20,2025-05-20 01:53:40,2025-05-20 01:57:20,2025-05-20 01:50:20,23,-0.286383557312417,-455.684869565229,-32.209612648214,0.147759423666922,0.0963589428343761,0.00347878979889481,0.0701413780393153,0.149419527274172,0.789220962523604,0.000528036793023013,1.07134455958375,0.418530658984876,2.02796,452.8112,335.5589,2.028517,454.5927,337.1816,2.026487,450.4859,335.4646,"No issues","No issues","No issues","No issues"
639,220,2025-05-20,2025-05-20 02:01:00,2025-05-20 02:04:40,2025-05-20 01:57:40,23,-0.117297391304347,285.001328063142,-154.67392885381,0.0335628951744585,0.0605660338752644,0.0615307167182909,0.402747717662438,0.257650637724461,0.253773445974835,0.000483234618094246,0.861743549443344,0.463760501712373,2.028185,452.8842,335.8805,2.029761,456.0575,337.0132,2.02791,452.8102,334.8128,"No issues","No issues","No issues","No issues"
640,230,2025-05-20,2025-05-20 02:08:20,2025-05-20 02:12:00,2025-05-20 02:05:00,23,0.00952790513843496,-487.006577075133,308.207241106719,9.25839679677652e-05,0.0999136921305316,0.193567746181346,0.965244618189329,0.14173443335855,0.035655404525519,0.000760189768594403,1.12221739420303,0.482973032209767,2.032457,453.1048,335.1756,2.033009,453.1048,336.9906,2.030616,448.1081,334.5134,"No issues","No issues","No issues","No issues"
641,240,2025-05-20,2025-05-20 02:15:40,2025-05-20 02:19:20,2025-05-20 02:12:20,23,-0.22460584980243,747.243035573095,-9.28885375501029,0.0889763366636014,0.249325129064339,0.00019400222081512,0.166824459357899,0.015277260203729,0.949705779524974,0.000551773993547494,0.995445263572089,0.511951994417865,2.033298,453.8329,335.7143,2.034231,456.709,336.3124,2.031706,451.9597,334.5371,"No issues","No issues","No issues","No issues"
642,10,2025-05-20,2025-05-20 02:23:00,2025-05-20 02:26:40,2025-05-20 02:19:40,23,0.467149090909062,-3017.13324901186,-75.4215652173657,0.112551804748972,0.858085979573352,0.0127123976000688,0.117590365290278,2.30191312225033e-10,0.608503763375772,0.00100707862310274,0.942007445659464,0.510289044805571,2.034846,468.5237,335.6735,2.037291,469.5373,336.712,2.032836,461.1078,334.6606,"No issues","No issues","No issues","No issues"
643,20,2025-05-20,2025-05-20 02:30:20,2025-05-20 02:34:00,2025-05-20 02:27:00,23,-2.33057169960498,-2819.03136758896,51.6692490118331,0.82580973045213,0.679880638565258,0.00621941487241874,2.01404754534131e-09,1.30830989881126e-06,0.72058199975972,0.00082176381121811,1.48508782684336,0.501435682198642,2.039203,466.6147,335.5149,2.041564,467.0432,336.739,2.03536,458.7213,334.6292,"No issues","No issues","No issues","No issues"
644,30,2025-05-20,2025-05-20 02:37:40,2025-05-20 02:41:20,2025-05-20 02:34:20,23,-0.0576626086956781,1104.55826086958,-124.480885375489,0.0128819157331247,0.2290139046315,0.0500329543125712,0.606108382934909,0.0208877109000488,0.304898506016026,0.000387526324491521,1.55594259808331,0.416429474139929,2.035019,458.6339,335.5204,2.035019,461.7255,336.2213,2.033502,455.0452,334.4622,"No issues","No issues","No issues","No issues"
645,40,2025-05-20,2025-05-20 02:45:00,2025-05-20 02:48:40,2025-05-20 02:41:40,23,-0.272492964426904,573.22216600785,-102.462545454536,0.121133386494083,0.0405363516507106,0.0275912413961204,0.103648713599029,0.356939999749493,0.448763486168539,0.000563504571030588,2.14105342752941,0.466999641370726,2.034608,457.0516,335.1961,2.035252,464.3784,336.0583,2.033035,456.8825,334.0049,"No issues","No issues","No issues","No issues"
646,50,2025-05-20,2025-05-20 02:52:20,2025-05-20 02:56:00,2025-05-20 02:49:00,23,0.22172869565219,1001.85922529639,1869.7719841897,0.0165976270154482,0.519208544511147,0.825593789497833,0.557976302882908,0.000105299302966907,2.04065851609653e-09,0.00131031925664997,0.74016194499843,0.659779789836785,2.035064,458.1003,340.3853,2.040051,461.3767,344.7861,2.035007,456.4915,339.7307,"No issues","No issues","No issues","No issues"
647,60,2025-05-20,2025-05-20 02:59:40,2025-05-20 03:03:20,2025-05-20 02:56:20,23,-2.93418498023708,-1777.26251383399,22.7611067193552,0.866008086996196,0.860481008846531,0.00183513829321291,1.25414590902035e-10,1.9227698036575e-10,0.846114904100102,0.000886091163147005,0.54942724997386,0.407542317462162,2.044938,460.3444,336.5571,2.048286,460.3695,337.0164,2.04014,455.375,335.1418,"No issues","No issues","No issues","No issues"
648,70,2025-05-20,2025-05-20 03:07:00,2025-05-20 03:10:40,2025-05-20 03:03:40,23,1.84834529644234,339.034624505909,-252.251288537574,0.379456999588583,0.119574870902805,0.175306935230556,0.00175068892122664,0.106049025636524,0.04676090447436,0.00181468127890592,0.706289750350684,0.42004189745065,2.041761,454.3839,335.5568,2.045925,455.8802,335.8523,2.038612,452.9839,334.3707,"No issues","No issues","No issues","No issues"
649,80,2025-05-20,2025-05-20 03:14:20,2025-05-20 03:18:00,2025-05-20 03:11:00,23,-3.22357375494113,-414.70377865618,-108.750450592866,0.839570990971542,0.185949451937868,0.0253248042515778,8.42483365906325e-10,0.0399375510859052,0.468281149831154,0.0010818397764646,0.666160416964526,0.5179651845081,2.052787,455.1821,335.9693,2.055655,455.9426,336.5898,2.047578,453.1866,334.2411,"No issues","No issues","No issues","No issues"
650,90,2025-05-20,2025-05-20 03:21:40,2025-05-20 03:25:20,2025-05-20 03:18:20,23,0.240443003952543,1334.34981818174,-151.369043478298,0.00667381683017525,0.799012088416705,0.111541034588491,0.710965532358371,9.1840129474607e-09,0.119354440791782,0.00225207858611225,0.513795847989111,0.327982759269566,2.045002,452.8441,336.0623,2.051365,455.9477,336.1929,2.044157,451.9501,334.9324,"No issues","No issues","No issues","No issues"
651,100,2025-05-20,2025-05-20 03:29:00,2025-05-20 03:32:40,2025-05-20 03:25:40,23,1.34163320158092,1413.91721739127,279.220553359638,0.098068341325721,0.591221609709416,0.161667802679761,0.14567062826098,1.8119538514554e-05,0.0571797336800916,0.00312369623221996,0.902620917065642,0.488153361734764,2.049228,458.8395,337.6539,2.060562,462.1015,339.1344,2.048603,457.3452,337.0559,"No issues","No issues","No issues","No issues"
652,110,2025-05-20,2025-05-20 03:36:20,2025-05-20 03:40:00,2025-05-20 03:33:00,23,-0.917385296443085,563.10687747036,118.006007905125,0.303680391600806,0.11440114897278,0.0384121106415619,0.0064232768847049,0.114431801618954,0.370116529752618,0.00106649864509288,1.20283693809634,0.453291026088499,2.044834,459.6985,335.6202,2.044834,460.8563,336.8209,2.039634,456.6295,335.0891,"No issues","No issues","No issues","No issues"
653,120,2025-05-20,2025-05-20 03:43:40,2025-05-20 03:47:20,2025-05-20 03:40:20,23,-1.30133596837966,-1529.8759209486,-58.8237154150002,0.683557119493079,0.478076935457412,0.00651160958751668,1.1561183504918e-06,0.000258245726964666,0.714354819214812,0.00067977046075703,1.22722206103553,0.557830516428865,2.040405,463.1314,335.549,2.04068,463.8081,337.1219,2.036032,457.6494,335.1384,"No issues","No issues","No issues","No issues"
654,130,2025-05-20,2025-05-20 03:51:00,2025-05-20 03:54:40,2025-05-20 03:47:40,23,-0.974894229249017,763.56341501972,186.471177865565,0.274220905382481,0.567251935962147,0.0720729191848884,0.0103324210480244,3.355772522593e-05,0.215493374282387,0.00121764879276885,0.512020419254168,0.513682982194794,2.044161,460.4616,336.182,2.045245,462.589,337.2905,2.040124,459.7904,334.8839,"No issues","No issues","No issues","No issues"
655,140,2025-05-20,2025-05-20 03:58:20,2025-05-20 04:02:00,2025-05-20 03:55:00,23,0.152864822134259,-815.782482213506,-60.9640790513848,0.0144351479139662,0.415762193750983,0.00803121044327555,0.585029126259614,0.000895082429670571,0.684272212203039,0.000969732911794789,0.742436477838719,0.52016977611324,2.043098,462.0294,336.3932,2.047478,463.4615,337.0501,2.04308,459.849,335.1037,"No issues","No issues","No issues","No issues"
656,150,2025-05-20,2025-05-20 04:05:40,2025-05-20 04:09:20,2025-05-20 04:02:20,23,0.277820395257027,875.181628458464,105.817802371545,0.027569906747211,0.3294651108422,0.0359574338329484,0.448941414373939,0.00418327717341705,0.386164454450281,0.00126674228276926,0.958554394709034,0.420654068474244,2.042736,457.8094,336.1833,2.046173,460.758,336.7797,2.041496,457.09,335.267,"No issues","No issues","No issues","No issues"
657,160,2025-05-20,2025-05-20 04:13:00,2025-05-20 04:16:40,2025-05-20 04:09:40,23,-1.24174387351777,-609.01498814231,13.4295652173422,0.43525771832674,0.255412988269234,0.000636298464651725,0.000614867467481624,0.0138953952151349,0.909042737409948,0.00108591675294205,0.798319643618235,0.408607088299626,2.042306,457.7461,336.7085,2.044339,459.2056,337.7369,2.039255,455.9992,335.9845,"No issues","No issues","No issues","No issues"
658,170,2025-05-20,2025-05-20 04:20:20,2025-05-20 04:24:00,2025-05-20 04:17:00,23,-0.868695652173843,2548.27579446644,844.342292490113,0.403911254221406,0.840252043184029,0.691225361385143,0.00111856035251123,8.0538429593571e-10,8.89196881829771e-07,0.0008102009120943,0.85304490275896,0.433253538107637,2.037808,451.2415,338.8187,2.039263,457.3798,341.2074,2.035343,451.0203,338.3297,"No issues","No issues","No issues","No issues"
659,180,2025-05-20,2025-05-20 04:27:40,2025-05-20 04:31:20,2025-05-20 04:24:20,23,-0.258004743083098,677.422956521755,102.053596837941,0.0699314049155178,0.186698410364198,0.026422775422977,0.222706249536155,0.0394955059317399,0.458667426919827,0.0007223732397033,1.08549544698724,0.475594581128164,2.039878,459.8633,337.1317,2.04136,460.8867,337.5517,2.037953,456.621,335.6202,"No issues","No issues","No issues","No issues"
660,190,2025-05-20,2025-05-20 04:35:00,2025-05-20 04:38:40,2025-05-20 04:31:40,23,-0.401956363636408,-600.653312253012,-57.7770118577281,0.257193459238749,0.370853193373336,0.00721503453988944,0.0135140816276963,0.00204217061638267,0.699981942696257,0.000524444341786517,0.600636138473142,0.520326639556277,2.035921,458.6888,336.3406,2.036442,459.5534,337.5281,2.034086,456.2806,335.5841,"No issues","No issues","No issues","No issues"
661,200,2025-05-20,2025-05-20 04:42:20,2025-05-20 04:46:00,2025-05-20 04:39:00,23,3.39869596837928,1968.41739130431,37.2809169960649,0.465340448457918,0.359716273754776,0.00303466056039103,0.000336468390946217,0.00248614206574293,0.802859737776761,0.00279690796019909,2.01621099191825,0.5187811070646,2.043355,464.2104,337.1352,2.051219,470.9201,338.1755,2.039265,462.0547,336.0162,"No issues","No issues","No issues","No issues"
662,210,2025-05-20,2025-05-20 04:49:40,2025-05-20 04:53:20,2025-05-20 04:46:20,23,-6.87548490118584,-5231.09141501976,269.92145454544,0.802401331927957,0.875058327864381,0.179650049489958,7.66754568067651e-09,5.98978633750581e-11,0.0438498525235495,0.00261946207127216,1.51753969911377,0.442828851769064,2.054779,472.5121,337.1188,2.060027,473.3597,337.7397,2.040245,459.5945,335.9466,"No issues","No issues","No issues","No issues"
663,220,2025-05-20,2025-05-20 04:57:00,2025-05-20 05:00:40,2025-05-20 04:53:40,23,-2.99650055335962,-2899.22200790519,-240.098086956562,0.79691326228494,0.734070909951927,0.136394705006597,1.02545443502059e-08,1.80394405806033e-07,0.0828597716543092,0.00116134756171042,1.33970131985855,0.463831445433756,2.038797,457.9222,336.6825,2.038797,457.9222,336.6825,2.029688,448.8851,334.7289,"No issues","No issues","No issues","No issues"
664,230,2025-05-20,2025-05-20 05:04:20,2025-05-20 05:08:00,2025-05-20 05:01:00,23,-0.470248221343873,205.219636363655,100.796015810267,0.168053889790612,0.0318467947227574,0.0237503368823403,0.0520464730242783,0.415249062908168,0.482624383825835,0.000803272816932331,0.868701735278973,0.496136893644206,2.028296,448.6558,335.6853,2.029916,450.6899,336.8475,2.026513,447.1366,334.9633,"No issues","No issues","No issues","No issues"
665,240,2025-05-20,2025-05-20 05:11:40,2025-05-20 05:15:20,2025-05-20 05:08:20,23,-2.32241833992113,-510.042592885393,27.5062766798751,0.855797286745704,0.1906882982028,0.00197713150920137,2.72625969898636e-10,0.0372190933591867,0.840343949738669,0.000731904321664728,0.806705335109008,0.474457013212125,2.030767,451.4753,335.0123,2.031727,451.4753,336.6146,2.025262,448.2134,334.7854,"No issues","No issues","No issues","No issues"
666,10,2025-05-20,2025-05-20 05:19:00,2025-05-20 05:22:40,2025-05-20 05:15:40,23,-2.17241359683798,-3100.37094071152,-200.068932806354,0.602857493967614,0.882706902940696,0.159465683491355,1.32670848106356e-05,3.0735312193331e-11,0.0590623071398468,0.00135369542798134,0.867669274844936,0.352643884311723,2.029781,453.5535,335.6815,2.029781,453.599,336.0646,2.021595,446.2459,334.4875,"No issues","No issues","No issues","No issues"
667,20,2025-05-20,2025-05-20 05:26:20,2025-05-20 05:30:00,2025-05-20 05:23:00,23,2.28778150197598,487.829596837945,-56.6013913043514,0.595382392837356,0.107769108214545,0.00707606769778232,1.62244088906055e-05,0.126182093491074,0.702756307150402,0.00144794323124907,1.07763633131678,0.514756337300583,2.02095,445.3823,335.0931,2.025695,446.0254,336.2843,2.017765,441.6883,334.1786,"No issues","No issues","No issues","No issues"
668,30,2025-05-20,2025-05-20 05:33:40,2025-05-20 05:37:20,2025-05-20 05:30:20,23,0.0732521739129592,-48.7502608695696,-4.23889328064117,0.000650167686177777,0.00244633856969133,3.63431204912618e-05,0.908060828843932,0.822669532067421,0.978220765431536,0.00220485074187582,0.755786955574409,0.539816406283775,2.020285,446.2017,335.0875,2.027042,448.2744,336.4499,2.019534,445.4895,333.9883,"No issues","No issues","No issues","No issues"
669,40,2025-05-20,2025-05-20 05:41:00,2025-05-20 05:44:40,2025-05-20 05:37:40,23,0.347495335968366,379.485533596859,209.850403162029,0.120480018857444,0.212626274734044,0.197559501412365,0.104648177214224,0.026788308271616,0.0335919183740876,0.000720820148184389,0.560647402645181,0.324698186110575,2.017859,444.3694,334.4278,2.019167,445.037,335.55,2.016716,442.6107,334.0532,"No issues","No issues","No issues","No issues"
670,50,2025-05-20,2025-05-20 05:48:20,2025-05-20 05:52:00,2025-05-20 05:45:00,23,1.34347731225315,-15.7287272727348,3453.13992094862,0.701413002144847,0.000120924432601597,0.977928028634351,6.21147091223505e-07,0.960283384683098,7.08623106876238e-19,0.000672963442370397,1.0980519529698,0.398284941914928,2.014581,446.1424,342.4842,2.017773,446.1424,350.8926,2.014141,442.3,342.4842,"No issues","No issues","No issues","No issues"
671,60,2025-05-20,2025-05-20 05:55:40,2025-05-20 05:59:20,2025-05-20 05:52:20,23,-0.272313675889424,-1654.7725849803,188.708869565186,0.140111545091517,0.780004769586919,0.0586505213127883,0.078465851841412,2.39755067243628e-08,0.265556479491073,0.000517924131258492,0.67469721337301,0.5804227328663,2.015016,445.3132,335.9631,2.015519,445.3132,337.0584,2.01306,439.6559,334.9349,"No issues","No issues","No issues","No issues"
672,70,2025-05-20,2025-05-20 06:03:00,2025-05-20 06:06:40,2025-05-20 05:59:40,23,-0.537840000000132,-853.971794466384,37.4055652173419,0.285185062230538,0.323381417820995,0.003937738815951,0.00867168577296304,0.00463405061094082,0.776071109117146,0.000653731055923074,0.948354157641473,0.456739536561096,2.017346,441.8575,334.4728,2.0174,442.5739,335.1325,2.014371,437.8882,333.4868,"No issues","No issues","No issues","No issues"
673,80,2025-05-20,2025-05-20 06:10:20,2025-05-20 06:14:00,2025-05-20 06:07:00,23,1.1209802371542,-331.038355731214,240.640221343896,0.660119443455341,0.285268082545267,0.209746576990096,2.48603110977477e-06,0.00866012356736225,0.0279772279555718,0.000617536240850991,0.402286916913166,0.35860518610952,2.015005,439.1483,334.0077,2.017711,439.6387,335.2044,2.014454,437.7906,333.7617,"No issues","No issues","No issues","No issues"
674,90,2025-05-20,2025-05-20 06:17:40,2025-05-20 06:21:20,2025-05-20 06:14:20,23,0.236712094861677,-615.4429090909,-190.631525691696,0.0976503773642564,0.437275929263377,0.100962024150225,0.146578021205616,0.000591035331883282,0.139548165920543,0.000552437946428062,0.536006836171338,0.436734311864375,2.015058,439.2945,335.3087,2.016828,440.1819,335.6059,2.01438,436.9544,333.7304,"No issues","No issues","No issues","No issues"
675,100,2025-05-20,2025-05-20 06:25:00,2025-05-20 06:28:40,2025-05-20 06:21:40,23,0.166601739130472,897.545739130475,219.831652173883,0.0220828444673598,0.540340138751758,0.0809177128425478,0.498593777454442,6.45686222656822e-05,0.188335270751889,0.000851168713936409,0.635556055749633,0.568798206615297,2.015807,437.8086,335.3237,2.019206,441.7765,336.7959,2.015807,437.8086,334.1867,"No issues","No issues","No issues","No issues"
676,110,2025-05-20,2025-05-20 06:32:20,2025-05-20 06:36:00,2025-05-20 06:29:00,23,-0.693769802371928,-1200.64069565214,24.6555889327966,0.704603123834918,0.741348654358328,0.00297547437512924,5.53782748704447e-07,1.34208679749968e-07,0.804755278983337,0.000344872571426576,0.544467266153852,0.346499641837757,2.015112,438.8707,334.7483,2.015195,439.2541,335.4199,2.013143,435.4716,334.1832,"No issues","No issues","No issues","No issues"
677,120,2025-05-20,2025-05-20 06:39:40,2025-05-20 06:43:20,2025-05-20 06:36:20,23,-0.634852173913323,-862.3257865613,56.3734387351778,0.239967754583663,0.573342385296292,0.00692845549971118,0.0176567793728056,2.87838684455205e-05,0.705737359738695,0.000867410693909836,0.57110596343461,0.51815438276352,2.013576,437.1052,334.6562,2.015806,439.0579,335.7205,2.011849,435.8333,333.8135,"No issues","No issues","No issues","No issues"
678,130,2025-05-20,2025-05-20 06:47:00,2025-05-20 06:50:40,2025-05-20 06:43:40,23,1.2982539130437,313.848000000016,284.67860869565,0.717735520063464,0.120876289857099,0.178279511767625,3.40732018420726e-07,0.104040833076092,0.0447489416384782,0.000625054852791457,0.649810009942705,0.469222436303533,2.012496,436.5009,334.2983,2.017208,438.3226,335.7045,2.012496,435.6046,333.9599,"No issues","No issues","No issues","No issues"
679,140,2025-05-20,2025-05-20 06:54:20,2025-05-20 06:58:00,2025-05-20 06:51:00,23,-1.38155478260837,-489.560158102795,3.21780237150291,0.669260921827684,0.295003039411426,2.5528464989681e-05,1.85587233268723e-06,0.00739997818426538,0.981745971324631,0.000745634043701844,0.581030645569784,0.488938311966852,2.02202,440.9459,334.8455,2.023689,442.7273,336.0662,2.019582,439.9953,334.1108,"No issues","No issues","No issues","No issues"
680,150,2025-05-20,2025-05-20 07:01:40,2025-05-20 07:05:20,2025-05-20 06:58:20,23,-0.793163952569448,-1305.19579446645,123.353075098813,0.437235034264903,0.748146689397257,0.0541674149934343,0.000591509695265007,1.01055812580409e-07,0.285207553248809,0.000690846583188634,0.581391548501037,0.395731532656588,2.016839,438.4294,334.8392,2.018521,438.443,335.942,2.015124,434.2921,334.3344,"No issues","No issues","No issues","No issues"
681,160,2025-05-20,2025-05-20 07:09:00,2025-05-20 07:12:40,2025-05-20 07:05:40,23,-0.264254229249201,-1373.5192411067,175.683984189725,0.242528026042742,0.767159611970656,0.0840235115461312,0.0169730578918955,4.38291331287916e-08,0.179709002997638,0.000358539378102801,0.580943149964177,0.445334680154526,2.014392,432.5895,334.4369,2.015223,433.4805,336.1935,2.013634,428.7716,334.4369,"No issues","No issues","No issues","No issues"
682,170,2025-05-20,2025-05-20 07:16:20,2025-05-20 07:20:00,2025-05-20 07:13:00,23,-0.26824126482226,39.2086956521801,20.8538181818113,0.150558418129025,0.00585399361419926,0.00165356640752131,0.0673189661742878,0.728604641907881,0.853842250147154,0.000489161672037243,0.392278002026998,0.393394236985515,2.013828,434.0127,336.1218,2.014852,434.9696,337.8631,2.012892,433.4832,336.0891,"No issues","No issues","No issues","No issues"
683,180,2025-05-20,2025-05-20 07:23:40,2025-05-20 07:27:20,2025-05-20 07:20:20,23,0.151515889328,-2101.18226086955,165.04278260868,0.0518220159654247,0.906337606526786,0.0854416858007481,0.296181280631054,2.86101710471811e-12,0.17591346328257,0.000497575005766584,0.518577831096285,0.414552873462517,2.012517,432.222,335.1035,2.013982,432.222,336.5693,2.012115,425.5029,334.8957,"No issues","No issues","No issues","No issues"
684,190,2025-05-20,2025-05-20 07:31:00,2025-05-20 07:34:40,2025-05-20 07:27:40,23,-0.36226529644294,-2638.04471146244,-157.751715415041,0.361163217861157,0.970354046094034,0.0562853281369625,0.0024238015920619,1.57492152536049e-17,0.275715892506911,0.000369898464027164,0.35400740924203,0.495917505309619,2.014321,431.697,335.4558,2.014657,432.3906,336.5783,2.013,425.2417,334.8796,"No issues","No issues","No issues","No issues"
685,200,2025-05-20,2025-05-20 07:38:20,2025-05-20 07:42:00,2025-05-20 07:35:00,23,-0.043191462450653,-271.142324110674,-49.6338972332008,0.00911162487591433,0.140168394149456,0.00633583662137193,0.664834708146337,0.0784004849997468,0.718081590440128,0.000345799973807497,0.515574659501931,0.477209193282821,2.012871,436.1952,336.6634,2.013079,436.1952,337.4747,2.011801,433.8579,335.2483,"No issues","No issues","No issues","No issues"
686,210,2025-05-20,2025-05-20 07:45:40,2025-05-20 07:49:20,2025-05-20 07:42:20,23,-0.172731699604706,399.593169960478,252.696948616585,0.0932673490536481,0.312426800940477,0.106813366098355,0.156461000305235,0.00556156409969603,0.127975412524472,0.00041348470836986,0.455109583960774,0.561010384705404,2.011956,435.3733,336.0927,2.012834,436.6647,336.9151,2.011135,434.4238,334.844,"No issues","No issues","No issues","No issues"
687,220,2025-05-20,2025-05-20 07:53:00,2025-05-20 07:56:40,2025-05-20 07:49:40,23,-0.0186033201582233,-4056.3348616601,-149.71958893283,0.00197410064519691,0.961491488533495,0.0871851748213808,0.840464844544359,2.46480093099881e-16,0.171365438795998,0.000321136238828643,0.623235293832066,0.371930028092007,2.01292,430.9176,335.5621,2.013189,430.9176,336.5017,2.011946,418.9999,334.788,"No issues","No issues","No issues","No issues"
688,230,2025-05-20,2025-05-20 08:00:20,2025-05-20 08:04:00,2025-05-20 07:57:00,23,-0.333502292490004,-255.390545454516,44.9783715414396,0.428580010222125,0.186611046337888,0.00506669236304155,0.000700160328985503,0.0395468247504062,0.746889674157545,0.000295646797134874,0.409352900996902,0.483894895102605,2.012193,435.0376,335.2769,2.012312,436.4095,336.5438,2.010432,434.5616,334.3292,"No issues","No issues","No issues","No issues"
689,240,2025-05-20,2025-05-20 08:07:40,2025-05-20 08:11:20,2025-05-20 08:04:20,23,0.367140237154145,-3.47136758900702,47.8862608695478,0.299680812576536,1.5947252115316e-05,0.0041907216747612,0.00685745652606287,0.98557212125178,0.769173374333253,0.000430886734371137,0.667370195029959,0.566718249365154,2.011025,435.4996,334.7342,2.012741,436.8875,336.6855,2.010589,434.0756,334.4857,"No issues","No issues","No issues","No issues"
690,10,2025-05-20,2025-05-20 08:15:00,2025-05-20 08:18:40,2025-05-20 08:11:40,23,-0.13012079051391,-3895.13653754945,78.6675415019394,0.0301250056416928,0.958571368233798,0.0170158250564112,0.428354418294384,5.31732887992613e-16,0.553015271780948,0.000566831010100079,0.621689239287064,0.45904465068349,2.014049,428.8436,336.2189,2.014049,429.1341,336.4255,2.01191,419.2584,334.7877,"No issues","No issues","No issues","No issues"
691,20,2025-05-20,2025-05-20 08:22:20,2025-05-20 08:26:00,2025-05-20 08:19:00,23,-0.038256758893378,-4964.49618972334,-54.5054229249172,0.0108188623678336,0.983101347315828,0.00655825275112747,0.636713412931643,4.28041483306645e-20,0.713375398136259,0.00028084576856512,0.499706124009835,0.51502633639616,2.013438,427.762,335.1684,2.01412,427.762,336.0408,2.01286,414.4356,334.0454,"No issues","No issues","No issues","No issues"
692,30,2025-05-20,2025-05-20 08:29:40,2025-05-20 08:33:20,2025-05-20 08:26:20,23,0.628986877470368,321.883541501996,1.14403162054398,0.713557708114427,0.199124697528184,4.92600673925097e-06,3.98599749978652e-07,0.0328145657058934,0.991980963109081,0.00030595545418689,0.495599948638495,0.395732805183582,2.0118,431.8079,334.6148,2.013273,433.0829,335.843,2.011492,431.0896,334.502,"No issues","No issues","No issues","No issues"
693,40,2025-05-20,2025-05-20 08:37:00,2025-05-20 08:40:40,2025-05-20 08:33:40,23,0.25096126482203,-3683.29432411069,-22.4708300395189,0.185236975123034,0.959174179075351,0.00122042440042022,0.0403624995105854,4.55753290392663e-16,0.874263751441148,0.000404083489556376,0.583401771000193,0.493527203252848,2.012912,423.8426,334.1352,2.0139,424.2892,335.2964,2.012235,414.8137,333.5465,"No issues","No issues","No issues","No issues"
694,50,2025-05-20,2025-05-20 08:44:20,2025-05-20 08:48:00,2025-05-20 08:41:00,23,0.0237429249011256,254.712664031589,7184.68591304347,0.00271908089049903,0.104873704334427,0.991077176410126,0.813205999357777,0.131696689894497,5.22050869442231e-23,0.000349095705021995,0.571310212512233,0.523380814742072,2.013527,431.5469,348.8484,2.014578,433.1179,367.3592,2.013017,430.9256,348.6506,"No issues","No issues","No issues","No issues"
695,60,2025-05-20,2025-05-20 08:51:40,2025-05-20 08:55:20,2025-05-20 08:48:20,23,-0.446343083003785,314.100711462426,135.150260869542,0.462784658532686,0.136862765382733,0.0669138774121671,0.000354569722057413,0.0822931928063736,0.233336631935399,0.000369203773493598,0.605590127256245,0.387464797138722,2.010766,434.1047,334.7999,2.01141,434.1047,335.0584,2.009388,431.579,333.7609,"No issues","No issues","No issues","No issues"
696,70,2025-05-20,2025-05-20 08:59:00,2025-05-20 09:02:40,2025-05-20 08:55:40,23,0.327987035572989,-1861.27285375486,-38.6554624505992,0.268277909191623,0.931039748821353,0.00609409049454421,0.0113529062027839,1.13521287974766e-13,0.723303054305418,0.000415862634165589,0.388900001718963,0.379002134553076,2.009985,428.5365,334.2689,2.010362,428.5365,334.9325,2.008431,423.6966,333.3418,"No issues","No issues","No issues","No issues"
697,80,2025-05-20,2025-05-20 09:06:20,2025-05-20 09:10:00,2025-05-20 09:03:00,23,0.336200158102667,-3217.49075098815,-65.5974071145953,0.424124767312727,0.957925892277711,0.0193201584182382,0.000762976490143399,6.25643641676652e-16,0.527051096249572,0.000300765412914084,0.517691940755177,0.358804227670836,2.010428,428.3078,334.0504,2.012024,428.3078,334.3922,2.010341,419.6959,333.2223,"No issues","No issues","No issues","No issues"
698,90,2025-05-20,2025-05-20 09:13:40,2025-05-20 09:17:20,2025-05-20 09:10:20,23,0.0888246640313427,-2371.53059288543,-161.962434782625,0.0390889179553429,0.873229945031748,0.076670321376212,0.365849477903751,6.98344795622106e-11,0.200873307076601,0.000338112281294427,0.693721822568172,0.431510778767829,2.013415,427.5745,334.5413,2.013566,428.0383,334.914,2.012355,421.3437,333.3923,"No issues","No issues","No issues","No issues"
699,100,2025-05-20,2025-05-20 09:21:00,2025-05-20 09:24:40,2025-05-20 09:17:40,23,0.533733438735082,-442.838418972332,50.6575494070975,0.556433230279327,0.255473580754009,0.00828977673392674,4.38540684892149e-05,0.0138822535021197,0.679488405159129,0.000365855830544998,0.580396715833266,0.42538066963797,2.013125,433.4597,334.5034,2.014999,433.8506,335.845,2.013104,431.4965,333.9908,"No issues","No issues","No issues","No issues"
700,110,2025-05-20,2025-05-20 09:28:20,2025-05-20 09:32:00,2025-05-20 09:25:00,23,-0.158576442687802,-16.8633675889985,52.3992094861369,0.123864765852133,0.000543409348308218,0.00933890969792774,0.0995744232580585,0.915918955501727,0.660919962993019,0.00032378963853458,0.555233061091665,0.414335166817695,2.013552,430.3995,333.7072,2.013552,431.9023,334.7125,2.012497,429.4536,333.0792,"No issues","No issues","No issues","No issues"
701,120,2025-05-20,2025-05-20 09:35:40,2025-05-20 09:39:20,2025-05-20 09:32:20,23,0.149697391304388,-261.556363636388,-131.267383399206,0.0758518151483689,0.0658138308298538,0.0760421623011746,0.203393560620807,0.237354481052094,0.202804359921084,0.000401157250821419,0.756547181940065,0.35129201009953,2.014623,431.9052,335.0055,2.015714,433.2283,335.0055,2.014353,429.9572,333.3239,"No issues","No issues","No issues","No issues"
702,130,2025-05-20,2025-05-20 09:43:00,2025-05-20 09:46:40,2025-05-20 09:39:40,23,0.77253723320157,-2795.03573122531,384.452679841901,0.634211778732994,0.944418778817041,0.305511082028672,5.47176530017539e-06,1.17143948671208e-14,0.00623322479885218,0.00045043250372362,0.52057306704891,0.445015014608892,2.015083,426.1902,334.5323,2.01623,426.1902,335.5482,2.013675,418.6936,333.1638,"No issues","No issues","No issues","No issues"
703,140,2025-05-20,2025-05-20 09:50:20,2025-05-20 09:54:00,2025-05-20 09:47:00,23,0.26536411067203,103.177992094787,-27.8409486165771,0.320161783143339,0.0321199720396064,0.00455521244998624,0.00489049807444769,0.413222676982977,0.759619749563328,0.000296874451184756,0.434833357303101,0.315973670063777,2.016306,431.8312,334.4505,2.016963,432.4891,335.0369,2.01559,430.5659,333.7885,"No issues","No issues","No issues","No issues"
704,150,2025-05-20,2025-05-20 09:57:40,2025-05-20 10:01:20,2025-05-20 09:54:20,23,-0.0641426086958242,-577.62754150202,137.588584980188,0.0259793075594108,0.452004943461907,0.080167303871399,0.462513506677787,0.000441181137776167,0.19048652192196,0.000301529300710866,0.488289309692538,0.357808606337421,2.016363,428.1028,334.6543,2.016636,429.5175,335.2849,2.015302,426.6147,333.7932,"No issues","No issues","No issues","No issues"
705,160,2025-05-20,2025-05-20 10:05:00,2025-05-20 10:08:40,2025-05-20 10:01:40,23,-0.347930750988199,-3561.7956047431,-248.03459288536,0.340678294851164,0.954422805810455,0.108275300561654,0.00345733854236675,1.45125566979687e-15,0.125242856507799,0.000371605269972358,0.597564760204203,0.546481607805519,2.01729,425.2368,335.0308,2.018112,425.7544,335.9995,2.016227,416.3788,333.426,"No issues","No issues","No issues","No issues"
706,170,2025-05-20,2025-05-20 10:12:20,2025-05-20 10:16:00,2025-05-20 10:09:00,23,-1.56280695652165,210.246545454542,-6.06251383401398,0.927028176508713,0.110004710563577,0.000166134600478838,2.05954036118052e-13,0.122088131482929,0.953453922500535,0.00033662709071643,0.459123663464697,0.36107649162732,2.017967,430.0475,335.1112,2.018613,431.0434,336.1068,2.01437,429.0942,334.5137,"No issues","No issues","No issues","No issues"
707,180,2025-05-20,2025-05-20 10:19:40,2025-05-20 10:23:20,2025-05-20 10:16:20,23,0.116153359683734,-4896.01906719371,232.277691699586,0.0306114207219775,0.964499370166383,0.168245670195736,0.424592415170032,1.04784564975593e-16,0.0518995003826559,0.000501824173636448,0.721145256387853,0.396502275636573,2.012713,420.8614,334.7953,2.014403,420.8614,335.9015,2.012558,409.2212,334.3782,"No issues","No issues","No issues","No issues"
708,190,2025-05-20,2025-05-20 10:27:00,2025-05-20 10:30:40,2025-05-20 10:23:40,23,-0.89581944664054,-3923.856,-46.6244110672181,0.330817323216496,0.880157612819601,0.0110637767293169,0.00408878516987777,3.8570410641071e-11,0.6329032083659,0.00097816316628936,1.11160542488054,0.338421850396555,2.016687,425.0141,335.032,2.016687,425.8665,335.8508,2.01178,413.4757,334.6079,"No issues","No issues","No issues","No issues"
709,200,2025-05-20,2025-05-20 10:34:20,2025-05-20 10:38:00,2025-05-20 10:31:00,23,0.397550988142136,162.696664031551,52.6971699604575,0.110617202407807,0.00874274013372754,0.00830022646731359,0.120990623863204,0.671312304233105,0.679296899215613,0.000865442981470232,1.3300275885957,0.442226765396423,2.011826,429.7695,334.6966,2.01495,429.7695,336.3728,2.010772,425.4652,334.5045,"No issues","No issues","No issues","No issues"
710,210,2025-05-20,2025-05-20 10:41:40,2025-05-20 10:45:20,2025-05-20 10:38:20,23,-0.184308616600876,815.635636363647,36.0771225296146,0.0286169799578592,0.107070580047161,0.00284783152863872,0.440331747072607,0.127490203161295,0.808912229244596,0.000824406845463265,1.80834910956898,0.518284307163201,2.014078,429.2025,335.2617,2.014078,433.6602,336.5889,2.011173,426.0418,334.625,"No issues","No issues","No issues","No issues"
711,220,2025-05-20,2025-05-20 10:49:00,2025-05-20 10:52:40,2025-05-20 10:45:40,23,0.300888853755033,-1753.64509090907,-15.1251225296475,0.0338148823889516,0.196400362030955,0.00053561756409338,0.400956703199386,0.0341789776077643,0.916521880918425,0.00123479518362946,2.72334726677567,0.501611810312918,2.016183,424.8762,335.0327,2.016925,429.5274,336.4065,2.01277,415.3543,334.7778,"No issues","No issues","No issues","No issues"
712,230,2025-05-20,2025-05-20 10:56:20,2025-05-20 11:00:00,2025-05-20 10:53:00,23,-0.212917944664269,480.181660078977,-242.58763636365,0.0160368196085609,0.148337752553646,0.121891276637316,0.564760291626947,0.0695487715099807,0.102501514036551,0.0012804280003946,0.88333617270877,0.499883833532307,2.007602,429.2039,334.2236,2.011435,430.9539,336.1183,2.00699,427.5391,333.684,"No issues","No issues","No issues","No issues"
713,240,2025-05-20,2025-05-20 11:03:40,2025-05-20 11:07:20,2025-05-20 11:00:20,23,1.58999051383371,65.4872727272407,166.093754940669,0.19915918329597,0.00176875274751422,0.12284770646591,0.0327976345052778,0.848892262155982,0.101072181382235,0.00244782327879674,1.19440473503773,0.340737454378309,2.013001,430.6439,335.3518,2.019976,432.1521,336.3244,2.009327,427.6843,334.9344,"No issues","No issues","No issues","No issues"
714,10,2025-05-20,2025-05-20 11:11:00,2025-05-20 11:14:40,2025-05-20 11:07:40,23,0.431735335968452,-2092.81973122529,-136.804837944687,0.0175292005401049,0.157895889767784,0.0562096151105067,0.547034759379184,0.0604413226837762,0.276048646183881,0.00248146961767389,3.71058084308706,0.43037448919305,2.014417,426.9864,335.4704,2.021514,432.6848,336.3067,2.013689,415.7095,334.8159,"No issues","No issues","No issues","No issues"
715,20,2025-05-20,2025-05-20 11:18:20,2025-05-20 11:22:00,2025-05-20 11:15:00,23,0.116503399209487,-53.5048221344022,-256.965723320152,0.00199274414081225,0.000124427652222015,0.172252054737965,0.839722712588508,0.959712637346536,0.048920107591627,0.00200166903854063,3.68230744752027,0.432468661844805,2.016832,423.6422,335.6319,2.020847,434.0031,336.7535,2.013143,416.6893,334.5155,"No issues","No issues","No issues","No issues"
716,30,2025-05-20,2025-05-20 11:25:40,2025-05-20 11:29:20,2025-05-20 11:22:20,23,-0.365868142292435,-173.571794466481,315.079968379404,0.0355837221307589,0.0225327232035261,0.207203812055104,0.388689918596872,0.494201935897604,0.0290688376304524,0.00146232454582871,0.877679635940279,0.473167922747693,2.013233,430.3653,335.9836,2.018163,430.7714,338.0421,2.013233,427.4252,335.8749,"No issues","No issues","No issues","No issues"
717,40,2025-05-20,2025-05-20 11:33:00,2025-05-20 11:36:40,2025-05-20 11:29:40,23,0.22281296442678,-419.485660079061,-222.871019762846,0.00131454950663472,0.0228063268529711,0.116386461928174,0.869543896972776,0.491561664764063,0.11113773781017,0.0047149700749344,2.10810562056799,0.471461402189975,2.014261,424.9984,336.4985,2.031625,431.8428,336.4985,2.013864,421.6157,334.4712,"No issues","No issues","No issues","No issues"
718,50,2025-05-20,2025-05-20 11:40:20,2025-05-20 11:44:00,2025-05-20 11:37:00,23,-2.61580268774721,-190.878260869606,13759.4219762846,0.44742532673692,0.0161508619851007,0.995110998050055,0.000483536747561864,0.563368261312664,9.40688668625126e-26,0.00223178720426177,1.14376148206244,0.740435321141972,2.015356,429.0832,363.2135,2.021615,432.8374,400.5692,2.013521,428.2221,363.2135,"No issues","No issues","No issues","No issues"
719,60,2025-05-20,2025-05-20 11:47:40,2025-05-20 11:51:20,2025-05-20 11:44:20,23,-0.276659288537574,-4692.08177075106,-87.0812964426967,0.0422601901041965,0.0956421238296006,0.0196161005937053,0.346696200367638,0.151021756046363,0.523872125137767,0.0010111507266563,11.0770400202579,0.472638643329015,2.014686,428.5247,336.0622,2.016539,481.3565,336.8518,2.011851,426.5765,335.1218,"No issues","No issues","No issues","No issues"
720,70,2025-05-20,2025-05-20 11:55:00,2025-05-20 11:58:40,2025-05-20 11:51:40,23,1.07819003952579,-2841.02067984194,-185.536316205542,0.716836473938013,0.887326720381562,0.0624405697951836,3.52497299556171e-07,2.01081351464126e-11,0.250178651543769,0.000520255307663633,0.777240958494196,0.551959864947129,2.01271,419.6318,335.0266,2.016593,420.6461,336.1813,2.01271,412.7327,334.0559,"No issues","No issues","No issues","No issues"
721,80,2025-05-20,2025-05-20 12:02:20,2025-05-20 12:06:00,2025-05-20 11:59:00,23,0.57386845849816,-3644.1300237154,-427.712442687745,0.0348553474964018,0.600381690321826,0.324654158588652,0.393677552624714,1.41871074076449e-05,0.00453616953759065,0.00231838974448782,2.28252440491838,0.473605906760427,2.013398,416.1918,334.8046,2.018639,420.5969,336.0736,2.011076,407.2187,333.9927,"No issues","No issues","No issues","No issues"
722,90,2025-05-20,2025-05-20 12:09:40,2025-05-20 12:13:20,2025-05-20 12:06:20,23,1.46626434782592,-1687.76338339917,-153.710893280638,0.348765775491136,0.319166554068917,0.0671328850701838,0.00300833180069029,0.00497240174789343,0.232546007556487,0.00153824866982776,1.89250009533418,0.439905587544056,2.014384,418.5068,335.5545,2.019447,419.0982,335.9884,2.012989,411.4753,334.3346,"No issues","No issues","No issues","No issues"
723,100,2025-05-20,2025-05-20 12:17:00,2025-05-20 12:20:40,2025-05-20 12:13:40,23,-0.313515889328094,-1438.94248221346,-9.88477470362372,0.0721624444134482,0.374378819028517,0.000210557231952506,0.215197601202738,0.0019176959244572,0.9476065431934,0.00086308289104655,1.42809177276114,0.522936026896711,2.018812,429.6643,335.6922,2.020521,433.9514,336.4121,2.017063,426.4828,334.5054,"No issues","No issues","No issues","No issues"
724,110,2025-05-20,2025-05-20 12:24:20,2025-05-20 12:28:00,2025-05-20 12:21:00,23,0.903776442687732,-479.801739130452,108.009391304329,0.351757938135923,0.133970531913843,0.0977950073057718,0.00285638433768946,0.085857284604263,0.146263360560601,0.000941933543535941,0.936561083253723,0.251865327655575,2.019098,431.3501,334.7173,2.023235,433.0804,335.1282,2.019098,429.4431,334.1851,"No issues","No issues","No issues","No issues"
725,120,2025-05-20,2025-05-20 12:31:40,2025-05-20 12:35:20,2025-05-20 12:28:20,23,-1.39033992094863,-1453.13018181822,-43.7113992095074,0.473044526243412,0.27059012147706,0.00764587093716877,0.000286906136141778,0.0109451148251478,0.691569241292188,0.00112659945797868,1.83166889582054,0.382320128468268,2.022672,432.807,335.2859,2.024619,434.9459,335.2859,2.018873,428.1187,333.876,"No issues","No issues","No issues","No issues"
726,130,2025-05-20,2025-05-20 12:39:00,2025-05-20 12:42:40,2025-05-20 12:35:40,23,-0.752747193675859,-3696.97489328061,-19.3136442688041,0.118894539325169,0.928211366256561,0.00108977063238418,0.107114504131593,1.73370037473664e-13,0.881135576046694,0.00157323910558413,0.789338888731854,0.448923669295894,2.021535,426.2899,334.2368,2.025428,427.6889,335.5374,2.018818,417.8887,333.6284,"No issues","No issues","No issues","No issues"
727,140,2025-05-20,2025-05-20 12:46:20,2025-05-20 12:50:00,2025-05-20 12:43:00,23,-0.80216252964418,1267.5195889328,-97.7822608695687,0.0882474768264684,0.281764756795582,0.0341788849508465,0.168656496530573,0.00916079129203054,0.398389059001053,0.00197953099285337,1.55366469214921,0.399063560562236,2.02191,429.148,334.5519,2.02454,436.5868,335.4188,2.018292,428.8471,333.6378,"No issues","No issues","No issues","No issues"
728,150,2025-05-20,2025-05-20 12:53:40,2025-05-20 12:57:20,2025-05-20 12:50:20,22,5.4696867027431,2863.67229707037,207.863261056213,0.529219617139339,0.132299623214502,0.132775222200034,0.000124791039435939,0.0961081179349697,0.0954678998799677,0.00397364544433868,5.6489061362493,0.40918575645886,2.017042,427.3485,334.8292,2.034581,451.8691,335.9868,2.017042,426.4039,334.1213,"No issues","No issues","No issues","No issues"
729,160,2025-05-20,2025-05-20 13:01:00,2025-05-20 13:04:40,2025-05-20 12:57:40,23,-0.624530276680035,-4917.31086166008,79.838893280632,0.713690353757088,0.975365867032268,0.0214722940260193,3.96633188600673e-07,2.24773002370096e-18,0.504657508703563,0.000303689075828622,0.599963906195112,0.413784715558237,2.022432,431.7083,334.6653,2.022432,431.7083,336.71,2.019994,419.6408,334.6623,"No issues","No issues","No issues","No issues"
730,170,2025-05-20,2025-05-20 13:08:20,2025-05-20 13:12:00,2025-05-20 13:05:00,23,-0.0444977075099897,-87.1495968379633,220.604300395217,0.0101779632132533,0.0208970930849777,0.263586346126128,0.646936782909552,0.510482970828057,0.012224594057437,0.00033689793855143,0.457982843800578,0.283090979510929,2.01828,431.0659,335.5797,2.018768,432.0038,336.2487,2.017284,430.1804,334.8775,"No issues","No issues","No issues","No issues"
731,180,2025-05-20,2025-05-20 13:15:40,2025-05-20 13:19:20,2025-05-20 13:12:20,23,0.0905065612644655,-4531.97454545452,349.65277470357,0.0424185147906699,0.982331188651272,0.248569674667513,0.345774607826516,6.83708842878867e-20,0.0154575106810648,0.000330143538111692,0.466632258088707,0.466734454350365,2.017985,424.2186,334.0658,2.019227,424.2186,336.182,2.017985,412.4924,334.0658,"No issues","No issues","No issues","No issues"
732,190,2025-05-20,2025-05-20 13:23:00,2025-05-20 13:26:40,2025-05-20 13:19:40,23,0.245283794466263,-3270.8658023716,-146.494956521723,0.204589397202388,0.96312530999587,0.047696652442099,0.0302336570838392,1.56224276854586e-16,0.316762852206246,0.000371309087407563,0.491358092383343,0.502549649857436,2.017539,422.513,335.5419,2.018471,422.513,336.1077,2.016646,414.132,334.1863,"No issues","No issues","No issues","No issues"
733,200,2025-05-20,2025-05-20 13:30:20,2025-05-20 13:34:00,2025-05-20 13:27:00,23,-0.114369011857708,-89.930276679889,109.587130434784,0.0429115338032683,0.0391521433417568,0.0459309158011481,0.342924969930818,0.36545420653348,0.326112936771936,0.000414677037219008,0.342033045308145,0.38345067793066,2.016622,430.0007,335.7527,2.017252,430.0643,336.4842,2.015505,428.7239,334.7739,"No issues","No issues","No issues","No issues"
734,210,2025-05-20,2025-05-20 13:37:40,2025-05-20 13:41:20,2025-05-20 13:34:20,23,-0.113131067193746,-193.816031620556,-33.6755098814247,0.0400995074607614,0.105939744432663,0.00327771932420615,0.359598531223845,0.129637767935172,0.795273566157135,0.000424950229236085,0.43227112573239,0.450845748247488,2.016186,429.491,335.8734,2.016186,430.3959,336.2506,2.014141,428.4,334.5084,"No issues","No issues","No issues","No issues"
735,220,2025-05-20,2025-05-20 13:45:00,2025-05-20 13:48:40,2025-05-20 13:41:40,23,0.0509179446639918,-3706.82295652175,-22.314592885391,0.0133384663258112,0.964260729599427,0.0013740990720129,0.599753497228732,1.12433904505452e-16,0.866646853471562,0.000336213084238811,0.547885795262379,0.461842561738536,2.014238,422.8654,335.5908,2.01539,422.8953,336.3144,2.014171,412.8474,334.538,"No issues","No issues","No issues","No issues"
736,230,2025-05-20,2025-05-20 13:52:20,2025-05-20 13:56:00,2025-05-20 13:49:00,23,0.00992063241076624,-342.857739130453,-98.4806324111377,0.00047417976211165,0.293332618695222,0.0260932260530875,0.921440055486152,0.00760323937577738,0.461520817704216,0.00034968536394161,0.408558166421517,0.46191092003338,2.013956,428.7867,336.0045,2.014744,429.6875,336.1849,2.013252,428.0072,334.4415,"No issues","No issues","No issues","No issues"
737,240,2025-05-20,2025-05-20 13:59:40,2025-05-20 14:03:20,2025-05-20 13:56:20,23,-0.0512423715417027,447.211351778666,-113.960063241108,0.0158677952672268,0.282815943648401,0.0305192146602981,0.56683541664003,0.00900778787995016,0.42530186704942,0.000309820567121752,0.546749989412351,0.49311498854326,2.013525,428.1052,335.8881,2.014048,429.6139,336.5906,2.012862,427.1177,334.4796,"No issues","No issues","No issues","No issues"
738,10,2025-05-20,2025-05-20 14:07:00,2025-05-20 14:10:40,2025-05-20 14:03:40,23,1.30198482213417,1351.46077470351,62.8619762845966,0.456676037791164,0.173218732688438,0.00894059258368571,0.000401511388304003,0.0482265725709345,0.667818550147541,0.00109029453348428,2.26680377110592,0.508121203383329,2.013714,427.069,335.7673,2.017507,435.9588,336.8433,2.013137,426.0208,334.7989,"No issues","No issues","No issues","No issues"
739,20,2025-05-20,2025-05-20 14:14:20,2025-05-20 14:18:00,2025-05-20 14:11:00,23,-1.09249043478277,-3262.58267193683,-72.7740711462643,0.111261950150808,0.678299827325892,0.0128360262976507,0.119846304721391,1.37917675206088e-06,0.606754875789584,0.00237052091905829,1.72499926662205,0.489969014735918,2.013869,422.5724,336.093,2.022762,422.9388,336.3342,2.01229,411.5536,334.4951,"No issues","No issues","No issues","No issues"
740,30,2025-05-20,2025-05-20 14:21:40,2025-05-20 14:25:20,2025-05-20 14:18:20,23,1.30196774703587,-494.817581027748,84.3800158102626,0.0677396463238561,0.0156872586238955,0.03331012755773,0.230371448230005,0.569067887034266,0.404555525751195,0.00370817282451445,3.00919784957346,0.348985702355453,2.022061,430.1577,336.2304,2.028547,439.2019,336.7344,2.014427,427.8588,335.2225,"No issues","No issues","No issues","No issues"
741,40,2025-05-20,2025-05-20 14:29:00,2025-05-20 14:32:40,2025-05-20 14:25:40,23,-2.00548743083018,-3897.83184189724,27.9775494070626,0.350134467553396,0.894940196554924,0.00203074551254857,0.00293792113771934,9.60854658906833e-12,0.838221089721852,0.00209762021316714,1.0253142169744,0.476160205398049,2.023093,423.7278,336.5109,2.023093,423.7278,336.5109,2.013349,413.6605,334.5948,"No issues","No issues","No issues","No issues"
742,50,2025-05-20,2025-05-20 14:36:20,2025-05-20 14:40:00,2025-05-20 14:33:00,23,1.49869849802355,-143.735620553399,2502.53501976282,0.111834609770037,0.00411017403882411,0.869869808949776,0.118839281343247,0.771344588458283,9.20704920328661e-11,0.0032425425018709,1.71772068691738,0.743112666743848,2.016961,429.3431,341.9365,2.024478,431.3972,349.4134,2.012168,424.4461,341.9365,"No issues","No issues","No issues","No issues"
743,60,2025-05-20,2025-05-20 14:43:40,2025-05-20 14:47:20,2025-05-20 14:40:20,23,-0.00323573122529815,-633.189059288525,232.24781027668,2.33297940193166e-06,0.0523881653882348,0.156549606733071,0.994481338850206,0.293486226248827,0.0616491612428924,0.00162640640865356,2.06749582376827,0.413873867893454,2.012858,425.5466,336.3183,2.019261,429.9791,337.8318,2.011792,422.1535,335.9105,"No issues","No issues","No issues","No issues"
744,70,2025-05-20,2025-05-20 14:51:00,2025-05-20 14:54:40,2025-05-20 14:47:40,23,-4.11537201581032,-4015.39389723328,-308.035636363618,0.58317247143759,0.843845763696424,0.17611786683088,2.23693470807291e-05,6.33012907941638e-10,0.0462034809803268,0.00267116911764515,1.32612999571446,0.51149853292724,2.015543,423.3379,336.2954,2.028275,423.3379,336.8909,2.010307,412.8133,334.4081,"No issues","No issues","No issues","No issues"
745,80,2025-05-20,2025-05-20 14:58:20,2025-05-20 15:02:00,2025-05-20 14:55:00,23,0.972332964426827,-5827.55022924905,44.4166007905121,0.00988131514498637,0.707942513186731,0.00644858133652285,0.651799451976969,4.9043954903527e-07,0.715684584149351,0.00747246446257753,2.8736495035284,0.423273420269728,2.018643,436.062,336.4333,2.037461,436.062,336.7432,2.010619,415.0201,335.0239,"No issues","No issues","No issues","No issues"
746,90,2025-05-20,2025-05-20 15:05:40,2025-05-20 15:09:20,2025-05-20 15:02:20,23,-0.166021185771009,-761.382071146271,-95.9466877470441,0.00259395682096924,0.242948736969479,0.0350314103149569,0.817482536120564,0.0168631311913049,0.392463915671062,0.00249937104069681,1.03185949079671,0.38660757586486,2.021178,420.2334,336.1654,2.021178,421.4037,336.883,2.010405,416.6633,335.3878,"No issues","No issues","No issues","No issues"
747,100,2025-05-20,2025-05-20 15:13:00,2025-05-20 15:16:40,2025-05-20 15:09:40,23,1.48345043478265,1066.42871146243,-56.9113043478645,0.0561488018890149,0.690944944502695,0.0103796223869507,0.276316262358004,8.97873681327572e-07,0.643679340753267,0.00466946532643545,0.547571239320472,0.426633223696234,2.014233,425.9916,336.823,2.026486,429.3698,337.3117,2.009772,425.6139,335.6519,"No issues","No issues","No issues","No issues"
748,110,2025-05-20,2025-05-20 15:20:20,2025-05-20 15:24:00,2025-05-20 15:17:00,23,-0.117596205533581,-1828.42377865616,94.7761897233101,0.0104823327775616,0.82059134152414,0.0251166284329468,0.642034807187771,2.75366737688236e-09,0.470139014685118,0.00087717997617554,0.656368439855435,0.45332273630493,2.016539,435.5221,336.2898,2.020057,436.4181,336.763,2.016418,431.2977,334.9236,"No issues","No issues","No issues","No issues"
749,120,2025-05-20,2025-05-20 15:27:40,2025-05-20 15:31:20,2025-05-20 15:24:20,23,-0.531761264822388,-448.607241106717,-118.204079051422,0.450995883279302,0.327156832818408,0.0338951520539649,0.000450209731199323,0.00434928073446977,0.400388513418658,0.000450433628073737,0.493921351844474,0.484493993091563,2.015996,430.5724,335.361,2.015996,430.9589,336.3468,2.013743,428.848,334.4315,"No issues","No issues","No issues","No issues"
750,130,2025-05-20,2025-05-20 15:35:00,2025-05-20 15:38:40,2025-05-20 15:31:40,23,0.152933122529352,166.770782608633,-151.538940711446,0.0864876503373615,0.0633168754374664,0.0448662867949234,0.173169595911868,0.24677204886464,0.331918601548102,0.000381587653000267,0.492457972778099,0.53679549956661,2.013476,427.2259,334.9443,2.01451,428.6469,336.0962,2.012595,426.7755,333.8934,"No issues","No issues","No issues","No issues"
751,140,2025-05-20,2025-05-20 15:42:20,2025-05-20 15:46:00,2025-05-20 15:39:00,23,0.201870355731183,794.207241106688,-12.6509407114701,0.0969465420332125,0.559473037819154,0.000401300424381685,0.148119515359437,4.07032480409204e-05,0.927712265531952,0.000473015870821275,0.541057104939927,0.484745122507145,2.012201,431.8254,334.3831,2.013779,434.1169,335.7064,2.011717,431.338,333.933,"No issues","No issues","No issues","No issues"
752,150,2025-05-20,2025-05-20 15:49:40,2025-05-20 15:53:20,2025-05-20 15:46:20,23,-0.114240948616588,-503.166450592973,88.0383557312182,0.0295328032396902,0.280414573352169,0.0141416542590843,0.433000321198125,0.00936088745147362,0.588898039875239,0.000502773629158678,0.618821168147159,0.564341085968869,2.013394,433.6516,335.526,2.013996,434.7852,336.1238,2.011966,431.5473,333.8257,"No issues","No issues","No issues","No issues"
753,160,2025-05-20,2025-05-20 15:57:00,2025-05-20 16:00:40,2025-05-20 15:53:40,23,-0.043524426877767,357.94615019764,71.9100711462112,0.00595505572193185,0.150823182265248,0.0249541357641788,0.726358596234921,0.0670578745589322,0.471597167603004,0.000431723562882815,0.652071631325661,0.345098895793151,2.01402,432.6559,334.9823,2.015091,435.2396,335.5464,2.012859,432.2184,334.2306,"No issues","No issues","No issues","No issues"
754,170,2025-05-20,2025-05-20 16:04:20,2025-05-20 16:08:00,2025-05-20 16:01:00,23,-0.26865960474308,425.6933122529,1274.02349407113,0.154806540878159,0.330276458141905,0.886248175243475,0.0632483145675725,0.00412634007386382,2.22358488084686e-11,0.000481945997307038,0.465391445892499,0.350422143368408,2.013109,435.3648,336.7658,2.013998,436.0761,339.3743,2.012067,434.0741,335.7883,"No issues","No issues","No issues","No issues"
755,180,2025-05-20,2025-05-20 16:11:40,2025-05-20 16:15:20,2025-05-20 16:08:20,23,0.902051857707362,172.609612648178,93.3657865612709,0.749257372517825,0.037629901335712,0.0208810676322313,9.64094600919863e-08,0.375131234246176,0.510646880711644,0.000400629269106603,0.670165542647388,0.490842014819635,2.013745,433.1394,335.2811,2.015738,435.5112,335.8074,2.01284,433.1394,333.6659,"No issues","No issues","No issues","No issues"
756,190,2025-05-20,2025-05-20 16:19:00,2025-05-20 16:22:40,2025-05-20 16:15:40,23,-0.172962213438856,-575.904664031622,114.624284584962,0.0350092940301334,0.440209928086151,0.0404367048419565,0.392616084563182,0.000557900081953812,0.357544150036493,0.000697162018845425,0.498592648665789,0.428684882457705,2.016577,434.9371,335.7759,2.01762,436.3587,336.0808,2.015149,434.0502,334.4213,"No issues","No issues","No issues","No issues"
757,200,2025-05-20,2025-05-20 16:26:20,2025-05-20 16:30:00,2025-05-20 16:23:00,23,0.491668932806296,312.563098814166,200.220047430783,0.38152955819247,0.0896999482257258,0.100184707616168,0.00168647311830654,0.165026688475221,0.141165819488438,0.00048059665360102,0.76444542737526,0.460676568322115,2.015884,437.8283,335.4624,2.018193,439.8021,336.8627,2.015884,437.0449,335.109,"No issues","No issues","No issues","No issues"
758,210,2025-05-20,2025-05-20 16:33:40,2025-05-20 16:37:20,2025-05-20 16:30:20,23,-0.633827667984595,571.53685375492,164.983019762831,0.608161026263936,0.481740562831179,0.094230927066852,1.14765145499948e-05,0.000239058081091636,0.154229382571181,0.00039059646774991,0.455117816524791,0.39270267192566,2.016881,437.7997,335.2062,2.017224,439.3113,335.9662,2.014806,436.9317,334.3315,"No issues","No issues","No issues","No issues"
759,220,2025-05-20,2025-05-20 16:41:00,2025-05-20 16:44:40,2025-05-20 16:37:40,23,0.054503715414849,7.27313833990079,88.3738814229007,0.00404435504532739,6.32024300963751e-05,0.0279262019950903,0.77313587743075,0.971281519420837,0.445983760880579,0.000656650176950487,0.702350394720954,0.400295037904133,2.016427,438.1065,334.7274,2.018443,439.1817,336.2961,2.016057,436.3625,334.4974,"No issues","No issues","No issues","No issues"
760,230,2025-05-20,2025-05-20 16:48:20,2025-05-20 16:52:00,2025-05-20 16:45:00,23,-0.467072252964524,-874.150292490138,-148.918766798424,0.494449262367426,0.266659157642519,0.107772432647822,0.000182170112770315,0.0116468436898588,0.126175901292685,0.000362591961301539,1.11294419372199,0.32896220405415,2.016222,440.2764,335.1566,2.016222,441.0008,336.1251,2.013977,436.8792,334.6629,"No issues","No issues","No issues","No issues"
761,240,2025-05-20,2025-05-20 16:55:40,2025-05-20 16:59:20,2025-05-20 16:52:20,23,0.222283636363493,-1190.6995731225,-215.509944664039,0.204974296776748,0.572289215202378,0.138444968939457,0.0300594068173583,2.95622569976237e-05,0.08040648187297,0.000336094163619526,0.790282042175383,0.412745962320977,2.014676,441.9722,335.9017,2.015066,441.9722,336.2941,2.013738,437.541,334.5168,"No issues","No issues","No issues","No issues"
762,10,2025-05-20,2025-05-20 17:03:00,2025-05-20 17:06:40,2025-05-20 16:59:40,23,-0.164270988142214,-88.8169802371917,-141.166671936813,0.0716368408431716,0.0124444399391046,0.0540352384254574,0.216940612752502,0.612331012620293,0.285812791023909,0.000454008727544223,0.607437626830416,0.453464940352852,2.01638,437.0063,335.4237,2.01638,437.8312,336.6748,2.014219,435.1992,334.8732,"No issues","No issues","No issues","No issues"
763,20,2025-05-20,2025-05-20 17:10:20,2025-05-20 17:14:00,2025-05-20 17:07:00,23,0.10443984189688,508.156648221304,157.501565217428,0.0628592012528639,0.396835237129492,0.0621948980985981,0.248544500981409,0.00127542348984012,0.251143436338801,0.000309597036644119,0.480975632369028,0.469544097013962,2.015153,438.0331,335.3288,2.016021,440.2199,336.6315,2.014517,437.8965,334.649,"No issues","No issues","No issues","No issues"
764,30,2025-05-20,2025-05-20 17:17:40,2025-05-20 17:21:20,2025-05-20 17:14:20,23,-0.0872964426879366,-1672.00135968381,97.1607272727197,0.0509105505211152,0.895391067733549,0.0465550411926731,0.300583761386748,9.18219819207381e-12,0.32276895681393,0.000289373540920658,0.438760202131692,0.33757308177198,2.014931,439.1636,335.9061,2.015121,440.2319,336.9233,2.014124,435.2434,335.6213,"No issues","No issues","No issues","No issues"
765,40,2025-05-20,2025-05-20 17:25:00,2025-05-20 17:28:40,2025-05-20 17:21:40,23,-0.438420237154465,-1433.52796837943,161.033549407115,0.403558813240732,0.836517574028304,0.0431441606970681,0.00112593198312083,1.02860634479345e-09,0.341590893646637,0.00040919807608937,0.486538003300989,0.582225475972988,2.015804,431.4704,335.9421,2.015935,431.4704,337.3843,2.014185,426.9938,334.8274,"No issues","No issues","No issues","No issues"
766,50,2025-05-20,2025-05-20 17:32:20,2025-05-20 17:36:00,2025-05-20 17:29:00,23,0.109195256916892,-327.427826087035,956.30542292488,0.10180348335182,0.157386389011662,0.7540221751478,0.137818882481622,0.0608956673799762,7.85967489971668e-08,0.000249012262531753,0.581646112620077,0.419338882546204,2.014932,432.2679,338.413,2.015694,433.9954,342.1834,2.014657,431.2092,338.413,"No issues","No issues","No issues","No issues"
767,60,2025-05-20,2025-05-20 17:39:40,2025-05-20 17:43:20,2025-05-20 17:36:20,23,-0.52522150197652,-454.421312253026,-83.2470830039551,0.519712952665345,0.367845916189815,0.0450020665931293,0.00010410178163298,0.00215420199281699,0.331170923083344,0.000387635693386274,0.457351167175529,0.29441952475283,2.016209,432.9299,336.9821,2.016666,434.0804,337.4755,2.014807,431.79,336.2119,"No issues","No issues","No issues","No issues"
768,70,2025-05-20,2025-05-20 17:47:00,2025-05-20 17:50:40,2025-05-20 17:43:40,23,-0.178426245059267,670.833675889372,80.6226403161755,0.0582667729727868,0.500001133154395,0.0294288903320068,0.267174370264685,0.000161456130666214,0.433823113673426,0.00055071232438474,0.51502281420068,0.355464593834495,2.013946,433.3296,336.0838,2.01602,435.3297,337.041,2.013946,432.5817,335.2993,"No issues","No issues","No issues","No issues"
769,80,2025-05-20,2025-05-20 17:54:20,2025-05-20 17:58:00,2025-05-20 17:51:00,23,0.127329011857635,1272.0180237154,191.183051383384,0.110452252541568,0.659059309576106,0.111637318302017,0.121285187871003,2.57048505498366e-06,0.119185231262489,0.000277419706563924,0.702397616897829,0.414049667399183,2.014498,436.489,335.7757,2.015265,440.48,337.3686,2.013714,435.262,335.7511,"No issues","No issues","No issues","No issues"
770,90,2025-05-20,2025-05-20 18:01:40,2025-05-20 18:05:20,2025-05-20 17:58:20,23,0.345386561264874,587.973343873515,145.647177865603,0.214845260275622,0.399607786613817,0.0520005396940141,0.0259052559513964,0.00121169202729389,0.295328215447477,0.000506912232004109,0.553312890145048,0.477435589189845,2.015606,441.6377,335.8284,2.016148,443.3205,337.6206,2.014125,440.8638,335.6713,"No issues","No issues","No issues","No issues"
771,100,2025-05-20,2025-05-20 18:09:00,2025-05-20 18:12:40,2025-05-20 18:05:40,23,-0.682867351778899,298.102197628455,264.887715415009,0.428845052781235,0.0284749644018039,0.199666625322992,0.000696577682026857,0.441485006165018,0.0325494676319875,0.000605028335266417,1.33682074637983,0.407152530617005,2.015186,440.0358,336.4953,2.016452,444.0003,338.1055,2.013196,439.5114,336.4215,"No issues","No issues","No issues","No issues"
772,110,2025-05-20,2025-05-20 18:16:20,2025-05-20 18:20:00,2025-05-20 18:13:00,23,0.597824822134204,-1484.00708300401,126.255841897226,0.433741238421127,0.456242278798997,0.0448402843226335,0.00063335246496226,0.000405052224413695,0.332062029840426,0.000524419278777611,1.24380851063409,0.447371071667783,2.013959,448.0266,337.5431,2.015392,448.0266,337.5431,2.012996,441.1071,335.781,"No issues","No issues","No issues","No issues"
773,120,2025-05-20,2025-05-20 18:23:40,2025-05-20 18:27:20,2025-05-20 18:20:20,23,0.524521422924764,1109.69957312246,-177.34112252966,0.353973606899093,0.763009618946286,0.0548232764493478,0.00274848483624762,5.28901245959686e-08,0.28222702754917,0.000544020814678546,0.474808371880854,0.565322231136917,2.011575,442.0724,337.3032,2.014735,445.3611,337.5026,2.011575,442.0724,335.1746,"No issues","No issues","No issues","No issues"
774,130,2025-05-20,2025-05-20 18:31:00,2025-05-20 18:34:40,2025-05-20 18:27:40,23,-0.0332025296444895,-1014.4358893281,14.5070039525583,0.00523362661101121,0.469528760326548,0.000552157833575628,0.742888399060028,0.000308627917884299,0.915247182312313,0.000351433331443488,0.827822112623896,0.473847696223544,2.011733,451.93,336.6206,2.012768,452.6057,337.012,2.011414,448.0283,335.1689,"No issues","No issues","No issues","No issues"
775,140,2025-05-20,2025-05-20 18:38:20,2025-05-20 18:42:00,2025-05-20 18:35:00,23,1.60177233201551,2433.92129644267,-160.426529644308,0.732441278349907,0.920490218665768,0.0774360613215944,1.92535779678887e-07,5.08687528506269e-13,0.198546718299068,0.00074325276516442,0.549186454601208,0.425123776025304,2.012382,454.5326,336.7639,2.017858,459.6505,337.1681,2.012382,453.5672,335.3463,"No issues","No issues","No issues","No issues"
776,150,2025-05-20,2025-05-20 18:45:40,2025-05-20 18:49:20,2025-05-20 18:42:20,23,3.16010561264792,-1302.81637944667,-190.04755731226,0.601188472883537,0.68127481634139,0.141487115667772,1.38811090314633e-05,1.2485748031757e-06,0.0768993151665684,0.00197602630583042,0.684136605005389,0.359409746188963,2.015458,460.818,336.3677,2.024472,461.8648,336.7289,2.014752,457.3816,335.1564,"No issues","No issues","No issues","No issues"
777,160,2025-05-20,2025-05-20 18:53:00,2025-05-20 18:56:40,2025-05-20 18:49:40,23,-1.69939920948624,1835.10184980234,-109.93973122531,0.86621778574106,0.84309850794132,0.0466226373905471,1.23355476062489e-10,6.65817919156785e-10,0.322409377196665,0.000512735808965473,0.60778103611172,0.38168163660787,2.019568,459.3678,336.042,2.01963,464.3153,336.8661,2.015459,459.3174,335.3077,"No issues","No issues","No issues","No issues"
778,170,2025-05-20,2025-05-20 19:00:20,2025-05-20 19:04:00,2025-05-20 18:57:00,23,0.260173280632352,3977.55120948612,257.806671936716,0.138480090477686,0.911089907866541,0.124973861877634,0.080365094914371,1.6521231155568e-12,0.0979667575555427,0.000498212108996587,0.953944893699895,0.523730258745001,2.013007,457.2415,337.4862,2.014854,467.436,338.0077,2.012493,457.2415,335.8188,"No issues","No issues","No issues","No issues"
779,180,2025-05-20,2025-05-20 19:07:40,2025-05-20 19:11:20,2025-05-20 19:04:20,23,-0.369274624505931,-583.993992094904,-107.805343873502,0.293019323367734,0.102193888986595,0.0423030367241565,0.00764193831002582,0.137024184200392,0.346446481334246,0.000440369976727727,1.32892291561123,0.393804947461897,2.012451,468.6426,335.8617,2.012958,471.9896,336.3437,2.010914,467.3306,334.9742,"No issues","No issues","No issues","No issues"
780,190,2025-05-20,2025-05-20 19:15:00,2025-05-20 19:18:40,2025-05-20 19:11:40,23,0.988357944664327,-1009.79231620554,149.870703557302,0.404952565224697,0.536181436931124,0.059226270872039,0.00109703932174532,7.12093150791212e-05,0.263150674998597,0.000919815174075441,0.721045769962015,0.45857960748116,2.013395,477.6434,335.235,2.016689,479.0383,337.1054,2.012514,475.2781,335.0677,"No issues","No issues","No issues","No issues"
781,200,2025-05-20,2025-05-20 19:22:20,2025-05-20 19:26:00,2025-05-20 19:19:00,23,-0.117297391304433,-2317.2812964427,-177.908015810267,0.0611137828786824,0.58374146029116,0.0623190525440177,0.255440762310529,2.20414612682387e-05,0.250655327825382,0.000352970042828279,1.50232073058046,0.529816203997641,2.012242,480.1926,336.0178,2.01281,480.1926,337.2551,2.011495,471.8499,334.8774,"No issues","No issues","No issues","No issues"
782,210,2025-05-20,2025-05-20 19:29:40,2025-05-20 19:33:20,2025-05-20 19:26:20,23,0.190959367588717,-800.188648221324,-2.42637154151993,0.0975754100992799,0.407760664089382,9.68478645479839e-06,0.146741402361723,0.00104089023555527,0.988756197961868,0.000445850061868522,0.740373630878065,0.598580785334417,2.012659,466.321,335.5247,2.013008,467.9001,336.6153,2.011366,464.078,334.4763,"No issues","No issues","No issues","No issues"
783,220,2025-05-20,2025-05-20 19:37:00,2025-05-20 19:40:40,2025-05-20 19:33:40,23,0.566039525691446,-645.375557312285,-73.7686956521908,0.497980277486186,0.321622104810103,0.0181728919711915,0.000168732291664359,0.0047725885972309,0.539699683290457,0.000436328591743242,0.719594786167483,0.416284448775191,2.012683,469.3505,335.5217,2.013842,470.7798,336.8235,2.011688,466.7546,334.8058,"No issues","No issues","No issues","No issues"
784,230,2025-05-20,2025-05-20 19:44:20,2025-05-20 19:48:00,2025-05-20 19:41:00,23,0.0252199209487541,2347.50934387354,170.909786561255,0.00197826540657171,0.35649875262869,0.0862331328405901,0.840298745667804,0.0026301225098378,0.173832993569233,0.000434894622922424,2.4213948510563,0.427130071863451,2.012987,471.3943,335.1725,2.013582,479.2293,336.7412,2.012041,467.9651,334.9482,"No issues","No issues","No issues","No issues"
785,240,2025-05-20,2025-05-20 19:51:40,2025-05-20 19:55:20,2025-05-20 19:48:20,23,-0.034107509881474,2258.79737549405,58.6674782608276,0.00341350383973174,0.688303233646176,0.00667319571850336,0.791165278395861,9.83474570680011e-07,0.710978421331842,0.000447424653675395,1.16698725677127,0.549527161265752,2.013353,471.0018,335.1904,2.014641,476.1567,337.0505,2.012814,468.4565,334.7864,"No issues","No issues","No issues","No issues"
786,10,2025-05-20,2025-05-20 19:59:00,2025-05-20 20:02:40,2025-05-20 19:55:40,23,0.112302924901252,1568.96167588928,262.484395256939,0.0445312874434065,0.682379915106313,0.300562415698289,0.333772483629976,1.20299936796881e-06,0.00675946386117058,0.000399373526211692,0.821799347723332,0.307413709711571,2.014557,474.9345,335.8062,2.01522,478.5571,336.7357,2.013492,473.8275,335.371,"No issues","No issues","No issues","No issues"
787,20,2025-05-20,2025-05-20 20:06:20,2025-05-20 20:10:00,2025-05-20 20:03:00,23,0.234543557312071,3566.29062450592,-162.806798418981,0.136494513687745,0.800904563770791,0.0604784297989225,0.0827386285910289,8.30675504635045e-09,0.258006138228989,0.00045290911005337,1.36511612270473,0.492649737765647,2.015317,473.4186,336.5631,2.017264,483.0997,336.9714,2.014859,472.3679,334.5236,"No issues","No issues","No issues","No issues"
788,30,2025-05-20,2025-05-20 20:13:40,2025-05-20 20:17:20,2025-05-20 20:10:20,23,0.14471999999991,4453.9780553359,223.349976284599,0.01237762403351,0.890356142793213,0.160006886929439,0.613293293925008,1.50805701336988e-11,0.0585940766655018,0.000992471322313259,1.19997152840285,0.392886432189987,2.015037,471.9286,335.9342,2.018519,483.9012,337.0562,2.014718,471.9286,335.2155,"No issues","No issues","No issues","No issues"
789,40,2025-05-20,2025-05-20 20:21:00,2025-05-20 20:24:40,2025-05-20 20:17:40,23,-0.323701185770751,4615.96012648221,-72.2259604743167,0.143089107230317,0.806906318823764,0.0152851388610334,0.0751141375945735,6.00341885231954e-09,0.574101187923252,0.000608165011185376,1.7335928904739,0.44506810607617,2.016549,482.8586,336.0017,2.018141,494.585,336.9019,2.015643,482.6117,335.1835,"No issues","No issues","No issues","No issues"
790,50,2025-05-20,2025-05-20 20:28:20,2025-05-20 20:32:00,2025-05-20 20:25:00,23,0.25795351778641,-3971.73116205534,2846.11418181814,0.187747283513847,0.947270320568507,0.98016134361454,0.038884383443012,6.72912675568675e-15,2.30946114763924e-19,0.000411919930795413,0.71942088348722,0.310865307463447,2.016481,491.7934,341.8718,2.017757,491.7934,349.7563,2.015931,482.985,341.8718,"No issues","No issues","No issues","No issues"
791,60,2025-05-20,2025-05-20 20:35:40,2025-05-20 20:39:20,2025-05-20 20:32:20,23,3.4737068774702,354.082909090866,75.7639209486056,0.857865131963179,0.210312039881369,0.0197041848573549,2.34007763962136e-10,0.0277398605263198,0.522932325859475,0.00108554185086726,0.526760560251431,0.410274359104721,2.018036,483.258,339.301,2.027066,484.8651,340.0691,2.01777,482.3933,338.2273,"No issues","No issues","No issues","No issues"
792,70,2025-05-20,2025-05-20 20:43:00,2025-05-20 20:46:40,2025-05-20 20:39:40,23,-1.22304664031621,9638.62947035568,124.15218972328,0.29660462618233,0.738789991715687,0.0345745340589822,0.00720987040962759,1.49051707909111e-07,0.395623990858914,0.00144599372503918,4.40009735742404,0.503672438825906,2.02812,483.1586,336.0379,2.030329,508.6966,337.5588,2.024615,478.4609,335.6009,"No issues","No issues","No issues","No issues"
793,80,2025-05-20,2025-05-20 20:50:20,2025-05-20 20:54:00,2025-05-20 20:47:00,23,-0.383233517786653,-4494.29577865617,43.8223873517824,0.322083997564316,0.745573563922683,0.00502951577925885,0.00473584844832053,1.12610953995298e-07,0.747790575847086,0.000426854093233313,2.01562675057373,0.473206433405307,2.018409,510.4332,336.4676,2.01908,510.6657,337.86,2.017008,498.2656,335.8254,"No issues","No issues","No issues","No issues"
794,90,2025-05-20,2025-05-20 20:57:40,2025-05-20 21:01:20,2025-05-20 20:54:20,23,-0.331811857707689,2563.08673517784,390.45713833991,0.34476989676398,0.714544318348914,0.283503970400976,0.00322294419611924,3.84182180090516e-07,0.00890894300271412,0.000351185640079298,1.24374302839133,0.476555278283196,2.018024,484.6153,335.9924,2.018383,489.4784,338.0558,2.016351,481.5885,335.7562,"No issues","No issues","No issues","No issues"
795,100,2025-05-20,2025-05-20 21:05:00,2025-05-20 21:08:40,2025-05-20 21:01:40,23,0.636107193675603,2407.72894861661,20.0000632410625,0.707258028625242,0.766616278563184,0.00164449505574768,5.02859238494356e-07,4.49292153084998e-08,0.854239533493376,0.000314192964699734,1.01992080761354,0.378329570288862,2.016998,489.3399,338.3165,2.019098,494.3326,338.883,2.016366,487.4081,337.2117,"No issues","No issues","No issues","No issues"
796,110,2025-05-20,2025-05-20 21:12:20,2025-05-20 21:16:00,2025-05-20 21:09:00,23,-0.101690750988477,1636.50052173903,407.725185770742,0.0183647591258175,0.773659798857512,0.276142671090374,0.53754725721054,3.24348450231967e-08,0.0100212976868255,0.000570790193096503,0.679570592919521,0.506803799692714,2.020484,495.6008,336.3427,2.021945,499.4247,338.5663,2.019405,494.2516,336.2555,"No issues","No issues","No issues","No issues"
797,120,2025-05-20,2025-05-20 21:19:40,2025-05-20 21:23:20,2025-05-20 21:16:20,23,-0.898355098814413,3002.312916996,359.032126482154,0.802317725379843,0.449308170462137,0.27922711718079,7.70203847773248e-09,0.00046569045774458,0.00954024500041956,0.000342350766155417,2.55182394882834,0.442859872178068,2.020601,497.5673,337.1847,2.020601,503.8633,338.382,2.017872,493.4052,336.0214,"No issues","No issues","No issues","No issues"
798,130,2025-05-20,2025-05-20 21:27:00,2025-05-20 21:30:40,2025-05-20 21:23:40,23,-0.344643794466393,-5130.32698814235,-89.8952727273085,0.344707670617271,0.927433765444331,0.0311279616787221,0.00322639576662318,1.9420825379398e-13,0.420649417413097,0.00036481705001195,1.10175107901762,0.385041304192171,2.019307,510.2225,337.1865,2.020153,510.4535,337.8209,2.018386,496.2843,336.2694,"No issues","No issues","No issues","No issues"
799,140,2025-05-20,2025-05-20 21:34:20,2025-05-20 21:38:00,2025-05-20 21:31:00,23,-0.55785201581004,2943.53445059292,-76.4639999999825,0.287667634438332,0.752605001668522,0.0297092768564018,0.00833210785758054,8.35537202041752e-08,0.431608206979425,0.000673949631513506,1.29566768212176,0.335486082272975,2.022666,489.4798,336.6749,2.023531,494.0259,337.5487,2.020396,486.4659,336.2775,"No issues","No issues","No issues","No issues"
800,150,2025-05-20,2025-05-20 21:41:40,2025-05-20 21:45:20,2025-05-20 21:38:20,23,1.20878039525694,-445.286134387371,-160.494830039572,0.594193604617235,0.241001088772356,0.141381992153728,1.67465289366881e-05,0.0173777491206991,0.0770179250822389,0.000766929530415211,0.606684419659494,0.303652311114686,2.021584,488.0923,337.1124,2.024216,488.424,337.1739,2.020004,485.1897,335.8185,"No issues","No issues","No issues","No issues"
801,160,2025-05-20,2025-05-20 21:49:00,2025-05-20 21:52:40,2025-05-20 21:45:40,23,0.870787351778566,-906.079873517824,-55.617011857698,0.682084230256639,0.194075132240799,0.0103032567102597,1.2150431091749e-06,0.0353865069472112,0.644908395434618,0.000456416923361717,1.41755987712258,0.418489010385011,2.022237,491.9473,337.2337,2.024677,491.9473,337.4937,2.021702,485.8685,335.405,"No issues","No issues","No issues","No issues"
802,170,2025-05-20,2025-05-20 21:56:20,2025-05-20 22:00:00,2025-05-20 21:53:00,23,-0.965972490118566,454.433264822123,1015.5585770751,0.791630835176462,0.0378664052511282,0.769249580540131,1.34680520321892e-08,0.373605474997908,3.98216501836574e-08,0.00038048078457056,1.75862547773441,0.427026856752237,2.027074,491.4256,338.0626,2.027317,496.3623,340.3113,2.023644,490.3137,336.8331,"No issues","No issues","No issues","No issues"
803,180,2025-05-20,2025-05-20 22:03:40,2025-05-20 22:07:20,2025-05-20 22:00:20,23,0.637806166007714,-4335.43076679847,-2.70384189726387,0.580655717690692,0.925767227606891,3.65883246423111e-05,2.38736765282354e-05,2.46696853897888e-13,0.978147434524284,0.000416128363715476,0.942522637874555,0.343174241126473,2.024938,496.713,336.3599,2.026639,497.397,336.7569,2.024324,487.2483,335.4936,"No issues","No issues","No issues","No issues"
804,190,2025-05-20,2025-05-20 22:11:00,2025-05-20 22:14:40,2025-05-20 22:07:40,23,0.788818339920883,397.881391304386,-23.768537549462,0.674323250653256,0.239027271090729,0.00152198202198702,1.57314444672848e-06,0.0179144183163386,0.859719858001593,0.000420870906353092,0.545038327943342,0.467390143390407,2.027666,487.1485,335.8709,2.029512,489.8982,336.8999,2.026703,487.1485,335.1498,"No issues","No issues","No issues","No issues"
805,200,2025-05-20,2025-05-20 22:18:20,2025-05-20 22:22:00,2025-05-20 22:15:00,23,-0.16670418972376,420.010719367554,-96.222450592865,0.145219755649905,0.28770371915674,0.0243551562405698,0.0728035417416093,0.00832726505650317,0.477033802805822,0.000310508503386574,0.507376759690327,0.467562234992566,2.028457,491.1719,336.7021,2.028887,492.6277,336.9692,2.027568,490.0446,335.0376,"No issues","No issues","No issues","No issues"
806,210,2025-05-20,2025-05-20 22:25:40,2025-05-20 22:29:20,2025-05-20 22:22:20,23,1.38619920948619,-695.852110671998,-17.212553359699,0.778635768552726,0.114986862893837,0.000610847437277331,2.56093058572519e-08,0.11344970188439,0.910873206613906,0.000567446329885264,1.48210949843377,0.534513690042017,2.02755,497.1624,336.5397,2.033127,498.461,336.9641,2.02755,492.4322,334.9373,"No issues","No issues","No issues","No issues"
807,220,2025-05-20,2025-05-20 22:33:00,2025-05-20 22:36:40,2025-05-20 22:29:40,23,0.551414703557338,3738.29833992094,207.530750988128,0.211332638333896,0.839069318598584,0.0899502934696951,0.0273163030418638,8.70794401955862e-10,0.164409556139143,0.00081781408288326,1.25691832569033,0.506787994415533,2.030458,498.2849,335.3809,2.032777,506.4866,336.9446,2.029097,498.258,334.7001,"No issues","No issues","No issues","No issues"
808,230,2025-05-20,2025-05-20 22:40:20,2025-05-20 22:44:00,2025-05-20 22:37:00,23,-1.42425106719366,-924.317786561253,-268.041486166086,0.863713793535209,0.428573926223526,0.193335423584003,1.50067868478154e-10,0.000700242766465242,0.0357791833056357,0.000434350347375648,0.819409622475475,0.420344518933003,2.02409,504.3207,337.5439,2.024947,505.2561,338.2323,2.021311,500.8843,336.0856,"No issues","No issues","No issues","No issues"
809,240,2025-05-20,2025-05-20 22:47:40,2025-05-20 22:51:20,2025-05-20 22:44:20,23,-1.93985075098834,-6679.08284584979,-366.450403162063,0.778256366035748,0.648232250560356,0.243174825745538,2.60796294521695e-08,3.59532097474174e-06,0.0168043353695057,0.000794959772268682,3.77739254819442,0.496325144509133,2.023605,493.5597,336.7915,2.023939,493.5597,337.0201,2.018553,473.3115,334.8521,"No issues","No issues","No issues","No issues"
810,10,2025-05-20,2025-05-20 22:55:00,2025-05-20 22:58:40,2025-05-20 22:51:40,23,1.8255073517785,-2453.486798419,146.245660079085,0.836621131782073,0.523074155135295,0.0738465003568822,1.0217285060542e-09,9.64345265833564e-05,0.209717480947045,0.000619340825567386,1.7986229018967,0.397623560219253,2.01817,464.5701,335.6662,2.022972,466.1611,336.7749,2.018054,455.7635,334.8524,"No issues","No issues","No issues","No issues"
811,20,2025-05-21,2025-05-20 23:02:20,2025-05-20 23:06:00,2025-05-20 22:59:00,23,0.0282422134388728,-1586.39535177862,-228.225770750983,0.00210079824920778,0.712857651973106,0.180424073332115,0.835490731261268,4.09126077966094e-07,0.0433498499484675,0.000472566020523404,0.772985309468426,0.373443266541665,2.028076,449.0332,335.9857,2.02996,450.4249,336.7836,2.028076,445.4814,334.7219,"No issues","No issues","No issues","No issues"
812,30,2025-05-21,2025-05-20 23:09:40,2025-05-20 23:13:20,2025-05-20 23:06:20,23,-0.728107826087147,-320.979415019741,-56.7712885375248,0.669333346520307,0.049465838924879,0.011147036355948,1.85152133003061e-06,0.307727258373043,0.631619564283642,0.000392900212563063,1.08024173518674,0.410513551503944,2.028994,444.7523,335.7983,2.029467,448.131,336.4893,2.026894,444.2684,334.7196,"No issues","No issues","No issues","No issues"
813,40,2025-05-21,2025-05-20 23:17:00,2025-05-20 23:20:40,2025-05-20 23:13:40,23,0.11944031620532,-325.866308300389,137.320505928854,0.0927179812268484,0.0669393499392656,0.0602044288157763,0.157748640665854,0.233244518235935,0.259121747717867,0.000286848582825454,0.934041662642965,0.41653401007561,2.027136,445.2939,335.7045,2.027777,447.0431,336.452,2.026432,443.2719,334.8021,"No issues","No issues","No issues","No issues"
814,50,2025-05-21,2025-05-20 23:24:20,2025-05-20 23:28:00,2025-05-20 23:21:00,23,0.276736126481984,-13.1375810277057,3500.740173913,0.0531505922137159,4.11299289418774e-05,0.974115361752806,0.289903662953037,0.976831180699998,3.78267122366355e-18,0.000896736517040103,1.57267901684754,0.43811520724626,2.027338,445.2851,346.1364,2.029766,450.5307,354.3927,2.026881,445.0969,345.6517,"No issues","No issues","No issues","No issues"
815,60,2025-05-21,2025-05-20 23:31:40,2025-05-20 23:35:20,2025-05-20 23:28:20,23,0.188611541501687,1302.34596047427,96.4871146244682,0.085229301753307,0.358097590071529,0.0246204497227572,0.176476317784295,0.00255763849854384,0.474613798981215,0.000474397637436185,1.33866764562395,0.466252042469883,2.027221,444.4364,337.1271,2.029089,448.6334,337.1271,2.027221,443.3599,335.39,"No issues","No issues","No issues","No issues"
816,70,2025-05-21,2025-05-20 23:39:00,2025-05-20 23:42:40,2025-05-20 23:35:40,23,-0.958971699605171,-1226.20809486176,-14.5351778656408,0.762827981041618,0.651989946764417,0.000699193110466649,5.33229794710753e-08,3.20376343715858e-06,0.904672296911547,0.000410522348215524,0.687784239690967,0.421873742071555,2.027828,441.8804,335.9652,2.028903,443.4699,336.166,2.025311,438.9677,334.7246,"No issues","No issues","No issues","No issues"
817,80,2025-05-21,2025-05-20 23:46:20,2025-05-20 23:50:00,2025-05-20 23:43:00,23,-0.660430671936966,-292.552790513857,-244.164521739152,0.660638807834641,0.0339862714586734,0.222368376135138,2.4455849602459e-06,0.399744880928702,0.0231134372239466,0.000363403309404453,1.19744818210701,0.35054647106913,2.026689,443.1691,336.6027,2.027067,445.3807,336.897,2.024806,441.6829,335.3635,"No issues","No issues","No issues","No issues"
818,90,2025-05-21,2025-05-20 23:53:40,2025-05-20 23:57:20,2025-05-20 23:50:20,23,-0.442526798419064,784.688727272682,-5.40085375497975,0.417972509788351,0.233396247179626,8.82883110522755e-05,0.000858259219549842,0.0195330522484261,0.966060012343733,0.000400912927903723,1.09181371521721,0.441269831113756,2.02497,440.9725,335.3988,2.026419,446.9179,337.0373,2.024404,440.9725,335.1138,"No issues","No issues","No issues","No issues"
819,100,2025-05-21,2025-05-21 00:01:00,2025-05-21 00:04:40,2025-05-20 23:57:40,23,-0.144045533596882,-544.322561264816,-22.2198260869989,0.0563025679305356,0.187718326949515,0.0013417430627953,0.275640191486973,0.038901131642185,0.868212777549886,0.000452756482803285,0.869298481761657,0.465400687478518,2.023711,446.2594,336.3409,2.023711,447.5184,337.4163,2.021809,444.2872,335.2922,"No issues","No issues","No issues","No issues"
820,110,2025-05-21,2025-05-21 00:08:20,2025-05-21 00:12:00,2025-05-21 00:05:00,23,-0.912015177865732,-1695.74172332018,159.166387351774,0.801585414294579,0.7401843694716,0.0536701524777173,8.01023088686502e-09,1.40787776658134e-07,0.287492570850272,0.00034835861556546,0.77132069556138,0.513119842544392,2.021902,445.458,336.8753,2.021902,445.458,337.2275,2.018326,440.5475,335.3739,"No issues","No issues","No issues","No issues"
821,120,2025-05-21,2025-05-21 00:15:40,2025-05-21 00:19:20,2025-05-21 00:12:20,23,-0.707378656126644,193.127905138357,-102.721233201608,0.476256284978008,0.0795834816751194,0.0387271334398465,0.000268296853515178,0.192178796498008,0.368122223790481,0.000569512944490559,0.504241237597069,0.392905842051124,2.018433,440.9893,336.1654,2.018433,442.6152,337.0102,2.016024,440.08,335.6418,"No issues","No issues","No issues","No issues"
822,130,2025-05-21,2025-05-21 00:23:00,2025-05-21 00:26:40,2025-05-21 00:19:40,23,0.888963794466439,1006.51560474306,92.4266561265056,0.76132275881265,0.636992248879944,0.0268899989250641,5.7035664942937e-08,5.04080242644072e-06,0.454667885300832,0.000382135836529005,0.583342990289884,0.426869782161263,2.01562,442.2404,336.3237,2.018178,445.2696,337.0515,2.01516,441.8004,335.5562,"No issues","No issues","No issues","No issues"
823,140,2025-05-21,2025-05-21 00:30:20,2025-05-21 00:34:00,2025-05-21 00:27:00,23,0.305900395256561,173.61789723318,141.06166007904,0.132217263025263,0.0384233413811694,0.0733265523428923,0.0880927524517584,0.370045184466177,0.211392656312166,0.000601664040215278,0.666809040631432,0.384994311779643,2.016116,441.9677,336.1483,2.018045,444.2032,337.3675,2.0157,441.4027,335.669,"No issues","No issues","No issues","No issues"
824,150,2025-05-21,2025-05-21 00:37:40,2025-05-21 00:41:20,2025-05-21 00:34:20,23,0.545711620553221,-1129.49985770753,2.28891699602094,0.627817198750743,0.779494810625655,2.08125130803895e-05,6.59301568803229e-06,2.4572710201479e-08,0.98351780208124,0.000322579930040385,0.46121303124699,0.385190757980953,2.0163,445.6628,336.6013,2.017931,446.5234,337.2909,2.015825,442.5716,335.766,"No issues","No issues","No issues","No issues"
825,160,2025-05-21,2025-05-21 00:45:00,2025-05-21 00:48:40,2025-05-21 00:41:40,23,-0.18985802371545,-705.265612648231,-186.123699604787,0.0630257218988017,0.434935827786076,0.150688695186419,0.24789791334436,0.000618749157538965,0.0671903708840627,0.000562013142612732,0.6171654402499,0.339240260854998,2.015648,444.2177,336.6439,2.016931,445.3624,337.3836,2.01441,442.1324,336.0112,"No issues","No issues","No issues","No issues"
826,170,2025-05-21,2025-05-21 00:52:20,2025-05-21 00:56:00,2025-05-21 00:49:00,23,0.261112411067074,519.426213438732,313.732743082974,0.071944447628529,0.442768722737502,0.227263992698406,0.215918613510994,0.000530404586381674,0.0214531696985206,0.000719993301843903,0.447368842710447,0.444142876659563,2.01575,443.2119,336.992,2.017837,444.8387,338.8972,2.015356,442.5623,336.992,"No issues","No issues","No issues","No issues"
827,180,2025-05-21,2025-05-21 00:59:40,2025-05-21 01:03:20,2025-05-21 00:56:20,23,-0.143669881423104,1332.97271146241,-199.341533596873,0.0781469596337097,0.524950118889768,0.172535820150788,0.196413316367895,9.23832545500794e-05,0.0487155219914224,0.000378837648487337,0.973519022621034,0.335154732284881,2.019468,447.7014,336.5664,2.019468,452.8777,336.9612,2.017822,446.2064,335.4976,"No issues","No issues","No issues","No issues"
828,190,2025-05-21,2025-05-21 01:07:00,2025-05-21 01:10:40,2025-05-21 01:03:40,23,-0.605039051383572,-1358.92173913046,69.5255335968116,0.347701421751777,0.745531389096735,0.01527809697484,0.00306416348494903,1.12809952077202e-07,0.574190091709276,0.000636232697770393,0.609524525311754,0.428527891775412,2.019397,452.3123,337.1552,2.02011,453.1218,337.6332,2.01738,449.0198,335.9984,"No issues","No issues","No issues","No issues"
829,200,2025-05-21,2025-05-21 01:14:20,2025-05-21 01:18:00,2025-05-21 01:11:00,23,-0.87070197628485,-867.018023715465,112.300363636376,0.748424302628006,0.229098881853784,0.04998296591208,9.98757959661649e-08,0.0208606153703636,0.305146556949991,0.000387563195374619,1.22103629809455,0.375879329115439,2.017514,448.6393,336.9191,2.017546,449.4946,337.4561,2.014911,444.1709,335.8792,"No issues","No issues","No issues","No issues"
830,210,2025-05-21,2025-05-21 01:21:40,2025-05-21 01:25:20,2025-05-21 01:18:20,23,-0.201631304347928,-24.374703557367,-54.243320158128,0.0790364457660976,0.000379695060608423,0.0138000095329592,0.193779397285482,0.929680306536259,0.593466581286965,0.000528418575940458,0.960178548664463,0.352047823589475,2.015604,445.6707,336.0088,2.016095,446.8682,336.8812,2.014027,443.1782,335.2271,"No issues","No issues","No issues","No issues"
831,220,2025-05-21,2025-05-21 01:29:00,2025-05-21 01:32:40,2025-05-21 01:25:40,23,-0.3001204743082,-66.5698339921713,-85.3319525691771,0.0907007689055402,0.00195690001754686,0.0253349908907176,0.162574273846944,0.841152772649651,0.468190532071561,0.000729551823729915,1.15419821777935,0.406341884412949,2.01522,453.0434,336.166,2.017928,454.1624,337.0777,2.014931,450.4649,335.4694,"No issues","No issues","No issues","No issues"
832,230,2025-05-21,2025-05-21 01:36:20,2025-05-21 01:40:00,2025-05-21 01:33:00,23,0.343499762845788,869.802118577046,-119.211509881444,0.0664797164041622,0.488774272662794,0.0701247706367358,0.234913035522694,0.000205833046697103,0.222043943808767,0.000988226140513714,0.682944227545554,0.333278575918905,2.014642,449.6324,336.4416,2.015616,452.3176,336.7964,2.011953,448.993,335.373,"No issues","No issues","No issues","No issues"
833,240,2025-05-21,2025-05-21 01:43:40,2025-05-21 01:47:20,2025-05-21 01:40:20,23,-0.444498972332072,-1767.13441897234,-82.0654861660104,0.403057890456926,0.515931831438551,0.0193232194742753,0.00113648628492258,0.000113390353703852,0.527018043876301,0.000415303653063774,1.31413288270875,0.448844952230025,2.011538,446.8875,335.7048,2.012408,447.7287,336.8846,2.009961,440.7644,334.8722,"No issues","No issues","No issues","No issues"
834,10,2025-05-21,2025-05-21 01:51:00,2025-05-21 01:54:40,2025-05-21 01:47:40,23,0.0288739920949357,1621.64774703555,-23.3126324110923,0.00266940509213866,0.603064955146228,0.0017077300448386,0.814891200856434,1.31925160653608e-05,0.851493182872394,0.00042848118628215,1.01005912119149,0.432736129333098,2.009497,443.2896,336.1591,2.010833,449.0305,336.3021,2.009261,443.2896,334.841,"No issues","No issues","No issues","No issues"
835,20,2025-05-21,2025-05-21 01:58:20,2025-05-21 02:02:00,2025-05-21 01:55:00,23,0.411057391304054,1054.32758893282,32.962624505925,0.432705048551756,0.527652277178428,0.0030830416414252,0.00064627523891712,8.68207579959126e-05,0.801324725411717,0.000361346236388463,0.765852565221675,0.455065776711224,2.00864,446.6776,335.2211,2.00947,448.123,336.0826,2.0079,444.1974,334.2441,"No issues","No issues","No issues","No issues"
836,30,2025-05-21,2025-05-21 02:05:40,2025-05-21 02:09:20,2025-05-21 02:02:20,23,0.14739225296441,335.752790513806,-128.945169960478,0.0801156853979482,0.128440397077379,0.030095153845417,0.190635484682904,0.0931092037537038,0.428586868139856,0.000383437940751763,0.671475162588432,0.561996945914571,2.00701,441.0441,335.6153,2.008095,443.4063,336.2253,2.006623,440.9145,334.0665,"No issues","No issues","No issues","No issues"
837,40,2025-05-21,2025-05-21 02:13:00,2025-05-21 02:16:40,2025-05-21 02:09:40,23,0.678052173912827,-640.771256916991,149.371256916964,0.740192802036291,0.266414370367628,0.0884313030995769,1.40739091887376e-07,0.0116919104482253,0.168192411696748,0.00030841029676915,0.816323318251113,0.368189433283455,2.006556,444.6402,335.39,2.008197,447.1221,335.8749,2.00609,443.1292,334.4713,"No issues","No issues","No issues","No issues"
838,50,2025-05-21,2025-05-21 02:20:20,2025-05-21 02:24:00,2025-05-21 02:17:00,23,-0.00448221343875821,143.235320158092,4690.37938339915,6.51979376143096e-05,0.0285191233906637,0.980134171923908,0.970831858691921,0.441125927209772,2.34292038155885e-19,0.000426161332895159,0.641817804827149,0.512662013456488,2.00753,441.6883,347.8388,2.007952,443.1582,359.4052,2.006394,440.9764,347.804,"No issues","No issues","No issues","No issues"
839,60,2025-05-21,2025-05-21 02:27:40,2025-05-21 02:31:20,2025-05-21 02:24:20,23,0.231324901185684,-377.607272727363,267.463494071134,0.219953783422454,0.270813286497118,0.158605779723628,0.0239766445987288,0.0109064930976279,0.0598138322988712,0.000334448636803701,0.475704583073777,0.472952327574728,2.009033,441.7227,334.94,2.010191,442.9119,337.1396,2.008669,441.0083,334.94,"No issues","No issues","No issues","No issues"
840,70,2025-05-21,2025-05-21 02:35:00,2025-05-21 02:38:40,2025-05-21 02:31:40,23,0.538821818181604,854.817011857712,-120.373470355709,0.485186131679245,0.4568863123045,0.0504842675419138,0.000222213299365215,0.000399805129160107,0.302670186646802,0.000426116840526693,0.715528691112717,0.400789587264419,2.010923,443.9539,335.0102,2.012395,445.4796,335.9257,2.010094,442.1758,334.0801,"No issues","No issues","No issues","No issues"
841,80,2025-05-21,2025-05-21 02:42:20,2025-05-21 02:46:00,2025-05-21 02:39:00,23,0.330795889327985,632.618750988144,-84.0683952569787,0.324767166744609,0.301899278789594,0.014499154687985,0.00452757213958393,0.00661335849685952,0.584192056352832,0.000366195849333046,0.738554692297291,0.532111337216761,2.012082,443.8884,335.3252,2.013197,445.2642,336.5449,2.011491,441.9201,333.9804,"No issues","No issues","No issues","No issues"
842,90,2025-05-21,2025-05-21 02:49:40,2025-05-21 02:53:20,2025-05-21 02:46:20,23,0.150960948616505,837.500300395255,176.538592885368,0.0379876418480224,0.465944759299403,0.0727168109420126,0.37282656508917,0.000332314166078379,0.213376167964196,0.000583238749490387,0.688372388886019,0.483995181004797,2.012944,441.5741,335.2083,2.013256,443.7914,336.9666,2.011035,439.9034,334.8906,"No issues","No issues","No issues","No issues"
843,100,2025-05-21,2025-05-21 02:57:00,2025-05-21 03:00:40,2025-05-21 02:53:40,23,-0.0463759683794958,-168.634529644289,72.2848695652151,0.0101325500169571,0.0283012797603722,0.0269592054862006,0.647675665933419,0.442901540359845,0.454079968436394,0.000351912530239701,0.758615792800073,0.333404899114135,2.012822,441.6482,335.0959,2.01311,442.236,336.3062,2.011773,439.1811,334.7674,"No issues","No issues","No issues","No issues"
844,110,2025-05-21,2025-05-21 03:04:20,2025-05-21 03:08:00,2025-05-21 03:01:00,23,-0.258132806324065,-267.975747035565,259.200853754909,0.185277618761873,0.0465852471307264,0.193161869769344,0.0403381409862581,0.322608213419029,0.0358719206615766,0.000415574740118472,0.930732369024077,0.406706890409507,2.013867,442.4169,335.5952,2.013867,442.4169,336.3963,2.011953,438.4619,334.8523,"No issues","No issues","No issues","No issues"
845,120,2025-05-21,2025-05-21 03:11:40,2025-05-21 03:15:20,2025-05-21 03:08:20,23,0.177137075098578,323.927430830026,112.657233201564,0.050448752719786,0.154562643314118,0.0512070219630073,0.302844811975427,0.063475308430756,0.299143061708795,0.000590005489880402,0.58163264096169,0.372299667193489,2.01355,441.9113,335.1728,2.015653,442.7635,336.4292,2.012748,440.3153,334.9508,"No issues","No issues","No issues","No issues"
846,130,2025-05-21,2025-05-21 03:19:00,2025-05-21 03:22:40,2025-05-21 03:15:40,23,0.107863399209652,708.619162055341,33.0573913043188,0.0439586861801401,0.334892543221675,0.0029802932741207,0.336971882899249,0.00381586407117954,0.804600204265862,0.000386191469358678,0.766687985303215,0.464198298551436,2.012697,442.5717,334.8547,2.014224,445.5963,336.6022,2.012697,441.9033,334.8438,"No issues","No issues","No issues","No issues"
847,140,2025-05-21,2025-05-21 03:26:20,2025-05-21 03:30:00,2025-05-21 03:23:00,23,0.201101976284499,480.513770751032,71.1886482213323,0.182776171990686,0.186848506912923,0.0146000064648518,0.0418641111017546,0.0394074873492127,0.582877918293102,0.00032646727643498,0.769589883477362,0.449006983366008,2.014144,442.0037,335.688,2.015686,445.2173,336.7622,2.014144,442.0037,335.0501,"No issues","No issues","No issues","No issues"
848,150,2025-05-21,2025-05-21 03:33:40,2025-05-21 03:37:20,2025-05-21 03:30:20,23,-0.14771667984185,1392.49821343868,186.659003952556,0.0745796669724403,0.848597616886959,0.0795111027265279,0.207380407361647,4.56449889928097e-10,0.192389739512831,0.000399485878784657,0.451567517190026,0.487592401088414,2.014164,441.0923,336.2243,2.015774,445.2562,336.9147,2.013803,441.0923,335.0433,"No issues","No issues","No issues","No issues"
849,160,2025-05-21,2025-05-21 03:41:00,2025-05-21 03:44:40,2025-05-21 03:37:40,23,0.314164743082818,-104.428743083049,23.8172015810162,0.245589449048922,0.0251230516290118,0.00189887663271734,0.0161883663447725,0.470081519570875,0.843496809630406,0.000422735836004638,0.499426234532204,0.419220223604007,2.014032,442.9496,336.4568,2.014974,444.5203,337.5323,2.01323,442.2019,335.448,"No issues","No issues","No issues","No issues"
850,170,2025-05-21,2025-05-21 03:48:20,2025-05-21 03:52:00,2025-05-21 03:45:00,23,-0.0536243478262966,530.844332015752,-27.8418023715368,0.0357991236167316,0.277592507955719,0.00167908414208964,0.387231536465143,0.00979241551064793,0.852730681444639,0.000213659487629442,0.657456511125526,0.521205268730918,2.014407,442.6634,337.2919,2.014627,444.0736,338.6589,2.013833,441.1888,336.2295,"No issues","No issues","No issues","No issues"
851,180,2025-05-21,2025-05-21 03:55:40,2025-05-21 03:59:20,2025-05-21 03:52:20,23,0.139375494070991,555.748363636337,-96.6843320158095,0.0857990209889119,0.589616450528275,0.0324043717414587,0.174970832245313,1.89030432268819e-05,0.411127919408745,0.00034928399886955,0.355959808210166,0.405614846358626,2.01456,442.5463,336.7384,2.015122,443.4391,337.1956,2.013735,441.6516,335.7141,"No issues","No issues","No issues","No issues"
852,190,2025-05-21,2025-05-21 04:03:00,2025-05-21 04:06:40,2025-05-21 03:59:40,23,0.0596945454545643,1125.54782608687,185.102608695647,0.0247712763147012,0.599166774323872,0.125390627847706,0.473246546759773,1.46595144421053e-05,0.0973694607104271,0.000287558556990111,0.706780477318881,0.375318230517503,2.014463,441.2248,336.2637,2.015637,444.9164,337.6022,2.014463,440.8802,335.6479,"No issues","No issues","No issues","No issues"
853,200,2025-05-21,2025-05-21 04:10:20,2025-05-21 04:14:00,2025-05-21 04:07:00,23,-0.0186630830039634,-472.308332015823,110.591146245073,0.00217115844555205,0.308220651783422,0.0418990488335712,0.832795641687001,0.00596153641421877,0.348810292448735,0.000307169613020941,0.5432392387777,0.40600979291963,2.015589,442.4246,336.948,2.016376,442.6605,337.9034,2.015117,440.362,336.267,"No issues","No issues","No issues","No issues"
854,210,2025-05-21,2025-05-21 04:17:40,2025-05-21 04:21:20,2025-05-21 04:14:20,23,0.138675415019718,781.238703557292,-109.46333596839,0.153846904767449,0.571656412221719,0.0571396798785989,0.0641460862310713,3.00391420050548e-05,0.271993911537118,0.000249684833046039,0.519188353501653,0.341378411512866,2.015713,440.9391,336.3865,2.016527,443.0903,337.1742,2.01563,439.971,335.8243,"No issues","No issues","No issues","No issues"
855,220,2025-05-21,2025-05-21 04:25:00,2025-05-21 04:28:40,2025-05-21 04:21:40,23,0.0397679051382208,960.981438735151,55.8799683794397,0.00410797488552947,0.539820348377385,0.0109268642714084,0.771404188540937,6.53664925057095e-05,0.635026830436673,0.000475376323281734,0.681187508079424,0.408164450088269,2.016933,444.4425,336.5361,2.018282,446.2652,337.6534,2.016569,442.8781,336.0432,"No issues","No issues","No issues","No issues"
856,230,2025-05-21,2025-05-21 04:32:20,2025-05-21 04:36:00,2025-05-21 04:29:00,23,0.484796205533553,261.225960474286,-1.35576284585275,0.352725673015379,0.0547065701912708,5.2288983076864e-06,0.00280878354301757,0.282754649555809,0.991738110314529,0.000504193756281717,0.83366679961178,0.455187251849654,2.015894,440.5933,337.193,2.018192,443.4048,337.487,2.015886,439.5329,335.5354,"No issues","No issues","No issues","No issues"
857,240,2025-05-21,2025-05-21 04:39:40,2025-05-21 04:43:20,2025-05-21 04:36:20,23,-0.157739762846169,-752.033454545465,-8.63743873517745,0.0633093892067437,0.446646461513915,0.000398699939971848,0.246800923391781,0.00049110101556916,0.927946270768337,0.000465819646002204,0.64264207086119,0.332038082170188,2.016267,442.419,337.0802,2.017648,443.7184,337.0802,2.015553,440.4747,335.6592,"No issues","No issues","No issues","No issues"
858,10,2025-05-21,2025-05-21 04:47:00,2025-05-21 04:50:40,2025-05-21 04:43:40,23,-0.246547351778925,513.694956521718,135.077691699617,0.218259590243809,0.153194947140458,0.0705918082265026,0.0246005494505863,0.0647631682515503,0.220453400713961,0.000358226369026577,0.927229835361804,0.376289691537485,2.015801,442.0563,336.3673,2.015803,444.1011,337.2557,2.014429,440.2197,335.7979,"No issues","No issues","No issues","No issues"
859,20,2025-05-21,2025-05-21 04:54:20,2025-05-21 04:58:00,2025-05-21 04:51:00,23,-0.536354466403341,-194.791873517797,-41.6914150197847,0.73146065376518,0.076126976009369,0.00748866221326893,2.00194726177556e-07,0.20254243586314,0.694606804592567,0.000249501393744284,0.520979079794993,0.368489272142422,2.016089,443.1145,336.2373,2.016089,443.8533,336.8596,2.014449,441.5915,335.4982,"No issues","No issues","No issues","No issues"
860,30,2025-05-21,2025-05-21 05:01:40,2025-05-21 05:05:20,2025-05-21 04:58:20,23,0.588433517786621,480.515478260807,50.6549881422799,0.727980589171291,0.401503646505116,0.017941812987834,2.29661745947672e-07,0.00116981676192613,0.542312481597446,0.000276153178622414,0.450407884940544,0.287720138877799,2.014686,442.2328,335.7997,2.0159,444.1642,336.6526,2.0139,442.1666,335.4984,"No issues","No issues","No issues","No issues"
861,40,2025-05-21,2025-05-21 05:09:00,2025-05-21 05:12:40,2025-05-21 05:05:40,23,0.479007747035396,1368.75187351776,27.1818498023539,0.476866620896334,0.795061574963334,0.00301247456830389,0.000264888164387079,1.12916694446627e-08,0.803567973354092,0.000385179253146479,0.533517460512714,0.379642453734343,2.014458,440.9109,335.2911,2.015834,445.595,336.4055,2.013864,440.9109,334.599,"No issues","No issues","No issues","No issues"
862,50,2025-05-21,2025-05-21 05:16:20,2025-05-21 05:20:00,2025-05-21 05:13:00,23,-0.142833201581264,881.896411067137,7523.10412648223,0.10543785572908,0.367601960189024,0.975741592525004,0.130602902818214,0.00216353488690059,1.91240772704294e-18,0.0003194101715782,0.88804816102898,0.910695945542576,2.014547,441.9314,351.109,2.014547,444.7964,368.1506,2.013365,440.3489,351.109,"No issues","No issues","No issues","No issues"
863,60,2025-05-21,2025-05-21 05:23:40,2025-05-21 05:27:20,2025-05-21 05:20:20,23,-0.399881739130515,829.190703557326,-61.7384347826052,0.477951402249369,0.507035427063135,0.0189141970931166,0.000258927512238509,0.000138310165205808,0.531466748551079,0.000320854226686507,0.627705194313,0.34137188567444,2.013737,441.711,336.473,2.014254,444.507,337.0135,2.012483,440.8503,335.4996,"No issues","No issues","No issues","No issues"
864,70,2025-05-21,2025-05-21 05:31:00,2025-05-21 05:34:40,2025-05-21 05:27:40,23,-1.34756679841894,-934.253786561255,17.7640790513776,0.809141129973217,0.502292958541135,0.00186505971561878,5.30609306334974e-09,0.000153552541195429,0.844880095428303,0.000502466293064462,0.713979611292317,0.315503042308159,2.012708,443.1085,334.9337,2.013636,444.357,335.6681,2.009824,440.5734,334.4563,"No issues","No issues","No issues","No issues"
865,80,2025-05-21,2025-05-21 05:38:20,2025-05-21 05:42:00,2025-05-21 05:35:00,23,-0.18567462450582,1071.32158102767,-253.903304347817,0.0947244313246417,0.583980599682027,0.237683039732644,0.153099531767901,2.19049674213093e-05,0.0182888466849123,0.000440681223656283,0.694208666787626,0.349099834762751,2.011625,444.6833,335.563,2.011625,446.1181,336.2486,2.009546,442.3922,334.5234,"No issues","No issues","No issues","No issues"
866,90,2025-05-21,2025-05-21 05:45:40,2025-05-21 05:49:20,2025-05-21 05:42:20,23,-0.609162687747434,-664.557723320154,-70.483446640331,0.474659368161208,0.388897505246598,0.0248570181160588,0.000277406617924222,0.00147537601568886,0.472472040614626,0.00049201161756417,0.639565097267858,0.338929494599159,2.009414,442.8334,335.1115,2.010427,444.6295,335.9824,2.007389,441.2186,334.5154,"No issues","No issues","No issues","No issues"
867,100,2025-05-21,2025-05-21 05:53:00,2025-05-21 05:56:40,2025-05-21 05:49:40,23,-0.530309881423241,109.161106719331,118.666814229235,0.274520493548564,0.0270550780916715,0.068180638037213,0.0102833304496102,0.453267421135958,0.228805476880047,0.000661862086730157,0.502574278414593,0.336803979045285,2.009478,441.474,335.2167,2.010431,442.5233,336.1956,2.007701,440.6241,334.7431,"No issues","No issues","No issues","No issues"
868,110,2025-05-21,2025-05-21 06:00:20,2025-05-21 06:04:00,2025-05-21 05:57:00,23,0.12438355731201,261.698086956516,34.2509407114567,0.0278678738717605,0.0567887213673087,0.00666882370696104,0.446465949620559,0.273515597672339,0.71106916609245,0.000564009343511959,0.818816510474777,0.320927929702143,2.008188,441.5087,335.6122,2.008484,442.2223,335.9417,2.006316,439.4666,334.7057,"No issues","No issues","No issues","No issues"
869,120,2025-05-21,2025-05-21 06:07:40,2025-05-21 06:11:20,2025-05-21 06:04:20,23,0.275182292490057,-7.420837944741,115.107509881404,0.225432349323303,8.09958213939031e-05,0.0768807532186501,0.022060603666716,0.967491164710914,0.200230957883175,0.000391610780761812,0.633018857334589,0.306221967758663,2.008693,440.3176,335.8199,2.010362,441.2705,336.1281,2.00847,438.9107,334.8127,"No issues","No issues","No issues","No issues"
870,130,2025-05-21,2025-05-21 06:15:00,2025-05-21 06:18:40,2025-05-21 06:11:40,23,0.718767747035603,2109.42099604745,25.647652173911,0.718329501279347,0.876676851513025,0.00325055154694328,3.33155846975789e-07,5.21903700127986e-11,0.796106351941634,0.00034554929131101,0.607405041856929,0.344805896720226,2.012796,443.6953,335.2528,2.014507,447.12,336.3314,2.012276,441.5516,334.7998,"No issues","No issues","No issues","No issues"
871,140,2025-05-21,2025-05-21 06:22:20,2025-05-21 06:26:00,2025-05-21 06:19:00,23,1.45674498023707,-474.226719367585,11.8236521739149,0.866089439694146,0.186230163652529,0.000411124129983712,1.24612087769798e-10,0.0397713141010838,0.926835099117851,0.000439766525176797,0.761069638882945,0.447598337174521,2.022203,452.9241,335.2908,2.026703,452.9241,336.3396,2.022203,449.0894,334.6199,"No issues","No issues","No issues","No issues"
872,150,2025-05-21,2025-05-21 06:29:40,2025-05-21 06:33:20,2025-05-21 06:26:20,23,-1.27250466403169,-1163.52882213435,80.6311778655572,0.827393254733102,0.418431655890538,0.0332343651066038,1.82831675611492e-09,0.000850787063880662,0.405099595188683,0.000446215726200099,1.05311998524537,0.333873929598735,2.028209,448.616,335.7054,2.028677,451.0772,336.8171,2.025276,446.5117,335.261,"No issues","No issues","No issues","No issues"
873,160,2025-05-21,2025-05-21 06:37:00,2025-05-21 06:40:40,2025-05-21 06:33:40,23,-1.09825328063235,-363.878893280672,47.6548932806091,0.802347461695201,0.256071826303846,0.00782212351919861,7.68975434310771e-09,0.0137531290885925,0.688205986082796,0.000418489977557921,0.47616126651826,0.412052479420431,2.026392,449.9955,335.7252,2.027501,450.0633,337.0257,2.023437,448.2025,335.2279,"No issues","No issues","No issues","No issues"
874,170,2025-05-21,2025-05-21 06:44:20,2025-05-21 06:48:00,2025-05-21 06:41:00,23,-0.935092173913159,687.591177865617,385.410592885361,0.74140205369175,0.52252360647941,0.272482756014664,1.33913740578758e-07,9.76539256246229e-05,0.0106216014522436,0.000423987117831397,0.504621658004987,0.483490980629661,2.020196,448.4876,336.3004,2.020196,449.8607,338.0035,2.017128,447.0924,335.7448,"No issues","No issues","No issues","No issues"
875,180,2025-05-21,2025-05-21 06:51:40,2025-05-21 06:55:20,2025-05-21 06:48:20,23,-2.08250466403189,-1062.96502766797,50.5465612648036,0.89826236566017,0.732575226071782,0.0156473618693301,6.84545719115456e-12,1.91510530020514e-07,0.56956349704941,0.000538068779658483,0.493067385624986,0.307793187194087,2.019247,446.4727,336.0917,2.019247,447.0376,336.5231,2.012606,443.8634,335.3581,"No issues","No issues","No issues","No issues"
876,190,2025-05-21,2025-05-21 06:59:00,2025-05-21 07:02:40,2025-05-21 06:55:40,23,-0.0688467984193626,54.527620553383,-76.886608695643,0.0101701561897665,0.00415191018647093,0.0324948845926805,0.647063664536275,0.770216725447466,0.410464396249718,0.000521450160423306,0.64833835463945,0.322093853141551,2.009333,445.2054,336.064,2.0113,447.663,336.9462,2.009333,444.8428,335.4608,"No issues","No issues","No issues","No issues"
877,200,2025-05-21,2025-05-21 07:06:20,2025-05-21 07:10:00,2025-05-21 07:03:00,23,0.37941723320137,-18.7740711462447,-163.23709090907,0.359543072840342,0.000380341690708057,0.0790732914980454,0.0024937029125565,0.929620597925203,0.193671130545532,0.000388775733354841,0.738926910082954,0.427689972421974,2.006982,445.9778,337.4146,2.008109,446.1792,337.4894,2.005857,443.5504,335.912,"No issues","No issues","No issues","No issues"
878,210,2025-05-21,2025-05-21 07:13:40,2025-05-21 07:17:20,2025-05-21 07:10:20,23,-0.257458339921022,-126.148268774738,-14.6265296442715,0.0915568250229738,0.0402712963734815,0.000468411469359696,0.160507456096777,0.3585499725852,0.92191792485999,0.000622620020819094,0.472792226462377,0.518726449724974,2.008178,447.4179,335.6256,2.009447,448.5478,337.6668,2.00631,446.3393,335.4593,"No issues","No issues","No issues","No issues"
879,220,2025-05-21,2025-05-21 07:21:00,2025-05-21 07:24:40,2025-05-21 07:17:40,23,0.211312885375435,1259.64455335968,71.6155256916948,0.321846014764215,0.572085689379174,0.0121556728807752,0.00475474523621896,2.97148767095322e-05,0.616513090800342,0.000235493360480469,0.836389307696775,0.495649340758405,2.005896,442.5072,336.2574,2.006726,447.29,337.6127,2.005695,442.468,335.8095,"No issues","No issues","No issues","No issues"
880,230,2025-05-21,2025-05-21 07:28:20,2025-05-21 07:32:00,2025-05-21 07:25:00,23,-0.531402687747005,-1083.71724901188,34.3858339920366,0.593743955114196,0.686747573723325,0.00420365751298456,1.69479757074148e-05,1.03728913135051e-06,0.768826786183534,0.000337471156596531,0.56192355378711,0.406315844957545,2.005545,447.7146,337.0488,2.005756,448.5623,337.7523,2.003642,444.9827,335.8293,"No issues","No issues","No issues","No issues"
881,240,2025-05-21,2025-05-21 07:35:40,2025-05-21 07:39:20,2025-05-21 07:32:20,23,-0.440716837944723,19.5578181818131,33.9879841897051,0.57447813651288,0.000291622254545739,0.00506735511031074,2.79654333056804e-05,0.938355991500174,0.746873646711815,0.000291203389900279,0.87914261925696,0.365631979583164,2.003616,445.4995,337.2162,2.003616,445.7602,337.7979,2.00167,442.7814,336.3627,"No issues","No issues","No issues","No issues"
882,10,2025-05-21,2025-05-21 07:43:00,2025-05-21 07:46:40,2025-05-21 07:39:40,23,-0.390456284585145,-1945.7510513834,-36.8694071146781,0.44558553199938,0.67939624609534,0.00738453904869221,0.000501579516509755,1.32966478226512e-06,0.696638777840245,0.000334377271944675,1.02617776369953,0.328176570113719,2.002817,449.2497,337.1943,2.003404,449.3283,337.6908,2.001368,444.3481,336.4269,"No issues","No issues","No issues","No issues"
883,20,2025-05-21,2025-05-21 07:50:20,2025-05-21 07:54:00,2025-05-21 07:47:00,23,-0.2540518577076,-1478.56610276683,-39.4631146245108,0.133438612806768,0.62427465707749,0.00375817064899036,0.0865294131598251,7.30059912994463e-06,0.781112964806064,0.000497042904278846,0.880644715948155,0.49328520820589,2.007485,446.64,336.5166,2.00812,446.64,338.2284,2.005852,441.0799,336.2537,"No issues","No issues","No issues","No issues"
884,30,2025-05-21,2025-05-21 07:57:40,2025-05-21 08:01:20,2025-05-21 07:54:20,23,0.988127430830126,1961.85457707509,0.263810276638983,0.579877890774557,0.795064742390737,2.91620037085723e-07,2.43569273305723e-05,1.12898169894887e-08,0.998048854015577,0.00064572119934854,0.764691920175589,0.375055519720668,2.008849,445.2503,337.9348,2.011041,450.9561,337.9348,2.007826,445.2503,336.3942,"No issues","No issues","No issues","No issues"
885,40,2025-05-21,2025-05-21 08:05:00,2025-05-21 08:08:40,2025-05-21 08:01:40,23,-0.622933754940948,-1338.67237944664,-70.4194150197814,0.285709053955533,0.769222524536806,0.0133289948089719,0.00859895116447415,3.98713301111174e-08,0.59988393785238,0.000756188435732181,0.562934170183753,0.465149429221844,2.010727,449.2027,336.9248,2.01211,449.2027,337.856,2.008422,445.0482,336.2022,"No issues","No issues","No issues","No issues"
886,50,2025-05-21,2025-05-21 08:12:20,2025-05-21 08:16:00,2025-05-21 08:09:00,23,-0.985429565217439,-828.19778656124,7078.6640632411,0.771443607779125,0.192175298244795,0.994762548715437,3.59750147856482e-08,0.0364035033472254,1.93848781416302e-25,0.000411796619764073,1.3036362965934,0.394333962674827,2.004725,447.9889,359.0609,2.00511,448.0241,377.4471,2.002031,440.8922,359.0609,"No issues","No issues","No issues","No issues"
887,60,2025-05-21,2025-05-21 08:19:40,2025-05-21 08:23:20,2025-05-21 08:16:20,23,0.652678577075002,481.576695652162,14.0801264822254,0.494804846403214,0.231205515164464,0.000748739365886049,0.000180773842399205,0.0201994721348811,0.901367997978352,0.000506319401477105,0.674192773406542,0.394903670734578,2.000663,442.0713,336.7505,2.002578,444.6035,337.1279,1.999892,441.2304,335.8159,"No issues","No issues","No issues","No issues"
888,70,2025-05-21,2025-05-21 08:27:00,2025-05-21 08:30:40,2025-05-21 08:23:40,23,-0.0724325691699792,-624.985328063244,-296.597881422938,0.0133329465808296,0.34984676770041,0.20361560699408,0.599829507432687,0.00295259348938256,0.0306788405765034,0.000478375279883441,0.654110842495422,0.450335805998849,2.00063,444.7076,336.1826,2.001065,444.7076,336.94,1.999048,441.1562,334.7905,"No issues","No issues","No issues","No issues"
889,80,2025-05-21,2025-05-21 08:34:20,2025-05-21 08:38:00,2025-05-21 08:31:00,23,0.502827509881405,839.515162055327,63.2265296442784,0.313098816200242,0.179225460030414,0.0173428790324695,0.00550002684620041,0.0441264982752976,0.549191611617723,0.000571791961369763,1.3792825004722,0.365386372848978,1.999412,445.4715,336.3605,2.002448,450.6262,336.5322,1.999412,445.4715,335.113,"No issues","No issues","No issues","No issues"
890,90,2025-05-21,2025-05-21 08:41:40,2025-05-21 08:45:20,2025-05-21 08:38:20,23,-0.162000000000232,-2157.19797628462,18.1661976284567,0.0516472972467332,0.897714816911683,0.00124568486770744,0.29701906894279,7.24433935038697e-12,0.872979301973976,0.00053295280676123,0.559035988247352,0.394913400012192,2.001335,447.7247,335.7652,2.001335,447.7247,336.4435,1.999142,442.3928,334.6578,"No issues","No issues","No issues","No issues"
891,100,2025-05-21,2025-05-21 08:49:00,2025-05-21 08:52:40,2025-05-21 08:45:40,23,-0.191061818182054,-15.9583873518119,-108.963035573163,0.0673007885206991,0.000266314891332768,0.0521460264340053,0.231941935258183,0.94108674055369,0.294635223970965,0.000546068632744024,0.750664771857505,0.356657939895347,1.998788,444.6315,335.8515,1.999538,444.9884,336.1953,1.997597,442.3305,334.8932,"No issues","No issues","No issues","No issues"
892,110,2025-05-21,2025-05-21 08:56:20,2025-05-21 09:00:00,2025-05-21 08:53:00,23,-0.360523636363866,-1247.88066403162,-8.29593675890323,0.199813584292702,0.588817633597941,0.000242933291468222,0.0324779340398357,1.93043579319997e-05,0.94372817725893,0.000553897519964139,0.80059428972911,0.408584373261466,1.998903,444.6985,335.4306,1.999845,444.6985,336.3942,1.997072,440.0409,335.063,"No issues","No issues","No issues","No issues"
893,120,2025-05-21,2025-05-21 09:03:40,2025-05-21 09:07:20,2025-05-21 09:00:20,23,0.0478188142291482,-272.336727272778,118.891351778644,0.00412271158762588,0.127205184642027,0.0353514977451684,0.771005131627157,0.0948115210827868,0.390270635300852,0.000570588265007858,0.547674452101834,0.476807961798781,1.997774,442.8389,336.1107,1.998918,443.7989,336.8506,1.996281,441.6337,335.033,"No issues","No issues","No issues","No issues"
894,130,2025-05-21,2025-05-21 09:11:00,2025-05-21 09:14:40,2025-05-21 09:07:40,23,0.0364809486165785,-208.12325691702,47.7018498023571,0.00345416310199238,0.0407770156637254,0.0131695745455622,0.789952080424545,0.355486379359661,0.602088243977251,0.000475724959520882,0.77497069197034,0.317017479999837,1.997222,443.8613,335.0317,1.998273,443.8613,336.1177,1.995957,440.1184,334.7422,"No issues","No issues","No issues","No issues"
895,140,2025-05-21,2025-05-21 09:18:20,2025-05-21 09:22:00,2025-05-21 09:15:00,23,-0.2939905138342,369.269501976295,-36.2248221344299,0.10224165183289,0.166069676417351,0.00591895981475252,0.136927288825905,0.0535911507008414,0.727158353676378,0.00066882378688629,0.635295457061135,0.360418485275427,1.999131,443.6385,334.6751,2.001089,446.2151,336.1497,1.998463,443.2957,334.6751,"No issues","No issues","No issues","No issues"
896,150,2025-05-21,2025-05-21 09:25:40,2025-05-21 09:29:20,2025-05-21 09:22:20,23,1.77179762845824,825.316363636309,-50.5542450593392,0.838444751182766,0.747519720632743,0.00968424210793624,9.07244820678612e-10,1.03767498961197e-07,0.6550780891172,0.000597104058269286,0.368243810233849,0.392486072904433,1.999578,441.922,335.5116,2.002913,444.8552,336.5345,1.998555,441.922,335.0376,"No issues","No issues","No issues","No issues"
897,160,2025-05-21,2025-05-21 09:33:00,2025-05-21 09:36:40,2025-05-21 09:29:40,23,0.206173280632279,-974.795193675883,-89.6314624505968,0.0561421854650657,0.60562167117532,0.0169875856963724,0.276345397381903,1.23043709672273e-05,0.553347710350742,0.000649013316681069,0.603923309748348,0.52346391537431,2.002317,442.592,336.3755,2.004726,443.2037,336.6205,2.001988,439.9427,334.4448,"No issues","No issues","No issues","No issues"
898,170,2025-05-21,2025-05-21 09:40:20,2025-05-21 09:44:00,2025-05-21 09:37:00,23,0.415616442687689,-438.416822134405,244.903019762823,0.233747359440956,0.247596826012303,0.158370019412033,0.0194282026584268,0.0156925899278852,0.0600215138016379,0.000577720730788014,0.586749297696045,0.433441858412995,2.00105,445.8428,336.2862,2.002784,446.449,337.7686,1.999717,443.7034,335.3369,"No issues","No issues","No issues","No issues"
899,180,2025-05-21,2025-05-21 09:47:40,2025-05-21 09:51:20,2025-05-21 09:44:20,23,-1.1993378656131,-1713.2078418973,-40.5328695652393,0.594074728039882,0.813130737952053,0.00497458851353895,1.67995733121617e-05,4.24115711711601e-09,0.749128334797166,0.000761126157411483,0.630538189476242,0.440107177786853,2.003871,438.3848,336.2062,2.004733,439.6083,337.0352,2.00101,434.9632,335.1754,"No issues","No issues","No issues","No issues"
900,190,2025-05-21,2025-05-21 09:55:00,2025-05-21 09:58:40,2025-05-21 09:51:40,23,-0.643970276679853,-2009.31566798426,155.683920948614,0.206157393146933,0.829311895818772,0.0919217685876039,0.0295298026214496,1.62415285400123e-09,0.159634886245869,0.000970166252319923,0.699847549652625,0.375671979504608,2.000644,440.3109,335.4506,2.004375,440.3109,336.7345,2.000324,435.4267,335.4268,"No issues","No issues","No issues","No issues"
901,200,2025-05-21,2025-05-21 10:02:20,2025-05-21 10:06:00,2025-05-21 09:59:00,23,0.301435256916835,318.023715415031,211.303494071154,0.0873300557918215,0.0982279577208315,0.100297105816825,0.170993244804491,0.145325665299294,0.140930700479851,0.000748137887217519,0.739780584106346,0.485875088189149,2.00456,439.7892,335.7139,2.005306,442.6063,337.1722,2.001968,439.3173,335.0652,"No issues","No issues","No issues","No issues"
902,210,2025-05-21,2025-05-21 10:09:40,2025-05-21 10:13:20,2025-05-21 10:06:20,23,-0.0211987351779901,-255.918166007876,-234.506845849812,0.000143948991785254,0.137057754987269,0.184198872077727,0.956670082886938,0.0820583061419311,0.0409894979540049,0.00135639747047541,0.493006640257563,0.378893180423942,2.003202,438.9064,336.7723,2.005545,440.4183,336.9997,2.000421,437.935,335.4705,"No issues","No issues","No issues","No issues"
903,220,2025-05-21,2025-05-21 10:17:00,2025-05-21 10:20:40,2025-05-21 10:13:40,23,-0.916531541502123,-1778.25372332024,-235.799430830014,0.867834506909751,0.893783740340395,0.306851475081209,1.08480035069914e-10,1.07853242742885e-11,0.00609741264239009,0.000274600038710252,0.470636493397303,0.272084869925287,2.002934,439.3523,336.6436,2.002934,440.0998,336.7762,2.000297,435.0804,335.6007,"No issues","No issues","No issues","No issues"
904,230,2025-05-21,2025-05-21 10:24:20,2025-05-21 10:28:00,2025-05-21 10:21:00,23,-0.0938532806325009,695.461944664022,99.8363952568533,0.0194719525771137,0.289891667107088,0.0528854850563401,0.525416387241514,0.00803849961384546,0.291143338455478,0.000511313562632145,0.83566152083754,0.324365374497456,1.999484,439.4098,336.3154,1.999484,440.1605,337.0925,1.997249,436.4989,335.8291,"No issues","No issues","No issues","No issues"
905,240,2025-05-21,2025-05-21 10:31:40,2025-05-21 10:35:20,2025-05-21 10:28:20,23,-0.488202687747158,375.566798418909,-97.0258339920854,0.516449896051549,0.282937705523477,0.0255730518451095,0.000112074414711715,0.0089902205851304,0.46608051827325,0.000362676490982225,0.459021277470489,0.459815221316025,1.995425,436.9584,336.9168,1.996161,438.9048,337.4797,1.994418,436.4348,335.5297,"No issues","No issues","No issues","No issues"
906,10,2025-05-21,2025-05-21 10:39:00,2025-05-21 10:42:40,2025-05-21 10:35:40,23,0.034167272727261,214.528980237072,80.7353359683401,0.00374553233126901,0.124787182042159,0.0293976609829612,0.781472639273862,0.0982355032565601,0.434070838219608,0.00042781033885185,0.436184682207263,0.356156217879449,1.994964,438.3761,336.5524,1.995266,438.5121,337.5595,1.993587,436.4786,336.2408,"No issues","No issues","No issues","No issues"
907,20,2025-05-21,2025-05-21 10:46:20,2025-05-21 10:50:00,2025-05-21 10:43:00,23,0.209306561264663,-717.75263241105,120.434940711476,0.213882635347035,0.453201886594781,0.0427579736763695,0.0262848675540567,0.000430687067605993,0.343809286737066,0.000308071391283837,0.605278209070773,0.437489284124281,1.994546,437.5567,336.9283,1.995193,439.0805,337.557,1.99388,435.4832,336.0555,"No issues","No issues","No issues","No issues"
908,30,2025-05-21,2025-05-21 10:53:40,2025-05-21 10:57:20,2025-05-21 10:50:20,23,-0.412551462450632,-471.809739130407,-181.790893280642,0.478087970508066,0.215794895229652,0.181313951472355,0.000258185873064915,0.0255358972178854,0.0427818349625508,0.000330929491594436,0.690516000113718,0.296570399898822,1.994997,441.591,337.0646,1.995551,442.4223,337.8284,1.993542,439.3083,336.5126,"No issues","No issues","No issues","No issues"
909,40,2025-05-21,2025-05-21 11:01:00,2025-05-21 11:04:40,2025-05-21 10:57:40,23,0.777753675889419,-1591.48714624504,-143.470956521733,0.122757220466739,0.760060178553,0.0922191748612309,0.101206536651555,6.03291155203654e-08,0.158927531538449,0.00159621374470442,0.686503739279658,0.345586266980231,1.994148,438.7854,337.3665,1.998737,439.7906,337.3665,1.993531,434.9101,335.7564,"No issues","No issues","No issues","No issues"
910,50,2025-05-21,2025-05-21 11:08:20,2025-05-21 11:12:00,2025-05-21 11:05:00,23,-1.18171636363643,163.415525691624,9579.93125691702,0.641211763334079,0.0377333850021878,0.99061788955025,4.44555860552868e-06,0.37446260269108,8.844761421881e-23,0.000678647420127342,0.633564357351601,0.715767830946225,1.998771,439.9943,363.4142,2.000428,441.5905,386.5565,1.996416,438.0654,363.2497,"No issues","No issues","No issues","No issues"
911,60,2025-05-21,2025-05-21 11:15:40,2025-05-21 11:19:20,2025-05-21 11:12:20,23,-1.76770814229254,-1124.77090909093,-55.0808537549502,0.932915913350619,0.67004129361494,0.00953678476067391,8.48980054072991e-14,1.80947644155473e-06,0.657557254135927,0.000363924809323812,0.605976361292336,0.430954523820841,1.998051,440.7474,335.9838,1.998104,441.3029,338.0665,1.993473,437.3162,335.9838,"No issues","No issues","No issues","No issues"
912,70,2025-05-21,2025-05-21 11:23:00,2025-05-21 11:26:40,2025-05-21 11:19:40,23,-0.785275256917002,-1096.83433992103,-94.7659446640637,0.726951033857501,0.618669176004288,0.0526284424603645,2.39104878627342e-07,8.56251398288764e-06,0.292351432795818,0.000369489582530057,0.661112473624766,0.30868448688195,1.993498,435.5898,336.7146,1.994214,436.3063,337.2946,1.991735,432.7739,335.9189,"No issues","No issues","No issues","No issues"
913,80,2025-05-21,2025-05-21 11:30:20,2025-05-21 11:34:00,2025-05-21 11:27:00,23,0.0830020553356532,-2136.69163636362,-5.33340711463785,0.0412802339364673,0.873863982553606,9.18168414444571e-05,0.352471835693076,6.62312770535273e-11,0.965388820625475,0.000307097448586492,0.623235356751417,0.427303272281409,1.991526,436.5077,335.8585,1.992321,438.1393,337.0921,1.991018,431.522,335.4331,"No issues","No issues","No issues","No issues"
914,90,2025-05-21,2025-05-21 11:37:40,2025-05-21 11:41:20,2025-05-21 11:34:20,23,0.0386324110671328,-2549.18760474308,-16.0659604743171,0.0120890323257846,0.966623667176208,0.000726381649279613,0.617486907298799,5.4763245105596e-17,0.902844889339868,0.000268118970596811,0.363667918159413,0.45748732785957,1.992219,435.4353,336.6281,1.992422,435.4353,336.9768,1.991461,428.6753,335.3175,"No issues","No issues","No issues","No issues"
915,100,2025-05-21,2025-05-21 11:45:00,2025-05-21 11:48:40,2025-05-21 11:41:40,23,-0.0484505928856172,32.0337391304337,-314.241581027646,0.00930206779533654,0.00169569352590581,0.279942762343202,0.661550687426921,0.85201184338453,0.00943176972778817,0.000383877422093677,0.596730205354177,0.386923524477987,1.99062,435.7665,336.6349,1.991348,436.9727,336.7554,1.990028,434.6479,335.1559,"No issues","No issues","No issues","No issues"
916,110,2025-05-21,2025-05-21 11:52:20,2025-05-21 11:56:00,2025-05-21 11:49:00,23,0.493735019762828,1174.52603952568,13.6763003952385,0.462903748593945,0.863421831194758,0.00105322633967075,0.000353706818600464,1.5350144655974e-10,0.883132070547898,0.000408307389317001,0.358636407480107,0.323363908545198,1.991561,436.5648,335.837,1.992476,440.3561,336.8707,1.989945,436.5648,335.6056,"No issues","No issues","No issues","No issues"
917,120,2025-05-21,2025-05-21 11:59:40,2025-05-21 12:03:20,2025-05-21 11:56:20,23,0.0470760474308758,-120.573249011845,138.164015810288,0.0137869447242953,0.0412814167381123,0.0586489534952483,0.59364270281654,0.352464789447845,0.265563065932291,0.000305677831644531,0.446099601781927,0.42496505053625,1.993958,439.8357,334.6986,1.994537,439.8357,336.4007,1.993288,438.0614,334.6986,"No issues","No issues","No issues","No issues"
918,130,2025-05-21,2025-05-21 12:07:00,2025-05-21 12:10:40,2025-05-21 12:03:40,23,-0.419765691699769,-1512.18697233204,-99.4607430829947,0.436540288921962,0.800063318639239,0.0232722510013397,0.000599622065279975,8.68686928617461e-09,0.487117684180379,0.000366132940919251,0.58036624861604,0.494688554511773,1.993808,438.1573,335.538,1.994265,438.7112,336.4334,1.992536,433.9709,334.5418,"No issues","No issues","No issues","No issues"
919,140,2025-05-21,2025-05-21 12:14:20,2025-05-21 12:18:00,2025-05-21 12:11:00,23,-0.0545976284587293,1148.47626877469,-19.148869565227,0.0527733261494149,0.755083667493002,0.0014697615266475,0.291669737971408,7.50604282701926e-08,0.862124696232279,0.000177584926760323,0.502164441566638,0.383188890852504,1.992006,438.6483,335.4762,1.992006,442.3869,336.4521,1.991337,438.6483,335.0153,"No issues","No issues","No issues","No issues"
920,150,2025-05-21,2025-05-21 12:21:40,2025-05-21 12:25:20,2025-05-21 12:18:20,23,0.0027149407113761,-209.144347826112,-133.717660079097,2.32113497838198e-05,0.0969802710722671,0.046893631942332,0.982593968619103,0.148045255802957,0.320972850034868,0.000432631071580545,0.489965668543852,0.46282319327281,1.992152,442.2961,335.8713,1.993067,442.2961,336.3996,1.991408,440.5655,334.481,"No issues","No issues","No issues","No issues"
921,160,2025-05-21,2025-05-21 12:29:00,2025-05-21 12:32:40,2025-05-21 12:25:40,23,0.154580869565012,-1712.63497233202,48.5052332016013,0.325589420839847,0.805755823101946,0.00860420562537106,0.00446547158760853,6.39390207881311e-09,0.673786167731638,0.000170802957478921,0.645579426409303,0.399732388356358,1.993277,439.9744,335.6529,1.994123,441.1208,336.5438,1.993151,435.4205,334.8616,"No issues","No issues","No issues","No issues"
922,170,2025-05-21,2025-05-21 12:36:20,2025-05-21 12:40:00,2025-05-21 12:33:00,23,0.0349100395255666,-463.734924901197,47.3014387351896,0.0125534284548369,0.356771221972021,0.00734605500462871,0.6107682108472,0.0026176370896674,0.697393934893471,0.000237705134951498,0.478046591368534,0.422142224990545,1.99404,442.8938,334.9865,1.994738,443.4991,336.7202,1.993575,441.0118,334.9613,"No issues","No issues","No issues","No issues"
923,180,2025-05-21,2025-05-21 12:43:40,2025-05-21 12:47:20,2025-05-21 12:40:20,23,-0.0584139130436437,-1617.37384980237,176.844237154095,0.0449745653183108,0.855567524786249,0.109520423882061,0.331322187563749,2.77255215882508e-10,0.122963182927886,0.000206658311821922,0.510185714650635,0.387139897948878,1.995424,433.1775,335.6303,1.995424,433.2568,336.5245,1.994302,429.459,334.9064,"No issues","No issues","No issues","No issues"
924,190,2025-05-21,2025-05-21 12:51:00,2025-05-21 12:54:40,2025-05-21 12:47:40,23,0.173431778656095,-1359.28970750994,-91.5148458498242,0.239803092226043,0.745090386675652,0.0488090191567005,0.017701632741876,1.14909988835379e-07,0.311044024488826,0.000237070182335259,0.610398209856952,0.310161558270019,1.994782,437.9414,336.3706,1.995693,438.4249,336.3706,1.99468,434.1149,335.2256,"No issues","No issues","No issues","No issues"
926,10,2025-05-21,2025-05-21 13:02:40,2025-05-21 13:09:10,2025-05-21 12:59:20,40,-0.144086994371397,-2079.00494409009,-83.3606003752318,0.250529265216521,0.936166312751129,0.0708435691588745,0.00100465281826573,2.62256472131758e-24,0.0968962163538212,0.000332960531264638,0.725310307911472,0.403343351007169,1.993663,440.1197,335.9004,1.995005,440.1197,336.5713,1.993312,430.4041,334.8225,"No issues","No issues","No issues","No issues"
927,20,2025-05-21,2025-05-21 13:15:00,2025-05-21 13:21:30,2025-05-21 13:11:40,40,0.133509073170747,-1196.28126979367,-14.1055699812409,0.22201461168656,0.867201142818812,0.00184819475637749,0.00214895986641206,3.01422730321131e-18,0.792244959746789,0.000333907049876686,0.625446861365822,0.437960494744393,1.992482,439.1659,335.636,1.994548,439.1659,336.7896,1.992482,432.3195,334.9218,"No issues","No issues","No issues","No issues"
928,30,2025-05-21,2025-05-21 13:27:20,2025-05-21 13:33:50,2025-05-21 13:24:00,40,-0.166580172607833,-92.4248195122212,43.5417095684823,0.454491167546122,0.059434019377386,0.0167667838267322,1.85117928617985e-06,0.129531032759707,0.425835896904766,0.000243826746478521,0.491230767196871,0.445480533775587,1.994041,440.9695,335.6192,1.994109,442.2377,336.9877,1.992726,439.8704,335.1815,"No issues","No issues","No issues","No issues"
929,40,2025-05-21,2025-05-21 13:39:40,2025-05-21 13:46:10,2025-05-21 13:36:20,40,-0.110857846154012,-2197.03066716696,20.429790619147,0.206210256320787,0.94375965235796,0.00376753843672107,0.00324715926823439,2.35520042340001e-25,0.706732416320464,0.000290592173580518,0.716554587010282,0.443849035602593,1.993063,437.7885,335.791,1.993063,437.7885,337.0929,1.991773,426.1339,335.0081,"No issues","No issues","No issues","No issues"
930,50,2025-05-21,2025-05-21 13:52:00,2025-05-21 13:58:30,2025-05-21 13:48:40,40,-0.108055114446522,125.900848030023,15171.3916277674,0.173992106513035,0.0525625543460361,0.999298922323467,0.00741196115075597,0.154719756351563,1.509707111043e-61,0.000314552049870718,0.714143624465896,0.53688422732144,1.992308,441.2001,379.7227,1.992593,443.5223,447.9107,1.991177,440.499,379.7227,"No issues","No issues","No issues","No issues"
931,60,2025-05-21,2025-05-21 14:04:20,2025-05-21 14:10:50,2025-05-21 14:01:00,40,2.44338065290808,12451.5415924953,-245.662838273923,0.177950915714812,0.267425951680859,0.18781830276989,0.00670414849317807,0.000633549918747142,0.00521403860735689,0.00701632598371609,27.5338523874873,0.682522503094388,1.991529,441.4417,337.4829,2.040608,630.0654,338.1122,1.990766,439.7987,334.0848,"No issues","No issues","No issues","No issues"
932,70,2025-05-21,2025-05-21 14:16:40,2025-05-21 14:23:10,2025-05-21 14:13:20,40,0.836035902439024,-2196.78313846154,-42.8257080675178,0.118420062672294,0.264816377313326,0.00692212545807269,0.0296828559318089,0.000680679781288204,0.609771745130563,0.00304763533442671,4.89026669865539,0.685324627115185,1.993841,450.5901,336.0912,2.001576,475.0065,339.7343,1.989729,437.8872,335.6991,"No issues","No issues","No issues","No issues"
933,80,2025-05-21,2025-05-21 14:29:00,2025-05-21 14:35:30,2025-05-21 14:25:40,40,0.653573043152017,-254.331935459675,-1.76739061914411,0.200171311459304,0.00674712186371478,1.93141152658603e-05,0.00379636576292562,0.614342979344629,0.978528515481857,0.00174546670544905,4.12279178085726,0.537292537176303,1.989595,440.9318,336.9542,1.995591,453.4397,338.4993,1.988519,435.4014,335.5591,"No issues","No issues","No issues","No issues"
934,90,2025-05-21,2025-05-21 14:41:20,2025-05-21 14:47:50,2025-05-21 14:38:00,40,-0.943787887429684,-1347.28488405254,-45.1719624765359,0.0178217948318456,0.00431736262161507,0.0286672310564178,0.411515617151299,0.687078049513073,0.296280025173863,0.00936081564592367,27.335719348463,0.351301473859064,1.994146,448.8576,336.478,2.049174,612.712,336.9684,1.988977,437.7459,335.3448,"No issues","No issues","No issues","No issues"
935,100,2025-05-21,2025-05-21 14:53:40,2025-05-21 15:00:10,2025-05-21 14:50:20,40,-0.262538476547962,-2041.98546191369,34.836058536595,0.0148525114730758,0.478916254792471,0.0133461981380641,0.453774742889298,7.57129238788645e-07,0.477789522812081,0.00285669257616578,2.84574830795582,0.40017733786745,1.992012,453.7,335.6667,2.001405,453.7,336.9606,1.989642,438.8919,335.2162,"No issues","No issues","No issues","No issues"
936,110,2025-05-21,2025-05-21 15:06:00,2025-05-21 15:12:30,2025-05-21 15:02:40,40,-0.303127834896695,-1122.65882476549,-61.9170281425897,0.254339216122686,0.274898376646456,0.0488199540079613,0.000906104000598187,0.000515291380513641,0.170650700527028,0.00069344124798332,2.43602091099765,0.365142724798294,1.989268,440.8028,335.2794,1.992238,448.731,336.4394,1.988839,435.6004,334.5358,"No issues","No issues","No issues","No issues"
937,120,2025-05-21,2025-05-21 15:18:20,2025-05-21 15:24:50,2025-05-21 15:15:00,40,-0.18059139962478,-882.472903564749,35.2362866791616,0.114257032118096,0.251902820664215,0.0137591045553669,0.0329026962753555,0.000967991560098852,0.471011038530857,0.000671783476241901,2.03181301981808,0.398571663415773,1.988744,438.2057,335.789,1.99155,447.6566,336.3469,1.988562,436.9529,334.321,"No issues","No issues","No issues","No issues"
938,130,2025-05-21,2025-05-21 15:30:40,2025-05-21 15:37:10,2025-05-21 15:27:20,40,-0.503135729831134,-2268.39341988739,3.07571031896197,0.919043454904196,0.942523700338629,0.000115549750324341,2.41745966509467e-22,3.56182622286198e-25,0.947512187684787,0.000199509226847023,0.74840469888831,0.382257220503381,1.991747,450.0089,335.0107,1.991747,450.0089,335.7875,1.989428,438.88,333.8767,"No issues","No issues","No issues","No issues"
939,140,2025-05-21,2025-05-21 15:43:00,2025-05-21 15:49:30,2025-05-21 15:39:40,40,-0.0544368630393566,-8.65726378987791,-50.4546821763758,0.37615527973245,0.000491614742330238,0.0307440305338133,2.57901670302747e-05,0.891979116129335,0.279167115546651,9.36629059862076e-05,0.521532394307149,0.378495030726706,1.988901,441.1384,335.3045,1.989043,442.4512,335.7995,1.98849,439.8688,334.1232,"No issues","No issues","No issues","No issues"
940,150,2025-05-21,2025-05-21 15:55:20,2025-05-21 16:01:50,2025-05-21 15:52:00,40,0.124022904315292,73.768336210096,-17.353026641652,0.67606775967711,0.0383338348122482,0.00292748381801863,7.72259015253966e-11,0.225979368031586,0.740199046270596,0.000114697443512534,0.493640620301576,0.427869393009719,1.988644,441.2033,334.4833,1.989375,442.7485,336.3818,1.988511,440.4794,334.4833,"No issues","No issues","No issues","No issues"
941,160,2025-05-21,2025-05-21 16:07:40,2025-05-21 16:14:10,2025-05-21 16:04:20,40,-0.0358584315196678,-66.78460637898,57.7088780487845,0.146019154791801,0.0269439120862834,0.0435114367018922,0.0149630983552498,0.311482223393598,0.196463266336962,0.000115859141264052,0.536209924225562,0.361493652957643,1.989386,440.0572,335.1967,1.989488,440.5592,336.2296,1.988976,437.9485,334.7513,"No issues","No issues","No issues","No issues"
942,170,2025-05-21,2025-05-21 16:20:00,2025-05-21 16:26:30,2025-05-21 16:16:40,40,-0.0792553846153038,61.1155181988822,307.887291557224,0.395649928096351,0.0163149259389383,0.517073871987686,1.37949667191751e-05,0.432193553822415,1.72391346200101e-07,0.000130869181966084,0.634025685646405,0.397535286836063,1.988467,441.4448,335.5931,1.988748,442.5343,338.0921,1.98799,439.6712,335.4772,"No issues","No issues","No issues","No issues"
943,180,2025-05-21,2025-05-21 16:32:20,2025-05-21 16:38:50,2025-05-21 16:29:00,40,0.0130215984991005,-163.253772607873,111.210821763594,0.0302556192604984,0.157932386085289,0.166331900506087,0.283079590462766,0.0111085808244918,0.00899418655607855,9.84940009697461e-05,0.503640882634456,0.332640965896858,1.988175,440.6994,335.5618,1.988561,441.1588,336.9481,1.988165,438.9054,335.5618,"No issues","No issues","No issues","No issues"
944,190,2025-05-21,2025-05-21 16:44:40,2025-05-21 16:51:10,2025-05-21 16:41:20,40,0.0461688855534662,-159.239738836775,66.9491392120167,0.22267336094523,0.107490505317273,0.0579714199933741,0.00211203380608819,0.0388973000427024,0.134495334173063,0.000115248929833899,0.613045477871123,0.360570285817393,1.988373,441.8214,336.7062,1.98889,442.0845,337.1756,1.988202,439.6235,335.4098,"No issues","No issues","No issues","No issues"
945,200,2025-05-21,2025-05-21 16:57:00,2025-05-21 17:03:30,2025-05-21 16:53:40,40,0.0733605703564673,324.632600375254,50.8387001876306,0.370702936314999,0.252188929880648,0.0168207515297666,3.06246656104258e-05,0.000960518691940277,0.425085815703637,0.000127701913604558,0.746869857715628,0.519287607545592,1.988434,442.0964,336.5337,1.989173,443.9748,337.8969,1.988434,440.3486,335.3876,"No issues","No issues","No issues","No issues"
946,210,2025-05-21,2025-05-21 17:09:20,2025-05-21 17:15:50,2025-05-21 17:06:00,40,0.0838169155722435,-283.107836397743,-31.5268412757763,0.495132071092337,0.335163849869778,0.0127069678875372,4.0901364501241e-07,9.09267474369075e-05,0.488597156623297,0.000113078464939633,0.532721819186722,0.37128071899038,1.989535,445.4936,336.8734,1.989827,445.6777,337.698,1.989163,443.2672,336.0792,"No issues","No issues","No issues","No issues"
947,220,2025-05-21,2025-05-21 17:21:40,2025-05-21 17:28:10,2025-05-21 17:18:20,40,0.0102099512194533,-1204.27805178241,-124.093904690438,0.0151650224423733,0.785924589132852,0.103837640828667,0.449027637033751,2.75016394184254e-14,0.0425767394748257,0.000109926838336171,0.839729852039839,0.487064256247401,1.989701,446.6974,336.9255,1.989917,447.3562,337.7271,1.989431,441.4416,335.7906,"No issues","No issues","No issues","No issues"
948,230,2025-05-21,2025-05-21 17:34:00,2025-05-21 17:40:30,2025-05-21 17:30:40,40,0.017043332082489,400.989127204514,31.8565553470942,0.0255425158511113,0.432868283642351,0.0146237272041242,0.324579517983447,3.96048014107553e-06,0.457299142214831,0.000140644898658767,0.613220334882131,0.349374088226547,1.989604,447.0256,336.6882,1.990178,449.1073,337.7832,1.989525,444.92,336.2635,"No issues","No issues","No issues","No issues"
949,240,2025-05-21,2025-05-21 17:46:20,2025-05-21 17:52:50,2025-05-21 17:43:00,40,-0.0632316697937612,249.234659662292,-85.7573493433633,0.29342606557699,0.259417619378778,0.104457835855243,0.000306384554216941,0.000789101816334061,0.0419282425386054,0.000131094351012091,0.562620116564785,0.335477750732298,1.990086,445.4834,336.6932,1.990266,448.3464,338.1898,1.989628,445.4834,336.433,"No issues","No issues","No issues","No issues"
950,10,2025-05-21,2025-05-21 17:58:40,2025-05-21 18:05:10,2025-05-21 17:55:20,40,-0.0687504090056403,-246.693559474678,9.63635572236058,0.253785006154481,0.278533132500151,0.00133022565632538,0.000919838126717928,0.000465731636094166,0.823200485335154,0.000157504932216777,0.530453649525875,0.352761339256406,1.989743,447.8299,336.0648,1.989821,447.8299,337.3693,1.989079,444.7745,336.0281,"No issues","No issues","No issues","No issues"
951,20,2025-05-21,2025-05-21 18:11:00,2025-05-21 18:17:30,2025-05-21 18:07:40,40,0.0665442101313034,-156.141091181983,49.8311594746529,0.376774499911962,0.0884822186878958,0.0279180648856407,2.52896367960065e-05,0.062309396295065,0.302771518377528,0.000114343635725604,0.669563308933518,0.392852606466864,1.989069,447.5432,335.9125,1.989635,448.2943,337.1536,1.989032,445.191,335.3938,"No issues","No issues","No issues","No issues"
952,30,2025-05-21,2025-05-21 18:23:20,2025-05-21 18:29:50,2025-05-21 18:20:00,40,0.0536441876172663,-440.945560975613,-46.1975774859559,0.298339329515276,0.49832533226484,0.0295373821615431,0.000266419846157026,3.61502501642033e-07,0.288956440258294,0.000109913452947471,0.591097938364205,0.353787491092885,1.989447,447.0361,336.1961,1.989698,447.2083,336.9547,1.989205,444.1519,335.2538,"No issues","No issues","No issues","No issues"
953,40,2025-05-21,2025-05-21 18:35:40,2025-05-21 18:42:10,2025-05-21 18:32:20,40,-0.00614363977479581,279.194224390247,-29.7719324577853,0.00668565084445826,0.120588805915366,0.00821711129419758,0.61596616349146,0.0281318878484185,0.578020956930209,0.000100050005860122,1.00732310075226,0.436994139173158,1.989169,443.5059,336.1964,1.989412,447.6573,336.7141,1.988966,443.2909,334.9058,"No issues","No issues","No issues","No issues"
954,50,2025-05-21,2025-05-21 18:48:00,2025-05-21 18:54:30,2025-05-21 18:44:40,40,-0.0174437223264044,143.627437148215,824.5288165103,0.0256493061327764,0.0380833359316255,0.862026109070922,0.323556941876671,0.227532212456837,6.24957966654545e-18,0.000143641148884655,0.964402904923316,0.440721208979164,1.989293,446.3631,338.672,1.989644,447.4345,342.2346,1.988951,443.5073,337.0919,"No issues","No issues","No issues","No issues"
955,60,2025-05-21,2025-05-21 19:00:20,2025-05-21 19:06:50,2025-05-21 18:57:00,40,0.00137624015009236,423.194170356464,66.304138086297,0.000156954022525872,0.325912792038704,0.0616156361747567,0.938842128337392,0.000119686268014932,0.122487882200343,0.00014675529507405,0.813142915045236,0.345704802752177,1.989627,446.2097,335.856,1.989894,449.9046,336.5429,1.989079,446.2097,335.1616,"No issues","No issues","No issues","No issues"
956,70,2025-05-21,2025-05-21 19:12:40,2025-05-21 19:19:10,2025-05-21 19:09:20,40,0.0766520375234425,522.379506191346,-56.7774439024615,0.105485335590027,0.609808420689685,0.0320209010894956,0.0408756363850646,2.78081725907253e-09,0.26924647359753,0.000298223084511523,0.55827506996752,0.41707284899,1.990219,447.0586,335.7411,1.99164,449.213,336.834,1.990219,445.8397,334.952,"No issues","No issues","No issues","No issues"
957,80,2025-05-21,2025-05-21 19:25:00,2025-05-21 19:31:30,2025-05-21 19:21:40,40,-3.8426926829268,206.186548592915,108.471876923073,0.813279950006104,0.228001278873783,0.114959267974323,2.01483584731528e-15,0.00183506184853115,0.032336111137976,0.00245997653457732,0.506897143947918,0.402111650088058,2.011532,448.1936,335.7735,2.018159,450.6671,337.1772,1.999591,448.1936,335.3757,"No issues","No issues","No issues","No issues"
958,90,2025-05-21,2025-05-21 19:37:20,2025-05-21 19:43:50,2025-05-21 19:34:00,40,-0.164880540337652,261.375480675414,-47.9943894934516,0.581588450605819,0.206753639171691,0.0263175051910575,1.07114759429496e-08,0.00320169860613978,0.31725151414316,0.000186845745572005,0.684009563395124,0.390028785330413,1.992381,449.616,336.2079,1.992527,451.1198,337.1552,1.991324,447.9104,335.4451,"No issues","No issues","No issues","No issues"
959,100,2025-05-21,2025-05-21 19:49:40,2025-05-21 19:56:10,2025-05-21 19:46:20,40,-0.147619992495195,-144.882506566593,80.4851662288786,0.647035808369738,0.096995571528916,0.0557067670692854,4.02593264998981e-10,0.0504386395529161,0.142590988398872,0.000145668688898586,0.590615450910851,0.442726148188477,1.991392,449.2951,336.5699,1.991685,450.6888,337.6231,1.990623,448.3304,335.2616,"No issues","No issues","No issues","No issues"
960,110,2025-05-21,2025-05-21 20:02:00,2025-05-21 20:08:30,2025-05-21 19:58:40,40,0.2106239099436,-529.331464165113,48.5393741088047,0.0354275060315292,0.418738980088877,0.0263468659989744,0.24478744311855,6.41617850360017e-06,0.316978072768337,0.00146833341871331,0.833223443111175,0.394231833762448,1.990894,443.8665,336.4695,1.996811,444.6118,338.0275,1.990894,440.423,336.1585,"No issues","No issues","No issues","No issues"
961,120,2025-05-21,2025-05-21 20:14:20,2025-05-21 20:20:50,2025-05-21 20:11:00,40,0.0957702664164342,2868.87196097558,36.3278769230997,0.264427115470651,0.93547382054061,0.0268316556597956,0.00068799235048181,3.22042187033022e-24,0.312506251345297,0.000213407866421884,1.00666087369997,0.292300888018722,1.99188,440.0215,337.1577,1.99267,452.5611,337.8799,1.991746,439.707,336.4264,"No issues","No issues","No issues","No issues"
962,130,2025-05-21,2025-05-21 20:26:40,2025-05-21 20:33:10,2025-05-21 20:23:20,40,0.249876742964319,2203.38892908067,33.0823654784247,0.355047989749734,0.890221428961901,0.0153505067325549,4.97875734872533e-05,7.99736607700062e-20,0.446245901800434,0.000449951676363621,1.03376254755596,0.353993994446842,1.994012,445.5681,336.4756,1.995066,455.169,338.0889,1.993089,445.5681,336.4756,"No issues","No issues","No issues","No issues"
963,140,2025-05-21,2025-05-21 20:39:00,2025-05-21 20:45:30,2025-05-21 20:35:40,40,0.396152105065796,-352.621175234535,24.5410041275674,0.950955023439672,0.279636093648122,0.00694959895001246,1.74120228472215e-26,0.000451620248709027,0.609060694941851,0.000120198517597998,0.756149403370686,0.39193853861838,1.996845,453.0873,337.1099,1.998635,453.9932,338.8097,1.996845,450.4047,336.8695,"No issues","No issues","No issues","No issues"
964,150,2025-05-21,2025-05-21 20:51:20,2025-05-21 20:57:50,2025-05-21 20:48:00,40,-0.152727804878119,-226.373349343356,-48.855957973745,0.272665928585253,0.157315272580431,0.0294756791572784,0.000548198487455341,0.0112818066075845,0.289468310008329,0.000333264846383925,0.699990717401958,0.374549050984969,2.000953,449.6962,337.7409,2.001817,451.6308,338.2598,2.000039,448.1339,336.3192,"No issues","No issues","No issues","No issues"
965,160,2025-05-21,2025-05-21 21:03:40,2025-05-21 21:10:10,2025-05-21 21:00:20,40,-0.249059752345322,1242.50729606003,27.7013313320499,0.639056127071406,0.726450211896533,0.0104080946506745,6.1920676569398e-10,3.00800434019695e-12,0.531046656557111,0.000250077001710995,1.01867131736576,0.360880120258889,2.002243,449.951,337.5499,2.002243,454.3023,337.5499,2.000294,447.5985,335.751,"No issues","No issues","No issues","No issues"
966,170,2025-05-21,2025-05-21 21:16:00,2025-05-21 21:22:30,2025-05-21 21:12:40,40,-0.230881711069252,-673.400384240138,20.1355767354549,0.755742187474357,0.522161248553651,0.00460550794491355,3.43305520000808e-13,1.40341862987293e-07,0.677352188804984,0.000175366565783006,0.860659943439372,0.395496631168716,1.999827,451.8717,336.3217,2.000193,451.8717,337.5579,1.998941,446.1216,336.0321,"No issues","No issues","No issues","No issues"
967,180,2025-05-21,2025-05-21 21:28:20,2025-05-21 21:34:50,2025-05-21 21:25:00,40,-0.271828502814255,246.286685178241,27.1696390243953,0.249748507987,0.0454879999676308,0.00732199216988445,0.00102608333176726,0.186372776771525,0.599592067095069,0.000629458122689692,1.50731171729161,0.422662098505902,1.999895,445.3246,336.2066,2.001975,451.1413,337.0487,1.999628,445.3246,335.3186,"No issues","No issues","No issues","No issues"
968,190,2025-05-21,2025-05-21 21:40:40,2025-05-21 21:47:10,2025-05-21 21:37:20,40,0.279161966228886,702.618497560967,-26.2837553471015,0.543343556223255,0.602635545829013,0.00712550198199024,5.82298567424152e-08,3.95235429244078e-09,0.604549324315408,0.000341927199747689,0.762266055822284,0.414521181951705,1.999635,448.3287,336.6909,2.001128,451.3951,336.8318,1.999012,447.0801,335.1466,"No issues","No issues","No issues","No issues"
969,200,2025-05-21,2025-05-21 21:53:00,2025-05-21 21:59:30,2025-05-21 21:49:40,40,0.0305163827391388,1359.7985380863,-24.1388307692343,0.0723708019430818,0.75035862099893,0.00615117762319776,0.0932354131455776,5.21228275872738e-13,0.630484974576238,0.0001459682603273,1.04789624584017,0.409937007147248,1.999957,447.2646,335.702,2.000328,454.4421,337.0891,1.999636,447.2646,335.0498,"No issues","No issues","No issues","No issues"
970,210,2025-05-21,2025-05-21 22:05:20,2025-05-21 22:11:50,2025-05-21 22:02:00,40,-0.0286741013133676,1781.29980337711,-27.8862889305954,0.0364563090111826,0.816191199768621,0.00693430586220207,0.237926849365692,1.4922503766498e-15,0.609456282725164,0.000196951385107308,1.1293903758441,0.445859558739592,1.999941,453.2865,336.1686,2.000117,458.2867,337.2722,1.999388,449.7615,335.3249,"No issues","No issues","No issues","No issues"
971,220,2025-05-21,2025-05-21 22:17:40,2025-05-21 22:24:10,2025-05-21 22:14:20,40,0.311421748592989,683.642674671656,21.8408015009417,0.875138320263647,0.674314742772965,0.00384032883877836,9.30617173273157e-19,8.56686248589739e-11,0.704040169297033,0.000157161093284879,0.634770526445166,0.469968455845197,1.99991,453.3446,336.4348,2.001347,456.8545,337.0518,1.999599,452.7853,335.1081,"No issues","No issues","No issues","No issues"
972,230,2025-05-21,2025-05-21 22:30:00,2025-05-21 22:36:30,2025-05-21 22:26:40,40,0.323287564727922,1460.31213208255,145.5741118199,0.854889626375783,0.858167869745883,0.139919827337265,1.63561944069995e-17,1.05765954069901e-17,0.0174174813391637,0.0001779520816682,0.793170854501894,0.482207380413725,2.00239,453.8211,336.4922,2.004297,460.8539,337.936,2.00239,453.8211,335.8754,"No issues","No issues","No issues","No issues"
973,240,2025-05-21,2025-05-21 22:42:20,2025-05-21 22:48:50,2025-05-21 22:39:00,40,0.174450191369745,-863.186980863008,-90.4588547842559,0.650985779661456,0.588051183243264,0.0761669881128797,3.2417369664368e-10,7.92851290672044e-09,0.084747258462308,0.000170658186715915,0.96524778474463,0.420905207461566,2.004466,458.5637,337.7457,2.004993,460.2831,337.8754,2.003967,454.3294,336.0952,"No issues","No issues","No issues","No issues"
974,10,2025-05-21,2025-05-21 22:54:40,2025-05-21 22:59:50,2025-05-21 22:51:20,32,0.884143108504424,467.188997067471,2.74893255134769,0.861062013416775,0.437891729538501,4.17878609192305e-05,2.1497799743778e-14,3.7183480845346e-05,0.971989386466075,0.000379532789839097,0.565656358814511,0.454426229305518,2.004658,451.7062,337.0615,2.007655,453.7252,338.0869,2.004658,450.4652,336.0045,"No issues","No issues","No issues","No issues"
974,10,2025-05-22,2025-05-21 23:00:00,2025-05-21 23:01:10,2025-05-21 22:51:20,8,-0.725554285713462,-1610.32114285702,-28.2857142855628,0.478966114487749,0.717154074689343,0.00028303384661388,0.0571736636322044,0.00798047328172028,0.968461683188453,0.000200685692125497,0.268192811133033,0.445812666821826,2.007885,454.2201,337.8006,2.008371,454.2201,337.9286,2.007447,452.3171,336.5808,"No issues","No issues","No issues","No issues"
975,20,2025-05-22,2025-05-21 23:07:00,2025-05-21 23:13:30,2025-05-21 23:03:40,40,-0.0707961275797189,379.434110318941,156.319807879905,0.0774807798494155,0.380653907768857,0.225551292048533,0.0820001957022505,2.2358484356517e-05,0.00195776938049245,0.000326377408374125,0.646632891254347,0.386996956118045,2.007608,452.2022,336.641,2.007641,455.756,338.4204,2.006568,452.2022,336.641,"No issues","No issues","No issues","No issues"
976,30,2025-05-22,2025-05-21 23:19:20,2025-05-21 23:25:50,2025-05-21 23:16:00,40,-0.238375654784413,429.238279924963,-21.3934018761951,0.853942162864274,0.466566051421318,0.00538927160869812,1.85187187427695e-17,1.19563726498814e-06,0.652579519742438,0.000131713402671415,0.613199892924877,0.388294509560379,2.005486,456.9789,338.6127,2.00557,460.514,339.0595,2.004127,456.465,337.1341,"No issues","No issues","No issues","No issues"
977,40,2025-05-22,2025-05-21 23:31:40,2025-05-21 23:38:10,2025-05-21 23:28:20,40,-0.108252878048791,912.144819512172,54.0759444652904,0.510768757444938,0.67559396057121,0.0294730256866185,2.2181024163857e-07,7.9426406862852e-11,0.289490347565472,0.000141548166196746,0.844471988510219,0.414586755273993,2.004606,459.1654,338.4396,2.004606,462.4481,339.2749,2.003816,457.7124,337.2537,"No issues","No issues","No issues","No issues"
978,50,2025-05-22,2025-05-21 23:44:00,2025-05-21 23:50:30,2025-05-21 23:40:40,40,-0.620148562851778,-344.896156097618,961.103549718583,0.799346842610351,0.340859074688858,0.896692255163345,7.97281204289892e-15,7.66457219422804e-05,2.51276535998229e-20,0.000415117435793206,0.64078144699634,0.435847720419316,2.00408,458.0461,339.7335,2.00408,458.0627,345.6615,2.000586,454.4335,339.7335,"No issues","No issues","No issues","No issues"
979,60,2025-05-22,2025-05-21 23:56:20,2025-05-22 00:02:50,2025-05-21 23:53:00,40,-0.231592525328381,-523.855762851783,-3.55723227017421,0.794731102037463,0.449504476853504,9.02368015087859e-05,1.23156783783562e-14,2.21156129125892e-06,0.953609212615358,0.00015725189050853,0.774535766225185,0.50028864713389,1.998727,455.7899,338.3046,1.998727,456.4855,338.9615,1.997213,452.3015,337.2954,"No issues","No issues","No issues","No issues"
980,70,2025-05-22,2025-05-22 00:08:40,2025-05-22 00:15:10,2025-05-22 00:05:20,40,-0.214368450281456,1377.55349493434,1.79883827391661,0.683145962599081,0.828345005457896,2.79867612804093e-05,5.0507457035008e-11,4.03956997928368e-16,0.974154889830509,0.000195053435677822,0.837820403357862,0.45428624447338,1.998257,451.6268,337.3695,1.998257,457.5999,338.0714,1.996618,451.3115,336.3807,"No issues","No issues","No issues","No issues"
981,80,2025-05-22,2025-05-22 00:21:00,2025-05-22 00:27:30,2025-05-22 00:17:40,40,-0.182189718574058,-432.949589493422,-7.22453133207456,0.571595979022706,0.382815946520649,0.00121918899654964,1.69067107616876e-08,2.08686192553079e-05,0.830627961899055,0.000210729782096305,0.734462347791788,0.276267070826456,1.997745,456.5967,337.6873,1.997917,457.1837,338.1346,1.996669,453.8299,336.9283,"No issues","No issues","No issues","No issues"
982,90,2025-05-22,2025-05-22 00:33:20,2025-05-22 00:39:50,2025-05-22 00:30:00,40,-0.0736815309569135,-254.561551969997,-51.1573103189417,0.372234100133086,0.303202898489848,0.0490291599573392,2.91861034117526e-05,0.000231806902221413,0.169713945950089,0.000127840744161285,0.515583689305432,0.301012092638273,1.995775,457.6546,336.8312,1.996087,457.9561,337.5962,1.995359,455.1753,336.1148,"No issues","No issues","No issues","No issues"
983,100,2025-05-22,2025-05-22 00:45:40,2025-05-22 00:52:10,2025-05-22 00:42:20,40,-0.0110763827391452,-473.30762926831,30.2442146341449,0.0120972331053896,0.455276250246991,0.0100486156851172,0.49928342277602,1.79980717082692e-06,0.538263833826744,0.000133730939849321,0.691694032465342,0.401066135279821,1.995275,454.6064,337.007,1.995522,455.46,337.3999,1.994975,451.4734,335.5939,"No issues","No issues","No issues","No issues"
984,110,2025-05-22,2025-05-22 00:58:00,2025-05-22 01:04:30,2025-05-22 00:54:40,40,0.259481245778649,-1014.92661613509,67.8997823639619,0.867272720568522,0.767875532345949,0.0668003937253783,2.9833920987829e-18,1.29424931620339e-13,0.107334454721541,0.000135621359610023,0.745537604540924,0.339067380387022,1.996485,452.6168,336.4149,1.997949,453.8288,337.2473,1.996485,448.7808,335.8936,"No issues","No issues","No issues","No issues"
985,120,2025-05-22,2025-05-22 01:10:20,2025-05-22 01:16:50,2025-05-22 01:07:00,40,0.167827542213803,502.350835272046,9.40892757974376,0.739353205608954,0.442632940369991,0.00105953563338266,1.19126879063559e-12,2.81888637485788e-06,0.841956001078232,0.0001331322631662,0.753140112591993,0.385986407609774,1.999281,453.845,336.5645,2.000213,455.9973,337.3928,1.99915,452.075,335.7472,"No issues","No issues","No issues","No issues"
986,130,2025-05-22,2025-05-22 01:22:40,2025-05-22 01:29:10,2025-05-22 01:19:20,40,0.0283012682925714,464.782883302074,-119.672267166994,0.143214244706491,0.293690478047446,0.188310921823651,0.016046361288562,0.00030409497930313,0.00514877188980539,9.24844621095121e-05,0.962991801259891,0.331948325011596,2.000498,453.2275,336.712,2.000827,457.3258,337.4238,2.0004,453.2275,335.8495,"No issues","No issues","No issues","No issues"
987,140,2025-05-22,2025-05-22 01:35:00,2025-05-22 01:41:30,2025-05-22 01:31:40,40,0.0673911894934353,-37.5089470919441,-13.2668577860987,0.374429480307251,0.00383689431035069,0.00149814151690157,2.72355388499073e-05,0.704166543873682,0.812561035945323,0.000116379398408117,0.807476790112353,0.457599940336303,2.000373,452.6057,336.4488,2.001011,454.8907,337.4525,2.000373,451.7015,335.7962,"No issues","No issues","No issues","No issues"
988,150,2025-05-22,2025-05-22 01:47:20,2025-05-22 01:53:50,2025-05-22 01:44:00,40,0.126866971857423,-581.649338836779,63.2228352720509,0.637293354442016,0.6015701399872,0.0423410758727581,6.80130605230825e-10,4.16202659452417e-09,0.202728679704601,0.000127872307393488,0.632432105714304,0.401715251120212,2.001501,454.641,336.7515,2.002145,455.466,337.6066,2.001245,451.4437,335.8392,"No issues","No issues","No issues","No issues"
989,160,2025-05-22,2025-05-22 01:59:40,2025-05-22 02:06:10,2025-05-22 01:56:20,40,0.181104450281397,538.411001876191,-37.0435542213942,0.760973967014305,0.471582023703458,0.0211298047540455,2.26785891037126e-13,9.9434861458683e-07,0.370809801970978,0.000135608430857818,0.761454509281239,0.336858357150983,2.002789,453.0938,337.593,2.003551,457.4578,337.8214,2.002466,452.0591,336.6052,"No issues","No issues","No issues","No issues"
990,170,2025-05-22,2025-05-22 02:12:00,2025-05-22 02:18:30,2025-05-22 02:08:40,40,0.468207759849868,-312.220016510326,91.6073425891157,0.942973852536312,0.246818384466519,0.109682020200534,3.06685976176716e-25,0.00111050075516034,0.0368447916724641,0.000153831638105656,0.728688157363305,0.348702453285591,2.004244,455.9688,337.4893,2.006466,458.5288,338.5314,2.00409,454.7278,336.9047,"No issues","No issues","No issues","No issues"
991,180,2025-05-22,2025-05-22 02:24:20,2025-05-22 02:30:50,2025-05-22 02:21:00,40,0.187859212007542,-82.4611001876325,-17.9405628517989,0.808087331312888,0.035134116991027,0.00400801948952432,3.4032052701339e-15,0.246786560863603,0.697946621854238,0.000122313680874531,0.577348371025157,0.377849575756731,2.008044,454.8839,338.3404,2.008914,456.5969,338.8766,2.007901,454.3387,337.0073,"No issues","No issues","No issues","No issues"
992,190,2025-05-22,2025-05-22 02:36:40,2025-05-22 02:43:10,2025-05-22 02:33:20,40,0.240942529080554,282.771881425898,57.8493388367605,0.839544423354623,0.250965468584028,0.0348112721667696,1.11393244798063e-16,0.000992867886672155,0.249008795384234,0.000140730716323435,0.652679576495919,0.406971914664553,2.009352,453.3007,338.1928,2.010464,456.0345,339.156,2.009291,452.8073,337.1606,"No issues","No issues","No issues","No issues"
993,200,2025-05-22,2025-05-22 02:49:00,2025-05-22 02:55:30,2025-05-22 02:45:40,40,0.0844021013132561,33.7610836773217,-12.3897275797348,0.299479208564478,0.00287852570965163,0.00116036970791672,0.000257889100684862,0.742305845866511,0.834706075238358,0.000172464733628957,0.839508742320544,0.485658858765079,2.010457,454.1603,338.9544,2.010898,454.573,339.6645,2.010091,451.539,337.6407,"No issues","No issues","No issues","No issues"
994,210,2025-05-22,2025-05-22 03:01:20,2025-05-22 03:07:50,2025-05-22 02:58:00,40,-0.0667516998125069,696.47307467165,-63.5500367729919,0.242660931828268,0.69175342292759,0.047405307479646,0.00124183032508519,2.97554019685231e-11,0.177137668158062,0.000157553278847165,0.62115168942941,0.380606558261794,2.009136,452.4852,338.8535,2.009172,455.4637,339.2965,2.00845,450.9944,337.4938,"No issues","No issues","No issues","No issues"
995,220,2025-05-22,2025-05-22 03:13:40,2025-05-22 03:20:10,2025-05-22 03:10:20,40,-0.0523643977485166,604.466395497165,-82.8872645403134,0.290999198627032,0.53489625891872,0.0634945055981081,0.000328185097111782,8.308166178331e-08,0.116749517013173,0.000109202717506495,0.753064481381343,0.425299395548856,2.007744,454.5004,338.2063,2.007977,457.8078,339.2299,2.007464,454.0932,336.8899,"No issues","No issues","No issues","No issues"
996,230,2025-05-22,2025-05-22 03:26:00,2025-05-22 03:32:30,2025-05-22 03:22:40,40,-0.254306161350815,6.76772983118092,-44.4659302063732,0.641734209498024,8.1636369623562e-05,0.0247327294351926,5.3646559356609e-10,0.955873026531898,0.332471018391088,0.000253864412066559,1.0006986413112,0.373055158763091,2.006793,455.5901,338.5406,2.007313,457.2273,338.6544,2.005557,453.525,337.1442,"No issues","No issues","No issues","No issues"
997,240,2025-05-22,2025-05-22 03:38:20,2025-05-22 03:44:50,2025-05-22 03:35:00,40,-0.411849185741092,451.57130206377,-40.031162476531,0.893667383953642,0.277271824234844,0.018273549961814,4.35495825364596e-20,0.000482387423179112,0.40559621039193,0.000189803131529148,0.974049042400368,0.392014247825286,2.001576,453.6692,338.6452,2.002307,457.4151,338.6452,2.000226,452.4836,336.5845,"No issues","No issues","No issues","No issues"
998,10,2025-05-22,2025-05-22 03:50:40,2025-05-22 03:57:10,2025-05-22 03:47:20,40,-0.00857678048786374,132.317061163209,-46.7610416510306,0.0108886098223916,0.054463810849621,0.0255788141822411,0.521663277799405,0.147257325999934,0.324231475585823,0.000109214561143962,0.736581450367659,0.385600154051693,2.000959,479.4076,344.0612,2.000959,481.7945,344.6557,2.000546,478.6101,343.086,"No issues","No issues","No issues","No issues"
999,20,2025-05-22,2025-05-22 04:03:00,2025-05-22 04:09:30,2025-05-22 03:59:40,40,0.0436238949343474,676.847711819881,-121.121939211995,0.208907258202681,0.621965058510441,0.139683616206739,0.00302750289411882,1.51021193614991e-09,0.0175201088840449,0.000113417805624776,0.70500761749464,0.401604937674372,2.000622,452.3452,337.475,2.001106,455.9666,337.8338,2.000513,452.1159,335.891,"No issues","No issues","No issues","No issues"
1000,30,2025-05-22,2025-05-22 04:15:20,2025-05-22 04:21:50,2025-05-22 04:12:00,40,0.00478117823649456,-712.018266416501,90.6126889305896,0.00163637494875447,0.645316269917477,0.0945114067456326,0.804265657458521,4.42083239732825e-10,0.0536433247879733,0.000157782111566293,0.705253626267365,0.374721198819157,2.000892,453.308,336.4408,2.001299,454.5897,337.4545,2.000599,450.742,335.6149,"No issues","No issues","No issues","No issues"
1001,40,2025-05-22,2025-05-22 04:27:40,2025-05-22 04:34:10,2025-05-22 04:24:20,40,0.00228319699805093,388.168615384616,102.927768855533,0.000485989657167588,0.355767133252228,0.181450496239766,0.892595267321389,4.8699799610512e-05,0.00613356243608237,0.000138338856284363,0.69787688091343,0.292075964682061,2.00083,450.2517,336.0185,2.001294,453.1182,337.1125,2.000602,449.3621,336.0185,"No issues","No issues","No issues","No issues"
1002,50,2025-05-22,2025-05-22 04:40:00,2025-05-22 04:46:30,2025-05-22 04:36:40,40,0.0347293958723182,291.153329831141,1519.35883227018,0.114378025118711,0.148826170199361,0.96636665430766,0.0328043735556296,0.0139510502799175,1.33313665175514e-29,0.000129113005364693,0.930274477135419,0.378699113876764,2.00045,447.5826,341.509,2.000912,452.0523,348.1184,2.00029,447.5826,341.1118,"No issues","No issues","No issues","No issues"
1003,60,2025-05-22,2025-05-22 04:52:20,2025-05-22 04:58:50,2025-05-22 04:49:00,40,0.0357433395871694,-399.242890806698,-31.8623099437218,0.117657292481184,0.55435782207609,0.0107671734773283,0.0302483457459539,3.62817494846828e-08,0.524007061269,0.000130774846469252,0.478250146773167,0.408033225927495,2.000324,453.0908,337.5691,2.000727,453.5473,338.2472,1.999898,450.2821,336.2224,"No issues","No issues","No issues","No issues"
1004,70,2025-05-22,2025-05-22 05:04:40,2025-05-22 05:11:10,2025-05-22 05:01:20,40,-0.00902012757985698,243.575459662262,-49.408480300189,0.00766751909553511,0.156041370361825,0.0310754560851936,0.591075325193559,0.0116477997310565,0.276549880226057,0.000137098820005953,0.756822610689486,0.368601913490803,2.000375,454.5475,336.9152,2.000538,457.1637,337.6432,1.999827,453.4168,335.9142,"No issues","No issues","No issues","No issues"
1005,80,2025-05-22,2025-05-22 05:17:00,2025-05-22 05:23:30,2025-05-22 05:13:40,40,0.0308511219511807,332.169744090046,-9.51340187617102,0.124701295735255,0.220796012353984,0.00128064264420607,0.0254087547628638,0.00221891740920872,0.8264754678533,0.000109202728233535,0.833700205732034,0.354946962153805,2.000328,457.0039,337.0462,2.000761,459.1413,338.0723,2.000218,454.8107,336.553,"No issues","No issues","No issues","No issues"
1006,90,2025-05-22,2025-05-22 05:29:20,2025-05-22 05:35:50,2025-05-22 05:26:00,40,-0.070705350844266,-404.23155872418,10.3966919324598,0.489160019997075,0.468328589601328,0.0017320071211473,5.14242390537779e-07,1.12085330971174e-06,0.798742060195393,9.653595794986e-05,0.575435168899606,0.333475381858294,2,455.5482,337.5438,2.000109,456.4965,338.3959,1.999626,452.6906,336.9597,"No issues","No issues","No issues","No issues"
1007,100,2025-05-22,2025-05-22 05:41:40,2025-05-22 05:48:10,2025-05-22 05:38:20,40,0.0177468517823105,682.764490806727,8.47003677298354,0.0361362594386792,0.742847056514516,0.000632760519517729,0.24003653324497,9.19804527372856e-13,0.877553030866345,0.000122455250834106,0.536706480351276,0.449726034580375,1.999823,453.1689,337.8879,2.000059,456.65,339.2686,1.999443,452.341,337.1037,"No issues","No issues","No issues","No issues"
1008,110,2025-05-22,2025-05-22 05:54:00,2025-05-22 06:00:30,2025-05-22 05:50:40,40,-0.10874971857412,-438.098170356454,-31.9923151970018,0.576915241526482,0.292942674238322,0.0117603663127333,1.32773733926742e-08,0.000310613061175773,0.505355087216509,0.000124424439168434,0.909342099680205,0.391819679756714,2.000348,453.5652,338.5094,2.000406,455.833,339.4298,1.999641,451.3857,337.4896,"No issues","No issues","No issues","No issues"
1009,120,2025-05-22,2025-05-22 06:06:20,2025-05-22 06:12:50,2025-05-22 06:03:00,40,0.0796330806755349,93.0173808630175,46.4697455909925,0.443992110900699,0.0220005948186715,0.0228958354429495,2.68739247413493e-06,0.361024055113688,0.351322353569171,0.000119060097444355,0.828583073176379,0.4055854305222,1.999801,454.243,338.5237,2.000302,456.8353,339.4948,1.99963,453.459,337.8,"No issues","No issues","No issues","No issues"
1010,130,2025-05-22,2025-05-22 06:18:40,2025-05-22 06:25:10,2025-05-22 06:15:20,40,-0.0215983789867775,717.643749343325,-7.00099362102783,0.0458659443250101,0.372179983703925,0.00050529880989609,0.184510499543566,2.92358287561363e-05,0.890495029523455,0.000131613534620447,1.24528812166056,0.416002229967567,2.000449,452.7303,338.1322,2.000555,459.1906,339.1482,1.999959,452.7261,337.1148,"No issues","No issues","No issues","No issues"
1011,140,2025-05-22,2025-05-22 06:31:00,2025-05-22 06:37:30,2025-05-22 06:27:40,40,0.052882311444679,-666.118793245782,7.219181988732,0.246259729957613,0.607741012031808,0.000487972814486956,0.00112733689409756,3.07934733406686e-09,0.892377627442045,0.00012360739559498,0.714987966234116,0.436519907839753,2.000473,455.4102,337.7857,2.000737,455.896,338.921,2.000184,451.339,337.1783,"No issues","No issues","No issues","No issues"
1012,150,2025-05-22,2025-05-22 06:43:20,2025-05-22 06:49:50,2025-05-22 06:40:00,40,-0.0207813883676379,-557.715079924972,-39.9980938086551,0.0563419204236459,0.506177555530708,0.0209021821376813,0.140268592590258,2.6597737811082e-07,0.373427074202925,0.00011362814934116,0.735980358422094,0.365743307863882,2.000748,452.0186,337.8747,2.001043,452.0186,338.3259,2.000518,447.1524,336.9285,"No issues","No issues","No issues","No issues"
1013,160,2025-05-22,2025-05-22 06:55:40,2025-05-22 07:02:10,2025-05-22 06:52:20,40,0.0334901313321564,-383.684568855541,-7.89854859287183,0.115485805169242,0.380214265892358,0.000775327748823744,0.0319176825016777,2.26736092390257e-05,0.864574447017891,0.000123829698974157,0.6544866362138,0.378840212315815,2.000787,448.0492,336.5246,2.0013,448.5298,338.1851,2.000688,445.2886,336.4794,"No issues","No issues","No issues","No issues"
1014,170,2025-05-22,2025-05-22 07:08:00,2025-05-22 07:14:30,2025-05-22 07:04:40,40,0.0331716022513744,479.807810881806,27.0354191369497,0.0987882919102431,0.523385052931938,0.00750649678366473,0.0482469624000769,1.33524970370174e-07,0.595013247138853,0.000133858819323992,0.611730805487649,0.415334644072629,2.000907,445.6577,337.5378,2.001116,448.1963,338.3073,2.000539,444.6068,336.0026,"No issues","No issues","No issues","No issues"
1015,180,2025-05-22,2025-05-22 07:20:20,2025-05-22 07:26:50,2025-05-22 07:17:00,40,-0.0015350994370062,-944.091989493426,-124.393548968113,0.000331555221418227,0.85875784957126,0.147239497794677,0.911204783513205,9.7680841972832e-18,0.0145145477121954,0.000112617643283941,0.511541626164315,0.399962338969581,2.000115,445.2142,337.0236,2.000479,445.7349,338.3595,1.999913,441.0907,336.0364,"No issues","No issues","No issues","No issues"
1016,190,2025-05-22,2025-05-22 07:32:40,2025-05-22 07:39:10,2025-05-22 07:29:20,40,0.0927332983113716,-1127.25528855537,-100.351978986871,0.522557587889509,0.867856939220734,0.108248036427501,1.38098738292699e-07,2.7426576891266e-18,0.038175168731545,0.000118426526628138,0.587679117287442,0.384820173727692,2.000199,443.6347,337.1738,2.000563,444.5981,337.7138,1.999833,439.3914,336.1009,"No issues","No issues","No issues","No issues"
1017,200,2025-05-22,2025-05-22 07:45:00,2025-05-22 07:51:30,2025-05-22 07:41:40,40,0.446655579737364,-287.124706941814,51.6738461538531,0.84754023668769,0.397283138305867,0.0381967079096942,4.19882754093013e-17,1.30795605945963e-05,0.226827886097877,0.000253098801110943,0.472494802540657,0.346434246280818,2.000655,443.349,336.3999,2.002483,444.5569,337.5634,2.000512,442.284,336.0259,"No issues","No issues","No issues","No issues"
1018,210,2025-05-22,2025-05-22 07:57:20,2025-05-22 08:03:50,2025-05-22 07:54:00,40,0.179382123827465,698.606652157631,-33.4540637898467,0.742605434559477,0.673336056685472,0.0124950448089408,9.36507382118432e-13,9.07557042583161e-11,0.492268239139454,0.000141097608532818,0.650110600542003,0.397346580470702,2.002044,442.417,336.4009,2.003147,446.2409,337.63,2.002044,442.079,335.6844,"No issues","No issues","No issues","No issues"
1019,220,2025-05-22,2025-05-22 08:09:40,2025-05-22 08:16:10,2025-05-22 08:06:20,40,0.950211151969954,583.55921651032,-62.2341793621148,0.674292499733783,0.110547367686649,0.0325120366785049,8.57811745063752e-11,0.0360645410980017,0.265544937650731,0.000882327275286924,2.21152579032419,0.453575440219579,2.004727,442.8631,337.1014,2.00831,449.3232,337.6966,2.00443,441.7008,335.7602,"No issues","No issues","No issues","No issues"
1020,230,2025-05-22,2025-05-22 08:22:00,2025-05-22 08:28:30,2025-05-22 08:18:40,40,0.496697876172603,-468.660346716684,109.192417260794,0.735653378871394,0.285112680215615,0.139185989264072,1.56075356352572e-12,0.000387413484360821,0.017738268316515,0.000397797852412121,0.991490612057438,0.36280164700975,2.00858,447.0057,336.1829,2.010704,448.9069,337.8292,2.008289,443.9423,336.1829,"No issues","No issues","No issues","No issues"
1021,240,2025-05-22,2025-05-22 08:34:20,2025-05-22 08:40:50,2025-05-22 08:31:00,40,0.0315870619138847,-58.4324983114471,64.1112315196993,0.0785098592261528,0.0116889810952952,0.0376295626131048,0.0799129675799077,0.506657674161983,0.230376914272009,0.000144581373181074,0.71784852467926,0.433172160681463,2.011136,443.7848,337.1168,2.011513,445.7247,338.6144,2.010901,442.5612,336.788,"No issues","No issues","No issues","No issues"
1022,10,2025-05-22,2025-05-22 08:46:40,2025-05-22 08:53:10,2025-05-22 08:43:20,40,-0.0435760750468692,-146.403341088215,-108.689011632246,0.125581604884513,0.1264569484108,0.0768963946301366,0.0248607689342214,0.0243274992793553,0.0832105303209754,0.000153625958230427,0.514092966722691,0.503127134862759,2.011479,443.3589,338.0713,2.011835,443.3679,338.9294,2.011164,441.079,337.0716,"No issues","No issues","No issues","No issues"
1023,20,2025-05-22,2025-05-22 08:59:00,2025-05-22 09:05:30,2025-05-22 08:55:40,40,0.258073395872429,-1009.77949418389,222.178086303953,0.701759070856277,0.788461687389682,0.193738982777409,1.57896015252598e-11,2.18939722265569e-14,0.00448012129032935,0.000224777433040571,0.698796359575274,0.605550562081371,2.012283,441.9875,338.3298,2.013654,442.2022,339.9339,2.012133,437.2716,337.099,"No issues","No issues","No issues","No issues"
1024,30,2025-05-22,2025-05-22 09:11:20,2025-05-22 09:17:50,2025-05-22 09:08:00,40,0.0774349868668199,97.9225666041222,41.0197373358386,0.218882982731307,0.0349258360611281,0.0196406309895302,0.00233319639188117,0.248217511115453,0.388403213855505,0.000195438061335265,0.68771673630031,0.387193158729746,2.0145,443.6775,338.9217,2.015688,445.0799,340.0583,2.0145,441.7991,338.0696,"No issues","No issues","No issues","No issues"
1025,40,2025-05-22,2025-05-22 09:23:40,2025-05-22 09:30:10,2025-05-22 09:20:20,40,-0.329906161350913,-647.066863789882,-9.34108818013187,0.203944540191368,0.340604895014902,0.00137948408139763,0.0034435385651858,7.72345607097448e-05,0.820009688319738,0.000870815025400695,1.20286376783147,0.335783408762962,2.01647,439.7993,338.615,2.019591,441.6967,339.1729,2.016153,436.5433,337.5455,"No issues","No issues","No issues","No issues"
1026,50,2025-05-22,2025-05-22 09:36:00,2025-05-22 09:42:30,2025-05-22 09:32:40,40,0.142822604127634,-209.068385741084,3123.85327429641,0.331649417265483,0.147106855517674,0.977898307226595,0.000100972543957101,0.0145626546979832,4.548672791823e-33,0.000270881508974463,0.672572472090013,0.627446086885677,2.015944,444.0724,346.7525,2.016908,445.0335,361.9626,2.015367,441.9943,346.7525,"No issues","No issues","No issues","No issues"
1027,60,2025-05-22,2025-05-22 09:48:20,2025-05-22 09:54:50,2025-05-22 09:45:00,40,-0.0661259887430218,-305.10960450277,-6.43023489682857,0.120227543525654,0.329586018831819,0.000353934876510485,0.0283845280940945,0.00010735606456771,0.908269220865901,0.000238987529004601,0.581383746810703,0.45657082328959,2.014795,443.8109,339.3347,2.015111,444.7837,339.4707,2.014086,441.6983,337.7251,"No issues","No issues","No issues","No issues"
1028,70,2025-05-22,2025-05-22 10:00:40,2025-05-22 10:07:10,2025-05-22 09:57:20,40,-0.200422874296446,56.582354971837,-119.678345966211,0.661992579300017,0.00938253823812411,0.180588789361407,1.74975665422834e-10,0.552115302682786,0.00626951033820179,0.000191339092315552,0.77677225219347,0.340597144110721,2.014212,442.9177,338.4785,2.014443,444.8535,338.9344,2.013241,441.2145,337.2674,"No issues","No issues","No issues","No issues"
1029,80,2025-05-22,2025-05-22 10:13:00,2025-05-22 10:19:30,2025-05-22 10:09:40,40,-0.389616180112617,-2162.49627917447,26.6946821763375,0.861704539121275,0.928117376031656,0.00660785359254329,6.53335841856995e-18,2.51424364904174e-23,0.618033797108093,0.000208536280520069,0.804054976969023,0.437295266221589,2.013964,446.9366,338.1272,2.014131,446.9366,338.9737,2.012299,436.8587,337.1079,"No issues","No issues","No issues","No issues"
1030,90,2025-05-22,2025-05-22 10:25:20,2025-05-22 10:31:50,2025-05-22 10:22:00,40,-0.174356172607912,-2057.03502889307,-32.1960765478226,0.696232030308837,0.947972700965629,0.0115686013733864,2.24642099969741e-11,5.3529580194546e-26,0.508867176857584,0.000153869018318547,0.643841962255818,0.397608496037142,2.011296,442.3898,337.9172,2.011379,443.357,338.5919,2.0103,434.1376,336.7203,"No issues","No issues","No issues","No issues"
1031,100,2025-05-22,2025-05-22 10:37:40,2025-05-22 10:44:10,2025-05-22 10:34:20,40,-0.84553747091938,-437.658227392118,24.8026356472796,0.961708498348513,0.486916438550591,0.00577852104465543,1.57102805685526e-28,5.60061714729296e-07,0.64107133811371,0.000225414680681822,0.600235662811535,0.434661246276008,2.009815,442.2585,338.0549,2.009815,442.2585,338.9019,2.005984,437.9599,337.1901,"No issues","No issues","No issues","No issues"
1032,110,2025-05-22,2025-05-22 10:50:00,2025-05-22 10:56:30,2025-05-22 10:46:40,40,-0.321522281425893,-151.667094934316,-50.8063609756312,0.89606736687934,0.148292896553077,0.0287975254319195,2.81875231393435e-20,0.0141380001207828,0.295168841492589,0.000146297389116754,0.485619586966197,0.394198766329767,2.002971,438.3693,337.5279,2.003293,438.4984,338.5514,2.001668,436.407,336.8949,"No issues","No issues","No issues","No issues"
1033,120,2025-05-22,2025-05-22 11:02:20,2025-05-22 11:08:50,2025-05-22 10:59:00,40,-0.415264660412823,131.602599624788,19.2059257035943,0.879467608850333,0.0741487897678527,0.0051363932293337,4.74872435792903e-19,0.0891547707213712,0.660324722936516,0.000205393550212824,0.621302212837456,0.357114718925348,2.000134,436.4226,337.168,2.000379,439.0315,337.8442,1.998497,436.3892,336.597,"No issues","No issues","No issues","No issues"
1034,130,2025-05-22,2025-05-22 11:14:40,2025-05-22 11:21:10,2025-05-22 11:11:20,40,0.12311270544087,-1486.32298986869,-56.3298821763769,0.6503109535847,0.895276508703896,0.0444541865674394,3.36454167306041e-10,3.25678848467e-20,0.191575605141247,0.000120615527731777,0.679166917908193,0.348921822561719,1.998007,436.0317,337.2355,1.998856,436.9527,338.4167,1.997993,430.0107,336.9218,"No issues","No issues","No issues","No issues"
1035,140,2025-05-22,2025-05-22 11:27:00,2025-05-22 11:33:30,2025-05-22 11:23:40,40,0.260407654784171,287.906035272028,-54.4949763602163,0.826884819433709,0.491481884129179,0.0277958478361499,4.74887922389598e-16,4.70590218185091e-07,0.303847373013598,0.000159191061913826,0.391264182100915,0.430591158367625,1.998921,437.8321,338.0701,2.000462,438.7651,339.1911,1.998837,436.4532,336.9379,"No issues","No issues","No issues","No issues"
1036,150,2025-05-22,2025-05-22 11:39:20,2025-05-22 11:45:50,2025-05-22 11:36:00,40,0.385253223264652,-422.830658161372,75.038075797376,0.759993988192537,0.584618538535658,0.0874127257365272,2.45267226641183e-13,9.30755996870746e-09,0.0639896808247047,0.000289249175090908,0.476182684513038,0.32393019172703,1.999887,439.9497,338.2002,2.001266,440.786,338.6661,1.999445,437.2413,337.3079,"No issues","No issues","No issues","No issues"
1037,160,2025-05-22,2025-05-22 11:51:40,2025-05-22 11:58:10,2025-05-22 11:48:20,40,-0.481976645403468,-2001.76220938086,15.7883437148218,0.945928159358054,0.933865622090759,0.00333407624555413,1.11454003337845e-25,5.14519297862695e-24,0.723410510616733,0.000153958035425837,0.711711190902135,0.364706480292704,2.000508,438.038,338.5616,2.000509,438.9801,338.8275,1.998153,430.2683,337.2252,"No issues","No issues","No issues","No issues"
1038,170,2025-05-22,2025-05-22 12:04:00,2025-05-22 12:10:30,2025-05-22 12:00:40,40,0.0410870093808401,-440.943858911819,143.06308142587,0.139190136166908,0.492815620089704,0.180466725553159,0.0177364393030269,4.47133637810057e-07,0.00628900324171083,0.000136512929077617,0.597645794040001,0.40731665436719,1.998386,440.6453,338.4616,1.998927,441.7962,339.7397,1.998303,438.2759,337.6906,"No issues","No issues","No issues","No issues"
1039,180,2025-05-22,2025-05-22 12:16:20,2025-05-22 12:22:50,2025-05-22 12:13:00,40,0.084242431519603,-1606.08522326452,-29.0102994371341,0.572149322269116,0.941807687605722,0.00446961473545112,1.64892524527819e-08,4.50804805432668e-25,0.681893621688956,9.73289813697608e-05,0.533384197545082,0.578447958660763,1.999131,432.3519,338.1886,1.999528,433.6254,339.7608,1.998859,425.3432,337.3435,"No issues","No issues","No issues","No issues"
1040,190,2025-05-22,2025-05-22 12:28:40,2025-05-22 12:35:10,2025-05-22 12:25:20,40,0.0878467542214355,-1179.86843076925,-29.1403046904447,0.258543779653381,0.840981280628096,0.00916722576858175,0.000808142545799796,9.38176241281757e-17,0.556734072588722,0.000198756479598681,0.68546361775542,0.404757749912013,1.999869,438.4525,338.607,2.000694,439.245,339.5549,1.999729,433.1867,337.7435,"No issues","No issues","No issues","No issues"
1041,200,2025-05-22,2025-05-22 12:41:00,2025-05-22 12:47:30,2025-05-22 12:37:40,40,0.282441275797498,1059.94206979365,78.8006904315212,0.718269352552993,0.622239635299539,0.0628721191974967,5.29335774529284e-12,1.48920240157194e-09,0.118618016202769,0.00023633139010669,1.10339587282499,0.406462298710451,2.001415,439.4563,339.1087,2.00285,444.5585,340.1779,2.001233,438.3964,338.5359,"No issues","No issues","No issues","No issues"
1042,210,2025-05-22,2025-05-22 12:53:20,2025-05-22 12:59:50,2025-05-22 12:50:00,40,0.198780787992429,1315.07397523453,-16.9777621013152,0.685730477595157,0.727438502519859,0.00283468039926673,4.31528802963832e-11,2.80631913115755e-12,0.744209481127323,0.000179791303402246,1.07548451319873,0.425433654801135,2.002554,442.8582,338.2451,2.003759,448.2581,339.168,2.002425,440.7689,337.4371,"No issues","No issues","No issues","No issues"
1043,220,2025-05-22,2025-05-22 13:05:40,2025-05-22 13:12:10,2025-05-22 13:02:20,40,0.183141253283342,12.9899887429665,45.3617020637928,0.505580318664345,0.000243051309497238,0.0190480007805961,2.72302624986715e-07,0.923933933357789,0.395727592403254,0.000241968506417698,1.1130812680549,0.434919005607463,2.002914,441.4059,337.8196,2.003869,443.5402,339.6779,2.002695,438.8216,337.8196,"No issues","No issues","No issues","No issues"
1044,230,2025-05-22,2025-05-22 13:18:00,2025-05-22 13:24:30,2025-05-22 13:14:40,40,0.868190318949394,1424.66913320824,44.9388607879892,0.119747067831876,0.858883878656384,0.0154737318530641,0.0287240378128709,9.6031395267009e-18,0.444412341964252,0.00314489464767598,0.771533826032736,0.478914565647621,2.003644,440.9279,339.4808,2.020232,446.0647,339.8983,2.002678,439.3064,337.9524,"No issues","No issues","No issues","No issues"
1045,240,2025-05-22,2025-05-22 13:30:20,2025-05-22 13:36:50,2025-05-22 13:27:00,40,5.56240768480295,2165.17548968105,-40.9488180112308,0.413912717934896,0.128576894272398,0.0216501154925284,7.54680468970546e-06,0.0230825212621255,0.364920136741467,0.00884319997605195,7.53088539144399,0.367771632066608,2.024546,444.8344,338.9796,2.05229,496.5501,339.7198,2.013641,442.9594,338.0922,"No issues","No issues","No issues","No issues"
1046,10,2025-05-22,2025-05-22 13:42:40,2025-05-22 13:49:10,2025-05-22 13:39:20,40,-0.00935891932453915,-2550.42271519702,-87.4587647279446,3.12521548466205e-06,0.017816262724774,0.0522303429279776,0.99136212671158,0.411588872753552,0.156065588215247,0.00707302035002046,25.299975430585,0.497752175768814,2.014036,441.7527,338.6167,2.036868,567.782,340.2213,2.009378,436.9828,338.2279,"No issues","No issues","No issues","No issues"
1047,20,2025-05-22,2025-05-22 13:55:00,2025-05-22 14:01:30,2025-05-22 13:51:40,40,2.46496687429658,5734.79230018761,2.10472345213602,0.203897876889105,0.106245696848488,7.8841273179681e-05,0.00344770148705268,0.0401138282450996,0.956634296586806,0.00650742232556404,22.2223998723898,0.316680244325288,2.017681,456.3972,338.9928,2.04015,542.2978,339.7198,2.013754,439.1424,338.2612,"No issues","No issues","No issues","No issues"
1048,30,2025-05-22,2025-05-22 14:07:20,2025-05-22 14:13:50,2025-05-22 14:04:00,40,0.0827284052531873,-1417.76742664167,15.3471849906356,0.000462967705722647,0.025619390266976,0.00327096797823446,0.895155627572679,0.323842984563129,0.725938377626238,0.00513568779493368,11.6816659307989,0.357930743250957,2.024549,471.9443,339.0924,2.045763,506.2392,339.7375,2.021597,454.4825,338.2287,"No issues","No issues","No issues","No issues"
1049,40,2025-05-22,2025-05-22 14:19:40,2025-05-22 14:26:10,2025-05-22 14:16:20,40,-5.12485895684806,-7078.39699812382,28.9147407129038,0.383877446068314,0.198293782439859,0.00938608943480936,2.01722715727629e-05,0.00398473318112896,0.552039721780984,0.00867439189495905,19.0155048660992,0.396870698610551,2.033796,481.7607,339.0875,2.047363,511.9342,339.313,2.012435,441.8438,337.7161,"No issues","No issues","No issues","No issues"
1050,50,2025-05-22,2025-05-22 14:32:00,2025-05-22 14:38:30,2025-05-22 14:28:40,40,-2.03974514071288,-2070.82758123824,1321.02236397748,0.965193925297943,0.738103240920083,0.961788311299093,2.5582283780647e-29,1.3056605579914e-12,1.50990519200268e-28,0.000517506736625804,1.64804973222032,0.351793980866962,2.023271,457.6,343.3525,2.023271,457.908,349.8694,2.01392,447.447,343.3525,"No issues","No issues","No issues","No issues"
1051,60,2025-05-22,2025-05-22 14:44:20,2025-05-22 14:50:50,2025-05-22 14:41:00,40,0.668774093808683,375.632267166955,55.1999549718636,0.476088449978001,0.165273540485962,0.0448543066918943,8.41384661946631e-07,0.00923720125443062,0.189542790956818,0.000937312635562294,1.12785477521068,0.340323020126021,2.0146,445.7186,338.9341,2.017876,448.4391,339.577,2.013992,442.9075,338.0523,"No issues","No issues","No issues","No issues"
1052,70,2025-05-22,2025-05-22 14:56:40,2025-05-22 15:03:10,2025-05-22 14:53:20,40,0.340843947467256,-1684.11779662288,-78.1782213883821,0.873449348618639,0.769623390919995,0.0811611867017151,1.20236404714413e-18,1.11992003065401e-13,0.0747845813353868,0.000173336004902651,1.23104064756177,0.35143994634379,2.01758,448.3163,339.1063,2.018689,449.6027,339.425,2.017089,441.0236,337.7493,"No issues","No issues","No issues","No issues"
1053,80,2025-05-22,2025-05-22 15:09:00,2025-05-22 15:15:30,2025-05-22 15:05:40,40,0.412525148217572,-1526.08295684803,-5.38686979361854,0.774302401449324,0.691339225965109,0.000354651578423647,7.56198535511019e-14,3.05328486423014e-11,0.908176786795301,0.000297562679879134,1.36236390747614,0.382101172963082,2.020126,447.4677,339.0394,2.021735,448.1328,339.6535,2.019875,437.9661,337.8286,"No issues","No issues","No issues","No issues"
1054,90,2025-05-22,2025-05-22 15:21:20,2025-05-22 15:27:50,2025-05-22 15:18:00,40,-0.141868637898683,135.99992195124,0.811560225138405,0.10852360693367,0.0711460750857011,8.88547307131788e-06,0.0379158238091275,0.0961593423231605,0.985435616256701,0.000543249179635776,0.656533305726872,0.363746156728991,2.023358,445.3487,339.2612,2.024693,447.1868,340.1826,2.02303,444.3285,338.6679,"No issues","No issues","No issues","No issues"
1055,100,2025-05-22,2025-05-22 15:33:40,2025-05-22 15:40:10,2025-05-22 15:30:20,40,0.189100908067621,-485.915058911806,132.08314896809,0.632826002393848,0.365253299884895,0.120696812171144,8.61030886709147e-10,3.63136628776365e-05,0.0280567914580232,0.000192445287953635,0.855821862361674,0.476308908896322,2.022644,444.9689,338.8593,2.023833,446.8008,341.1662,2.022555,442.6254,338.8001,"No issues","No issues","No issues","No issues"
1056,110,2025-05-22,2025-05-22 15:46:00,2025-05-22 15:52:30,2025-05-22 15:42:40,40,0.323023339587334,-544.25272795498,84.8899452157671,0.920461616615015,0.705251043867248,0.062170264731036,1.7266865954493e-22,1.25945302485321e-11,0.120763337049178,0.000126864264941152,0.47008322103315,0.44050085999434,2.024694,444.0877,339.0914,2.026203,444.5492,341.1755,2.024694,441.2723,339.0914,"No issues","No issues","No issues","No issues"
1057,120,2025-05-22,2025-05-22 15:58:20,2025-05-22 16:04:50,2025-05-22 15:55:00,40,-0.00317232270158727,208.736483302042,23.7669703564637,0.000854607496229532,0.0983424531704216,0.0068379549895566,0.857886470698545,0.0487828568225382,0.611961232508742,0.000144919965344668,0.844439463153682,0.382684285721622,2.025874,440.1736,340.0313,2.025874,442.6304,341.1993,2.025216,438.1249,339.6737,"No issues","No issues","No issues","No issues"
1058,130,2025-05-22,2025-05-22 16:10:40,2025-05-22 16:17:10,2025-05-22 16:07:20,40,0.0664672120075216,6.45333433399583,-72.1311129456123,0.2731322514653,7.53626830316065e-05,0.0339318617729322,0.000541162294592374,0.957600882417909,0.25518382153257,0.000144866689680833,0.993137751434662,0.514212387197493,2.025961,439.4614,342.2337,2.026584,444.4435,342.2337,2.025894,439.4614,339.7924,"No issues","No issues","No issues","No issues"
1059,140,2025-05-22,2025-05-22 16:23:00,2025-05-22 16:29:30,2025-05-22 16:19:40,40,-0.366579151969961,-89.6163332082671,533.165241275805,0.79670445275917,0.0263078067506638,0.697543999894989,1.02386400846442e-14,0.317341903231538,2.06725745406814e-11,0.000247401848144468,0.728409429038855,0.469058481795189,2.030594,440.2867,343.4636,2.030826,440.5202,345.4647,2.028684,437.1794,342.1299,"No issues","No issues","No issues","No issues"
1060,150,2025-05-22,2025-05-22 16:35:20,2025-05-22 16:41:50,2025-05-22 16:32:00,40,0.219816675422111,502.910895309557,-210.931740337732,0.604978665626146,0.384877167463043,0.386748192786323,3.52595940878683e-09,1.9536758704352e-05,1.83983239256865e-05,0.000237312572716583,0.849436191667067,0.354868192239539,2.028057,439.3819,346.0097,2.029008,442.6797,346.8441,2.027779,437.9453,344.9145,"No issues","No issues","No issues","No issues"
1061,160,2025-05-22,2025-05-22 16:47:40,2025-05-22 16:54:10,2025-05-22 16:44:20,40,0.619957283301995,-684.287351594739,-157.018464540326,0.929827240643915,0.557486385499823,0.262918313769062,1.58992638214048e-23,3.1654361282526e-08,0.000717055867521984,0.000227543679913855,0.814525273625223,0.351251335163609,2.030897,440.2038,345.6864,2.033815,440.5734,346.3117,2.030897,436.2998,344.5064,"No issues","No issues","No issues","No issues"
1062,170,2025-05-22,2025-05-22 17:00:00,2025-05-22 17:06:30,2025-05-22 16:56:40,40,0.263930116322629,1096.65339737336,248.92869343341,0.852377264358349,0.779383080598796,0.359631539408526,2.2694762788449e-17,4.89136171764463e-14,4.32323784256994e-05,0.000146747094588564,0.779530614597807,0.443793469200062,2.034921,439.1234,344.8028,2.036159,443.8031,347.2123,2.034601,438.5038,344.7496,"No issues","No issues","No issues","No issues"
1063,180,2025-05-22,2025-05-22 17:12:20,2025-05-22 17:18:50,2025-05-22 17:09:00,40,-0.166786041275814,-965.992201125724,-330.416294183842,0.704570566155978,0.873064143242026,0.55893508127924,1.31645390132687e-11,1.27410469638834e-18,2.97069468451869e-08,0.000144292646838016,0.492110430076614,0.392149708218242,2.035363,443.9499,345.9202,2.035446,444.4119,345.9202,2.034491,439.3585,343.1629,"No issues","No issues","No issues","No issues"
1064,190,2025-05-22,2025-05-22 17:24:40,2025-05-22 17:31:10,2025-05-22 17:21:20,40,0.112965973733565,-971.039873921203,-183.581682551633,0.477558905474392,0.744781583979028,0.330971769737006,7.96517343309952e-07,7.95897170351165e-13,0.000103027855137064,0.000157860221474258,0.759448746974501,0.348719278935211,2.034217,440.7566,343.1109,2.034948,441.3923,343.1109,2.034134,436.3417,341.6287,"No issues","No issues","No issues","No issues"
1065,200,2025-05-22,2025-05-22 17:37:00,2025-05-22 17:43:30,2025-05-22 17:33:40,40,0.0176317598498609,-104.246625140709,4.19039999999441,0.0152118561317722,0.0918922565087128,0.000155994151363499,0.44832277605827,0.057246355356594,0.939029073372771,0.000189537797370959,0.437835631364584,0.448215956334111,2.034756,438.2564,341.4693,2.035491,439.079,342.3407,2.034756,437.0077,340.2221,"No issues","No issues","No issues","No issues"
1066,210,2025-05-22,2025-05-22 17:49:20,2025-05-22 17:55:50,2025-05-22 17:46:00,40,0.228471264540251,530.860890056301,-129.627881425891,0.660050290809669,0.447372975757491,0.157529797676775,1.95366668657976e-10,2.3851637063949e-06,0.011221291019711,0.000219063627752879,0.788282315186487,0.400510776867964,2.036701,439.3665,340.3151,2.037583,442.0817,340.6638,2.036239,437.8701,338.8911,"No issues","No issues","No issues","No issues"
1067,220,2025-05-22,2025-05-22 18:01:40,2025-05-22 18:08:10,2025-05-22 17:58:20,40,-0.326420172607912,-508.568960600379,12.2978161350639,0.873046678505755,0.517811188289188,0.00235450593880359,1.27745158858078e-18,1.67349794770653e-07,0.766213248119947,0.000166303028530254,0.655680950675572,0.338209723651071,2.037205,440.8728,340.4151,2.037205,442.1748,341.1373,2.03553,438.4396,339.9018,"No issues","No issues","No issues","No issues"
1068,230,2025-05-22,2025-05-22 18:14:00,2025-05-22 18:20:30,2025-05-22 18:10:40,40,0.0579795872419704,-58.3994296435487,151.79191294558,0.181258242514148,0.0209207841548374,0.226994940290197,0.00616364280898114,0.373212237806093,0.00188453888471575,0.00016463401653964,0.53376292957481,0.374241185664134,2.035406,441.5883,339.9406,2.035678,442.1516,341.5221,2.034904,440.0902,339.7866,"No issues","No issues","No issues","No issues"
1069,240,2025-05-22,2025-05-22 18:26:20,2025-05-22 18:32:50,2025-05-22 18:23:00,40,-0.115040060037582,426.552747467173,39.3721395872445,0.391326140840946,0.406612742532351,0.0170048547829643,1.5873518149137e-05,9.62417384513631e-06,0.422541577042955,0.000191686647231862,0.688448131721401,0.399943004869497,2.036204,441.3666,340.753,2.036746,444.4142,341.8266,2.035655,440.4011,339.8456,"No issues","No issues","No issues","No issues"
1070,10,2025-05-22,2025-05-22 18:38:40,2025-05-22 18:45:10,2025-05-22 18:35:20,40,0.157678378986925,256.394188367702,20.4408135084587,0.306161211862763,0.274168568680507,0.00519915181772043,0.000212905998295119,0.000525834650681388,0.658381753531799,0.000317136490718661,0.557361666849002,0.37776338922448,2.034889,444.8714,340.9518,2.036352,446.7455,341.61,2.034889,443.6131,339.9468,"No issues","No issues","No issues","No issues"
1071,20,2025-05-22,2025-05-22 18:51:00,2025-05-22 18:57:30,2025-05-22 18:47:40,40,0.122851722326559,-216.665020637915,53.8070183864665,0.330010746330202,0.127597163071958,0.0358730138380597,0.000106011343795953,0.0236498390971276,0.24178830571941,0.00023386810311116,0.756914272074708,0.372685057544199,2.036259,450.6728,341.1778,2.036704,452.5132,342.0829,2.035445,448.386,340.4333,"No issues","No issues","No issues","No issues"
1072,30,2025-05-22,2025-05-22 19:03:20,2025-05-22 19:09:50,2025-05-22 19:00:00,40,0.0575832495309292,432.944078048772,42.8885223264503,0.132739134586845,0.265519919014674,0.020896538130526,0.0208187826767217,0.000667652203649301,0.373492290791356,0.000196648853852163,0.962039995545217,0.392227528120359,2.036214,452.2738,341.0337,2.037066,455.8151,342.2442,2.036214,451.1612,340.5768,"No issues","No issues","No issues","No issues"
1073,40,2025-05-22,2025-05-22 19:15:40,2025-05-22 19:22:10,2025-05-22 19:12:20,40,0.675241936210121,332.037307317076,37.8004052532742,0.808232560625152,0.277619105640597,0.0183405134463924,3.35432191390657e-15,0.000477745365133956,0.404729175442387,0.000439438937793715,0.715591543771352,0.369480064998038,2.0366,453.9434,341.3246,2.039346,455.428,342.3882,2.03658,452.0186,340.6412,"No issues","No issues","No issues","No issues"
1074,50,2025-05-22,2025-05-22 19:28:00,2025-05-22 19:34:30,2025-05-22 19:24:40,40,0.259298881801173,-290.420631894936,169.753224765484,0.869283589823119,0.337019985299576,0.171991714751928,2.22979208831184e-18,8.6014077955767e-05,0.00779678866111228,0.0001343398397606,0.544214016690412,0.497624183061719,2.04042,458.0131,342.0483,2.041691,458.9525,343.5222,2.040201,456.2851,341.3131,"No issues","No issues","No issues","No issues"
1075,60,2025-05-22,2025-05-22 19:40:20,2025-05-22 19:46:50,2025-05-22 19:37:00,40,0.114647774859228,-561.787875422143,60.4063249530864,0.306209577558767,0.288425065919731,0.0405910513343007,0.000212609602452715,0.000352930584127352,0.212526858123403,0.000230563343530431,1.17892465072809,0.392363873597849,2.04278,462.097,341.287,2.04385,462.771,342.7107,2.042545,458.0767,340.8746,"No issues","No issues","No issues","No issues"
1076,70,2025-05-22,2025-05-22 19:52:40,2025-05-22 19:59:10,2025-05-22 19:49:20,40,0.85050749718574,-393.435368105062,-139.372601876173,0.954432985944549,0.0562374363543325,0.110724819770775,4.29697285312792e-27,0.140647800650002,0.0359065949483428,0.000248285054362828,2.15333639417122,0.527707016551056,2.042858,469.3765,341.4294,2.045836,474.9062,342.6626,2.042007,466.9288,340.1902,"No issues","No issues","No issues","No issues"
1077,80,2025-05-22,2025-05-22 20:05:00,2025-05-22 20:11:30,2025-05-22 20:01:40,40,0.0890454934333983,932.613595497205,-26.391471669792,0.412636343617112,0.290944640913856,0.00891744997840936,7.87615735993802e-06,0.00032869187478937,0.562183611341405,0.000141938956569772,1.94516523700255,0.371721814752228,2.046203,469.3248,341.8254,2.046938,477.4867,342.1423,2.046103,467.1111,340.4871,"No issues","No issues","No issues","No issues"
1078,90,2025-05-22,2025-05-22 20:17:20,2025-05-22 20:23:50,2025-05-22 20:14:00,40,0.530568945590939,893.86822063791,-1.71576135083993,0.485910275245381,0.539535817985378,2.28961764088811e-05,5.81847856225874e-07,6.84011178175435e-08,0.976622567547571,0.000729126887449553,1.10326832501,0.479060423304187,2.048449,480.1781,340.9165,2.051942,483.5889,342.203,2.048304,476.9443,340.0021,"No issues","No issues","No issues","No issues"
1079,100,2025-05-22,2025-05-22 20:29:40,2025-05-22 20:36:10,2025-05-22 20:26:20,40,0.0847036097561137,219.989151219505,-44.7087579737234,0.0560529617790863,0.0497241709856526,0.0300952540277075,0.141320032634447,0.166642539581854,0.284378881625192,0.00046440439015093,1.28487889697301,0.339100169630957,2.050434,478.1174,340.5804,2.052158,483.4189,341.6604,2.050434,476.7991,340.0515,"No issues","No issues","No issues","No issues"
1080,110,2025-05-22,2025-05-22 20:42:00,2025-05-22 20:48:30,2025-05-22 20:38:40,40,-0.40674704690432,-2469.18823564728,-56.9646709193009,0.724711187981697,0.87190098578828,0.0225669280049631,3.39669024456695e-12,1.51616409589925e-18,0.354845753817513,0.000334931560372711,1.26448410640535,0.500878917620737,2.052685,490.7369,339.9903,2.052685,490.7369,342.2614,2.049786,475.3687,339.8863,"No issues","No issues","No issues","No issues"
1081,120,2025-05-22,2025-05-22 20:54:20,2025-05-22 21:00:50,2025-05-22 20:51:00,40,-0.155035317073171,-847.318964352733,-4.01630318949299,0.586220302287387,0.518069250958094,0.000228980076798204,8.63789548524934e-09,1.65618590915378e-07,0.926162419849696,0.000174022205970245,1.09185559365201,0.354566565061485,2.048398,470.0781,341.1427,2.048976,472.6626,341.5828,2.048078,466.6282,340.0703,"No issues","No issues","No issues","No issues"
1082,130,2025-05-22,2025-05-22 21:06:40,2025-05-22 21:13:10,2025-05-22 21:03:20,40,0.236975909943746,280.178341463401,102.342177861172,0.551078456355164,0.0616243692105882,0.1250736214342,4.18185436351889e-08,0.122460525309913,0.0251755376201003,0.00028576074741081,1.46071854651837,0.361640793782835,2.048687,478.3529,339.3194,2.049605,479.5192,341.3354,2.048049,473.841,339.3194,"No issues","No issues","No issues","No issues"
1083,140,2025-05-22,2025-05-22 21:19:00,2025-05-22 21:25:30,2025-05-22 21:15:40,40,-0.457105440900543,-813.110724202632,662.136693433415,0.896442896946175,0.315900268242582,0.799054826290509,2.6308872018507e-20,0.000160555545093512,8.19758823228398e-15,0.000207570144798629,1.59865322511634,0.443627053325368,2.051046,487.17,340.5639,2.051101,487.17,344.5165,2.04873,478.7409,340.5639,"No issues","No issues","No issues","No issues"
1084,150,2025-05-22,2025-05-22 21:31:20,2025-05-22 21:37:50,2025-05-22 21:28:00,40,0.116528150093797,2105.19613958724,27.826392495302,0.351641981742628,0.663948333224395,0.00768086873427521,5.52623989854426e-05,1.56494568191723e-10,0.590751227972478,0.000211401372201971,2.00100565380112,0.422568659377291,2.048211,475.9402,345.8043,2.048397,482.5169,346.7769,2.047328,472.2084,344.9925,"No issues","No issues","No issues","No issues"
1085,160,2025-05-22,2025-05-22 21:43:40,2025-05-22 21:50:10,2025-05-22 21:40:20,40,0.1938164352721,-1026.24136885555,28.8122116322805,0.731588182250276,0.760474044624603,0.00735487960129302,2.09116564688668e-12,2.36042309351509e-13,0.598770590419362,0.000156847623890491,0.769490879158067,0.447204005346218,2.04819,477.3046,345.9243,2.04973,478.2197,347.2308,2.04819,472.7509,345.4565,"No issues","No issues","No issues","No issues"
1086,170,2025-05-22,2025-05-22 21:56:00,2025-05-22 22:02:30,2025-05-22 21:52:40,40,0.174510168855705,403.409137711053,165.975453658534,0.17101449752546,0.0342932815181279,0.214193089489416,0.00799179393951945,0.252624172205933,0.00263792297437681,0.000513331137700137,2.86011635713343,0.424735855611182,2.051215,477.7089,346.3204,2.053176,490.6548,348.1525,2.050933,477.7089,345.5899,"No issues","No issues","No issues","No issues"
1087,180,2025-05-22,2025-05-22 22:08:20,2025-05-22 22:14:50,2025-05-22 22:05:00,40,-0.029059091932208,758.685856660395,-155.728138086297,0.0102202525669411,0.368026730924073,0.123714303014158,0.534796203632309,3.3302936050646e-05,0.0260374130346939,0.000382067742822697,1.32828579122709,0.553732306869415,2.051156,477.7261,346.404,2.052413,482.4934,347.2389,2.050764,475.5537,344.7539,"No issues","No issues","No issues","No issues"
1088,190,2025-05-22,2025-05-22 22:20:40,2025-05-22 22:27:10,2025-05-22 22:17:20,40,0.307204682926755,885.659329080654,-214.454120825547,0.498050389505396,0.410363277987609,0.232876168235202,3.65377159931106e-07,8.49688493410834e-06,0.00161258664090369,0.000412041649194186,1.41838648481892,0.520025303748432,2.049843,476.6383,344.7738,2.051724,479.9342,345.5762,2.049584,472.9488,343.1359,"No issues","No issues","No issues","No issues"
1089,200,2025-05-22,2025-05-22 22:33:00,2025-05-22 22:39:30,2025-05-22 22:29:40,40,0.108064840525292,2643.55689005628,-84.1639744840494,0.0520726260834866,0.760915642585725,0.066156608525544,0.156709002935265,2.27847798313084e-13,0.109102890480743,0.000616009025904114,1.97977507582889,0.42247061860309,2.053298,488.4004,343.9136,2.054508,499.1523,344.4718,2.052353,486.3921,342.7403,"No issues","No issues","No issues","No issues"
1090,210,2025-05-22,2025-05-22 22:45:20,2025-05-22 22:51:50,2025-05-22 22:42:00,40,-0.420350589118247,-1453.07609155722,-371.458563602262,0.871710817754159,0.213897747261055,0.639750895406102,1.55966612045999e-18,0.00265834847210245,5.96648503597591e-10,0.000215446938641722,3.7217280746573,0.372414211245518,2.055421,493.4216,337.4209,2.055533,498.755,337.7566,2.053209,484.1598,335.2137,"No issues","No issues","No issues","No issues"
1091,220,2025-05-22,2025-05-22 22:57:40,2025-05-22 22:59:50,2025-05-22 22:54:20,14,-0.11442778022029,-153.313476923177,13.38345494505,0.11615824071268,0.00443552724393703,0.000277431075637166,0.233081476630604,0.821038097353389,0.954931818850938,0.000147267413407712,1.07165585882119,0.374837797024922,2.050448,479.6064,342.0399,2.05055,479.6064,342.4999,2.050016,474.999,341.2587,"No issues","No issues","No issues","No issues"
1091,220,2025-05-23,2025-05-22 23:00:00,2025-05-22 23:04:10,2025-05-22 22:54:20,26,0.104193969230716,-3707.20689230768,-204.532283076912,0.118845934604455,0.69330831922568,0.0731025968930191,0.0845797723532662,1.31871864647389e-07,0.18158737666856,0.000246277004766827,2.14033688986809,0.632206296962895,2.050222,478.9294,341.2212,2.050755,482.7841,342.769,2.04979,471.5752,340.4581,"No issues","No issues","No issues","No issues"
1092,230,2025-05-23,2025-05-22 23:10:00,2025-05-22 23:16:30,2025-05-22 23:06:40,40,0.109762041275795,911.632498311443,-82.0409335834964,0.374528348467025,0.689914842545492,0.0498569406232165,2.71506905625888e-05,3.33561232731869e-11,0.166062818934873,0.000189510601105915,0.816549299068457,0.478500226411384,2.050781,470.0703,340.5398,2.05142,476.5087,342.2006,2.050577,470.0703,339.8094,"No issues","No issues","No issues","No issues"
1093,240,2025-05-23,2025-05-22 23:22:20,2025-05-22 23:28:50,2025-05-22 23:19:00,40,-0.202141148217639,2386.47158273919,-29.7732292683135,0.386652696718171,0.724379267016904,0.00769750579102886,1.84548632991617e-05,3.47609757093511e-12,0.590347823809345,0.000340147515361921,1.96674959571571,0.451640456210116,2.050723,473.3378,340.8218,2.052098,488.5156,341.3018,2.050269,473.3378,339.4551,"No issues","No issues","No issues","No issues"
1094,10,2025-05-23,2025-05-22 23:34:40,2025-05-22 23:41:10,2025-05-22 23:31:20,40,0.133099767354612,751.84331707315,-73.0844307692341,0.152446899826963,0.25127487137629,0.0661251522272086,0.0127443424515733,0.000984589457051716,0.109190083595791,0.000419296582481573,1.73393927981439,0.366949019846551,2.0509,482.0917,340.2313,2.052675,487.2808,340.9039,2.050749,480.0257,339.3768,"No issues","No issues","No issues","No issues"
1095,20,2025-05-23,2025-05-22 23:47:00,2025-05-22 23:53:30,2025-05-22 23:43:40,40,0.235877673546046,1331.81271894937,39.8281305815874,0.371472133221617,0.812918560127533,0.0193847039564537,2.9893733309945e-05,2.09067068542054e-15,0.391542727891925,0.000409926364506573,0.85360088518068,0.378468321350424,2.051525,474.0324,339.5834,2.053551,480.721,340.5496,2.051298,473.1619,338.8722,"No issues","No issues","No issues","No issues"
1096,30,2025-05-23,2025-05-22 23:59:20,2025-05-23 00:05:50,2025-05-22 23:56:00,40,0.493277538461478,2161.37964427767,28.1601590994419,0.708500097696262,0.694328962400496,0.00746576908785218,1.01809398725299e-11,2.53267094348589e-11,0.596017782083187,0.00042272745606999,1.91599966283568,0.433800892085564,2.053629,482.0562,339.4695,2.05608,490.0471,340.6979,2.053221,479.4697,338.8622,"No issues","No issues","No issues","No issues"
1097,40,2025-05-23,2025-05-23 00:11:40,2025-05-23 00:18:10,2025-05-23 00:08:20,40,-0.185383924952999,263.575519699798,-22.9348232645414,0.293060009604271,0.0438176176658441,0.0045423583885196,0.00030958155007381,0.19486059106392,0.67945275054623,0.000384684718363301,1.64501902818527,0.453613486520533,2.054198,493.2247,341.0872,2.054943,495.7176,341.0872,2.052921,488.5987,338.6552,"No issues","No issues","No issues","No issues"
1098,50,2025-05-23,2025-05-23 00:24:00,2025-05-23 00:30:30,2025-05-23 00:20:40,40,0.0126155347090955,1275.27518499062,334.207195497169,0.00230735552460254,0.480590595037628,0.589498124627196,0.7685011049454,7.11092242527898e-07,7.407401506937e-09,0.000350482756455656,1.77129560962496,0.372607868030393,2.052933,474.6386,339.805,2.053242,479.1764,341.722,2.052024,470.8082,339.2203,"No issues","No issues","No issues","No issues"
1099,60,2025-05-23,2025-05-23 00:36:20,2025-05-23 00:42:50,2025-05-23 00:33:00,40,0.0120765478423433,-781.002344465323,21.6025936210274,0.00629131102485786,0.503929269701424,0.00528189236847722,0.626605518744048,2.90541371938262e-07,0.655841333580931,0.000202778374893804,1.03528331158005,0.396078255636421,2.053126,476.1346,339.5315,2.05389,476.5773,340.2715,2.052925,470.3624,338.6774,"No issues","No issues","No issues","No issues"
1100,70,2025-05-23,2025-05-23 00:48:40,2025-05-23 00:55:10,2025-05-23 00:45:20,40,-0.439784105065731,24.1831654783922,57.5530176360084,0.821861160802174,0.00110341344647445,0.0447573830115015,8.20128540521304e-16,0.838758976569183,0.190032973184036,0.000273551736208591,0.972129545150492,0.355232316790726,2.056536,472.7383,338.8276,2.056898,473.7103,340.0524,2.054552,469.6795,338.6458,"No issues","No issues","No issues","No issues"
1101,80,2025-05-23,2025-05-23 01:01:00,2025-05-23 01:07:30,2025-05-23 00:57:40,40,0.870973598499101,-2489.77226566601,-6.43161275796264,0.941702462263233,0.90452411798672,0.000439271583756212,4.66572207065508e-25,5.59528523758664e-21,0.897859504567641,0.00028952969316979,1.08072763088674,0.409899880659251,2.055548,482.3397,339.5375,2.059143,483.5995,340.4907,2.055548,472.5858,338.9112,"No issues","No issues","No issues","No issues"
1102,90,2025-05-23,2025-05-23 01:13:20,2025-05-23 01:19:50,2025-05-23 01:10:00,40,-0.118464450281544,1233.39939061914,25.871855909937,0.16863001443692,0.737610204171071,0.00941218596425359,0.0084877954310248,1.3535848069717e-12,0.551484891053684,0.000351429036605939,0.982841777324981,0.354608132256749,2.062962,473.8407,339.9033,2.063012,479.7561,340.473,2.061548,472.606,338.8902,"No issues","No issues","No issues","No issues"
1103,100,2025-05-23,2025-05-23 01:25:40,2025-05-23 01:32:10,2025-05-23 01:22:20,40,1.2151284652908,849.478234896806,55.0094048780592,0.884268220823971,0.457262714427215,0.0572647272480372,2.18821078834644e-19,1.67581304075121e-06,0.136966998448736,0.000587322132711437,1.23647134585352,0.29820031163693,2.062717,474.9724,339.9598,2.068842,480.7334,340.6918,2.062717,474.1568,339.2251,"No issues","No issues","No issues","No issues"
1104,110,2025-05-23,2025-05-23 01:38:00,2025-05-23 01:44:30,2025-05-23 01:34:40,40,0.510339512195115,3000.59216510316,-67.3173523452186,0.318532069681724,0.909614254599759,0.060921555991953,0.000148678396920643,1.97055736582682e-21,0.124683149524065,0.000997298556054595,1.26371220658298,0.35311188488524,2.083331,482.0942,340.374,2.087893,495.9879,340.9454,2.083331,481.4648,339.4137,"No issues","No issues","No issues","No issues"
1105,120,2025-05-23,2025-05-23 01:50:20,2025-05-23 01:56:50,2025-05-23 01:47:00,40,-1.30066122326474,-524.837691557245,563.093034146361,0.342137226169206,0.500658458919717,0.794551450366634,7.3749161839851e-05,3.30159048510107e-07,1.25234239706284e-14,0.00240963659428957,0.70028198242201,0.382552063313502,2.095781,494.5171,339.8931,2.10127,494.5171,342.7715,2.0909,489.8018,339.6084,"No issues","No issues","No issues","No issues"
1106,130,2025-05-23,2025-05-23 02:02:40,2025-05-23 02:09:10,2025-05-23 01:59:20,40,3.2387907242027,545.225660037514,-60.8063909943824,0.98203007600974,0.17990218278122,0.0432600957819735,8.89834208570667e-35,0.00637992699110242,0.19779004654809,0.000585347110439425,1.55528779850452,0.382051843713787,2.086229,493.5974,340.6018,2.100959,495.127,341.3358,2.086229,489.1829,339.5049,"No issues","No issues","No issues","No issues"
1107,140,2025-05-23,2025-05-23 02:15:00,2025-05-23 02:21:30,2025-05-23 02:11:40,40,5.76855921951224,-3749.30400900564,360.107662288959,0.930777363569497,0.909099654554595,0.561724861532086,1.22653263364592e-23,2.19559124736336e-21,2.62728692637215e-08,0.00210178546041593,1.5839721561071,0.424975431516164,2.108696,495.4594,340.0579,2.131259,498.034,343.1062,2.108696,482.4523,339.8269,"No issues","No issues","No issues","No issues"
1108,150,2025-05-23,2025-05-23 02:27:20,2025-05-23 02:33:50,2025-05-23 02:24:00,40,2.11471780863027,475.509451407134,105.689002626641,0.543894154269132,0.13455266524643,0.125488617981838,5.6883874423192e-08,0.0199024653032033,0.0249180943270213,0.00258730669721314,1.611213863068,0.372760796349667,2.133154,482.7161,342.8889,2.142541,488.6959,344.4587,2.129682,481.8333,342.5085,"No issues","No issues","No issues","No issues"
1109,160,2025-05-23,2025-05-23 02:39:40,2025-05-23 02:46:10,2025-05-23 02:36:20,40,2.83965595497202,69.9185110694248,-4.46127129454414,0.886984100063533,0.00335535430383383,0.000173013903159104,1.3915913548372e-19,0.7225642433611,0.935795595744251,0.00135424564631564,1.60995231849253,0.453106639070056,2.150724,482.6826,342.6192,2.161847,487.526,344.558,2.15037,481.5521,342.6192,"No issues","No issues","No issues","No issues"
1110,170,2025-05-23,2025-05-23 02:52:00,2025-05-23 02:58:30,2025-05-23 02:48:40,40,6.23818536585354,-1618.94609831146,105.555674296415,0.918490903764993,0.770709992953893,0.0843846089394144,2.75176232767623e-22,1.0230292346979e-13,0.0690031486054443,0.00248281151523512,1.17977536839504,0.464543483081118,2.154638,486.2287,343.6839,2.176279,487.2763,344.9082,2.153482,479.2914,342.6399,"No issues","No issues","No issues","No issues"
1111,180,2025-05-23,2025-05-23 03:04:20,2025-05-23 03:10:50,2025-05-23 03:01:00,40,-0.67432039024392,1378.89682851785,-112.561693058178,0.967202132196617,0.869262734226153,0.1056004083565,8.26288938237975e-30,2.23658655297113e-18,0.0407594180163264,0.000165901510967989,0.714456525568956,0.437666675825218,2.180287,477.7485,342.8504,2.180287,483.6829,344.3531,2.176875,477.132,342.1479,"No issues","No issues","No issues","No issues"
1112,190,2025-05-23,2025-05-23 03:16:40,2025-05-23 03:23:10,2025-05-23 03:13:20,40,0.638250416510375,-110.955431144462,-92.4649395872659,0.655416548479308,0.0295119802009299,0.104598879597483,2.53504501119315e-10,0.289167031619822,0.0417821543672947,0.000618300332944424,0.85008890025247,0.36144502968162,2.173564,483.3463,342.2282,2.177704,484.0264,342.86,2.173564,480.8714,341.3025,"No issues","No issues","No issues","No issues"
1113,200,2025-05-23,2025-05-23 03:29:00,2025-05-23 03:35:30,2025-05-23 03:25:40,40,-1.35382234896805,394.595527204527,42.5347362101327,0.954490902173854,0.302497054302859,0.0133846115947348,4.19426215100516e-27,0.000236548437839698,0.477152358285468,0.000394952404324277,0.800542646529818,0.487904322971471,2.174154,485.1717,341.9818,2.174154,488.5876,342.3844,2.16781,483.8875,340.4513,"No issues","No issues","No issues","No issues"
1114,210,2025-05-23,2025-05-23 03:41:20,2025-05-23 03:47:50,2025-05-23 03:38:00,40,1.33953798123835,1006.4209981238,-145.46704390245,0.769237512930792,0.758300808923507,0.204404145951591,1.15637537212093e-13,2.80608956827449e-13,0.00340279537161279,0.000980228389443581,0.759130419430454,0.38342981962431,2.165551,488.0499,341.3063,2.171448,494.6971,342.2419,2.164582,488.0499,340.1138,"No issues","No issues","No issues","No issues"
1115,220,2025-05-23,2025-05-23 03:53:40,2025-05-23 04:00:10,2025-05-23 03:50:20,40,1.39690725703564,-303.944825515965,-0.652133583477961,0.924351809214466,0.187729596238978,5.14206223607026e-06,6.6460071511887e-23,0.0052258763110385,0.988920242524073,0.00053391001213912,0.844692352328866,0.384225913169265,2.180058,492.9659,340.2247,2.186202,494.4783,341.3701,2.179727,490.6224,339.4435,"No issues","No issues","No issues","No issues"
1116,230,2025-05-23,2025-05-23 04:06:00,2025-05-23 04:12:30,2025-05-23 04:02:40,40,-0.478669778611654,166.336372232646,65.6172337711184,0.880845401249536,0.0484250161554664,0.0797767623625735,3.81407945530804e-19,0.172434762840211,0.0774186067446263,0.000235213060938658,0.985130380975805,0.297746166540891,2.18896,495.1293,340.4427,2.18896,498.295,340.9942,2.186417,493.782,339.6162,"No issues","No issues","No issues","No issues"
1117,240,2025-05-23,2025-05-23 04:18:20,2025-05-23 04:24:50,2025-05-23 04:15:00,40,-0.83375432645402,684.6683707317,39.2499962476556,0.612137253464213,0.602420638238126,0.00813717620034447,2.47748608240771e-09,3.99382349593509e-09,0.579883890103134,0.000886691603274561,0.74312543637375,0.578959830110304,2.192078,490.9195,340.7628,2.192625,494.4057,342.3854,2.188214,489.7103,339.6678,"No issues","No issues","No issues","No issues"
1118,10,2025-05-23,2025-05-23 04:30:40,2025-05-23 04:37:10,2025-05-23 04:27:20,40,1.95107248030006,1480.38943339587,-77.7200420262842,0.735946713613175,0.80319791134935,0.0501659878977971,1.52788922970482e-12,5.50454680520428e-15,0.164722008308196,0.001561406104775,0.979037685906445,0.451826882880763,2.201654,488.7033,341.0626,2.210869,495.848,341.8415,2.201654,488.5002,339.8316,"No issues","No issues","No issues","No issues"
1119,20,2025-05-23,2025-05-23 04:43:00,2025-05-23 04:49:30,2025-05-23 04:39:40,40,1.05953146716699,-952.657990243934,43.164418761723,0.953948864080949,0.771297355638964,0.0253831652502513,5.25379101350154e-27,9.74020504828651e-14,0.326113137229553,0.000311022173330183,0.693077104912512,0.357346744051051,2.217915,497.694,340.3185,2.222555,498.5965,341.4112,2.217915,493.2157,339.2438,"No issues","No issues","No issues","No issues"
1120,30,2025-05-23,2025-05-23 04:55:20,2025-05-23 05:01:50,2025-05-23 04:52:00,40,-0.487569951219655,949.280690431504,35.2509568480447,0.186893482674792,0.717244296753361,0.0137565137797423,0.00533874391363373,5.67530261067115e-12,0.471053092263171,0.00135873086593194,0.796318211865078,0.398775672833303,2.226764,487.0217,340.0888,2.229389,491.4651,341.0061,2.222857,486.6577,339.5934,"No issues","No issues","No issues","No issues"
1121,40,2025-05-23,2025-05-23 05:07:40,2025-05-23 05:14:10,2025-05-23 05:04:20,40,-0.174570146341401,18.6773943714976,9.15207804877083,0.0358525791468157,0.000561519560774298,0.000810778548321886,0.241924918129933,0.884602614451988,0.861542332960259,0.00120948743971533,1.05276574122285,0.429251999650158,2.217885,491.7827,340.3448,2.219058,496.7552,341.4006,2.213981,491.7827,339.3803,"No issues","No issues","No issues","No issues"
1122,50,2025-05-23,2025-05-23 05:20:00,2025-05-23 05:26:30,2025-05-23 05:16:40,40,-5.3487419437148,-1113.13934409004,248.596061538451,0.980968586533098,0.86479654231381,0.37471126811788,2.64913011968263e-34,4.24444106768754e-18,2.69943741085049e-05,0.000995358395500052,0.588039265600188,0.429048151234675,2.207794,490.3908,340.7874,2.207794,490.7108,342.3575,2.184393,484.7626,339.7452,"No issues","No issues","No issues","No issues"
1123,60,2025-05-23,2025-05-23 05:32:20,2025-05-23 05:38:50,2025-05-23 05:29:00,40,-1.57056396247664,-874.996790994344,66.6488465290793,0.790866647123504,0.636790341923781,0.0645870558077382,1.75936063204412e-14,6.9853276478355e-10,0.113544718372622,0.00107903495628521,0.882890384205562,0.338876495977108,2.189349,489.642,338.7644,2.190119,490.6101,340.1186,2.181906,485.3501,338.7089,"No issues","No issues","No issues","No issues"
1124,70,2025-05-23,2025-05-23 05:44:40,2025-05-23 05:51:10,2025-05-23 05:41:20,40,-2.55909586491549,-872.202488555327,-165.160813508444,0.774267723297562,0.608550123015166,0.223798896062985,7.58425103961139e-14,2.95906008593046e-09,0.00205035464326324,0.00184611042467323,0.934602828436134,0.41094626517754,2.184616,488.6373,339.8068,2.184798,490.2143,339.8068,2.174648,485.2112,337.7735,"No issues","No issues","No issues","No issues"
1125,80,2025-05-23,2025-05-23 05:57:00,2025-05-23 06:03:30,2025-05-23 05:53:40,40,-1.72007567729832,-535.678216885537,14.140097560974,0.971951359792299,0.413062876017293,0.0032266377321882,4.22066375851327e-31,7.76460143786202e-06,0.727730418777842,0.000390392136326429,0.853122822558,0.332043803467769,2.177779,484.2139,338.8627,2.177779,485.7437,339.5489,2.169203,481.7913,338.2271,"No issues","No issues","No issues","No issues"
1126,90,2025-05-23,2025-05-23 06:09:20,2025-05-23 06:15:50,2025-05-23 06:06:00,40,-1.00576003001875,368.434644652913,18.879291557204,0.532367541265583,0.335377589432321,0.00501384273904152,9.22970778818703e-08,9.03476664486103e-05,0.664159774451366,0.00125939156026108,0.692948244080416,0.355327422112104,2.128399,470.261,338.2539,2.128399,471.4643,339.2431,2.122407,468.1927,337.4573,"No issues","No issues","No issues","No issues"
1127,100,2025-05-23,2025-05-23 06:21:40,2025-05-23 06:28:10,2025-05-23 06:18:20,40,-2.710635467167,-1084.86952345215,-24.9828923076881,0.975706883072282,0.676087921483289,0.00463784279668027,2.74437432105439e-32,7.71335576803152e-11,0.676283123782376,0.000571443002234735,1.00325043854758,0.488984545087695,2.116768,470.3843,338.1765,2.116768,470.9623,339.2849,2.105812,464.4269,337.3195,"No issues","No issues","No issues","No issues"
1128,110,2025-05-23,2025-05-23 06:34:00,2025-05-23 06:40:30,2025-05-23 06:30:40,40,-0.962012127579821,86.0319489680845,-35.6053103189736,0.901175245554094,0.023535242502592,0.0163104853091738,1.07907805573708e-20,0.344604524736354,0.432256730047723,0.000425626498760266,0.74036959614371,0.369428350650693,2.092166,460.7378,338.856,2.092181,463.023,338.9187,2.087836,459.6532,337.4599,"No issues","No issues","No issues","No issues"
1129,120,2025-05-23,2025-05-23 06:46:20,2025-05-23 06:52:50,2025-05-23 06:43:00,40,-1.03194425515956,-216.73334634148,76.3988352720558,0.954127688395451,0.125794228652862,0.0456118552472986,4.87898524553382e-27,0.0247301797557901,0.185760181197698,0.000302306974841819,0.763347133880965,0.466906858372283,2.078593,456.1827,337.8285,2.078593,456.7812,339.3598,2.073171,453.7544,337.3068,"No issues","No issues","No issues","No issues"
1130,130,2025-05-23,2025-05-23 06:58:40,2025-05-23 07:05:10,2025-05-23 06:55:20,40,-0.975069388367845,-936.5161846154,-16.7620052532765,0.586758726712112,0.851152274799329,0.0027767320685231,8.42325734995105e-09,2.65711333583762e-17,0.746750495656466,0.00109327006159187,0.52324203050639,0.424399684546836,2.073117,454.8099,338.7433,2.073117,455.2327,339.6587,2.065971,450.7914,337.7422,"No issues","No issues","No issues","No issues"
1131,140,2025-05-23,2025-05-23 07:11:00,2025-05-23 07:17:30,2025-05-23 07:07:40,40,-1.73093160225152,-509.570260412746,753.063291557233,0.973215639414436,0.631898369328825,0.787793293063246,1.75603392884319e-31,9.0392897217636e-10,2.32556630069912e-14,0.000383650594305425,0.519618007753323,0.522185439659449,2.068098,451.6541,340.2529,2.068098,451.6905,344.1328,2.060014,448.1511,340.2529,"No issues","No issues","No issues","No issues"
1132,150,2025-05-23,2025-05-23 07:23:20,2025-05-23 07:29:50,2025-05-23 07:20:00,40,-0.465752735459713,-522.384288180106,122.83032495309,0.581838081494851,0.369237035160433,0.0714943895321727,1.05886119769331e-08,3.20651280418929e-05,0.0953181418304494,0.000527529133559654,0.91220077713214,0.591400588300526,2.055979,446.2449,345.1573,2.056161,449.3915,347.4712,2.053693,444.5053,344.6487,"No issues","No issues","No issues","No issues"
1133,160,2025-05-23,2025-05-23 07:35:40,2025-05-23 07:42:10,2025-05-23 07:32:20,40,-0.168933073170776,-40.0628532832977,62.3028292682887,0.0564096800965662,0.0104410031581602,0.0286212450336211,0.14002326111296,0.530394570141182,0.296673450262049,0.000923101526354131,0.5210884837751,0.484928461964407,2.054043,442.0394,345.6206,2.054572,443.7727,347.0125,2.051197,441.4747,344.8272,"No issues","No issues","No issues","No issues"
1134,170,2025-05-23,2025-05-23 07:48:00,2025-05-23 07:54:30,2025-05-23 07:44:40,40,0.299825020637921,499.744813508427,250.048489305803,0.0311052547849462,0.470235795154726,0.403893095470758,0.2763160349982,1.04495225205283e-06,1.05292864102938e-05,0.00223567750667615,0.708682362946108,0.40585692726503,2.048778,441.6513,345.3178,2.056476,444.3992,347.7242,2.047097,440.5545,345.3178,"No issues","No issues","No issues","No issues"
1135,180,2025-05-23,2025-05-23 08:00:20,2025-05-23 08:06:50,2025-05-23 07:57:00,40,-0.630044848030081,-2260.62398499065,-212.709019136942,0.8840013696145,0.953464446741847,0.236849390871717,2.28641703877214e-19,6.41096628759656e-27,0.00145071509596353,0.000304923778533668,0.667249698961448,0.510122832920607,2.041407,437.1042,346.0586,2.041426,437.232,347.1119,2.038466,426.9037,345.006,"No issues","No issues","No issues","No issues"
1136,190,2025-05-23,2025-05-23 08:12:40,2025-05-23 08:19:10,2025-05-23 08:09:20,40,0.310809005628503,-1424.52089155723,-340.979707317081,0.370976531223733,0.92902840790221,0.454483438380071,3.03627482960403e-05,1.97223006958122e-23,1.8516919165061e-06,0.000540721535663121,0.526037210475488,0.499106630169927,2.037505,435.5627,344.3972,2.040433,435.8449,345.2943,2.03744,428.933,342.0079,"No issues","No issues","No issues","No issues"
1137,200,2025-05-23,2025-05-23 08:25:00,2025-05-23 08:31:30,2025-05-23 08:21:40,40,-0.810611932457821,290.857494934337,-220.951546716696,0.77205944591602,0.341187499331046,0.323575688594039,9.13744844840198e-14,7.58912354421773e-05,0.000128224278700023,0.000588461816696039,0.539988468946545,0.42681391958092,2.042638,438.8767,343.0337,2.042638,439.4698,343.1872,2.036969,436.5422,341.084,"No issues","No issues","No issues","No issues"
1138,210,2025-05-23,2025-05-23 08:37:20,2025-05-23 08:43:50,2025-05-23 08:34:00,40,-0.976763347091998,-675.509646529075,-144.08229343341,0.764765833243253,0.404412302820477,0.184899727384947,1.66975874287623e-13,1.03504535804599e-05,0.005617520713239,0.000723761009256593,1.09524707300487,0.404173525780857,2.036408,438.8432,340.9575,2.036477,440.8734,341.557,2.031649,435.0826,339.196,"No issues","No issues","No issues","No issues"
1139,220,2025-05-23,2025-05-23 08:49:40,2025-05-23 08:56:10,2025-05-23 08:46:20,40,-1.73416876547834,-2274.36077448402,-11.8005703564751,0.137579693285014,0.847150464022864,0.000736764289344608,0.0184608977891023,4.40850091931261e-17,0.867954864645421,0.00580087550058978,1.29071693617168,0.580628749418057,2.030139,431.9286,339.3331,2.056323,433.531,340.6813,2.026113,421.5989,338.0133,"No issues","No issues","No issues","No issues"
1140,230,2025-05-23,2025-05-23 09:02:00,2025-05-23 09:08:30,2025-05-23 08:58:40,40,-0.233368345215758,-174.887378611639,111.335963977482,0.0218420183706198,0.0383652183737312,0.0998417682274405,0.362779875421064,0.225785691171418,0.0470042005740175,0.00208650740603608,1.16980797771946,0.446641051040123,2.02723,432.4469,338.764,2.02847,437.162,339.8783,2.020251,431.7273,338.3523,"No issues","No issues","No issues","No issues"
1141,240,2025-05-23,2025-05-23 09:14:20,2025-05-23 09:20:50,2025-05-23 09:11:00,40,-0.356652878048704,791.989733583493,-84.2238709193194,0.0623633498737381,0.41624886948169,0.0726713608187112,0.120169054025021,6.97768758598916e-06,0.0925321521794671,0.0018476434591403,1.25307409589408,0.401966864280366,2.020044,431.2661,338.9242,2.025786,439.0946,339.8012,2.019265,431.0927,337.9333,"No issues","No issues","No issues","No issues"
1142,10,2025-05-23,2025-05-23 09:26:40,2025-05-23 09:33:10,2025-05-23 09:23:20,40,-0.578562281425925,-57.7442161351038,61.361182739203,0.863557159273332,0.0313071991138897,0.0289227621208609,5.0513839077332e-18,0.274737619383688,0.29410567847103,0.000307255605827451,0.429140284752146,0.475029513133646,2.020318,433.0938,339.0502,2.020527,433.3691,339.8371,2.01744,431.6257,338.0228,"No issues","No issues","No issues","No issues"
1143,20,2025-05-23,2025-05-23 09:39:00,2025-05-23 09:45:30,2025-05-23 09:35:40,40,0.0373246378987349,-1818.17663639779,-73.4579932457757,0.0371083509833817,0.958678752593526,0.043966981527094,0.233695766055176,6.68625743892211e-28,0.194084130307253,0.000254020257410557,0.504319893606848,0.457648503654375,2.016514,428.954,339.7861,2.016805,428.954,340.049,2.015769,419.8336,338.2238,"No issues","No issues","No issues","No issues"
1144,30,2025-05-23,2025-05-23 09:51:20,2025-05-23 09:57:50,2025-05-23 09:48:00,40,0.200215384615387,554.60427467165,181.820370731688,0.093891116537874,0.141427898610736,0.231297097677549,0.0544752552340836,0.0167760808604389,0.00168163767028613,0.000830988960689892,1.82567690154392,0.442849923603568,2.015193,432.6376,339.278,2.018988,441.5411,340.4378,2.015015,431.3569,337.9606,"No issues","No issues","No issues","No issues"
1145,40,2025-05-23,2025-05-23 10:03:40,2025-05-23 10:10:10,2025-05-23 10:00:20,40,0.156970806754026,-1688.60313996245,50.5281951219315,0.086388088909517,0.960123265800396,0.0220365785255699,0.0656429512624688,3.39820944439702e-28,0.360627222775284,0.00068201307380956,0.459773306901913,0.449720696652803,2.013411,427.976,339.9888,2.01514,428.3427,340.2281,2.012544,420.406,338.0428,"No issues","No issues","No issues","No issues"
1146,50,2025-05-23,2025-05-23 10:16:00,2025-05-23 10:22:30,2025-05-23 10:12:40,40,-0.153413493433463,-243.378263414647,348.859614258943,0.608710963855659,0.333518430528195,0.461716159686432,2.93568624125628e-09,9.55049574071999e-05,1.42670842152578e-06,0.000164333726429254,0.459659041575191,0.503255692815094,2.012066,432.4739,339.7752,2.012366,433.7072,342.599,2.01131,431.1323,339.7752,"No issues","No issues","No issues","No issues"
1147,60,2025-05-23,2025-05-23 10:28:20,2025-05-23 10:34:50,2025-05-23 10:25:00,40,-0.467761981238292,144.350246904355,3.70417711069621,0.811587856540295,0.174776770336263,0.000108081180344722,2.39389776341414e-15,0.00726611898957155,0.949234524572383,0.00030111435613632,0.419064878847794,0.476006737513361,2.013615,432.1522,339.9635,2.013615,434.2638,341.0941,2.011305,432.1522,339.1458,"No issues","No issues","No issues","No issues"
1148,70,2025-05-23,2025-05-23 10:40:40,2025-05-23 10:47:10,2025-05-23 10:37:20,40,0.00833930206387802,1399.26510168856,-122.125508442772,0.000368401923946396,0.117844794753022,0.149349621919606,0.906421364871383,0.0301083514632025,0.0137699045826041,0.000580374890028836,5.11490023716706,0.389403398168058,2.012207,432.0265,339.8228,2.013596,447.7552,340.6201,2.010765,424.3549,338.801,"No issues","No issues","No issues","No issues"
1149,80,2025-05-23,2025-05-23 10:53:00,2025-05-23 10:59:30,2025-05-23 10:49:40,40,-0.0677624015008115,-1980.50740412757,-34.5412772982865,0.0368129954124954,0.941850293388598,0.00680261777267342,0.235601291764381,4.44565312338191e-25,0.612885457238421,0.000463087847472756,0.65747487618678,0.557619571094885,2.012118,427.7357,339.9247,2.012829,428.3716,341.0662,2.010739,418.8971,338.3273,"No issues","No issues","No issues","No issues"
1150,90,2025-05-23,2025-05-23 11:05:20,2025-05-23 11:11:50,2025-05-23 11:02:00,40,0.138932172607931,-1431.63592345215,135.461421388351,0.146404548601431,0.631283969393246,0.0855728225076099,0.0148199909049578,9.33450215164931e-10,0.0669895919362278,0.000448199589801614,1.46179369080707,0.591619021530007,2.01191,434.5952,340.0674,2.013522,434.5952,341.5317,2.011481,424.6233,338.4186,"No issues","No issues","No issues","No issues"
1151,100,2025-05-23,2025-05-23 11:17:40,2025-05-23 11:24:10,2025-05-23 11:14:20,40,-0.0361096885553765,-6.99758949344737,1.52983114446121,0.0198314399317609,0.000133264145086861,2.2327784201398e-05,0.386085336080885,0.943638247381052,0.976914482017373,0.000339169560464647,0.80980924253731,0.432549389081705,2.012762,432.4509,341.2069,2.014248,433.1982,341.8849,2.012432,429.3073,339.8561,"No issues","No issues","No issues","No issues"
1152,110,2025-05-23,2025-05-23 11:30:00,2025-05-23 11:36:30,2025-05-23 11:26:40,40,-0.503949478423973,315.557520450282,-33.4803242026147,0.853541486116353,0.151916310205516,0.00927427106139942,1.95124765639239e-17,0.0129145491865956,0.554428833146926,0.000278902148983833,0.996128933900099,0.462323904759761,2.010542,432.1352,340.5965,2.010847,433.8218,341.6618,2.008514,429.0669,339.5715,"No issues","No issues","No issues","No issues"
1153,120,2025-05-23,2025-05-23 11:42:20,2025-05-23 11:48:50,2025-05-23 11:39:00,40,0.0836394146340425,-199.925385365882,69.0505395872368,0.188568180386429,0.191290768360655,0.0343931935559611,0.00511500389673431,0.00477055665593233,0.251921985477501,0.000231804927187111,0.549208187182474,0.48882212013323,2.009195,431.6627,340.9006,2.01016,433.1879,341.5613,2.009195,430.4077,339.3225,"No issues","No issues","No issues","No issues"
1154,130,2025-05-23,2025-05-23 11:54:40,2025-05-23 12:01:10,2025-05-23 11:51:20,40,-0.0359905440900983,-559.739239024398,33.1685223264496,0.0703649967456952,0.760960100797355,0.00329266873281595,0.0980740727940372,2.27037925824594e-13,0.725066077267994,0.000174777762995216,0.41914073905838,0.771002518772099,2.010323,432.5275,344.9382,2.010462,433.2516,345.0224,2.009761,430.0534,341.5143,"No issues","No issues","No issues","No issues"
1155,140,2025-05-23,2025-05-23 12:07:00,2025-05-23 12:13:30,2025-05-23 12:03:40,40,1.40837511444666,-88.5790469043124,926.191465666037,0.110798500417459,0.00747867957845154,0.681568242062305,0.035841217045998,0.595698972855688,5.55658703072422e-11,0.00533054189408339,1.36335303263542,0.8458126095726,2.00901,432.5997,354.019,2.035836,437.9064,356.8128,2.008607,429.6754,351.2602,"No issues","No issues","No issues","No issues"
1156,150,2025-05-23,2025-05-23 12:19:20,2025-05-23 12:25:50,2025-05-23 12:16:00,40,-2.343392510319,-160.551300562873,-1265.11986191368,0.322698167633627,0.00707557357077898,0.830226598558349,0.000131578058315983,0.605822659903229,3.27282179013233e-16,0.0045358405526872,2.54103686717722,0.764342562236274,2.011622,430.5684,354.5213,2.02966,437.1446,354.686,2.009401,426.4069,347.6571,"No issues","No issues","No issues","No issues"
1157,160,2025-05-23,2025-05-23 12:31:40,2025-05-23 12:38:10,2025-05-23 12:28:20,40,-1.97949775609762,169.415162476558,-160.343243527232,0.0698695000519973,0.0017465398525114,0.111658224420736,0.0993094063972782,0.797916970758119,0.0350871185637005,0.00964945988719918,5.41132110121553,0.604247991005086,2.036115,434.9961,348.988,2.044655,451.5763,350.2073,2.007441,425.3771,347.8604,"No issues","No issues","No issues","No issues"
1158,170,2025-05-23,2025-05-23 12:44:00,2025-05-23 12:50:30,2025-05-23 12:40:40,40,0.106063699812455,926.060649906216,-34.3829853658821,0.00307435496677235,0.0764848322002493,0.00635161532334003,0.733993286703672,0.0840740304230263,0.624952368717982,0.00255176700678668,4.29925944650281,0.574563085890754,2.011544,432.5912,350.7746,2.015065,455.7267,351.4836,2.00521,426.7294,349.2759,"No issues","No issues","No issues","No issues"
1159,180,2025-05-23,2025-05-23 12:56:20,2025-05-23 13:02:50,2025-05-23 12:53:00,40,-0.429937260788098,-1253.25283001876,-728.309772607874,0.0822336930371701,0.50425120034414,0.806827447863976,0.0728076124541718,2.86896321661274e-07,3.85656126524056e-15,0.00191896082668837,1.66022108698488,0.47612214389881,2.00807,429.7682,347.9112,2.013068,430.8145,347.9112,2.004809,421.511,343.3381,"No issues","No issues","No issues","No issues"
1160,190,2025-05-23,2025-05-23 13:08:40,2025-05-23 13:15:10,2025-05-23 13:05:20,40,2.4811194596621,164.642737711069,-295.324277673574,0.294847474398706,0.00269666207617609,0.434156265733066,0.000294267826629882,0.75031001145251,3.78797019741989e-06,0.00512637495325787,4.23021867214093,0.450447556939682,2.008823,430.5147,343.0911,2.031063,452.3067,343.0911,2.004981,424.6952,340.3445,"No issues","No issues","No issues","No issues"
1161,200,2025-05-23,2025-05-23 13:21:00,2025-05-23 13:27:30,2025-05-23 13:17:40,40,1.24413163227025,335.822778236396,-36.002134333978,0.0832816853532189,0.0659855231902912,0.0185066250963464,0.0709277482981095,0.109578008501029,0.402589764813383,0.00551479534007736,1.68803904627316,0.350290361092762,2.005509,428.251,341.0821,2.030127,434.3851,342.0731,2.005003,427.1196,340.4592,"No issues","No issues","No issues","No issues"
1162,210,2025-05-23,2025-05-23 13:33:20,2025-05-23 13:39:50,2025-05-23 13:30:00,40,4.0321502138836,123.879282551584,-62.1168180112525,0.15491294499622,0.0107185581995927,0.0381786564152863,0.0119816898053234,0.524950521261591,0.226939861476151,0.0125823985908336,1.59004821521269,0.416548861363143,2.011853,432.2584,339.0077,2.078596,436.5884,339.5218,2.007544,431.0427,338.0169,"No issues","No issues","No issues","No issues"
1163,220,2025-05-23,2025-05-23 13:45:40,2025-05-23 13:52:10,2025-05-23 13:42:20,40,0.440074266416439,-1830.47631669794,-57.9250401501164,0.0245777711378775,0.537664621614397,0.0203177483024845,0.334009360156541,7.39976604193317e-08,0.380264023616787,0.00370399947437911,2.26781077213935,0.53739180831561,2.011083,430.8169,339.1456,2.020566,431.9333,341.3574,2.007698,420.0247,339.0723,"No issues","No issues","No issues","No issues"
1164,230,2025-05-23,2025-05-23 13:58:00,2025-05-23 14:04:30,2025-05-23 13:54:40,40,-3.89816294183882,-677.08997223267,38.5698191369501,0.149210556535422,0.355927910253128,0.0166710501663793,0.0138178030980115,4.84597319811805e-05,0.427171276014029,0.012436298170248,1.21689320431537,0.395763193847577,2.011556,430.9463,340.2967,2.068856,435.4141,341.0943,2.007218,429.1892,339.2731,"No issues","No issues","No issues","No issues"
1165,240,2025-05-23,2025-05-23 14:10:20,2025-05-23 14:16:50,2025-05-23 14:07:00,40,0.255524352720547,-78.7210986867242,-82.4617485928531,0.00951904727450911,0.0051141616291478,0.0665724949459568,0.549223658548134,0.661016376240687,0.107956991907014,0.00348239864795201,1.46693345389989,0.412539261122501,2.007335,430.0505,340.1209,2.021208,434.3726,340.9478,2.006937,427.3302,338.8629,"No issues","No issues","No issues","No issues"
1166,10,2025-05-23,2025-05-23 14:22:40,2025-05-23 14:29:10,2025-05-23 14:19:20,40,0.801975984990582,1652.62353771107,-70.7631399624892,0.143958493881056,0.135448971129571,0.0607661887264385,0.0157516362465169,0.0194644146176899,0.125180287346624,0.00261282302193467,5.57829221926656,0.371691664675869,2.012496,433.8331,341.3213,2.016917,447.9091,341.8497,2.007398,427.7249,339.9838,"No issues","No issues","No issues","No issues"
1167,20,2025-05-23,2025-05-23 14:35:00,2025-05-23 14:41:30,2025-05-23 14:31:40,40,0.0409330131331897,-1557.59115647278,501.930668667921,0.0943237951017697,0.946857399826571,0.737993846435382,0.0538935794865769,8.01410321530557e-26,1.31615292934142e-12,0.00016946086810379,0.493006278632633,0.399570092597065,2.010502,430.5447,341.4161,2.010611,430.5447,344.4093,2.009897,423.6759,341.2857,"No issues","No issues","No issues","No issues"
1168,30,2025-05-23,2025-05-23 14:47:20,2025-05-23 14:53:50,2025-05-23 14:44:00,40,0.0405634221388636,-12.0364277673272,657.855597748597,0.0770519125169774,0.00123039273290851,0.743881519758551,0.082886636455457,0.829862898109196,8.51435618685471e-13,0.000187564817670761,0.458171700194424,0.515725985103324,2.011186,432.9888,342.0223,2.011789,434.2033,345.8611,2.010928,432.6334,341.1162,"No issues","No issues","No issues","No issues"
1169,40,2025-05-23,2025-05-23 14:59:40,2025-05-23 15:06:10,2025-05-23 14:56:20,40,-0.404531932457794,-1509.79477373361,644.140691932459,0.905057608768919,0.938698324657705,0.601271058282576,5.02880076175493e-21,1.21393817960984e-24,4.22275840577874e-09,0.000175051020303195,0.515478949205427,0.700816521944608,2.008289,428.9026,350.1528,2.008289,428.9026,353.8464,2.005973,420.163,349.0181,"No issues","No issues","No issues","No issues"
1170,50,2025-05-23,2025-05-23 15:12:00,2025-05-23 15:18:30,2025-05-23 15:08:40,40,-0.655074911819714,-2166.02092908065,-257.294336960601,0.258672285553822,0.0957405055688826,0.245865399922547,0.000805315004039423,0.052032727994857,0.00113936838479641,0.00148163422510429,8.89367378014098,0.602040654821409,2.004812,432.7327,351.4683,2.008615,491.2717,352.8627,2.000939,431.4342,349.5694,"No issues","No issues","No issues","No issues"
1171,60,2025-05-23,2025-05-23 15:24:20,2025-05-23 15:30:50,2025-05-23 15:21:00,40,-0.21549991744837,153.704141088162,-86.0758784239969,0.362118360108261,0.0559775170658901,0.0233431259316732,4.00294338643742e-05,0.141595957284186,0.34660497391675,0.000382130544416502,0.843314927945799,0.743862780135071,2.0007,431.9056,352.0577,2.001025,433.5347,354.2035,1.999147,429.2816,349.9096,"No issues","No issues","No issues","No issues"
1172,70,2025-05-23,2025-05-23 15:36:40,2025-05-23 15:43:10,2025-05-23 15:33:20,40,0.084887594746571,302.146635647292,-1155.99115046904,0.101397674415792,0.0245076529355767,0.886028169064261,0.0452275751967553,0.334708498848263,1.63393372529494e-19,0.000337624431922484,2.5468226393664,0.553922968580817,2.000647,429.6033,349.0544,2.001903,445.2157,349.9407,1.999971,427.8437,344.0091,"No issues","No issues","No issues","No issues"
1173,80,2025-05-23,2025-05-23 15:49:00,2025-05-23 15:55:30,2025-05-23 15:45:40,40,0.35524827016876,-338.201209756089,-204.120324202627,0.855171592626096,0.246932599714581,0.177305421946763,1.57603318685958e-17,0.00110708857233308,0.006814890837855,0.000195322413837047,0.789083082835049,0.587441230858298,2.001859,429.011,345.1701,2.003359,429.7542,345.7473,2.001634,425.8848,343.2305,"No issues","No issues","No issues","No issues"
1174,90,2025-05-23,2025-05-23 16:01:20,2025-05-23 16:07:50,2025-05-23 15:58:00,40,0.577823909943764,-68.4634896810566,-869.833296810529,0.131209298871393,0.000125554682073999,0.86181182723043,0.0216240835616914,0.945290295995724,6.43734829381e-18,0.00198650951508189,8.16272520593624,0.465355773908003,2.003732,427.5796,345.6721,2.016623,474.1346,345.6721,2.003732,419.8448,339.8843,"No issues","No issues","No issues","No issues"
1175,100,2025-05-23,2025-05-23 16:13:40,2025-05-23 16:20:10,2025-05-23 16:10:20,40,-0.088860697936254,-112.476995121929,-354.3417185741,0.335090928949311,0.0841278010115424,0.50828597300967,9.11251211919511e-05,0.0694464356468926,2.44746181872782e-07,0.000167235849105575,0.495828220503709,0.465633684214172,2.00542,431.5866,342.103,2.005849,432.5141,342.103,2.00498,430.5852,339.2948,"No issues","No issues","No issues","No issues"
1176,110,2025-05-23,2025-05-23 16:26:00,2025-05-23 16:32:30,2025-05-23 16:22:40,40,-0.0359289455910998,-199.099398123838,-147.314998874295,0.0537668718307676,0.176397657506475,0.136317531014695,0.14994622933492,0.00697364668691224,0.019049007769433,0.000201375220054138,0.574780721671066,0.495413719761268,2.006203,432.0899,339.4137,2.006607,432.7976,340.7137,2.005763,430.1334,338.3861,"No issues","No issues","No issues","No issues"
1177,120,2025-05-23,2025-05-23 16:38:20,2025-05-23 16:44:50,2025-05-23 16:35:00,40,-0.317476232645385,-77.5496735459623,-28.0517133208267,0.857306002584532,0.045369126232795,0.0107379457714698,1.18724978536975e-17,0.186962867127741,0.524573917280678,0.000173047768927191,0.475266683010753,0.359728072390104,2.006218,432.0453,338.9196,2.006218,432.5659,340.2694,2.00462,430.4629,338.8513,"No issues","No issues","No issues","No issues"
1178,130,2025-05-23,2025-05-23 16:50:40,2025-05-23 16:57:10,2025-05-23 16:47:20,40,0.11361275797375,196.844001500932,-10.9185771106912,0.700211883910379,0.239121488190984,0.00081318157687123,1.74386991622085e-11,0.00136530773100449,0.861339293106718,9.93206233933644e-05,0.469126977882335,0.511346743556284,2.004649,432.0204,341.4269,2.005226,433.7411,341.7601,2.004574,431.3013,339.4355,"No issues","No issues","No issues","No issues"
1179,140,2025-05-23,2025-05-23 17:03:00,2025-05-23 17:09:30,2025-05-23 16:59:40,40,0.0946777035646326,-101.437004127608,549.673314821775,0.411867589586885,0.0728626372539075,0.614836589378161,8.08108600524654e-06,0.0920874803898501,2.16521263473725e-09,0.000151156326620564,0.483432539196863,0.581255639389476,2.006163,433.6404,347.7297,2.006574,434.3355,350.3891,2.005766,432.1273,346.4,"No issues","No issues","No issues","No issues"
1180,150,2025-05-23,2025-05-23 17:15:20,2025-05-23 17:21:50,2025-05-23 17:12:00,40,0.124180142589176,229.337615009411,-362.400180112574,0.598611224789753,0.340165432366084,0.489221495239941,4.80116037564164e-09,7.82628418934206e-05,5.13038564727511e-07,0.000135857057517713,0.426744174024862,0.494734061914235,2.006932,434.5858,350.1594,2.007462,435.5702,350.1904,2.00666,433.5161,347.2835,"No issues","No issues","No issues","No issues"
1181,160,2025-05-23,2025-05-23 17:27:40,2025-05-23 17:34:10,2025-05-23 17:24:20,40,0.0158105515946686,-168.143234521577,-36.1817425891095,0.0161307195880258,0.15832876040953,0.0128281383475506,0.434825823574485,0.0109986930023009,0.486518229955113,0.000164971421916846,0.517953296885379,0.424056683345385,2.008115,434.1938,348.0783,2.008274,434.9931,348.9679,2.007665,432.2021,346.9206,"No issues","No issues","No issues","No issues"
1182,170,2025-05-23,2025-05-23 17:40:00,2025-05-23 17:46:30,2025-05-23 17:36:40,40,0.0468918574108006,-27.9411602251544,190.099290056276,0.166956461160529,0.00533150541986706,0.186692530999001,0.0088537186022461,0.654329390168856,0.00536622137740282,0.000139942470599052,0.509892419815296,0.530107892070845,2.008519,434.6055,348.5339,2.009148,435.8785,349.3626,2.008519,434.0398,346.5283,"No issues","No issues","No issues","No issues"
1183,180,2025-05-23,2025-05-23 17:52:20,2025-05-23 17:58:50,2025-05-23 17:49:00,40,-0.19063519699815,167.298524577862,-294.575774859306,0.59605824739713,0.149599289179188,0.452229239566874,5.42649101037848e-09,0.013684319853307,2.00710809509983e-06,0.000209670811411791,0.532916319117575,0.433148683528445,2.00858,434.3794,346.9383,2.00858,435.6943,347.4978,2.007272,433.2233,345.2749,"No issues","No issues","No issues","No issues"
1184,190,2025-05-23,2025-05-23 18:04:40,2025-05-23 18:11:10,2025-05-23 18:01:20,40,0.178247414634241,19.6210671669856,-384.344159099411,0.81900698219744,0.00222001896282966,0.422831886536597,1.11110044972289e-15,0.77280675011214,5.58564505346519e-06,0.000111951576667166,0.555752649569038,0.599939492417105,2.007038,435.8679,345.7868,2.007869,437.3438,345.7868,2.006735,435.1824,342.1452,"No issues","No issues","No issues","No issues"
1185,200,2025-05-23,2025-05-23 18:17:00,2025-05-23 18:23:30,2025-05-23 18:13:40,40,0.0516892457785128,-217.381913696085,-106.856942589125,0.200062024847717,0.240899588980793,0.0842250025655747,0.00380708959741548,0.00130186831538228,0.069278309182024,0.000138091163484331,0.515554827539742,0.470756673069946,2.007906,435.5179,342.5555,2.00831,437.4083,343.9856,2.007647,434.8759,341.729,"No issues","No issues","No issues","No issues"
1186,210,2025-05-23,2025-05-23 18:29:20,2025-05-23 18:35:50,2025-05-23 18:26:00,40,0.0641426791743708,-54.8263114446471,-94.5446183865128,0.412270484713883,0.0207153832931134,0.0956469826775799,7.97305987159204e-06,0.37559384445616,0.0521535374383187,0.000102320956436898,0.503636125996031,0.38840967425415,2.008109,433.8088,341.4895,2.008661,435.823,342.5103,2.00798,433.6551,340.6674,"No issues","No issues","No issues","No issues"
1187,220,2025-05-23,2025-05-23 18:41:40,2025-05-23 18:48:10,2025-05-23 18:38:20,40,0.116467362101347,-190.807834896798,-100.083620262653,0.585205183100718,0.266872132808509,0.0984293664347247,9.05676882446084e-09,0.000643282354375995,0.048677917776032,0.000131004641806881,0.422526858530103,0.404688074446028,2.008942,434.7393,341.031,2.009654,435.5604,341.9037,2.008836,433.4989,339.991,"No issues","No issues","No issues","No issues"
1188,230,2025-05-23,2025-05-23 18:54:00,2025-05-23 19:00:30,2025-05-23 18:50:40,40,0.252635707316969,326.763989493408,-171.703546716668,0.342673354249104,0.209400084611162,0.205484036303345,7.25655834229018e-05,0.0029889491311334,0.00330889270404991,0.000467482169250359,0.848289343899719,0.451088133237892,2.009921,435.7576,340.4144,2.012143,438.7916,341.5147,2.009748,435.1227,339.1956,"No issues","No issues","No issues","No issues"
1189,240,2025-05-23,2025-05-23 19:06:20,2025-05-23 19:12:50,2025-05-23 19:03:00,40,-0.304921485928761,174.458458536604,-87.0816360225168,0.485372094279141,0.0931543560084047,0.054973214136192,5.9382941713704e-07,0.0554804351633964,0.145325158550268,0.000419485697610139,0.72723872866322,0.482384050950819,2.010174,434.6131,339.6448,2.01075,437.5246,340.9473,2.008786,434.406,338.8725,"No issues","No issues","No issues","No issues"
1190,10,2025-05-23,2025-05-23 19:18:40,2025-05-23 19:25:10,2025-05-23 19:15:20,40,-0.0301419287055453,527.85399174484,-95.1534709193114,0.0513408177764247,0.739580252180853,0.108264685148716,0.159732757219123,1.17153809588744e-12,0.038159449926465,0.000173106996412251,0.418483154117053,0.364853969406791,2.008075,434.9391,339.3837,2.008232,437.7601,340.5949,2.007255,434.5215,338.398,"No issues","No issues","No issues","No issues"
1191,20,2025-05-23,2025-05-23 19:31:00,2025-05-23 19:37:30,2025-05-23 19:27:40,40,0.0927268142589761,604.600210131338,233.700328705431,0.495291720964655,0.694401098022695,0.357541357709269,4.06503593513039e-07,2.52121697584619e-11,4.61123215204502e-05,0.000125058981037993,0.53586927341792,0.418541604541103,2.007694,435.0361,338.358,2.008166,438.1876,340.4682,2.00731,433.6896,337.5131,"No issues","No issues","No issues","No issues"
1192,30,2025-05-23,2025-05-23 19:43:20,2025-05-23 19:49:50,2025-05-23 19:40:00,40,0.183903939962439,338.815249530949,44.8769380863039,0.495312815072496,0.29684302150737,0.0158621027267987,4.06173044887894e-07,0.00027802909689429,0.438707443419719,0.000248017460528499,0.696699564784843,0.472270352601046,2.008242,437.3698,338.9355,2.009714,439.5908,340.9534,2.008137,436.3279,338.9355,"No issues","No issues","No issues","No issues"
1193,40,2025-05-23,2025-05-23 19:55:40,2025-05-23 20:02:10,2025-05-23 19:52:20,40,-0.0294529981239079,61.7702454034008,102.889999249524,0.0372543313418322,0.0150712557189493,0.11705097416447,0.232760622276474,0.450443951950443,0.0307054944254399,0.000200039967986884,0.667155206780733,0.377549004990414,2.00901,440.047,341.1134,2.009698,441.8433,342.1988,2.008823,438.4449,340.5349,"No issues","No issues","No issues","No issues"
1194,50,2025-05-23,2025-05-23 20:08:00,2025-05-23 20:14:30,2025-05-23 20:04:40,40,0.150240360225113,14.7744810506656,58.5046333958492,0.577549300306033,0.000361754604483375,0.0437475406346712,1.28978442370795e-08,0.907265765693947,0.195226093140862,0.000171672198310071,1.03763950941247,0.365442951327662,2.009345,439.7533,342.5859,2.010518,442.8865,343.0486,2.009327,438.446,341.3583,"No issues","No issues","No issues","No issues"
1195,60,2025-05-23,2025-05-23 20:20:20,2025-05-23 20:26:50,2025-05-23 20:17:00,40,0.711042011257007,-81.862946341473,90.5478484052532,0.392849746154771,0.00614814780497352,0.0862917155322623,1.51091589329394e-05,0.630569446761996,0.0658006834268481,0.00118100022344184,1.3905797910869,0.393656322665146,2.011371,448.2697,342.4538,2.017442,450.667,343.7381,2.010748,443.1778,342.143,"No issues","No issues","No issues","No issues"
1196,70,2025-05-23,2025-05-23 20:32:40,2025-05-23 20:39:10,2025-05-23 20:29:20,40,0.1499972082551,305.084884052534,351.963773358343,0.210525974442672,0.137688311610225,0.397711198163346,0.00290264391013904,0.0184111315764376,1.28979884596996e-05,0.000388078088298378,1.02005633156947,0.578677126199915,2.012473,446.3088,340.2657,2.013285,447.7464,343.3438,2.011392,443.1155,340.2657,"No issues","No issues","No issues","No issues"
1197,80,2025-05-23,2025-05-23 20:45:00,2025-05-23 20:51:30,2025-05-23 20:41:40,40,-0.466377636022612,1604.89240075046,94.9106431519557,0.525237386763916,0.685875004763884,0.119211280075335,1.23802634288993e-07,4.27731815742293e-11,0.0291073991107846,0.000592404055532611,1.4510906588388,0.344676741899056,2.01809,456.5105,342.0945,2.019942,466.6262,342.8411,2.016813,456.5105,341.3795,"No issues","No issues","No issues","No issues"
1198,90,2025-05-23,2025-05-23 20:57:20,2025-05-23 21:03:50,2025-05-23 20:54:00,40,1.39811004878033,3512.70360675421,256.370116322701,0.395155974544533,0.508148574950212,0.3100665347885,1.40185830993786e-05,2.46079151329743e-07,0.000190203617799246,0.00231099307869738,4.61724568422665,0.510932377309042,2.033517,475.8529,340.0669,2.040542,492.4095,342.4801,2.029841,468.5746,340.0669,"No issues","No issues","No issues","No issues"
1199,100,2025-05-23,2025-05-23 21:09:40,2025-05-23 21:16:10,2025-05-23 21:06:20,40,-0.233701463414625,2124.07227016881,145.878862288911,0.037098065150292,0.115414809558513,0.184776913644014,0.233761822326679,0.0319737846189802,0.00563514792852017,0.00159073082981589,7.85648377733694,0.409379993318946,2.024398,487.4116,339.7531,2.029315,518.4419,341.3725,2.024251,487.4116,339.7531,"No issues","No issues","No issues","No issues"
1200,110,2025-05-23,2025-05-23 21:22:00,2025-05-23 21:28:30,2025-05-23 21:18:40,40,-0.755561515947418,2238.81754896813,94.672192120069,0.616010778466423,0.446740152075178,0.0795893455727238,2.04137999725937e-09,2.43915292125831e-06,0.0777824752803958,0.000796994009497638,3.32870763001295,0.430135860652949,2.021317,500.8206,340.9323,2.024343,512.8478,342.6146,2.019381,496.7881,340.5189,"No issues","No issues","No issues","No issues"
1201,120,2025-05-23,2025-05-23 21:34:20,2025-05-23 21:40:50,2025-05-23 21:31:00,40,0.523552390243852,-664.733313320823,29.2848990618799,0.178442704315186,0.0660292832545386,0.00858155313207696,0.0066209535515473,0.109456275463842,0.569673677926024,0.00150089234710275,3.34014752542691,0.420541779090435,2.021175,495.6128,340.752,2.02345,496.7462,341.8669,2.01771,482.6466,340.1798,"No issues","No issues","No issues","No issues"
1202,130,2025-05-23,2025-05-23 21:46:40,2025-05-23 21:53:10,2025-05-23 21:43:20,40,-0.0729909793621213,1537.75619662286,228.37141013132,0.0327580629444841,0.472032808178436,0.222765023093937,0.263713836464404,9.77931483682148e-07,0.0021069444914324,0.000529904380627141,2.17282489090801,0.569920484546699,2.017825,480.1669,338.8163,2.018533,489.884,341.4721,2.0165,476.5309,338.5258,"No issues","No issues","No issues","No issues"
1203,140,2025-05-23,2025-05-23 21:59:00,2025-05-23 22:05:30,2025-05-23 21:55:40,40,0.325119309568553,-369.85724577862,429.67384615384,0.487310988762153,0.16311337303201,0.479943433648404,5.51732287280332e-07,0.00975327135878235,7.28561338230768e-07,0.000445539827650646,1.11928975180467,0.597570363845255,2.017237,487.0102,339.1342,2.019599,488.0282,342.5256,2.017187,483.1075,338.5267,"No issues","No issues","No issues","No issues"
1204,150,2025-05-23,2025-05-23 22:11:20,2025-05-23 22:17:50,2025-05-23 22:08:00,40,0.0136935084428394,1643.48013208255,10.5177816134942,0.00267174559418087,0.683796845348531,0.00078383375798239,0.751429484850398,4.85506645595638e-11,0.863840532739108,0.000353472890020951,1.49315150876637,0.501720399654253,2.021429,480.8311,341.0875,2.021857,488.4868,342.1486,2.02051,478.6569,339.2114,"No issues","No issues","No issues","No issues"
1205,160,2025-05-23,2025-05-23 22:23:40,2025-05-23 22:30:10,2025-05-23 22:20:20,40,0.436368630393881,2273.16835722327,-17.0802911819605,0.68003770560356,0.832944010715483,0.00228267183185737,6.09296124104423e-11,2.40497223092759e-16,0.769708926330507,0.000399904502073308,1.36011173829835,0.477086529266474,2.022815,480.3227,339.9549,2.025818,490.4559,341.7108,2.022815,479.0732,339.5296,"No issues","No issues","No issues","No issues"
1206,170,2025-05-23,2025-05-23 22:36:00,2025-05-23 22:42:30,2025-05-23 22:32:40,40,-0.180622198874156,784.952834521591,131.048861538471,0.470123741215021,0.40243394542554,0.117532802188732,1.04927295203442e-06,1.10477723307691e-05,0.0303416516238452,0.000256195873435208,1.27793594141271,0.479758700093473,2.022132,486.2855,341.9615,2.022638,490.9592,342.9931,2.021304,484.9965,340.8809,"No issues","No issues","No issues","No issues"
1207,180,2025-05-23,2025-05-23 22:48:20,2025-05-23 22:54:50,2025-05-23 22:45:00,40,1.10928765478422,-1200.07071219514,-72.8826146341565,0.475605763280421,0.779683404290028,0.065332166952454,8.56629590578027e-07,4.76552604282069e-14,0.111412659022571,0.00155621446158401,0.852297401356202,0.368306113213979,2.022005,488.1309,340.1015,2.02833,488.9041,340.9672,2.021662,482.725,339.4633,"No issues","No issues","No issues","No issues"
1208,190,2025-05-24,2025-05-23 23:00:40,2025-05-23 23:07:10,2025-05-23 22:57:20,40,0.669353606003776,2740.82570206374,4.93784915571216,0.911678805264241,0.806352794043112,0.000292991943235882,1.26899040521573e-21,4.04176302506241e-15,0.91650896807528,0.000278347299488014,1.79450368547303,0.385359628191381,2.027096,476.9714,340.0617,2.030046,487.2241,340.6694,2.026919,475.488,338.9207,"No issues","No issues","No issues","No issues"
1209,200,2025-05-24,2025-05-23 23:13:00,2025-05-23 23:19:30,2025-05-23 23:09:40,40,3.0251582138836,-116.513966228906,-55.1561065666044,0.91467758267882,0.013018576940964,0.0346334933400518,6.57279319381332e-22,0.483279817895704,0.250242642545449,0.00123442729832983,1.35540968571859,0.38905538621399,2.030913,489.6353,339.7338,2.04454,494.5148,340.828,2.030677,488.4251,339.1229,"No issues","No issues","No issues","No issues"
1210,210,2025-05-24,2025-05-23 23:25:20,2025-05-23 23:31:50,2025-05-23 23:22:00,40,2.16375831894943,-1370.66556697936,-89.4993771106911,0.864789166864972,0.64281128253746,0.116512507757183,4.24885952847488e-18,5.0624389999027e-10,0.0311172543686818,0.00114308688262581,1.36508121382527,0.329271245872018,2.058775,496.0345,340.0857,2.068112,496.0345,340.5742,2.058775,484.8156,339.0973,"No issues","No issues","No issues","No issues"
1211,220,2025-05-24,2025-05-23 23:37:40,2025-05-23 23:44:10,2025-05-23 23:34:20,40,1.31103570731707,1010.37100187615,-6.19056810505984,0.711471567390982,0.541349084013579,0.000461968933953262,8.36361487901215e-12,6.3363319955143e-08,0.895268153922527,0.00111544951860987,1.24251937370902,0.384719011308661,2.060117,486.0486,339.5331,2.068094,492.1182,340.2933,2.05986,485.164,338.5257,"No issues","No issues","No issues","No issues"
1212,230,2025-05-24,2025-05-23 23:50:00,2025-05-23 23:56:30,2025-05-23 23:46:40,40,0.898294964352804,1339.01285403378,84.0118424015,0.938401651417643,0.467975558847282,0.0638813868368589,1.33075885376835e-24,1.1354663682702e-06,0.115603826377044,0.000307488575379818,1.90747484240983,0.429673577351066,2.062276,490.2195,339.9831,2.065759,499.8339,340.9804,2.061635,490.2195,338.6393,"No issues","No issues","No issues","No issues"
1213,240,2025-05-24,2025-05-24 00:02:20,2025-05-24 00:08:50,2025-05-23 23:59:00,40,-0.0748340712945529,1051.66347467165,35.6421073170672,0.171057636263485,0.207062211489883,0.0129284050930824,0.00798308610766629,0.00317615751592987,0.484808816704882,0.000220094998709367,2.74957639427986,0.416087904510059,2.06745,501.4366,339.9777,2.068335,506.4196,341.1374,2.067244,496.1485,339.3694,"No issues","No issues","No issues","No issues"
1214,10,2025-05-24,2025-05-24 00:14:40,2025-05-24 00:21:10,2025-05-24 00:11:20,40,-0.537333433395862,-981.226077298337,205.764842026258,0.705013454087351,0.423687928993551,0.448331123145024,1.27908355994883e-11,5.42539708605442e-06,2.3055796014267e-06,0.000464372113799988,1.52895520073942,0.304951542779718,2.065583,497.1319,338.7186,2.065689,497.3535,340.4227,2.062996,489.5623,338.7186,"No issues","No issues","No issues","No issues"
1215,20,2025-05-24,2025-05-24 00:27:00,2025-05-24 00:33:30,2025-05-24 00:23:40,40,-0.623416525328268,-3757.44181913696,512.361320825499,0.776821366359818,0.626071214749291,0.715902454028637,6.10045729001806e-14,1.22348391733499e-09,6.21490630952095e-12,0.00044644082566285,3.87966933457504,0.431224094107287,2.06343,491.4277,337.4487,2.06436,501.3625,340.7169,2.060846,481.7118,337.4487,"No issues","No issues","No issues","No issues"
1216,30,2025-05-24,2025-05-24 00:39:20,2025-05-24 00:45:50,2025-05-24 00:36:00,40,1.16163827392115,-671.707154971887,-54.0714056285255,0.918779507432808,0.231421061173363,0.0282282506727274,2.5720396463701e-22,0.00167611538628294,0.300062393655534,0.00046144286870769,1.63547021846622,0.423865118159572,2.061606,488.4099,340.6213,2.066191,495.8145,340.8511,2.061573,488.4099,339.1939,"No issues","No issues","No issues","No issues"
1217,40,2025-05-24,2025-05-24 00:51:40,2025-05-24 00:58:10,2025-05-24 00:48:20,40,2.99416768480299,-239.260079549748,-49.3720885553616,0.81375879993872,0.028935933148757,0.0368467103503246,1.91836316110068e-15,0.293994143701897,0.235382857061443,0.00191375358332645,1.85180522383982,0.337248255307978,2.068235,494.1478,340.5656,2.084076,496.522,341.3455,2.068235,489.4674,339.8232,"No issues","No issues","No issues","No issues"
1218,50,2025-05-24,2025-05-24 01:04:00,2025-05-24 01:10:30,2025-05-24 01:00:40,40,1.54500544840523,2466.3875302064,55.01572682927,0.48507509985752,0.738375960683885,0.0384264553655184,6.00541536140336e-07,1.2798474634719e-12,0.225408335492421,0.0021267543878641,1.96146801757436,0.36769084100276,2.096316,484.0567,340.4932,2.107936,491.2107,341.5027,2.09618,479.8908,339.6656,"No issues","No issues","No issues","No issues"
1219,60,2025-05-24,2025-05-24 01:16:20,2025-05-24 01:22:50,2025-05-24 01:13:00,40,1.45113176735449,-712.018995872441,31.2379767354417,0.340122326073255,0.138593217999108,0.0119495394217457,7.83644061413422e-05,0.0180016345430633,0.501930314935747,0.0027004793649147,2.37161725048635,0.379504336474965,2.113572,489.2885,340.5307,2.126337,490.144,341.6088,2.113087,479.3822,339.9719,"No issues","No issues","No issues","No issues"
1220,70,2025-05-24,2025-05-24 01:28:40,2025-05-24 01:35:10,2025-05-24 01:25:20,40,0.390030348968112,-756.056087054412,252.350814258914,0.614390794767854,0.155654335908654,0.314727392147029,2.21406880685161e-09,0.0117612796336033,0.00016613628945013,0.000412828445521265,2.35262879334688,0.497495310481191,2.122899,489.5503,338.2262,2.125081,495.4239,340.8567,2.122838,486.3852,338.2262,"No issues","No issues","No issues","No issues"
1221,80,2025-05-24,2025-05-24 01:41:00,2025-05-24 01:47:30,2025-05-24 01:37:40,40,-1.12867497185744,-603.721296810503,137.938491557223,0.449787669003756,0.274182185815202,0.195915777607013,2.1894227177253e-06,0.000525636047110988,0.00423634499960115,0.00166782372817039,1.31235266350532,0.373354510927393,2.120392,479.7581,339.616,2.120392,481.9317,340.9816,2.112784,475.0331,338.9586,"No issues","No issues","No issues","No issues"
1222,90,2025-05-24,2025-05-24 01:53:20,2025-05-24 01:59:50,2025-05-24 01:50:00,40,0.197348622889399,1660.93090581614,9.60855534707415,0.0578683735319355,0.776901619152708,0.00136521686055447,0.134852726584892,6.05861884829751e-14,0.820927636005828,0.0010638713658063,1.18914996819394,0.347200614575545,2.112785,475.997,339.6042,2.112785,484.8553,340.2076,2.107962,474.6724,338.6846,"No issues","No issues","No issues","No issues"
1223,100,2025-05-24,2025-05-24 02:05:40,2025-05-24 02:12:10,2025-05-24 02:02:20,40,-1.85820382739206,-806.113539962452,63.4382679174486,0.95377736410977,0.508215212553144,0.0441414292971994,5.6387475876819e-27,2.45431805862602e-07,0.193181694814872,0.000546533849407625,1.0594483698791,0.394407174733498,2.108329,485.9463,338.7138,2.108329,485.9463,339.9477,2.101005,480.3211,338.0602,"No issues","No issues","No issues","No issues"
1224,110,2025-05-24,2025-05-24 02:18:00,2025-05-24 02:24:30,2025-05-24 02:14:40,40,-0.406780277673571,588.254724202601,14.3218941838674,0.538878185799495,0.371369195944262,0.00318529541255007,7.03205281989786e-08,2.99905759441884e-05,0.729414102505382,0.000502738664370453,1.02253970490752,0.338495334300454,2.101786,484.8959,339.705,2.10184,487.3522,340.3486,2.099533,483.1742,338.7698,"No issues","No issues","No issues","No issues"
1225,120,2025-05-24,2025-05-24 02:30:20,2025-05-24 02:36:50,2025-05-24 02:27:00,40,-0.38556688930581,571.472375234526,22.5753636022837,0.024391952385388,0.0660248086812743,0.0051761926794241,0.335866306679379,0.109468716400674,0.659090931876678,0.00325787189599228,2.87163476546336,0.418140744412232,2.100761,489.0889,339.6093,2.100761,490.0529,340.4116,2.08505,477.567,338.6552,"No issues","No issues","No issues","No issues"
1226,130,2025-05-24,2025-05-24 02:42:40,2025-05-24 02:49:10,2025-05-24 02:39:20,40,-0.150471354596602,879.083608255116,202.124451782372,0.0221710633019413,0.198036344597891,0.316407910955859,0.359149289567902,0.0040112568813241,0.000158196122165489,0.00133509410592372,2.36349637813971,0.396929675171624,2.090843,482.5548,339.0421,2.096188,492.9562,340.4743,2.090843,482.5548,338.1032,"No issues","No issues","No issues","No issues"
1227,140,2025-05-24,2025-05-24 02:55:00,2025-05-24 03:01:30,2025-05-24 02:51:40,40,-1.1597473621013,649.778656660404,194.767159474661,0.887992729338332,0.273801858954188,0.23689208141561,1.17301970790626e-19,0.000531210212981561,0.00144906394440594,0.000550302723439538,1.41382181520984,0.46703916909644,2.087898,490.7848,338.9469,2.088735,495.9254,341.1766,2.08264,489.9462,338.8596,"No issues","No issues","No issues","No issues"
1228,150,2025-05-24,2025-05-24 03:07:20,2025-05-24 03:13:50,2025-05-24 03:04:00,40,-0.235027452157648,-114.747305065642,104.591252532844,0.486693093585162,0.00301453207846758,0.129687801338325,5.64829667285983e-07,0.736500714419578,0.0224555355347076,0.000322477502044131,2.78802600410361,0.36199552512176,2.08194,494.3417,340.9871,2.082355,504.5858,341.8031,2.080545,493.3128,339.7955,"No issues","No issues","No issues","No issues"
1229,160,2025-05-24,2025-05-24 03:19:40,2025-05-24 03:26:10,2025-05-24 03:16:20,40,-0.745567969981241,234.96690731705,-68.8071444652998,0.77292885747206,0.0490800011065351,0.0314353438062973,8.49302511992014e-14,0.169487157333169,0.273741727308707,0.00053990620672186,1.38180345960614,0.510280065318164,2.080741,499.9458,341.1125,2.081197,505.6325,342.7349,2.077141,499.1604,340.2931,"No issues","No issues","No issues","No issues"
1230,170,2025-05-24,2025-05-24 03:32:00,2025-05-24 03:38:30,2025-05-24 03:28:40,40,-0.216484682926785,330.648099061932,80.1873050656578,0.458042948308718,0.0395717263941078,0.065300966729038,1.62937147959958e-06,0.218483884131967,0.111501079498604,0.000314612790856848,2.17633559934137,0.405323305470762,2.074177,500.8064,342.1291,2.074341,506.6127,342.9547,2.072596,498.832,340.9983,"No issues","No issues","No issues","No issues"
1231,180,2025-05-24,2025-05-24 03:44:20,2025-05-24 03:50:50,2025-05-24 03:41:00,40,0.10604667917462,504.154455534719,3.43403527205002,0.195333943435923,0.111711614692437,0.000141531258316988,0.00430021419186014,0.0350408147760695,0.941919214019185,0.000287564930713687,1.89937756207097,0.385627235270761,2.070688,497.6711,341.0487,2.072192,506.9308,342.2175,2.070688,497.6711,339.9664,"No issues","No issues","No issues","No issues"
1232,190,2025-05-24,2025-05-24 03:56:40,2025-05-24 04:03:10,2025-05-24 03:53:20,40,0.197177606003813,1070.84500412761,-85.9534919324732,0.611940817781521,0.497946123508176,0.121148262218062,2.5018059849188e-09,3.66856840923201e-07,0.0277450518585728,0.000209783693080085,1.43658214953214,0.309301912082721,2.070313,497.2945,340.3158,2.071886,504.4225,341.0945,2.070262,497.2945,339.8491,"No issues","No issues","No issues","No issues"
1233,200,2025-05-24,2025-05-24 04:09:00,2025-05-24 04:15:30,2025-05-24 04:05:40,40,-1.43082209380872,-1150.18030469044,-28.8841846153905,0.851776313706217,0.481703532707857,0.00757186684960006,2.45240867367984e-17,6.81978294835312e-07,0.593408141209038,0.000797446450731907,1.593987831451,0.441802356391929,2.067263,499.7451,340.6543,2.067321,500.0465,341.6297,2.059071,490.1978,339.6559,"No issues","No issues","No issues","No issues"
1234,210,2025-05-24,2025-05-24 04:21:20,2025-05-24 04:27:50,2025-05-24 04:18:00,40,0.522111309568415,2107.23634671669,-22.3799504690461,0.659223526431548,0.490455194542252,0.00734845052201411,2.0471366840866e-10,4.89439053590151e-07,0.598930995626611,0.00050153520118026,2.86962161508238,0.347519767184382,2.056277,489.229,339.9379,2.059992,502.2106,340.4881,2.056093,488.7074,339.0038,"No issues","No issues","No issues","No issues"
1235,220,2025-05-24,2025-05-24 04:33:40,2025-05-24 04:40:10,2025-05-24 04:30:20,40,-0.385951879924961,272.433951219491,-35.5084547842394,0.513238483526519,0.0116394470487643,0.0153394011284272,2.0103212665986e-07,0.50756487357532,0.446411714730395,0.000502170895122392,3.35407386753953,0.38009374063282,2.057855,501.336,338.8979,2.057855,509.144,339.8024,2.055276,497.5758,338.1559,"No issues","No issues","No issues","No issues"
1236,230,2025-05-24,2025-05-24 04:46:00,2025-05-24 04:52:30,2025-05-24 04:42:40,40,-0.942136075046993,-1760.42001951221,13.8158138836833,0.917384731884888,0.627399451785257,0.00205649274864667,3.55704230160302e-22,1.14237754337894e-09,0.781121571168858,0.000377735588794789,1.81253266652724,0.406617183385224,2.055951,499.6238,339.4244,2.056502,501.6908,339.9189,2.052069,492.5551,338.1425,"No issues","No issues","No issues","No issues"
1237,240,2025-05-24,2025-05-24 04:58:20,2025-05-24 05:04:50,2025-05-24 04:55:00,40,0.777085328330274,-1761.61705666041,155.798814258913,0.857288493523154,0.474810006530313,0.254423682420055,1.19003221697086e-17,8.82337604346467e-07,0.000904028195857124,0.000423598656218502,2.4753103793819,0.356329107200455,2.053323,506.0071,338.6805,2.056843,506.0071,339.912,2.052863,492.5885,338.1574,"No issues","No issues","No issues","No issues"
1238,10,2025-05-24,2025-05-24 05:10:40,2025-05-24 05:17:10,2025-05-24 05:07:20,40,-1.27911147467179,-1611.02315347088,168.732067542209,0.93629327641751,0.770562834795483,0.253842642984433,2.52504870683758e-24,1.03566924297192e-13,0.000918400530051213,0.000445774215067013,1.17449048631238,0.386500817410768,2.052594,494.6504,338.601,2.052594,496.3835,339.9768,2.045832,487.2325,338.1393,"No issues","No issues","No issues","No issues"
1239,20,2025-05-24,2025-05-24 05:23:00,2025-05-24 05:29:30,2025-05-24 05:19:40,40,-0.341006859286993,-1729.57611106939,273.099620262641,0.342871647043099,0.324495093885485,0.509366210529152,7.21324391422292e-05,0.00012479818979283,2.34502805712203e-07,0.000630728270496254,3.33403174650372,0.35810024963172,2.046446,484.9305,337.6982,2.047494,490.9881,340.0982,2.044319,475.119,337.6982,"No issues","No issues","No issues","No issues"
1240,30,2025-05-24,2025-05-24 05:35:20,2025-05-24 05:41:50,2025-05-24 05:32:00,40,0.195099467167027,23.2206889306275,58.409317823647,0.569220985149814,0.000893848126347498,0.0385558918571988,1.88152189002626e-08,0.854694495575682,0.224613127921386,0.000226758078252931,1.03721530481596,0.389689446848139,2.046328,476.8972,338.6417,2.047086,479.5983,340.17,2.045795,475.1801,338.3887,"No issues","No issues","No issues","No issues"
1241,40,2025-05-24,2025-05-24 05:47:40,2025-05-24 05:54:10,2025-05-24 05:44:20,40,-0.79509154221382,-2532.86576510319,-2.83612457785026,0.869273216756921,0.849422746314425,0.000147143462337157,2.23316904060851e-18,3.31247455789241e-17,0.940780849773319,0.000411946804206321,1.4247864723106,0.312350877410852,2.044678,467.583,339.0663,2.044678,467.9775,340.1112,2.041067,457.6822,338.7167,"No issues","No issues","No issues","No issues"
1242,50,2025-05-24,2025-05-24 06:00:00,2025-05-24 06:06:30,2025-05-24 05:56:40,40,-0.406489305816022,-674.40144090059,187.781403377112,0.80864676072016,0.66268264439529,0.200997934962688,3.2185348517875e-15,1.68230267750997e-10,0.00371619492527836,0.000264184585717556,0.64284297323429,0.500207961563762,2.037328,449.581,339.2752,2.037796,451.0003,341.463,2.03572,446.6828,338.8028,"No issues","No issues","No issues","No issues"
1243,60,2025-05-24,2025-05-24 06:12:20,2025-05-24 06:18:50,2025-05-24 06:09:00,40,-0.277977816135103,-92.8140247654691,123.612382739208,0.598502591860018,0.00629566171401858,0.124594665699898,4.82631315494366e-09,0.626485926263941,0.0254759396094852,0.000304185396464249,1.55790644165667,0.43776064342912,2.034466,445.1998,339.7874,2.034466,449.8788,341.4699,2.032519,442.5491,339.6863,"No issues","No issues","No issues","No issues"
1244,70,2025-05-24,2025-05-24 06:24:40,2025-05-24 06:31:10,2025-05-24 06:21:20,40,-0.215091422138745,-767.553527954962,-406.364487804862,0.750017167544521,0.577503212815995,0.534465170662928,5.35055807853988e-13,1.29250798569065e-08,8.4588226771425e-08,0.000165906135594451,0.877128134686955,0.50670127738987,2.032743,445.4724,343.9389,2.032979,447.6453,344.6517,2.031834,442.6636,341.1022,"No issues","No issues","No issues","No issues"
1245,80,2025-05-24,2025-05-24 06:37:00,2025-05-24 06:43:30,2025-05-24 06:33:40,40,0.00233831144451806,-89.0389283302036,-309.937548968096,0.000348662693755715,0.0452472631577181,0.539302399502593,0.908952115216592,0.187569975962721,6.90766173497874e-08,0.000167279898660329,0.546448312114409,0.382724143191306,2.031167,441.8936,342.4754,2.031285,442.2835,342.7339,2.030673,440.2163,340.447,"No issues","No issues","No issues","No issues"
1246,90,2025-05-24,2025-05-24 06:49:20,2025-05-24 06:55:50,2025-05-24 06:46:00,40,-0.227785575985023,-686.569008630389,-252.925787617276,0.859634253585235,0.712843983100007,0.416713697535225,8.67441295300549e-18,7.63238736305644e-12,6.86943715547663e-06,0.000122975840579865,0.582191389884584,0.39979280902906,2.030995,443.5796,342.3065,2.030995,443.6659,342.3065,2.029697,439.3926,340.1773,"No issues","No issues","No issues","No issues"
1247,100,2025-05-24,2025-05-24 07:01:40,2025-05-24 07:08:10,2025-05-24 06:58:20,40,-0.268805313320789,-128.516595872406,-322.016528330223,0.8558125774803,0.156354987684136,0.483513404079778,1.44814094010263e-17,0.0115566330039096,6.37040149737802e-07,0.000147411739874968,0.398844017025226,0.444655120964791,2.029437,441.1135,343.1759,2.029437,441.9038,343.1759,2.027747,440.0876,340.1935,"No issues","No issues","No issues","No issues"
1248,110,2025-05-24,2025-05-24 07:14:00,2025-05-24 07:20:30,2025-05-24 07:10:40,40,-0.285128105065736,-56.6730506566759,-91.1751804877861,0.698820374149013,0.0291230776389606,0.0910066150846641,1.90602671197365e-11,0.292415035139941,0.0585195823933658,0.000250086304868483,0.437179624123682,0.384981959532987,2.026424,439.458,339.8819,2.026708,440.1097,340.7509,2.025034,438.2278,338.7818,"No issues","No issues","No issues","No issues"
1249,120,2025-05-24,2025-05-24 07:26:20,2025-05-24 07:32:50,2025-05-24 07:23:00,40,-0.0908642701688852,-41.9147797373562,48.8358574108776,0.356849432043829,0.0140212168949414,0.018806304788454,4.71053924830341e-05,0.466786872875068,0.398770564579317,0.000162977192720692,0.469599889146403,0.471285765475566,2.023346,438.2858,339.3096,2.023346,439.6266,340.4911,2.022535,437.8045,338.61,"No issues","No issues","No issues","No issues"
1250,130,2025-05-24,2025-05-24 07:38:40,2025-05-24 07:45:10,2025-05-24 07:35:20,40,-0.591473651031889,-699.435476172604,-82.5599009380958,0.960401878357041,0.732354592054379,0.0574759211708329,2.97396217247604e-28,1.97961653608712e-12,0.13622325451982,0.000160459731495228,0.564919695749917,0.446675658501861,2.021305,439.502,340.958,2.021388,439.8166,341,2.018446,435.93,339.0688,"No issues","No issues","No issues","No issues"
1251,140,2025-05-24,2025-05-24 07:51:00,2025-05-24 07:57:30,2025-05-24 07:47:40,40,-0.406610071294518,-215.765034146343,225.613337335826,0.922021718780616,0.239992537609157,0.22152756523331,1.18414972215371e-22,0.00133386704530846,0.00217666103523555,0.000157984416816435,0.512992472065075,0.565057142026039,2.017839,436.978,342.5447,2.017839,436.978,343.9516,2.015906,434.4163,340.992,"No issues","No issues","No issues","No issues"
1252,150,2025-05-24,2025-05-24 08:03:20,2025-05-24 08:09:50,2025-05-24 08:00:00,40,-0.310248945590953,-233.223831894947,105.850212382732,0.818371480454343,0.237039881264795,0.101053017574032,1.18804819574673e-15,0.00144336142925793,0.0456151926793235,0.000195275140511597,0.559027279399044,0.421797495059937,2.014461,434.0217,342.9259,2.014461,435.7313,344.1392,2.012546,432.9405,342.156,"No issues","No issues","No issues","No issues"
1253,160,2025-05-24,2025-05-24 08:15:40,2025-05-24 08:22:10,2025-05-24 08:12:20,40,-0.0730331257036777,-283.745705065658,20.5796532833046,0.32476684407291,0.375709196881445,0.0044772201956243,0.000123802414266308,2.61565880068799e-05,0.681637349004505,0.000140695689337354,0.48867117058175,0.409995692612172,2.010959,432.7417,343.7504,2.011211,433.2061,345.2619,2.010502,430.6649,343.6108,"No issues","No issues","No issues","No issues"
1254,170,2025-05-24,2025-05-24 08:28:00,2025-05-24 08:34:30,2025-05-24 08:24:40,40,0.0693785515947583,-18.2556878048656,131.398189868673,0.352579122627637,0.00227707840137701,0.115487570780262,5.37012670316841e-05,0.76998360502704,0.0319162885340612,0.000125605931584648,0.510545026034474,0.485840366458944,2.010514,433.8127,345.5407,2.011002,435.1869,346.7923,2.010281,433.357,344.4942,"No issues","No issues","No issues","No issues"
1255,180,2025-05-24,2025-05-24 08:40:20,2025-05-24 08:46:50,2025-05-24 08:37:00,40,-0.291729681050578,-1849.14058086304,-99.6378416510675,0.77490352226261,0.926379741159773,0.0588844257963074,7.18573671879702e-14,3.96175385683783e-23,0.131372952158895,0.000210068539365628,0.696456412682758,0.532188438717669,2.010362,429.8877,346.2197,2.01048,430.2017,346.2614,2.008922,421.7128,343.8879,"No issues","No issues","No issues","No issues"
1256,190,2025-05-24,2025-05-24 08:52:40,2025-05-24 08:59:10,2025-05-24 08:49:20,40,-0.18290539587247,-1291.77977335835,-254.13101088183,0.494879635603275,0.924185585748075,0.321361447225128,4.13012594364118e-07,6.92961789956421e-23,0.000136848569807584,0.000246884617593593,0.494315971747347,0.493400865557171,2.007913,430.7507,344.0669,2.008173,430.7507,344.9847,2.006683,423.5078,342.4382,"No issues","No issues","No issues","No issues"
1257,200,2025-05-24,2025-05-24 09:05:00,2025-05-24 09:11:30,2025-05-24 09:01:40,40,-0.0113503339585747,-44.9582318949351,-94.0442926829442,0.010319370196266,0.013230480621784,0.0371300337882665,0.532811850274013,0.479717202491746,0.233556589285629,0.000148507861760483,0.518739288383205,0.639843052653967,2.006617,434.4623,342.1752,2.006836,436.0269,344.212,2.006239,433.2498,341.4947,"No issues","No issues","No issues","No issues"
1258,210,2025-05-24,2025-05-24 09:17:20,2025-05-24 09:23:50,2025-05-24 09:14:00,40,0.697568960600379,563.060451782364,-83.9246318949381,0.680486979217831,0.086108457622187,0.0588656090037642,5.93062438384945e-11,0.0661016888503355,0.131436511079056,0.000638618337597929,2.45075171263214,0.448336722411089,2.006504,434.724,341.9043,2.011205,446.0935,342.2719,2.006137,432.6617,340.4026,"No issues","No issues","No issues","No issues"
1259,220,2025-05-24,2025-05-24 09:29:40,2025-05-24 09:36:10,2025-05-24 09:26:20,40,0.862408165103122,-754.203755347091,-229.184834521586,0.205217706062679,0.052642238343468,0.292828114981673,0.00333181591204883,0.154398838018946,0.000311623344135958,0.00226751100425217,4.27462864905089,0.47584098945125,2.010179,429.4488,342.4907,2.020347,451.6265,342.5094,2.007741,422.8199,340.4792,"No issues","No issues","No issues","No issues"
1260,230,2025-05-24,2025-05-24 09:42:00,2025-05-24 09:48:30,2025-05-24 09:38:40,40,0.828120495309572,-19.1018566603864,-5.19737335835292,0.295093663418997,0.000792367883076911,0.000289288908388594,0.000292216402064971,0.863108296060011,0.917036413443458,0.00171001202689889,0.906274765262026,0.40820193920964,2.008119,434.1111,341.0146,2.016171,436.0883,342.4614,2.007605,432.6446,340.3494,"No issues","No issues","No issues","No issues"
1261,240,2025-05-24,2025-05-24 09:54:20,2025-05-24 10:00:50,2025-05-24 09:51:00,40,0.157848585366075,-255.297572983105,-36.4971106941872,0.00377803657770129,0.0533684208491902,0.00677008346825685,0.70634231488667,0.151507520030714,0.613739022964056,0.00342456597549505,1.43653056349438,0.590617397598924,2.007805,434.025,340.7538,2.021302,440.2726,342.4277,2.005678,431.0957,339.5735,"No issues","No issues","No issues","No issues"
1262,10,2025-05-24,2025-05-24 10:06:40,2025-05-24 10:13:10,2025-05-24 10:03:20,40,-0.439298611632353,-488.282143339587,-196.607252532854,0.0571564309882694,0.29669361686734,0.263423431295553,0.137350074570943,0.000279214517017303,0.000707197074670172,0.00238378436788491,1.0044050478832,0.439239257817664,2.006628,431.6049,342.3509,2.020682,434.8967,342.485,2.004996,429.5812,339.9856,"No issues","No issues","No issues","No issues"
1263,20,2025-05-24,2025-05-24 10:19:00,2025-05-24 10:25:30,2025-05-24 10:15:40,40,-0.189139812382707,-1249.80104465293,-485.52844727955,0.337125638791131,0.773397155270343,0.600841058734602,8.57422137103171e-05,8.16401786288888e-14,4.31155083288845e-09,0.000354341924754657,0.90384121950381,0.528722358906365,2.00534,432.6893,343.3694,2.006281,432.9892,343.5393,2.004315,425.0944,340.0105,"No issues","No issues","No issues","No issues"
1264,30,2025-05-24,2025-05-24 10:31:20,2025-05-24 10:37:50,2025-05-24 10:28:00,40,0.195346671669774,38.8305590994057,264.551531707313,0.268904867020167,0.00174451933566944,0.302821428906209,0.000608248412606951,0.798031465785856,0.00023435801913872,0.0004303417656935,1.24101339195504,0.536301312085104,2.005674,433.3795,340.8369,2.006475,434.9706,343.4891,2.004422,430.4099,340.8369,"No issues","No issues","No issues","No issues"
1265,40,2025-05-24,2025-05-24 10:43:40,2025-05-24 10:50:10,2025-05-24 10:40:20,40,-0.206175039399654,-1233.18663264542,113.542081801105,0.0252728268856078,0.704754641732195,0.0763064371855929,0.32718053050293,1.3007977611709e-11,0.0844512041616894,0.00171068709035767,1.06640271384368,0.527788702130808,2.007582,429.7724,344.5275,2.014991,431.8202,345.0951,2.00573,423.8681,343.047,"No issues","No issues","No issues","No issues"
1266,50,2025-05-24,2025-05-24 10:56:00,2025-05-24 11:02:30,2025-05-24 10:52:40,40,0.309678348968133,193.154008255179,15.6735759849942,0.24313027539218,0.0750854342616809,0.00142280435549767,0.00122628741172378,0.0870803403252157,0.817252621162636,0.000729998142416522,0.905725410530004,0.554761340660397,2.006162,430.5692,344.7027,2.009732,432.6009,345.4277,2.005994,428.257,342.8561,"No issues","No issues","No issues","No issues"
1267,60,2025-05-24,2025-05-24 11:08:20,2025-05-24 11:14:50,2025-05-24 11:05:00,40,-0.117539662288814,1128.74662063791,184.217362851748,0.112242831227213,0.204809716960974,0.233721211897554,0.0345834224898451,0.00336723011194305,0.0015767648007473,0.000441643753753892,2.97150580493425,0.445650875811994,2.00776,425.8488,344.2012,2.008428,445.778,346.927,2.006326,425.8488,344.2012,"No issues","No issues","No issues","No issues"
1268,70,2025-05-24,2025-05-24 11:20:40,2025-05-24 11:27:10,2025-05-24 11:17:20,40,-0.272262123827474,-2134.56006303944,-489.063633771117,0.0847506166237491,0.616565251752684,0.570674146148801,0.0683763792072296,1.98526973331972e-09,1.76245451559824e-08,0.00119537834340579,2.24897411697435,0.56674103512082,2.007453,436.9625,349.0103,2.012462,436.9625,349.0103,2.006707,421.3961,345.2124,"No issues","No issues","No issues","No issues"
1269,80,2025-05-24,2025-05-24 11:33:00,2025-05-24 11:39:30,2025-05-24 11:29:40,40,-0.0968012307692116,-486.133895684796,-134.096366228865,0.0984640478620501,0.271420807549625,0.0804635826114354,0.0486361071526065,0.000567418587811072,0.0761000979626306,0.000391339267648747,1.06412484354436,0.605649914040512,2.007003,430.5741,345.3486,2.00838,431.3315,346.1438,2.00625,426.5362,343.3516,"No issues","No issues","No issues","No issues"
1270,90,2025-05-24,2025-05-24 11:45:20,2025-05-24 11:51:50,2025-05-24 11:42:00,40,0.136900232645448,-1351.4342724203,-273.956812007523,0.325450075418258,0.666450489440923,0.343619601684791,0.000121332301469315,1.35541198055507e-10,7.05207571480749e-05,0.000263323072157871,1.27735320806233,0.505872191903841,2.007212,429.8646,344.8857,2.008126,429.8646,344.8857,2.006874,421.1729,341.9952,"No issues","No issues","No issues","No issues"
1271,100,2025-05-24,2025-05-24 11:57:40,2025-05-24 12:04:10,2025-05-24 11:54:20,40,0.216340412757957,256.87571031897,-578.319777861152,0.774230098257217,0.14259405398577,0.748252892863841,7.60847913090976e-14,0.0162960972485798,6.12222667418982e-13,0.000156082968808156,0.841560695472701,0.448173272716982,2.0064,430.7841,344.4985,2.007583,433.8506,344.4985,2.006274,429.8257,340.7409,"No issues","No issues","No issues","No issues"
1272,110,2025-05-24,2025-05-24 12:10:00,2025-05-24 12:16:30,2025-05-24 12:06:40,40,-0.656293103189485,-545.472864540311,56.3901028142526,0.488896759593519,0.071912474876223,0.0267538818479567,5.19428085246858e-07,0.0943185934732906,0.313218227905118,0.000896527146938121,2.61809479364846,0.454402477416767,2.012437,435.2218,342.2938,2.012437,441.2117,342.5987,2.007776,430.402,340.4008,"No issues","No issues","No issues","No issues"
1273,120,2025-05-24,2025-05-24 12:22:20,2025-05-24 12:28:50,2025-05-24 12:19:00,40,-0.0937675046904834,57.211064915553,-21.7662348968166,0.390773244081578,0.024261965326177,0.00360028062951015,1.61599039276549e-05,0.337173318188043,0.713032642341728,0.000156422527593816,0.48473404853773,0.483784332390804,2.009644,432.2762,341.6259,2.009663,433.0961,342.5382,2.00877,431.4212,339.9721,"No issues","No issues","No issues","No issues"
1274,130,2025-05-24,2025-05-24 12:34:40,2025-05-24 12:41:10,2025-05-24 12:31:20,40,-0.0205657936209966,38.2002281425961,-569.701904690425,0.0384318266141595,0.00881837784472385,0.457503165462168,0.22537527166198,0.564373164701926,1.66136813136322e-06,0.000137438962044996,0.541088236021287,0.82883692416018,2.009142,432.4813,346.4406,2.009328,433.9809,346.8488,2.008783,431.457,341.1563,"No issues","No issues","No issues","No issues"
1275,140,2025-05-24,2025-05-24 12:47:00,2025-05-24 12:53:30,2025-05-24 12:43:40,40,-0.200502303939963,-411.72736660413,450.206246904285,0.819945912057142,0.414413294448747,0.320129273840775,1.00600804135838e-15,7.42125475946844e-06,0.000141885249789976,0.000125530172114743,0.653895525476007,0.876560425218257,2.009988,432.5599,349.4152,2.010268,434.2375,350.08,2.009099,430.6591,345.736,"No issues","No issues","No issues","No issues"
1276,150,2025-05-24,2025-05-24 12:59:20,2025-05-24 13:05:50,2025-05-24 12:56:00,40,-0.321461493433379,-194.910132833037,-236.472342213891,0.904011174392665,0.218499674335602,0.224361762598907,6.19657433104526e-21,0.00235676786893533,0.00202016528618371,0.000139949794183865,0.492485522886724,0.58742902750738,2.009925,433.9786,348.0003,2.009938,434.3576,349.847,2.008372,432.0726,347.2659,"No issues","No issues","No issues","No issues"
1277,160,2025-05-24,2025-05-24 13:11:40,2025-05-24 13:18:10,2025-05-24 13:08:20,40,0.0799734934334176,-368.360240150108,-31.0398889305913,0.416636032503859,0.417043971491919,0.00614461613248004,6.88741196897451e-06,6.79349641545532e-06,0.630667942913751,0.00012643209102961,0.581861455326577,0.527417145490134,2.007875,429.9333,348.5846,2.008215,430.5415,350.1282,2.007641,427.5409,347.6432,"No issues","No issues","No issues","No issues"
1278,170,2025-05-24,2025-05-24 13:24:00,2025-05-24 13:30:30,2025-05-24 13:20:40,40,0.0811552120075172,349.826143339575,-155.291842401505,0.454451962450074,0.451928217354081,0.134901879648265,1.85378092649089e-06,2.02877840869378e-06,0.0197306487540694,0.000118797907300944,0.514702314134828,0.525402569772613,2.008801,430.891,350.8115,2.009415,433.4272,351.1227,2.008781,430.3071,348.6063,"No issues","No issues","No issues","No issues"
1279,180,2025-05-24,2025-05-24 13:36:20,2025-05-24 13:42:50,2025-05-24 13:33:00,40,0.0701404277673045,-1787.25370356474,-409.857284803014,0.256470160566526,0.945246195372138,0.482441995270319,0.00085510964441971,1.41469844606799e-25,6.63290129300769e-07,0.000159558173393048,0.574699413674146,0.567165084891206,2.009837,427.6934,347.8518,2.010372,427.9098,348.9439,2.009567,419.7764,345.8683,"No issues","No issues","No issues","No issues"
1280,190,2025-05-24,2025-05-24 13:48:40,2025-05-24 13:55:10,2025-05-24 13:45:20,40,-0.00271357598495624,-1739.50165553473,-277.269109193233,0.00106708674600243,0.960042515990484,0.474899674533442,0.841400979582806,3.53150581085454e-28,8.79404477601079e-07,0.000110925182516541,0.474131213008228,0.389530583348154,2.010618,429.1067,345.2943,2.01091,429.1067,345.786,2.010486,420.5436,343.5706,"No issues","No issues","No issues","No issues"
1281,200,2025-05-24,2025-05-24 14:01:00,2025-05-24 14:07:30,2025-05-24 13:57:40,40,0.166678243902538,-206.995677298287,-160.916676923063,0.698146921753842,0.327675753088087,0.117559089500505,1.98954811327598e-11,0.000113608363115402,0.0303219253436762,0.000146427677249466,0.396139707386211,0.58902758232237,2.010952,430.7415,343.9714,2.012073,431.1052,344.7423,2.01091,429.1379,341.9159,"No issues","No issues","No issues","No issues"
1282,210,2025-05-24,2025-05-24 14:13:20,2025-05-24 14:19:50,2025-05-24 14:10:00,40,-0.285670333958672,-472.839156472762,-300.105780112602,0.145656397817911,0.499477372249997,0.528139471515125,0.0150990403566395,3.45688039442849e-07,1.09911236637067e-07,0.00092435014131802,0.632393284057631,0.37898911622648,2.017243,431.2511,333.2345,2.017243,431.8019,334.2145,2.013549,428.7425,332.1834,"No issues","No issues","No issues","No issues"
1283,220,2025-05-24,2025-05-24 14:25:40,2025-05-24 14:32:10,2025-05-24 14:22:20,40,0.158844697936139,-1965.6147512195,-169.540061538458,0.193505397000889,0.936113811381111,0.192301240016122,0.00450707438597179,2.66392294041292e-24,0.00464853458024955,0.000433258190027675,0.686052628073512,0.464222160584658,2.012565,428.3073,341.3368,2.014833,428.7248,341.964,2.012495,420.1751,339.7213,"No issues","No issues","No issues","No issues"
1284,230,2025-05-24,2025-05-24 14:38:00,2025-05-24 14:44:30,2025-05-24 14:34:40,40,-0.938640360225127,-225.758823264553,-47.7865756097592,0.860810099780196,0.30084280840824,0.0276456170705243,7.3883132565972e-18,0.000248027545204388,0.305176421359195,0.000504277133551148,0.459814006817774,0.378638630288357,2.017274,430.7291,340.1846,2.018459,431.0232,341.395,2.014386,428.7603,339.6276,"No issues","No issues","No issues","No issues"
1285,240,2025-05-24,2025-05-24 14:50:20,2025-05-24 14:56:50,2025-05-24 14:47:00,40,-0.232839084427771,242.554788742949,24.4337741088156,0.163624229376653,0.41945550862922,0.00368319214152166,0.00962874105505792,6.26275492972289e-06,0.709889292244554,0.000703319508106524,0.381245321406965,0.536904398242097,2.017417,429.814,339.8633,2.017996,431.2628,341.3513,2.014151,429.0128,338.6236,"No issues","No issues","No issues","No issues"
1286,10,2025-05-24,2025-05-24 15:02:40,2025-05-24 15:09:10,2025-05-24 14:59:20,40,-0.243576675422204,-1380.65546566603,-224.511291557209,0.586727255805939,0.925429269247582,0.279077550115989,8.43566228286012e-09,5.05764790933253e-23,0.000458714250620846,0.000273121453604916,0.52362185727107,0.482103049570117,2.01547,427.2507,342.8445,2.016579,427.735,342.8445,2.014823,421.1708,340.3116,"No issues","No issues","No issues","No issues"
1287,20,2025-05-24,2025-05-24 15:15:00,2025-05-24 15:21:30,2025-05-24 15:11:40,40,-0.0282858686679656,-1808.26746416511,-27.5282071294529,0.0435799275614763,0.966225942597525,0.00664202652116546,0.196103466188033,1.44329403019503e-29,0.617123726304583,0.000177039622960706,0.451684103370436,0.449780250633097,2.014139,428.4178,342.1162,2.014139,428.4178,343.1461,2.013449,419.7664,341.3502,"No issues","No issues","No issues","No issues"
1288,30,2025-05-24,2025-05-24 15:27:20,2025-05-24 15:33:50,2025-05-24 15:24:00,40,0.560570656660468,191.400963602221,1010.96956097557,0.962984515124142,0.212057163547744,0.919377693669921,8.24614095905788e-29,0.00278912829588941,2.23432483652111e-22,0.000146835915908671,0.492929566000705,0.39998027410852,2.014436,432.1499,344.3798,2.016889,433.3437,348.7926,2.014436,430.5049,344.196,"No issues","No issues","No issues","No issues"
1289,40,2025-05-24,2025-05-24 15:39:40,2025-05-24 15:46:10,2025-05-24 15:36:20,40,0.227634821763494,-660.689696060048,-84.7742048780447,0.862101200229754,0.752645485062729,0.0534691160921788,6.18501682157115e-18,4.36990127857797e-13,0.151111288353208,0.000121635314486664,0.506036788261161,0.476540135033627,2.018504,429.462,351.0497,2.019817,429.462,352.1816,2.018504,425,349.8826,"No issues","No issues","No issues","No issues"
1290,50,2025-05-24,2025-05-24 15:52:00,2025-05-24 15:58:30,2025-05-24 15:48:40,40,0.694423384615267,185.162818761746,208.642545590966,0.980726215033648,0.236006012071968,0.183944292415314,3.36959378955227e-34,0.00148370869270999,0.00575607776599995,0.000130063014683227,0.445099480252863,0.587137046865428,2.020293,432.8845,349.7829,2.02329,433.772,352.5345,2.020293,431.3835,349.3145,"No issues","No issues","No issues","No issues"
1291,60,2025-05-24,2025-05-24 16:04:20,2025-05-24 16:10:50,2025-05-24 16:01:00,40,0.467759549718426,-10.3973403377149,41.5548337711326,0.921907483402672,0.000822281117376822,0.00892522808248028,1.21761929766262e-22,0.860573227826456,0.562012393115981,0.00018188779926031,0.48423183521777,0.585039197534948,2.024659,432.6662,350.1888,2.026789,433.6557,352.3389,2.024549,431.4774,349.8513,"No issues","No issues","No issues","No issues"
1292,70,2025-05-24,2025-05-24 16:16:40,2025-05-24 16:23:10,2025-05-24 16:13:20,40,0.356414589118199,-1492.54735609754,-350.520747467179,0.867776056154814,0.93262665506467,0.550658638625354,2.77485216234697e-18,7.32538635875539e-24,4.25827476441576e-08,0.000185877388000968,0.535967096531711,0.423039154536171,2.028772,430.5491,349.7746,2.030734,430.7123,351.236,2.028757,422.6732,348.5673,"No issues","No issues","No issues","No issues"
1293,80,2025-05-24,2025-05-24 16:29:00,2025-05-24 16:35:30,2025-05-24 16:25:40,40,0.86196968105066,-276.838811257064,-228.31580938087,0.980557195353351,0.39453098677929,0.344090781030874,3.97794920684862e-34,1.43064749614608e-05,6.95231921688937e-05,0.000162164149031883,0.45819700231695,0.421154261946084,2.03325,430.5095,348.2918,2.037638,430.5095,348.3732,2.03325,427.8343,346.3383,"No issues","No issues","No issues","No issues"
1294,90,2025-05-24,2025-05-24 16:41:20,2025-05-24 16:47:50,2025-05-24 16:38:00,40,0.554629643527061,-1383.42391294558,128.222381988739,0.954397067394172,0.945322600824015,0.113621578642334,4.36186457505109e-27,1.37760474309249e-25,0.0334239378336037,0.000161977533692868,0.44451768952124,0.478479003304152,2.040373,428.7025,346.4513,2.042826,429.0088,347.8358,2.040301,422.2686,345.8035,"No issues","No issues","No issues","No issues"
1295,100,2025-05-24,2025-05-24 16:53:40,2025-05-24 17:00:10,2025-05-24 16:50:20,40,0.372736570356513,-63.7821658536469,-97.7537380862967,0.734544598818738,0.03066355700241,0.108588594908733,1.69113677235352e-12,0.279807173749903,0.0378549201710671,0.00029937020140332,0.479120919140398,0.374196935477733,2.044035,430.8812,344.9207,2.046412,432.4648,345.7545,2.044035,430.2066,344.0313,"No issues","No issues","No issues","No issues"
1296,110,2025-05-24,2025-05-24 17:06:00,2025-05-24 17:12:30,2025-05-24 17:02:40,40,0.56671267542215,9.60353020637302,-42.8360015009368,0.964124423455572,0.0011565904027554,0.016662887817037,4.54883955389325e-29,0.834971750663972,0.42728541740521,0.000146054753155504,0.377059324532978,0.439647766671821,2.047636,431.8392,343.2045,2.05031,432.4124,344.3889,2.047619,430.9942,342.6824,"No issues","No issues","No issues","No issues"
1297,120,2025-05-24,2025-05-24 17:18:20,2025-05-24 17:24:50,2025-05-24 17:15:00,40,0.414005133208256,244.308562851747,14.430907317078,0.951900029724627,0.354271748658187,0.00133941815116159,1.2025414934567e-26,5.09877376129669e-05,0.822600382449444,0.000124337555871896,0.440671728160044,0.526458773782018,2.051065,432.557,343.8727,2.05326,433.8902,343.9585,2.051065,431.3844,341.8846,"No issues","No issues","No issues","No issues"
1298,130,2025-05-24,2025-05-24 17:30:40,2025-05-24 17:37:10,2025-05-24 17:27:20,40,0.183967969981106,78.6711714821801,-105.425750093796,0.612098531727968,0.047684547429742,0.0874693788929293,2.48226223040039e-09,0.175835782211712,0.0638995220178222,0.00019566453959954,0.469717852575447,0.454948532013605,2.053713,433.2772,343.482,2.055081,433.3545,343.482,2.053666,431.3143,341.4525,"No issues","No issues","No issues","No issues"
1299,140,2025-05-24,2025-05-24 17:43:00,2025-05-24 17:49:30,2025-05-24 17:39:40,40,-0.895185050656625,264.515545215772,306.501973733582,0.793373707908933,0.367968719562733,0.44446980521765,1.39698921788715e-14,3.33633964595938e-05,2.64258057060691e-06,0.000610360719799326,0.463164113145379,0.457810601175764,2.050181,432.8433,342.4864,2.050565,434.7137,345.7035,2.046565,432.3573,342.4864,"No issues","No issues","No issues","No issues"
1300,150,2025-05-24,2025-05-24 17:55:20,2025-05-24 18:01:50,2025-05-24 17:52:00,40,-1.17218053283308,18.0493328330197,-100.619527204526,0.902380232666925,0.00291210523194423,0.089314008051703,8.54175377620748e-21,0.740858717223674,0.0610337634404016,0.000515096345165713,0.446215045132951,0.429266183562695,2.041936,433.6838,345.3637,2.042032,434.7493,345.69,2.03603,432.9444,343.8785,"No issues","No issues","No issues","No issues"
1301,160,2025-05-24,2025-05-24 18:07:40,2025-05-24 18:14:10,2025-05-24 18:04:20,40,-0.797139692307683,-105.691272045044,-31.4547872420199,0.889931538865655,0.115922760674325,0.00999566706374056,8.40959124828152e-20,0.0315745474907207,0.539341733998234,0.000374547971406341,0.389959709789891,0.418233941654629,2.031637,434.081,344.6633,2.03182,434.2074,345.4862,2.028322,432.1924,343.5859,"No issues","No issues","No issues","No issues"
1302,170,2025-05-24,2025-05-24 18:20:00,2025-05-24 18:26:30,2025-05-24 18:16:40,40,0.0232704540337142,1437.36012607881,203.136531332094,0.00983715734215031,0.609618858331633,0.301203580279922,0.542592019870896,2.80700127341475e-09,0.000245479488181774,0.000311920003308387,1.53674099717751,0.413383529921701,2.027781,435.9019,345.1857,2.028153,442.1982,346.2696,2.02686,435.2918,344.3319,"No issues","No issues","No issues","No issues"
1303,180,2025-05-24,2025-05-24 18:32:20,2025-05-24 18:38:50,2025-05-24 18:29:00,40,0.0368091557222357,1195.675902439,-190.616474296436,0.0241381901944282,0.733374282651724,0.257520644728803,0.338424051423652,1.83992993350485e-12,0.000830997711856663,0.000312692547978788,0.963211198652124,0.432430646127932,2.024982,436.394,344.1206,2.025509,441.7091,344.7263,2.024041,435.6429,342.5039,"No issues","No issues","No issues","No issues"
1304,190,2025-05-24,2025-05-24 18:44:40,2025-05-24 18:51:10,2025-05-24 18:41:20,40,0.226988848030002,619.501454409041,-62.8701838649098,0.155288037622666,0.121807785953533,0.0297296343579969,0.0118696765316965,0.0272958115198258,0.287368733775167,0.000707309853929168,2.22238584995425,0.479861819586799,2.023329,443.3628,341.7086,2.026107,451.5775,343.682,2.022729,440.6884,341.7086,"No issues","No issues","No issues","No issues"
1305,200,2025-05-24,2025-05-24 18:57:00,2025-05-24 19:03:30,2025-05-24 18:53:40,40,1.2689258386492,4086.40714446529,132.687786866769,0.344369340237534,0.496327010102404,0.138093464804055,6.89397923139507e-05,3.90578572071838e-07,0.018226664655026,0.00233923307137485,5.4998630715738,0.442888435648299,2.024744,459.1628,342.2931,2.037528,476.2277,344.1385,2.023669,450.903,340.9234,"No issues","No issues","No issues","No issues"
1306,210,2025-05-24,2025-05-24 19:09:20,2025-05-24 19:15:50,2025-05-24 19:06:00,40,-0.893734243902471,3753.07797073171,-90.434782739237,0.872473358940947,0.737541512774261,0.0789302228281788,1.39206421192223e-18,1.36039269672869e-12,0.0790762497877289,0.000456512462496517,2.99119364305216,0.412743238630843,2.023272,462.3672,341.5962,2.024305,486.7379,342.4159,2.019686,462.3672,340.795,"No issues","No issues","No issues","No issues"
1307,220,2025-05-24,2025-05-24 19:21:40,2025-05-24 19:28:10,2025-05-24 19:18:20,40,-0.10304942589113,818.803803377111,-3.27452757972172,0.0172412317184645,0.0665443187562342,7.93003630300195e-05,0.419307514895046,0.108034223409606,0.956508341160402,0.00103945277321252,4.0972369216155,0.491262609415271,2.021233,487.1567,341.4445,2.023241,491.7498,342.6842,2.019047,475.9078,340.3385,"No issues","No issues","No issues","No issues"
1308,230,2025-05-24,2025-05-24 19:34:00,2025-05-24 19:40:30,2025-05-24 19:30:40,40,-0.474707212007506,1463.4145891182,-39.654033771125,0.277480408273258,0.177361679123313,0.0289225282538996,0.000479594148270167,0.00680516883706102,0.294107659376222,0.00102342105534774,4.21077289794671,0.306984219345701,2.018845,481.4841,342.0142,2.020227,493.4754,342.9654,2.015328,477.1808,341.5353,"No issues","No issues","No issues","No issues"
1309,240,2025-05-24,2025-05-24 19:46:20,2025-05-24 19:52:50,2025-05-24 19:43:00,40,-0.158415129455841,-1192.51444052531,66.5927594746749,0.345058831456652,0.0778304408279525,0.0452455517442763,6.7515805150865e-05,0.0812847389979218,0.187578517800122,0.000291588971808434,5.48421104402066,0.408700132869816,2.014623,482.1312,342.4713,2.015258,496.4605,342.9533,2.013796,478.863,341.3629,"No issues","No issues","No issues","No issues"
1310,10,2025-05-24,2025-05-24 19:58:40,2025-05-24 20:05:10,2025-05-24 19:55:20,40,-0.16310634146345,-1160.76357523452,179.462363977461,0.46943510891203,0.637473097493778,0.330278506875725,1.07620155050632e-06,6.73667217409827e-10,0.00010517188520397,0.000231671272048754,1.16950700456661,0.341428847985516,2.014273,489.3913,340.8025,2.01474,489.3913,342.2951,2.013551,480.6697,340.5705,"No issues","No issues","No issues","No issues"
1311,20,2025-05-24,2025-05-24 20:11:00,2025-05-24 20:17:30,2025-05-24 20:07:40,40,0.410630994371433,4159.3926123827,367.046165853652,0.610109208165866,0.862349019831075,0.516576938590884,2.73974521395105e-09,5.97639981460643e-18,1.75870319385541e-07,0.000438570375344624,2.22022965731344,0.474391319095236,2.013915,481.2114,339.0452,2.016105,494.0659,341.7727,2.013598,477.2618,338.9993,"No issues","No issues","No issues","No issues"
1312,30,2025-05-24,2025-05-24 20:23:20,2025-05-24 20:29:50,2025-05-24 20:20:00,40,0.826838273921277,-216.668100562808,31.6062709192801,0.0695813466059245,0.0147187217804287,0.0137720159349062,0.100035303651004,0.455830647339308,0.470801548352267,0.00403955222949676,2.36842648898821,0.357341147126106,2.020914,495.5121,342.1467,2.037618,496.0394,342.9599,2.020914,487.7584,341.304,"No issues","No issues","No issues","No issues"
1313,40,2025-05-24,2025-05-24 20:35:40,2025-05-24 20:42:10,2025-05-24 20:32:20,40,-1.47483422138847,-6649.20670018761,3.241215759849,0.905824255621975,0.963960276024507,0.000124722430465561,4.30913024294419e-21,4.96140242143499e-29,0.945471649671037,0.000635346483452904,1.71771401678232,0.38772913903086,2.023969,503.0992,341.7865,2.025229,504.1416,342.9062,2.01884,478.7933,341.4061,"No issues","No issues","No issues","No issues"
1314,50,2025-05-24,2025-05-24 20:48:00,2025-05-24 20:54:30,2025-05-24 20:44:40,40,-0.212764457786106,1968.71704615384,19.1150679174411,0.116103996911015,0.806804706066065,0.00442280538987825,0.031433307129233,3.86524807390258e-15,0.683476506791172,0.000784324799267385,1.28711463437456,0.383163619073192,2.022085,476.5522,341.8652,2.024681,490.4577,342.526,2.021294,476.5522,341.0343,"No issues","No issues","No issues","No issues"
1315,60,2025-05-24,2025-05-24 21:00:20,2025-05-24 21:06:50,2025-05-24 20:57:00,40,0.0628142589117187,-1419.70194371482,29.3601140712989,0.0840027710249688,0.784909676442761,0.00709533887153697,0.0696633120862045,3.010575438866e-14,0.605317907570863,0.000277126706438125,0.992927726646054,0.464028664011754,2.02322,499.7484,342.1169,2.023512,500.6222,343.5266,2.022279,493.0962,341.5512,"No issues","No issues","No issues","No issues"
1316,70,2025-05-24,2025-05-24 21:12:40,2025-05-24 21:19:10,2025-05-24 21:09:20,40,-0.184759024390329,-1306.75161275795,455.182351969959,0.351165447721894,0.654436619361017,0.578329971842513,5.60727614084952e-05,2.67744057884469e-10,1.24447024381776e-08,0.000335534068142183,1.26865335378287,0.51928263313706,2.024976,487.1645,338.6169,2.025818,488.8297,341.856,2.024235,480.8844,338.6169,"No issues","No issues","No issues","No issues"
1317,80,2025-05-24,2025-05-24 21:25:00,2025-05-24 21:31:30,2025-05-24 21:21:40,40,0.0316324502814399,1360.16269868669,144.908280675416,0.0176287041492435,0.793327373934259,0.12633207126184,0.414083683886305,1.40299167660987e-14,0.0244028765520894,0.000315486178809295,0.92752577234176,0.509130903025903,2.023712,483.2715,340.9235,2.024914,490.4476,342.3303,2.023543,483.1373,340.0491,"No issues","No issues","No issues","No issues"
1318,90,2025-05-24,2025-05-24 21:37:20,2025-05-24 21:43:50,2025-05-24 21:34:00,40,0.410996532832929,1808.81755497188,400.424366228894,0.699359310258266,0.848319739011282,0.480405976051947,1.84159535602439e-11,3.80752390112273e-17,7.16034688277183e-07,0.000360024224605895,1.0218787734928,0.556375805899032,2.023439,488.1957,340.6484,2.025203,495.1567,343.3309,2.02299,486.2387,340.1768,"No issues","No issues","No issues","No issues"
1319,100,2025-05-24,2025-05-24 21:49:40,2025-05-24 21:56:10,2025-05-24 21:46:20,40,-0.0126917223264236,1557.49146416508,361.41314521573,0.0234788622792924,0.844447849732544,0.51748174910672,0.345190011172354,6.1598569193278e-17,1.69584831522704e-07,0.000109356028196426,0.893093922370458,0.466265373733927,2.025976,495.7672,339.9471,2.026282,504.6553,342.7385,2.025786,495.7672,339.4864,"No issues","No issues","No issues","No issues"
1320,110,2025-05-24,2025-05-24 22:02:00,2025-05-24 22:08:30,2025-05-24 21:58:40,40,0.481937741088095,1566.67709718571,34.6042536585515,0.253343815265115,0.639406492354836,0.0127354604373624,0.00093091435182815,6.07731531538207e-10,0.48810700706524,0.00110539115256603,1.57188146066108,0.407060345500851,2.029633,511.3843,341.1179,2.033571,519.7419,342.2285,2.027909,509.5093,340.4272,"No issues","No issues","No issues","No issues"
1321,120,2025-05-24,2025-05-24 22:14:20,2025-05-24 22:20:50,2025-05-24 22:11:00,40,0.104258701688487,468.162857786097,-43.5149628517749,0.0328807513453022,0.116750309424072,0.0176077824038949,0.262806392347413,0.0309347354322495,0.414363328740785,0.00075544234704513,1.72040045492922,0.434258780941205,2.028486,514.0733,340.899,2.031071,522.1011,342.3747,2.028088,514.0733,340.4781,"No issues","No issues","No issues","No issues"
1322,130,2025-05-24,2025-05-24 22:26:40,2025-05-24 22:33:10,2025-05-24 22:23:20,40,-0.0958156547844448,-198.078970356517,221.496936585344,0.418600264337341,0.0306167226014344,0.142716502173972,6.44629120437509e-06,0.2801805057703,0.0162464891923252,0.000150866913017061,1.48910954800202,0.725291730574204,2.028729,514.2621,341.0685,2.028729,516.8173,343.2462,2.027932,510.9958,340.0074,"No issues","No issues","No issues","No issues"
1323,140,2025-05-24,2025-05-24 22:39:00,2025-05-24 22:45:30,2025-05-24 22:35:40,40,0.205983759849967,-691.61465515948,324.345518949352,0.630938849799724,0.461534578942407,0.302664138160213,9.50431893965713e-10,1.43613584876015e-06,0.000235417726398993,0.000210478809223706,0.998069630430664,0.657761251704409,2.027766,504.0843,340.2895,2.028803,504.0843,343.404,2.027536,499.5595,339.3264,"No issues","No issues","No issues","No issues"
1324,150,2025-05-24,2025-05-24 22:51:20,2025-05-24 22:57:50,2025-05-24 22:48:00,40,1.53561329831146,1931.15395722329,-48.9164217636068,0.828373764140778,0.701789326150975,0.0146323936909924,4.02666474573038e-16,1.57588786682577e-11,0.457164866292934,0.00093385704993283,1.68187988893221,0.536310128510358,2.033256,512.3264,342.0421,2.04076,524.2582,343.5414,2.033256,512.3264,341.4372,"No issues","No issues","No issues","No issues"
1325,160,2025-05-25,2025-05-24 23:03:40,2025-05-24 23:10:10,2025-05-24 23:00:20,40,-0.0388329906191246,-1689.17981538463,-7.79285853657406,0.0136779071772805,0.82952709814593,0.000703997093554053,0.472331878442475,3.54016086825052e-16,0.870899275108028,0.000440575414719588,1.02307656755908,0.39226386306628,2.036402,519.5933,342.2054,2.036402,519.5933,343.3129,2.034712,510.5227,341.233,"No issues","No issues","No issues","No issues"
1326,170,2025-05-25,2025-05-24 23:16:00,2025-05-24 23:22:30,2025-05-24 23:12:40,40,0.671659497185673,1259.60768780488,-13.7988742964455,0.814487706021316,0.367816354871038,0.00130383928666947,1.77987618592782e-15,3.35226927700107e-05,0.824935206166112,0.000428265517197013,2.20628330684684,0.510232576721759,2.033596,505.2136,342.452,2.037201,515.5109,343.5734,2.03352,504.0226,341.0627,"No issues","No issues","No issues","No issues"
1327,180,2025-05-25,2025-05-24 23:28:20,2025-05-24 23:34:50,2025-05-24 23:25:00,40,-0.232012367729899,-752.429475422127,-101.660055534702,0.0708941522447127,0.194310057355194,0.0944103129060773,0.0967725906144568,0.00441488248194185,0.0537780267555854,0.00112216932398301,2.04701958448908,0.420655163805373,2.037003,511.0127,340.6305,2.040109,515.2164,342.1382,2.035674,506.1968,340.1395,"No issues","No issues","No issues","No issues"
1328,190,2025-05-25,2025-05-24 23:40:40,2025-05-24 23:47:10,2025-05-24 23:37:20,40,0.217566709193268,1312.11473470918,-137.904450281409,0.172877578427144,0.430972564910821,0.187198009239163,0.00762402614453164,4.22805719725035e-06,0.00529736422547351,0.000635810756387922,2.01434321322986,0.383919272659901,2.034429,512.6439,340.4029,2.035841,518.814,341.4947,2.033381,510.6124,339.6355,"No issues","No issues","No issues","No issues"
1329,200,2025-05-25,2025-05-24 23:53:00,2025-05-24 23:59:30,2025-05-24 23:49:40,40,-0.354624180112572,-1429.12400150095,39.1081575984776,0.628072634777258,0.500763260217574,0.00818768337838553,1.10324607426346e-09,3.28813632561085e-07,0.578705418842417,0.00036459637140701,1.90645614523112,0.57507097924835,2.032607,518.0697,339.9976,2.033128,519.2732,341.9928,2.030783,508.3988,339.1834,"No issues","No issues","No issues","No issues"
1330,210,2025-05-25,2025-05-25 00:05:20,2025-05-25 00:11:50,2025-05-25 00:02:00,40,0.402405163227137,535.408966604111,-59.6373973733627,0.802655132159165,0.225898101191404,0.0413157521789793,5.80211065311051e-15,0.00193993061952463,0.208405073421951,0.000266582622308496,1.32418383725601,0.38381196774298,2.031792,511.1231,339.8272,2.033909,513.3058,340.6039,2.031565,508.0629,338.9924,"No issues","No issues","No issues","No issues"
1331,220,2025-05-25,2025-05-25 00:17:40,2025-05-25 00:24:10,2025-05-25 00:14:20,40,0.939078844277806,228.979290056258,-8.97684652906342,0.847571850420275,0.021495650895253,0.00103196827867609,4.18224234497506e-17,0.366655273478938,0.843999884790319,0.000532066909148972,2.06405920775321,0.373152441990168,2.036445,514.1036,339.3887,2.040897,520.283,340.0995,2.036445,511.4786,338.5785,"No issues","No issues","No issues","No issues"
1332,230,2025-05-25,2025-05-25 00:30:00,2025-05-25 00:36:30,2025-05-25 00:26:40,40,0.351447804877953,2345.95063114444,-31.1274236397859,0.520257358022375,0.787955235375797,0.00773988904220016,1.51608544225636e-07,2.29185615244679e-14,0.589322657573875,0.000450895340223739,1.62592960663509,0.470878045266888,2.040516,515.1663,339.5486,2.04214,524.9828,341.0137,2.039727,512.8399,338.9083,"No issues","No issues","No issues","No issues"
1333,240,2025-05-25,2025-05-25 00:42:20,2025-05-25 00:48:50,2025-05-25 00:39:00,40,0.258609951219434,1666.07891932457,27.6778266416342,0.305565484729154,0.434618307016594,0.00755696663005423,0.000216589347612699,3.7278478199962e-06,0.59377322444562,0.000520869106433328,2.53882226783475,0.423770667710737,2.038864,529.1179,339.9151,2.04042,538.737,341.3214,2.037863,522.3026,339.1265,"No issues","No issues","No issues","No issues"
1334,10,2025-05-25,2025-05-25 00:54:40,2025-05-25 01:01:10,2025-05-25 00:51:20,40,-0.027374859287206,-751.969107692354,123.022820262675,0.0322511222902755,0.314936767075981,0.125906044940911,0.267503648334742,0.000165126624803661,0.0246617776538596,0.000200346003711565,1.4817451454273,0.433073203784682,2.038184,525.3884,339.8552,2.038184,525.3884,340.8345,2.037313,518.0432,339.0191,"No issues","No issues","No issues","No issues"
1335,20,2025-05-25,2025-05-25 01:07:00,2025-05-25 01:13:30,2025-05-25 01:03:40,40,0.188929080675373,33.4013808630255,233.696681425892,0.519329162885497,0.0022846653972637,0.457896510248852,1.57408161461525e-07,0.769611115620191,1.63799341467853e-06,0.000242840550677744,0.932558982319293,0.339726829710111,2.038937,514.863,339.5036,2.040658,518.2707,340.9295,2.038747,514.1512,338.658,"No issues","No issues","No issues","No issues"
1336,30,2025-05-25,2025-05-25 01:19:20,2025-05-25 01:25:50,2025-05-25 01:16:00,40,-0.158147662288877,-107.863915947491,28.8442266416373,0.567559881040695,0.0267517472560457,0.0126636437766303,2.02698182333003e-08,0.313237797954636,0.489343992565122,0.000184433491345355,0.869224160983489,0.340276523836884,2.039139,516.9864,341.1514,2.039139,518.5867,341.7134,2.038168,515.2477,340.1741,"No issues","No issues","No issues","No issues"
1337,40,2025-05-25,2025-05-25 01:31:40,2025-05-25 01:38:10,2025-05-25 01:28:20,40,-0.00408333208261607,-376.58793545965,-16.3636412757838,0.000174425633028276,0.184341111548849,0.00324404917333343,0.935534731389076,0.00569813253404485,0.727024934584619,0.000413039450317649,1.05835034244537,0.383222077530146,2.036298,515.7281,341.4256,2.037976,518.704,342.6316,2.036298,513.8521,340.611,"No issues","No issues","No issues","No issues"
1338,50,2025-05-25,2025-05-25 01:44:00,2025-05-25 01:50:30,2025-05-25 01:40:40,40,-0.100932382739083,-1153.83560825516,34.829736585345,0.361644577195569,0.486858315443674,0.0143800032239669,4.06216347230615e-05,5.61298824424663e-07,0.461100522940663,0.000179159849779653,1.5826364200693,0.385252368716675,2.038078,524.7266,341.0545,2.038996,526.7081,342.4235,2.038053,519.6006,340.9577,"No issues","No issues","No issues","No issues"
1339,60,2025-05-25,2025-05-25 01:56:20,2025-05-25 02:02:50,2025-05-25 01:53:00,40,0.389741808630498,509.771833395882,111.629529455915,0.828400790948458,0.248009623144687,0.114430453610457,4.01457230876401e-16,0.00107540466779017,0.0327618596646423,0.000236992308299809,1.18595327088595,0.414896228824508,2.037985,515.5921,341.6543,2.04,520.4536,343.0559,2.037833,515.4581,341.1738,"No issues","No issues","No issues","No issues"
1340,70,2025-05-25,2025-05-25 02:08:40,2025-05-25 02:15:10,2025-05-25 02:05:20,40,-0.224679714821866,-2276.43534709193,173.178020262637,0.356880065873517,0.958465083767785,0.249505331797445,4.70609972708095e-05,7.37543053839038e-28,0.00103284745394874,0.00040296615435998,0.633131188998519,0.401279087448913,2.037207,505.2186,340.6018,2.037207,505.2186,341.8834,2.035454,494.946,339.8952,"No issues","No issues","No issues","No issues"
1341,80,2025-05-25,2025-05-25 02:21:00,2025-05-25 02:27:30,2025-05-25 02:17:40,40,0.71466254408999,221.20596472791,106.459875422161,0.823654500388417,0.100989145858935,0.158912339109781,6.75999178730216e-16,0.0456873929364096,0.0108388393399867,0.000441804911909799,0.881783194998956,0.327225877291709,2.037664,494.3166,340.663,2.040619,496.7888,342.0473,2.037664,492.9349,340.155,"No issues","No issues","No issues","No issues"
1342,90,2025-05-25,2025-05-25 02:33:20,2025-05-25 02:39:50,2025-05-25 02:30:00,40,0.0583969981236766,1322.96790393997,148.868415759877,0.0932361118749341,0.56168844156348,0.171527815586634,0.0553679706677873,2.63151651037187e-08,0.0078887751471269,0.000243313059744404,1.56139538917074,0.437113400207699,2.042923,499.9173,339.9197,2.043777,505.6253,342.2238,2.042704,498.172,339.9197,"No issues","No issues","No issues","No issues"
1343,100,2025-05-25,2025-05-25 02:45:40,2025-05-25 02:52:10,2025-05-25 02:42:20,40,0.16236796998131,1446.06569606003,99.2496090056355,0.602662204358964,0.725611840900991,0.130400960808701,3.94723878067733e-09,3.1897991815506e-12,0.0220619499357029,0.000176142107562966,1.1880600503862,0.342426842183277,2.041714,501.4479,339.9024,2.042582,509.4767,341.0545,2.041489,500.8563,339.636,"No issues","No issues","No issues","No issues"
1344,110,2025-05-25,2025-05-25 02:58:00,2025-05-25 03:04:30,2025-05-25 02:54:40,40,0.0354499362102317,-545.889221763614,-70.8256300187638,0.00379298507108061,0.233550752034417,0.0611244106510929,0.705787903969699,0.00158392837062516,0.12403723771652,0.000767572762869622,1.32122095180663,0.370857438386714,2.043259,503.8142,339.5692,2.045209,505.5097,341.0842,2.042621,499.0025,339.3183,"No issues","No issues","No issues","No issues"
1345,120,2025-05-25,2025-05-25 03:10:20,2025-05-25 03:16:50,2025-05-25 03:07:00,40,0.339877013133193,1483.70019061916,42.8278153846241,0.637732070539511,0.715578042542263,0.0261303189007867,6.64457228438779e-10,6.3524838629188e-12,0.319001907023623,0.000342245286042738,1.2497382909655,0.349320325365502,2.043382,508.3188,340.048,2.044498,516.2249,340.8573,2.042634,508.3188,339.2094,"No issues","No issues","No issues","No issues"
1346,130,2025-05-25,2025-05-25 03:22:40,2025-05-25 03:29:10,2025-05-25 03:19:20,40,0.178963091932497,-976.219497185744,134.071564727976,0.184230881071599,0.572111586252476,0.128447255225803,0.00571417175132821,1.65174076336816e-08,0.0231568084253865,0.000503136421714367,1.1279561993136,0.466595953041903,2.045392,510.1304,339.0399,2.047806,510.4982,340.5684,2.045392,503.6473,338.4464,"No issues","No issues","No issues","No issues"
1347,140,2025-05-25,2025-05-25 03:35:00,2025-05-25 03:41:30,2025-05-25 03:31:40,40,0.0747789568479726,3599.28280975608,169.112681425864,0.0612419807928147,0.633119206653381,0.191538729681774,0.123664518697644,8.47878664377447e-10,0.00474032885288801,0.000391157340249534,3.66062787515904,0.464191678363963,2.046754,503.3127,338.7863,2.048514,521.2097,340.7101,2.046754,502.7764,338.6055,"No issues","No issues","No issues","No issues"
1348,150,2025-05-25,2025-05-25 03:47:20,2025-05-25 03:53:50,2025-05-25 03:44:00,40,0.291732112570211,-1407.21592795497,5.77874971854736,0.538385056939044,0.415286352288142,0.000352803430006455,7.17932713253154e-08,7.20703077515197e-06,0.908415338274503,0.000360908852024804,2.2308912208402,0.410970575430498,2.047365,516.3038,339.6771,2.049668,523.7619,341.2373,2.047365,514.2997,339.4756,"No issues","No issues","No issues","No issues"
1349,160,2025-05-25,2025-05-25 03:59:40,2025-05-25 04:06:10,2025-05-25 03:56:20,40,-0.111209606003749,895.104810506546,10.5365043151813,0.20092755097003,0.405393466338944,0.00139865182875127,0.00372295680915068,1.00203816484145e-05,0.818784252177635,0.00029630262677254,1.44833899425303,0.376147068060915,2.050665,512.7906,341.0171,2.051179,518.5618,341.3858,2.049529,511.4622,339.8078,"No issues","No issues","No issues","No issues"
1350,170,2025-05-25,2025-05-25 04:12:00,2025-05-25 04:18:30,2025-05-25 04:08:40,40,0.103833185740998,556.752441275798,120.926931332068,0.172548064242293,0.0778430864096843,0.159150438046865,0.00768784827246338,0.0812589857563766,0.0107742742455119,0.000303789240244347,2.56020290600062,0.371362571684375,2.047881,500.7674,340.3629,2.048872,507.0301,341.377,2.047628,496.5228,339.6385,"No issues","No issues","No issues","No issues"
1351,180,2025-05-25,2025-05-25 04:24:20,2025-05-25 04:30:50,2025-05-25 04:21:00,40,-0.19849792120076,385.182871294555,64.3816165103052,0.70043314643372,0.126442540517549,0.0655110759200413,1.71932390231511e-11,0.0243361842551561,0.110907067183537,0.000173436045749645,1.3526516427491,0.324871382310052,2.050259,516.4853,340.9295,2.050425,519.9611,341.8237,2.049183,514.615,339.843,"No issues","No issues","No issues","No issues"
1352,190,2025-05-25,2025-05-25 04:36:40,2025-05-25 04:43:10,2025-05-25 04:33:20,40,-0.0906430018761092,-431.32403752345,-102.363899437146,0.0587354734628734,0.0686041683080042,0.064594843832687,0.13187698536761,0.102538711216275,0.113522211523137,0.000484796811862718,2.12331985774295,0.520436372723696,2.051326,510.0413,341.9615,2.053114,516.0884,342.0445,2.05098,507.2579,339.5756,"No issues","No issues","No issues","No issues"
1353,200,2025-05-25,2025-05-25 04:49:00,2025-05-25 04:55:30,2025-05-25 04:45:40,40,0.201309568480117,744.155986491547,-116.693655534726,0.499694990659584,0.433041955065014,0.111138060197281,3.42775553638288e-07,3.93679007414589e-06,0.0355414570050754,0.0002691220064664,1.13761240701781,0.440912955651208,2.048662,505.8897,340.2256,2.049754,512.2252,342.089,2.048483,505.8897,339.8955,"No issues","No issues","No issues","No issues"
1354,210,2025-05-25,2025-05-25 05:01:20,2025-05-25 05:07:50,2025-05-25 04:58:00,40,0.00567111444644107,-1326.51751744841,-62.8577831144388,0.000983927819825875,0.475016274246905,0.0457841809809325,0.847630508631077,8.75604260763558e-07,0.184911602929359,0.000241430923512078,1.86316591987967,0.383393289954093,2.051293,506.162,340.59,2.051595,510.2491,341.3024,2.050648,501.138,339.8119,"No issues","No issues","No issues","No issues"
1355,220,2025-05-25,2025-05-25 05:13:40,2025-05-25 05:20:10,2025-05-25 05:10:20,40,-0.386730776735547,-1374.88579362097,110.726706191376,0.634933409862276,0.413079654184386,0.147729727895356,7.70643392316569e-10,7.76024417539251e-06,0.0143381007080574,0.00039178748262398,2.18957169828674,0.355325984955667,2.054508,504.7609,339.9468,2.054979,512.938,341.312,2.05274,502.3314,339.6552,"No issues","No issues","No issues","No issues"
1356,230,2025-05-25,2025-05-25 05:26:00,2025-05-25 05:32:30,2025-05-25 05:22:40,40,-0.617054859287044,-156.599837898657,-121.402455534697,0.474918703982442,0.0269247085779821,0.163598693988068,8.78783200347541e-07,0.311657099923547,0.00963492870760024,0.000866856640369759,1.25779218306817,0.36674548197438,2.049288,496.1595,340.2086,2.050204,497.7585,341.1325,2.045588,491.8037,339.4892,"No issues","No issues","No issues","No issues"
1357,240,2025-05-25,2025-05-25 05:38:20,2025-05-25 05:44:50,2025-05-25 05:35:00,40,-0.0327120450281394,-950.79828292685,-93.1817515947187,0.00197680557866256,0.585710858662298,0.131138832405666,0.785302375171803,8.84575497126229e-09,0.0216619098316594,0.000982009976688244,1.06836190184822,0.320449998380014,2.044844,492.9178,339.9143,2.046939,492.9178,340.6509,2.042971,486.4669,339.1877,"No issues","No issues","No issues","No issues"
1358,10,2025-05-25,2025-05-25 05:50:40,2025-05-25 05:57:10,2025-05-25 05:47:20,40,0.151474761725948,-802.833663039416,65.3837268292878,0.198976097157396,0.655254205631751,0.0480036334733692,0.00391525406362463,2.55812780502946e-10,0.174361142877362,0.000406052723938574,0.77801867307784,0.389018386014504,2.041067,478.8448,339.2263,2.041848,479.048,340.5236,2.039937,474.4025,338.567,"No issues","No issues","No issues","No issues"
1359,20,2025-05-25,2025-05-25 06:03:00,2025-05-25 06:09:30,2025-05-25 05:59:40,40,-0.644628292682901,-2390.79952570357,-191.253937711086,0.515365928134315,0.814239549528975,0.289910673598436,1.8463012752377e-07,1.82592376347738e-15,0.000338439227199698,0.000835176660843129,1.52568037021952,0.399902981240221,2.042839,478.3597,340.2893,2.042959,478.3597,341.268,2.039495,467.4778,339.3303,"No issues","No issues","No issues","No issues"
1360,30,2025-05-25,2025-05-25 06:15:20,2025-05-25 06:21:50,2025-05-25 06:12:00,40,-0.498200555346966,-661.476130581612,84.2417831144685,0.926696988566705,0.714481195851352,0.0796162252824915,3.64906979075518e-23,6.83934812774873e-12,0.0777301802080179,0.000187204423322672,0.558670835077156,0.382675891446436,2.034319,460.4203,339.0613,2.034379,460.9119,340.047,2.031786,456.5781,338.4408,"No issues","No issues","No issues","No issues"
1361,40,2025-05-25,2025-05-25 06:27:40,2025-05-25 06:34:10,2025-05-25 06:24:20,40,-0.423139542213932,-1272.32931782362,0.714947842413684,0.711895575642679,0.892685015465922,7.04783529501015e-06,8.13089305696018e-12,5.18911321195048e-20,0.987028670331463,0.00035964190974605,0.589386877513227,0.359803035266638,2.029031,451.141,338.9752,2.029031,451.4114,340.1531,2.026544,445.0024,338.3651,"No issues","No issues","No issues","No issues"
1362,50,2025-05-25,2025-05-25 06:40:00,2025-05-25 06:46:30,2025-05-25 06:36:40,40,-0.241522851782353,-439.752009005651,40.2562401500953,0.675725176763359,0.405669412236684,0.0332652297834719,7.8811103895974e-11,9.92937397403347e-06,0.259986900038455,0.000223537124337009,0.71114082014224,0.28994223494909,2.02431,445.7138,339.595,2.02431,447.0513,340.1547,2.022842,443.8274,339.0524,"No issues","No issues","No issues","No issues"
1363,60,2025-05-25,2025-05-25 06:52:20,2025-05-25 06:58:50,2025-05-25 06:49:00,40,-0.119499467167052,-25.6599084427537,202.358445028178,0.56371108518037,0.00531410056909765,0.343357554456237,2.4061523458435e-08,0.654858839226715,7.10814571488705e-05,0.000140457403873887,0.469032638514997,0.373880119192903,2.020251,442.9427,339.8762,2.020396,444.1932,341.3886,2.019621,441.9866,339.5498,"No issues","No issues","No issues","No issues"
1364,70,2025-05-25,2025-05-25 07:04:40,2025-05-25 07:11:10,2025-05-25 07:01:20,40,0.0757094183864039,-619.858239399605,-173.314833771089,0.230668740480912,0.693384491959164,0.221853685060428,0.00170990038837668,2.68726668521318e-11,0.00215807484217477,0.000184727730063006,0.550709085104219,0.433663539800473,2.019122,442.3613,342.5379,2.019805,443.5158,342.5544,2.018933,439.2734,340.4953,"No issues","No issues","No issues","No issues"
1365,80,2025-05-25,2025-05-25 07:17:00,2025-05-25 07:23:30,2025-05-25 07:13:40,40,0.0225555872421042,-479.176426266403,-72.044388742973,0.0399878027369922,0.592056208009194,0.0413164707584889,0.216029365776032,6.5647447593395e-09,0.208401032152355,0.000147655153658704,0.53141524021845,0.463656178900046,2.019529,440.1566,340.7418,2.019991,441.5864,342.2086,2.019416,438.2242,339.5948,"No issues","No issues","No issues","No issues"
1366,90,2025-05-25,2025-05-25 07:29:20,2025-05-25 07:35:50,2025-05-25 07:26:00,40,-0.428228712945633,-1094.57550168855,-159.470084802977,0.899444692736517,0.923269674487846,0.208592430619661,1.50208043249835e-20,8.70969470723441e-23,0.00305238312135864,0.000191298214666927,0.42158468411956,0.415001741375419,2.019567,439.8971,342.025,2.019819,440.2372,342.3044,2.017962,434.3747,340.1975,"No issues","No issues","No issues","No issues"
1367,100,2025-05-25,2025-05-25 07:41:40,2025-05-25 07:48:10,2025-05-25 07:38:20,40,-0.133382634146323,-176.519333583518,-15.6085733583255,0.464191489579174,0.169356356528643,0.0018613355053871,1.30392362711561e-06,0.00833361123998317,0.791524003938987,0.00019145881785097,0.522298486799738,0.48290998455922,2.016691,440.1901,342.7234,2.016839,440.1901,343.1676,2.015722,437.6755,340.9904,"No issues","No issues","No issues","No issues"
1368,110,2025-05-25,2025-05-25 07:54:00,2025-05-25 08:00:30,2025-05-25 07:50:40,40,-0.345020487804887,-264.661598499098,-12.6029718574285,0.903319475676312,0.370926128289432,0.0010654726201431,7.10488168149409e-21,3.04108387482845e-05,0.841519449195262,0.000150804243668855,0.460487566107433,0.51557303838604,2.015106,439.3147,340.7249,2.015106,439.5494,342.2343,2.013596,437.097,339.7941,"No issues","No issues","No issues","No issues"
1369,120,2025-05-25,2025-05-25 08:06:20,2025-05-25 08:12:50,2025-05-25 08:03:00,40,-0.158984105065634,-64.2547722326472,-58.7562146341694,0.660321123235933,0.0264016473489626,0.0189829792098543,1.92393868099175e-10,0.316468689594515,0.396542986649753,0.000152345716653686,0.521314322850454,0.564325610656919,2.012608,437.1612,341.8616,2.012818,438.5166,343.0099,2.01176,435.8029,340.3117,"No issues","No issues","No issues","No issues"
1370,130,2025-05-25,2025-05-25 08:18:40,2025-05-25 08:25:10,2025-05-25 08:15:20,40,-0.0621585590994007,-71.9154371482034,62.1495624765507,0.175958804772086,0.0403061741295623,0.0180392597142178,0.00705168152131895,0.214172673050429,0.408650776014436,0.000179717250178488,0.468837728456785,0.612626316361,2.010473,437.0194,342.8356,2.010473,437.6751,343.6755,2.009325,435.5338,340.8761,"No issues","No issues","No issues","No issues"
1371,140,2025-05-25,2025-05-25 08:31:00,2025-05-25 08:37:30,2025-05-25 08:27:40,40,-0.333307046904267,-144.509430393994,79.4613343339621,0.473868836110311,0.115210195182904,0.0343569546871472,9.13691028135763e-07,0.0321360259228399,0.25217640489842,0.000469226251539362,0.535045424196499,0.562829299143624,2.008397,437.1403,343.9058,2.008397,437.7219,344.7776,2.006028,435.2296,342.3293,"No issues","No issues","No issues","No issues"
1372,150,2025-05-25,2025-05-25 08:43:20,2025-05-25 08:49:50,2025-05-25 08:40:00,40,-0.359094934333965,-282.441356848019,80.2840795497029,0.689115467065572,0.267403759736298,0.0386330392162609,3.50472997470992e-11,0.000633937170622619,0.224140713871807,0.000322242415290108,0.624592469369951,0.535074750726883,2.007328,435.2693,344.3726,2.007598,436.6503,346.0097,2.005459,433.3808,343.5647,"No issues","No issues","No issues","No issues"
1373,160,2025-05-25,2025-05-25 08:55:40,2025-05-25 09:02:10,2025-05-25 08:52:20,40,-0.276274941838743,-401.966436022513,68.2915812382737,0.923519675590444,0.568661576660998,0.0296333817461138,8.1849914495507e-23,1.92936351142891e-08,0.288162280278307,0.000106221675365834,0.467726297554699,0.522112812746338,2.005024,434.2295,343.7786,2.00508,434.9998,346.2529,2.003731,431.9869,343.7786,"No issues","No issues","No issues","No issues"
1374,170,2025-05-25,2025-05-25 09:08:00,2025-05-25 09:14:30,2025-05-25 09:04:40,40,-0.0399936360225794,-211.904105065663,202.534811257024,0.132998755342156,0.199541073316623,0.204106594825338,0.0206850927389471,0.00385861300655945,0.00342911911954179,0.000136425900259861,0.567038582986416,0.534340977216047,2.002344,432.4904,344.8785,2.002557,434.1072,346.4895,2.00197,430.9178,343.926,"No issues","No issues","No issues","No issues"
1375,180,2025-05-25,2025-05-25 09:20:20,2025-05-25 09:26:50,2025-05-25 09:17:00,40,-0.270607879924909,-2132.96579662288,-146.696906566592,0.809859401564546,0.968049791659247,0.143591839341131,2.8503232525346e-15,5.02209691117519e-30,0.0158961610320799,0.000175183387220622,0.5177162026142,0.478648102320092,2.003495,428.6265,344.961,2.003786,428.6265,346.0293,2.002532,417.8562,343.4366,"No issues","No issues","No issues","No issues"
1376,190,2025-05-25,2025-05-25 09:32:40,2025-05-25 09:39:10,2025-05-25 09:29:20,40,0.141936720450325,-1872.6616435272,-67.822541088191,0.573540811336914,0.963857549597526,0.0371251310225811,1.54823085105237e-08,5.23736710083687e-29,0.233588050481443,0.000163520123961668,0.484486356769924,0.461471465419263,2.000154,429.511,344.0705,2.000991,429.511,344.7767,2.000041,420.5044,342.8286,"No issues","No issues","No issues","No issues"
1377,200,2025-05-25,2025-05-25 09:45:00,2025-05-25 09:51:30,2025-05-25 09:41:40,40,0.0361267091932089,314.589451407126,-158.210152345235,0.0570544344851606,0.432456811142768,0.0950254493116898,0.137711924203209,4.01715108990181e-06,0.0529636676359159,0.000196221629639946,0.481495363690031,0.65230759082447,1.999209,430.8615,344.0399,1.999687,433.0393,344.4066,1.99887,430.4816,341.2272,"No issues","No issues","No issues","No issues"
1378,210,2025-05-25,2025-05-25 09:57:20,2025-05-25 10:03:50,2025-05-25 09:54:00,40,-0.147835587241995,-100.307401125719,-150.791990994367,0.621833046142615,0.035016070502186,0.15112051794641,1.52041287519888e-09,0.247596369329132,0.0131740163671612,0.000154029443295692,0.703524427029876,0.477484681688961,1.997611,431.5259,342.8721,1.997862,432.5154,343.6574,1.997005,429.1581,341.477,"No issues","No issues","No issues","No issues"
1379,220,2025-05-25,2025-05-25 10:09:40,2025-05-25 10:16:10,2025-05-25 10:06:20,40,0.232720750469112,-1655.01347842403,-37.0330986866777,0.837668241444391,0.957399944278981,0.00957201840122599,1.39072486493097e-16,1.19386721271049e-27,0.548109092221887,0.000136873917242811,0.466422815340649,0.503291513298394,1.995603,428.0379,342.8248,1.99693,428.1091,343.5987,1.995504,420.269,341.17,"No issues","No issues","No issues","No issues"
1380,230,2025-05-25,2025-05-25 10:22:00,2025-05-25 10:28:30,2025-05-25 10:18:40,40,-0.300035752345092,-27.3280120075097,-41.7226896810513,0.797069660975229,0.00611943400122195,0.0150879659780959,9.89263530013683e-15,0.631371261869571,0.450191049265861,0.000202263829650003,0.465306777007471,0.45037630961727,1.996156,431.792,342.3918,1.996235,432.5123,343.1031,1.99462,430.5368,340.9032,"No issues","No issues","No issues","No issues"
1381,240,2025-05-25,2025-05-25 10:34:20,2025-05-25 10:40:50,2025-05-25 10:31:00,40,-0.0866561200749618,-208.406201876177,34.0338191369704,0.291828182148634,0.243253131391643,0.0188551770867058,0.000320576329534727,0.00122224990665239,0.398152597996414,0.000180353598267747,0.491107539666429,0.328006011632305,1.994948,431.4987,342.1668,1.995744,432.5784,343.0772,1.994682,430.1358,341.4773,"No issues","No issues","No issues","No issues"
1382,10,2025-05-25,2025-05-25 10:46:40,2025-05-25 10:53:10,2025-05-25 10:43:20,40,-0.110143789868556,-809.22523677299,-231.876932082546,0.344826095693344,0.724627726227923,0.354691683275593,6.79932966307529e-05,3.41649375041623e-12,5.03350787681987e-05,0.000202842108007695,0.666487358454304,0.417864561229198,1.994613,429.853,343.0929,1.99514,429.853,344.2975,1.994228,425.1551,341.8789,"No issues","No issues","No issues","No issues"
1383,20,2025-05-25,2025-05-25 10:59:00,2025-05-25 11:05:30,2025-05-25 10:55:40,40,-0.0749232270169017,-1929.82521275796,14.5819857411059,0.309522542112749,0.978821317778866,0.00198045015695444,0.000193220901498103,2.0215514861607e-33,0.785109210627902,0.000149508178884799,0.379258741661899,0.437344935306536,1.994136,429.8884,343.6754,1.994609,429.8884,344.8128,1.993954,420.7121,342.8441,"No issues","No issues","No issues","No issues"
1384,30,2025-05-25,2025-05-25 11:11:20,2025-05-25 11:17:50,2025-05-25 11:08:00,40,-0.263192555347147,148.431309568476,771.797664540322,0.824152444586386,0.157398547655672,0.873532866317269,6.40456791377611e-16,0.011258277625529,1.18732308314794e-18,0.000162426863885332,0.458834565010072,0.392348990334801,1.994946,431.6311,346.2615,1.995157,432.8531,349.7422,1.993799,430.6421,345.4292,"No issues","No issues","No issues","No issues"
1385,40,2025-05-25,2025-05-25 11:23:40,2025-05-25 11:30:10,2025-05-25 11:20:20,40,0.00287162476538976,-1515.96516022512,-168.264000000005,0.000273557604918188,0.903037386124802,0.200740712304736,0.919316084255418,7.51038145161284e-21,0.0037409645015985,0.000231933643108071,0.663679462709639,0.448577194652713,1.993302,428.2087,350.5862,1.993544,428.2087,351.6324,1.992687,420.4906,349.6501,"No issues","No issues","No issues","No issues"
1386,50,2025-05-25,2025-05-25 11:36:00,2025-05-25 11:42:30,2025-05-25 11:32:40,40,0.125724157598616,35.3294138837002,-159.392600375221,0.564379849213926,0.0125281150441596,0.12723545176209,2.33576152283843e-08,0.491692398200842,0.0238627626383194,0.000147572974697682,0.419059607781647,0.557740912164127,1.992463,432.1655,350.7724,1.99312,432.6631,350.9856,1.992222,431.0324,348.3492,"No issues","No issues","No issues","No issues"
1387,60,2025-05-25,2025-05-25 11:48:20,2025-05-25 11:54:50,2025-05-25 11:45:00,40,0.264083302063683,157.411154971867,237.725223264567,0.533079959337097,0.101890710857628,0.321830472538528,8.96069731528618e-08,0.044678848088264,0.000134976678409684,0.000330206704922971,0.624385300097387,0.461052822031571,1.992829,429.7424,351.2148,1.994524,431.7767,352.1891,1.992534,429.0254,349.9094,"No issues","No issues","No issues","No issues"
1388,70,2025-05-25,2025-05-25 12:00:40,2025-05-25 12:07:10,2025-05-25 11:57:20,40,0.216501703564766,-1487.14816660412,-446.861691557231,0.637112877626731,0.925910101496072,0.525400743539621,6.86679571479714e-10,4.4716031085097e-23,1.22978299823173e-07,0.000218302531083361,0.562042549623727,0.567428541309244,1.993105,428.3972,350.25,1.994418,428.5746,350.3835,1.993019,421.5945,347.0197,"No issues","No issues","No issues","No issues"
1389,80,2025-05-25,2025-05-25 12:13:00,2025-05-25 12:19:30,2025-05-25 12:09:40,40,-0.0437689756097672,-331.284751969965,-447.07517898686,0.0260450940854702,0.479227241563993,0.679916464491824,0.319802940478051,7.48369500325147e-07,6.13748665458551e-11,0.000357596046027009,0.461396922917561,0.409830536146106,1.993767,427.9786,348.7729,1.995072,429.0053,349.0586,1.993661,426.1244,346.3932,"No issues","No issues","No issues","No issues"
1390,90,2025-05-25,2025-05-25 12:25:20,2025-05-25 12:31:50,2025-05-25 12:22:00,40,0.22156250656668,-1748.57876172608,-199.479849906196,0.647576910139122,0.954777806382773,0.22103362106746,3.90875634569146e-10,3.71884681547673e-27,0.00220510642652599,0.000218374858081526,0.508428304943509,0.500321408577886,1.993626,427.6303,346.6835,1.9952,427.6303,346.9112,1.993505,419.8364,344.3179,"No issues","No issues","No issues","No issues"
1391,100,2025-05-25,2025-05-25 12:37:40,2025-05-25 12:44:10,2025-05-25 12:34:20,40,0.207220592870616,136.620932082531,-139.978293433404,0.699969285724768,0.0774115280154272,0.230655552461616,1.77116478044708e-11,0.0821426670183344,0.00171049844763636,0.000181257566213353,0.630141818794595,0.341553716938665,1.9935,429.5561,344.5847,1.994543,431.1666,345.3248,1.9935,428.3927,343.5331,"No issues","No issues","No issues","No issues"
1392,110,2025-05-25,2025-05-25 12:50:00,2025-05-25 12:56:30,2025-05-25 12:46:40,40,-0.00052196622889295,213.394464540358,-30.4118273921097,7.71379892926043e-06,0.304216287007801,0.0144350961278999,0.986429712590233,0.000225158265636578,0.460236951032481,0.000251088278653715,0.431170375973031,0.335733871091821,1.993729,429.5805,343.4253,1.994377,431.5636,343.4253,1.993382,429.0679,341.7259,"No issues","No issues","No issues","No issues"
1393,120,2025-05-25,2025-05-25 13:02:20,2025-05-25 13:08:50,2025-05-25 12:59:00,40,-0.00566057786115545,208.414874296437,-97.8116082551597,0.00143284401816498,0.135789710820258,0.074373162489781,0.816619979580707,0.019300393825416,0.0886532028639154,0.000199650230598062,0.702465276836247,0.461020365512482,1.994021,428.4951,342.4059,1.99431,430.6968,343.1553,1.993392,427.3048,341.1136,"No issues","No issues","No issues","No issues"
1394,130,2025-05-25,2025-05-25 13:14:40,2025-05-25 13:21:10,2025-05-25 13:11:20,40,-0.21929957223281,-350.384015009402,-385.714725703562,0.67418662261197,0.349696301649844,0.235195150735753,8.63188382470568e-11,5.86431404924726e-05,0.00151611109821015,0.00020368171419301,0.63837628273944,0.929281348985932,1.993474,431.344,347.5996,1.993474,431.5831,347.5996,1.992088,428.0902,342.3271,"No issues","No issues","No issues","No issues"
1395,140,2025-05-25,2025-05-25 13:27:00,2025-05-25 13:33:30,2025-05-25 13:23:40,40,0.26056408255163,-147.357793620987,122.083281050657,0.612563042009353,0.167337761189977,0.0287198988854701,2.42553923459951e-09,0.00876901667297473,0.295830233887076,0.000276859572664647,0.439167743863888,0.948542624342066,1.992631,430.777,349.9786,1.993814,431.7608,349.9786,1.992208,429.5661,344.7978,"No issues","No issues","No issues","No issues"
1396,150,2025-05-25,2025-05-25 13:39:20,2025-05-25 13:45:50,2025-05-25 13:36:00,40,0.197464525328379,334.642356472783,-192.520435272069,0.74474278287463,0.391430590335786,0.341938785575744,7.9821878842229e-13,1.58199624053367e-05,7.41919066099867e-05,0.000154452454880095,0.557478925013031,0.35682532178937,1.992965,429.2652,347.0602,1.994278,432.6937,347.3922,1.992965,428.9228,345.5283,"No issues","No issues","No issues","No issues"
1397,160,2025-05-25,2025-05-25 13:51:40,2025-05-25 13:58:10,2025-05-25 13:48:20,40,-0.104005013133078,-644.665494934346,-157.756673921213,0.205095788448643,0.499910856825272,0.255526186936323,0.00334236064454231,3.39909581595807e-07,0.000877349351991562,0.000273560360466206,0.86145326390656,0.359761440445124,1.994791,431.038,346.4115,1.994791,431.038,346.6995,1.993577,425.8856,344.8637,"No issues","No issues","No issues","No issues"
1398,170,2025-05-25,2025-05-25 14:04:00,2025-05-25 14:10:30,2025-05-25 14:00:40,40,0.402109328330188,188.207648780516,1454.10786641649,0.861996152431502,0.101636821333182,0.919495783648373,6.27551398961973e-18,0.0449605723226656,2.17282474405911e-22,0.00021495965098172,0.74757982082121,0.574845230834597,1.994664,431.769,347.0459,1.996879,433.2906,353.2566,1.994664,430.042,346.4738,"No issues","No issues","No issues","No issues"
1399,180,2025-05-25,2025-05-25 14:16:20,2025-05-25 14:22:50,2025-05-25 14:13:00,40,0.217675317073178,-2030.51152570356,-28.5116757973755,0.736396886922133,0.9702276084583,0.00809177515801264,1.47872678568324e-12,1.31184560395278e-30,0.580947271465211,0.00017399963913963,0.475220724398792,0.421751322196874,1.996272,428.0175,347.4323,1.997536,428.0175,347.9864,1.996272,417.9361,346.2185,"No issues","No issues","No issues","No issues"
1400,190,2025-05-25,2025-05-25 14:28:40,2025-05-25 14:35:10,2025-05-25 14:25:20,40,-0.00812532833027344,-947.329963227027,-238.969350844272,0.00126426163159744,0.788457110605587,0.340389978336399,0.827571981027277,2.19030337864233e-14,7.77358121483167e-05,0.000305117840432464,0.655588488452867,0.444444268823205,1.997877,427.1308,346.5138,1.998485,427.1308,346.5138,1.99717,421.8368,343.8632,"No issues","No issues","No issues","No issues"
1401,200,2025-05-25,2025-05-25 14:41:00,2025-05-25 14:47:30,2025-05-25 14:37:40,40,-0.00991006378979881,-507.574063789868,127.14011257039,0.00106076131322989,0.679509765182378,0.144326588613837,0.841865771940215,6.28911122731076e-11,0.0156078438582006,0.000406309537236353,0.465724235115857,0.413602641124266,1.99847,430.5645,345.5661,1.999212,432.0624,346.3531,1.997241,427.927,344.4453,"No issues","No issues","No issues","No issues"
1402,210,2025-05-25,2025-05-25 14:53:20,2025-05-25 14:59:50,2025-05-25 14:50:00,40,0.185580878048799,-96.0596983114481,460.023102439015,0.132555874965233,0.0756147632654767,0.621308233824416,0.0209136647101904,0.085930269827989,1.56161708849141e-09,0.000634270271338406,0.448729154080377,0.479831644143384,1.996272,430.0992,344.261,1.998891,431.6117,346.8352,1.996272,429.5687,343.273,"No issues","No issues","No issues","No issues"
1403,220,2025-05-25,2025-05-25 15:05:40,2025-05-25 15:12:10,2025-05-25 15:02:20,40,0.0266672870543595,-1857.31129756098,103.366658161352,0.0214449127386975,0.955326289416187,0.0650711821647659,0.367227665133006,2.94847669401164e-27,0.112154574598015,0.000240674013314338,0.536605000439199,0.523474182116498,1.997531,426.551,343.1158,1.997674,426.551,344.5893,1.99667,416.7173,342.1734,"No issues","No issues","No issues","No issues"
1404,230,2025-05-25,2025-05-25 15:18:00,2025-05-25 15:24:30,2025-05-25 15:14:40,40,0.622223459662327,544.678487054403,30.6333388367383,0.796199621409344,0.582476391677296,0.0168017976812087,1.07358591353331e-14,1.02805046471758e-08,0.425349027967212,0.000420588852251644,0.616114519425813,0.313081109020845,1.999011,428.0901,342.7986,2.001505,431.0681,343.5564,1.998484,427.0724,342.0492,"No issues","No issues","No issues","No issues"
1405,240,2025-05-25,2025-05-25 15:30:20,2025-05-25 15:36:50,2025-05-25 15:27:00,40,0.156868682926955,298.871378611658,-63.3968510319097,0.126210986528356,0.35950584253552,0.0480220388436071,0.024476185773142,4.34006011899221e-05,0.174276503873436,0.000551455948531319,0.532977411304775,0.377120987922343,1.998941,427.534,343.0824,1.999933,430.5489,343.5412,1.997637,427.534,341.8947,"No issues","No issues","No issues","No issues"
1406,10,2025-05-25,2025-05-25 15:42:40,2025-05-25 15:49:10,2025-05-25 15:39:20,40,0.0721650731705202,-1043.13791819889,-72.2128120074852,0.145327412573239,0.882085654914763,0.0857137856987773,0.0152233756527939,3.12436758364868e-19,0.0667547444300311,0.000233815360824159,0.509553208614564,0.315101064726181,1.996496,424.274,343.3449,1.997198,424.7136,343.5697,1.996177,419.5964,342.0265,"No issues","No issues","No issues","No issues"
1407,20,2025-05-25,2025-05-25 15:55:00,2025-05-25 16:01:30,2025-05-25 15:51:40,40,-0.248098491557209,-1902.52994521578,62.1295429643581,0.750496729386193,0.956884705041097,0.0465576673246006,5.15732259761043e-13,1.50061587460894e-27,0.181155865160295,0.000191120692181229,0.539556888931321,0.375638099122524,1.995591,425.9326,342.1226,1.9958,426.7216,343.158,1.994495,417.7301,341.5599,"No issues","No issues","No issues","No issues"
1408,30,2025-05-25,2025-05-25 16:07:20,2025-05-25 16:13:50,2025-05-25 16:04:00,40,-0.476080210131325,35.0377936210478,798.830003752339,0.814525684667866,0.00991337935935292,0.786085900466492,1.77292681208248e-15,0.541024654063915,2.71079473380214e-14,0.000303521522352145,0.467823840190415,0.556748347758082,1.996068,428.5624,344.4097,1.996425,429.779,348.1066,1.993925,427.908,343.6129,"No issues","No issues","No issues","No issues"
1409,40,2025-05-25,2025-05-25 16:19:40,2025-05-25 16:26:10,2025-05-25 16:16:20,40,1.19125175234518,-1639.32158499059,10.6196622889328,0.76124655861554,0.94725752753428,0.00141711288340725,2.21884764814501e-13,6.94071184228343e-26,0.817612307426974,0.000891323932717382,0.516809196816588,0.376634768631798,1.993442,425.8912,348.6683,1.998687,426.5856,349.3616,1.993102,419.1394,347.6931,"No issues","No issues","No issues","No issues"
1410,50,2025-05-25,2025-05-25 16:32:00,2025-05-25 16:38:30,2025-05-25 16:28:40,40,-0.0866561200750655,327.376327204492,80.4543669793594,0.135279755155635,0.301688624644269,0.0500009031763102,0.0195463800734547,0.000242093205182435,0.165436740741365,0.000292711992251857,0.665445096542879,0.468535131061352,1.994446,428.7134,348.7814,1.995574,432.0688,349.3895,1.994397,428.7134,347.2605,"No issues","No issues","No issues","No issues"
1411,60,2025-05-25,2025-05-25 16:44:20,2025-05-25 16:50:50,2025-05-25 16:41:00,40,0.756259362101325,-5.2927699812208,31.9656495309645,0.777217168501113,0.000221795598243455,0.00872387718643577,5.89673569580766e-14,0.927326885683852,0.566476870775601,0.000540953951298008,0.47476452192824,0.455245803477508,1.993432,430.9355,349.1306,1.996228,431.849,349.5549,1.99249,429.9768,347.5613,"No issues","No issues","No issues","No issues"
1412,70,2025-05-25,2025-05-25 16:56:40,2025-05-25 17:03:10,2025-05-25 16:53:20,40,-0.293531437148282,-262.803836397767,-30.0520435272113,0.476624487088044,0.31241216054885,0.0111275977745803,8.24757298597744e-07,0.000177702186684868,0.517103513792931,0.000410953810359981,0.520896807330985,0.378497743234629,1.992596,429.4973,346.8289,1.99434,430.6107,346.8289,1.992194,427.9315,345.2639,"No issues","No issues","No issues","No issues"
1413,80,2025-05-25,2025-05-25 17:09:00,2025-05-25 17:15:30,2025-05-25 17:05:40,40,0.428573988742854,2263.35863414633,-82.1380322701412,0.271219248342729,0.609328153953659,0.076366540269286,0.00057059012785857,2.84761112281317e-09,0.0843239347957829,0.000938607171701495,2.4213282859508,0.381647508689067,1.994947,437.4313,345.6505,1.998748,448.8401,346.6485,1.994645,435.7799,344.89,"No issues","No issues","No issues","No issues"
1414,90,2025-05-25,2025-05-25 17:21:20,2025-05-25 17:27:50,2025-05-25 17:18:00,40,0.0613367054408444,-438.27032195125,-23.1510664165181,0.00507508611166241,0.163865233664783,0.00732313434000759,0.662236395175885,0.00957053256596477,0.599563498364862,0.00114739712361508,1.32268570297946,0.360119233467541,2.000455,442.1223,344.8979,2.001196,442.1223,345.9055,1.997114,436.267,344.2176,"No issues","No issues","No issues","No issues"
1415,100,2025-05-25,2025-05-25 17:33:40,2025-05-25 17:40:10,2025-05-25 17:30:20,40,-0.791175174484015,-2347.86431819886,170.321389868669,0.172516736211291,0.801112097708594,0.223407129324261,0.00769394309023674,6.73358910703947e-15,0.00207162352300306,0.00231502939913463,1.56296913055227,0.424265037616178,2.008156,451.6345,344.0759,2.011906,451.6345,345.4507,2.000894,436.5963,343.1013,"No issues","No issues","No issues","No issues"
1416,110,2025-05-25,2025-05-25 17:46:00,2025-05-25 17:52:30,2025-05-25 17:42:40,40,-0.304925538461611,1130.85101988745,-61.8909298311594,0.785748675505045,0.724172208861855,0.0410666238729453,2.7937146792935e-14,3.52652168230333e-12,0.209811585912673,0.000212732377919742,0.932445256847906,0.399573420064572,1.998391,436.7628,344.4562,1.998548,444.4655,345.0102,1.99675,436.7628,343.0787,"No issues","No issues","No issues","No issues"
1417,120,2025-05-25,2025-05-25 17:58:20,2025-05-25 18:04:50,2025-05-25 17:55:00,40,-0.065536750468928,-1884.56239249531,151.139130956839,0.0329247093722747,0.799352696275161,0.164065919499447,0.262482179590694,7.96836656600483e-15,0.0095223243919524,0.000474541215777186,1.26147261975356,0.455799258588946,1.997161,447.0931,344.2903,1.997426,448.972,345.6709,1.995537,438.5688,343.3616,"No issues","No issues","No issues","No issues"
1418,130,2025-05-25,2025-05-25 18:10:40,2025-05-25 18:17:10,2025-05-25 18:07:20,40,-0.447222123827285,869.839294559104,66.5031174483722,0.405408459155838,0.257074207543451,0.0293606464158903,1.00154166230112e-05,0.000841163913897918,0.290425587847902,0.000723612575992071,1.97561517968265,0.510867190313238,1.996105,446.8681,343.4468,1.998061,452.5754,345.2586,1.994543,445.2318,342.9451,"No issues","No issues","No issues","No issues"
1419,140,2025-05-25,2025-05-25 18:23:00,2025-05-25 18:29:30,2025-05-25 18:19:40,40,1.00023561726089,3588.81382063789,359.62532983114,0.647965669833988,0.840135305011186,0.429410787490762,3.82657601510552e-10,1.0381788636454e-16,4.46134732074194e-06,0.000985005582736984,2.09157026527509,0.553854186358711,1.996394,441.1837,341.5609,2.001822,453.2585,345.7146,1.996362,438.2527,341.5609,"No issues","No issues","No issues","No issues"
1420,150,2025-05-25,2025-05-25 18:35:20,2025-05-25 18:41:50,2025-05-25 18:32:00,40,-1.56909208255162,7093.76468893057,-84.3578476547817,0.842011758474476,0.87000737586181,0.0938038438293893,8.2868167542842e-17,2.00575195848129e-18,0.0545933513668446,0.000908074754205919,3.66348597018188,0.350304847539553,2.002273,448.793,344.6928,2.003167,480.0162,345.1439,1.994533,448.7923,343.655,"No issues","No issues","No issues","No issues"
1421,160,2025-05-25,2025-05-25 18:47:40,2025-05-25 18:54:10,2025-05-25 18:44:20,40,0.495187091932395,1150.0716968105,-68.4804292682884,0.507989140213009,0.663394557217766,0.0489535389544674,2.47634561661049e-07,1.61530332214613e-10,0.170051892677013,0.000651102423859408,1.09450915105677,0.403269299334412,1.994393,461.8581,344.2933,1.997226,467.6071,344.861,1.99394,460.2549,342.591,"No issues","No issues","No issues","No issues"
1422,170,2025-05-25,2025-05-25 19:00:00,2025-05-25 19:06:30,2025-05-25 18:56:40,40,-0.11934547091945,2269.22921425888,262.823612757976,0.0387410980869463,0.812828092585591,0.431353089848355,0.223480949434092,2.11007374498547e-15,4.17300260053443e-06,0.000794255138174511,1.45485333178751,0.403170857487217,1.996636,462.9611,343.4172,1.999678,475.5302,345.9832,1.996153,462.9611,343.4172,"No issues","No issues","No issues","No issues"
1423,180,2025-05-25,2025-05-25 19:12:20,2025-05-25 19:18:50,2025-05-25 19:09:00,40,0.448984975609727,4112.09687954973,-64.0724082551828,0.099236613528119,0.897739891567077,0.0364366900141589,0.0477140812697547,2.06921831228315e-20,0.238055543543084,0.00180726180232254,1.85421917058178,0.440211701661546,1.996406,473.7522,343.9809,2.002828,495.7958,345.2612,1.996291,473.4024,342.9269,"No issues","No issues","No issues","No issues"
1424,190,2025-05-25,2025-05-25 19:24:40,2025-05-25 19:31:10,2025-05-25 19:21:20,40,-0.45386908818014,-2532.46261913695,-85.1241005628652,0.818382979802474,0.667183866328341,0.0806206324313369,1.18661202268827e-15,1.29923177832535e-10,0.0758018726695702,0.000285660669764824,2.38969418971172,0.384057878650861,1.996455,502.9802,343.6127,1.996455,505.1436,344.2516,1.993948,493.1296,342.6801,"No issues","No issues","No issues","No issues"
1425,200,2025-05-25,2025-05-25 19:37:00,2025-05-25 19:43:30,2025-05-25 19:33:40,40,0.0359386716698272,-1046.83407129457,-23.1868908067588,0.0885245245037183,0.322065333911915,0.00508680354241345,0.0622438638485471,0.00013404856791853,0.661869970502838,0.000154071595533359,2.02917566766209,0.433243939601066,1.993749,493.353,343.2822,1.994329,493.353,344.2882,1.993474,484.6361,342.2865,"No issues","No issues","No issues","No issues"
1426,210,2025-05-25,2025-05-25 19:49:20,2025-05-25 19:55:50,2025-05-25 19:46:00,40,0.33383549718568,-4642.28423864919,122.928801500943,0.0780127263487023,0.857006026556088,0.117240807608231,0.0809143226569939,1.23578327555064e-17,0.0305616292883974,0.00153331758230968,2.53348608639876,0.450666459745473,1.996917,487.3102,342.1404,2.002286,491.8987,343.1873,1.996224,471.827,340.9916,"No issues","No issues","No issues","No issues"
1427,220,2025-05-25,2025-05-25 20:01:40,2025-05-25 20:08:10,2025-05-25 19:58:20,40,1.60868532833023,263.478339962472,27.3484367729804,0.670502619071866,0.0203543853553633,0.010708754717275,1.07149384958088e-10,0.379830392668776,0.525141134373237,0.00150666504084361,2.44213848733074,0.351192288379011,1.999192,484.6555,342.0323,2.007141,487.0491,343.0951,1.998564,477.7169,341.2941,"No issues","No issues","No issues","No issues"
1428,230,2025-05-25,2025-05-25 20:14:00,2025-05-25 20:20:30,2025-05-25 20:10:40,40,0.251691467166948,-817.075479174466,151.676577861163,0.164566967992966,0.0906176028311038,0.187875934142153,0.00940299693865765,0.0590879166405677,0.00520636177718889,0.000757657359762979,3.45819143397799,0.42132186847215,2.00486,486.5626,342.8491,2.007015,498.2808,343.6065,2.003344,484.7436,341.373,"No issues","No issues","No issues","No issues"
1429,240,2025-05-25,2025-05-25 20:26:20,2025-05-25 20:32:50,2025-05-25 20:23:00,40,-0.290366409005591,2254.45181538461,-88.5862604127674,0.367976908495324,0.52177337523377,0.0455649737533145,3.33548554720594e-05,1.42570574235071e-07,0.185991793637792,0.000508419769897524,2.88361145701894,0.541681317768149,2.008947,485.3418,342.9226,2.010615,499.9946,343.6454,2.007655,485.3418,341.7128,"No issues","No issues","No issues","No issues"
1430,10,2025-05-25,2025-05-25 20:38:40,2025-05-25 20:45:10,2025-05-25 20:35:20,40,1.01083785365861,3178.35781463412,39.548100562829,0.373222536822969,0.67759355611991,0.0159396649443616,2.82919436355783e-05,7.05259553781327e-11,0.43758132461105,0.00175014535305766,2.92913829859243,0.415161206630971,2.013084,488.9005,342.4342,2.022725,500.6087,344.158,2.013084,485.3336,342.3142,"No issues","No issues","No issues","No issues"
1431,20,2025-05-25,2025-05-25 20:51:00,2025-05-25 20:57:30,2025-05-25 20:47:40,40,1.13007714821759,-2761.51185590992,125.838520075061,0.521547843038856,0.883419731286106,0.10786517855596,1.43881902578032e-07,2.515139199977e-19,0.03853843900621,0.00144610604286366,1.34028067886924,0.483512916860108,2.014803,505.0924,342.3996,2.023702,506.5592,343.8184,2.014803,493.9081,341.8168,"No issues","No issues","No issues","No issues"
1432,30,2025-05-25,2025-05-25 21:03:20,2025-05-25 21:09:50,2025-05-25 21:00:00,40,0.0595584540337774,-1484.61330731708,264.559636772998,0.0106306517847562,0.169416887083454,0.413068960536123,0.526664066938135,0.00832088615401111,7.76302102895346e-06,0.000767648776110432,4.39183904140589,0.421333227243467,2.021176,492.7278,342.6178,2.02239,506.6622,344.8037,2.019069,492.0695,342.6178,"No issues","No issues","No issues","No issues"
1433,40,2025-05-25,2025-05-25 21:15:40,2025-05-25 21:22:10,2025-05-25 21:12:20,40,-0.136447969981143,5388.9479324578,73.6645103189566,0.0316532761284834,0.682376957346486,0.0617436159652713,0.272058110896115,5.29158103989308e-11,0.122087627528363,0.00100830763512776,4.9121054139833,0.383656805787353,2.026625,492.8347,345.604,2.030264,522.4915,345.604,2.026307,491.3925,343.4092,"No issues","No issues","No issues","No issues"
1434,50,2025-05-25,2025-05-25 21:28:00,2025-05-25 21:34:30,2025-05-25 21:24:40,40,-0.743539272045097,-943.990514071281,33.1651181988817,0.496974341198454,0.182573032775405,0.013199637867642,3.80924589851993e-07,0.00596075736394418,0.480233106529982,0.000999428809394098,2.66866255694676,0.383120206099737,2.031967,515.6885,344.7249,2.033402,523.5114,345.6642,2.028983,511.8502,343.9572,"No issues","No issues","No issues","No issues"
1435,60,2025-05-25,2025-05-25 21:40:20,2025-05-25 21:46:50,2025-05-25 21:37:00,40,3.27172646904311,3224.13060562855,162.891151969988,0.966272754631037,0.62677417273162,0.184869162601216,1.40572349069698e-29,1.17990166394008e-09,0.00562190260252837,0.000816652738847856,3.32401359309492,0.456981675538301,2.032342,505.8026,345.0439,2.046355,518.3376,346.5957,2.032302,503.1393,344.2865,"No issues","No issues","No issues","No issues"
1436,70,2025-05-25,2025-05-25 21:52:40,2025-05-25 21:59:10,2025-05-25 21:49:20,40,-0.521507482176277,159.45282101317,-108.361729080654,0.577751880229607,0.0056983680210105,0.111855240102395,1.27787737407836e-08,0.643402017354614,0.0349165558784606,0.000595653349847689,2.81407652008752,0.407952411169949,2.04339,517.3466,344.7432,2.04339,526.4223,345.3941,2.039159,515.2172,343.4141,"No issues","No issues","No issues","No issues"
1437,80,2025-05-25,2025-05-25 22:05:00,2025-05-25 22:11:30,2025-05-25 22:01:40,40,-0.0879658986865557,-4129.52893058162,-5.34674971856488,0.118422179017745,0.926240422434111,0.000240958197200809,0.0296813016917726,4.10694546518534e-23,0.924261224719123,0.000320662381790548,1.55692511597486,0.460136345901642,2.029686,530.8813,343.2338,2.029719,530.8813,344.7971,2.028399,510.5449,342.5304,"No issues","No issues","No issues","No issues"
1438,90,2025-05-25,2025-05-25 22:17:20,2025-05-25 22:23:50,2025-05-25 22:14:00,40,0.664325223264476,-154.217678048787,-106.772082551599,0.491897485110884,0.024527999180388,0.0872823814721336,4.63158306126096e-07,0.334505433242629,0.0641976070929524,0.000902067382622259,1.29936262034647,0.461298989486295,2.03444,516.814,342.753,2.039025,519.947,343.9821,2.032441,514.3743,342.0482,"No issues","No issues","No issues","No issues"
1439,100,2025-05-25,2025-05-25 22:29:40,2025-05-25 22:36:10,2025-05-25 22:26:20,40,-0.116649726078852,-301.831105440876,-45.9996517823567,0.0434709589973321,0.0447416808205787,0.0174699419245083,0.196676257554179,0.190112519792522,0.416212594018117,0.000731060062396368,1.86332292525814,0.46089458166358,2.042489,507.0228,342.7036,2.045984,511.2291,343.5288,2.042489,504.6483,341.7663,"No issues","No issues","No issues","No issues"
1440,110,2025-05-25,2025-05-25 22:42:00,2025-05-25 22:48:30,2025-05-25 22:38:40,40,0.574966874296352,117.406577110708,-4.05715272046349,0.203439704066353,0.0130511444389655,0.000157034340301901,0.00348883555498077,0.482729505942457,0.93882651169979,0.00152003700431869,1.36406579552933,0.432523593714841,2.046542,508.1367,342.3582,2.051967,508.1367,343.2124,2.045434,502.0999,341.4743,"No issues","No issues","No issues","No issues"
1441,120,2025-05-25,2025-05-25 22:54:20,2025-05-25 22:59:50,2025-05-25 22:51:00,34,1.07068543315518,1272.21524828117,-11.2090304048561,0.861846817253005,0.785024964681154,0.000899549390545674,2.64244822585631e-15,3.26065643782297e-12,0.866283554552348,0.00048675892902523,0.755961196351171,0.42417663685137,2.043682,501.9118,342.3246,2.047887,507.0179,343.5633,2.043417,501.4453,341.6972,"No issues","No issues","No issues","No issues"
1441,120,2025-05-26,2025-05-25 23:00:00,2025-05-25 23:00:50,2025-05-25 22:51:00,6,-0.93781028571436,1240.03748571378,-844.103314285959,0.473132071657061,0.494773707521301,0.143019888808964,0.130952045617722,0.118910000786856,0.459774053057418,0.000195615982727507,0.247687526327791,0.408425092041983,2.047545,506.2469,342.2646,2.047545,507.3631,343.1668,2.046705,506.2469,341.9737,"No issues","No issues","No issues","No issues"
1442,130,2025-05-26,2025-05-25 23:06:40,2025-05-25 23:13:10,2025-05-25 23:03:20,40,0.780076097561067,-1100.11093733582,234.309424390255,0.415752657255935,0.580194156901291,0.214524767790029,7.09503965914968e-06,1.14230103143108e-08,0.00261516530824661,0.0012354856152124,1.25024150690662,0.599014245737658,2.038717,521.1536,341.2155,2.044029,521.9583,343.4045,2.038409,515.3671,340.2799,"No issues","No issues","No issues","No issues"
1443,140,2025-05-26,2025-05-25 23:19:00,2025-05-25 23:25:30,2025-05-25 23:15:40,40,0.30436061538465,-837.417897185758,292.60827016885,0.183010561682398,0.411748538758537,0.388128433078701,0.00589469343690092,8.11327248089329e-06,1.7599361685933e-05,0.000859168733595706,1.3372961020965,0.490850084162254,2.039674,510.5486,341.0746,2.042847,512.8042,343.7325,2.039054,504.7926,341.0746,"No issues","No issues","No issues","No issues"
1444,150,2025-05-26,2025-05-25 23:31:20,2025-05-25 23:37:50,2025-05-25 23:28:00,40,-0.748699767354559,-130.933445403381,-73.593753095664,0.282732777364328,0.00935912150485132,0.0492839995629014,0.000414159145331321,0.552614166953498,0.168580542830891,0.00159323551000181,1.79974527578826,0.431850321055999,2.04115,523.2874,343.556,2.046404,530.1967,344.2006,2.039246,523.0944,342.2822,"No issues","No issues","No issues","No issues"
1445,160,2025-05-26,2025-05-25 23:43:40,2025-05-25 23:50:10,2025-05-25 23:40:20,40,-0.141310198874372,751.668085553455,15.2556787992668,0.311912583374663,0.10631501846399,0.00169322433719177,0.000180297007546774,0.0400450880635143,0.800962105081414,0.000280413381127137,2.91166159419159,0.4949099223498,2.036698,519.3221,343.2278,2.037694,531.1658,344.3688,2.03609,518.1149,342.2966,"No issues","No issues","No issues","No issues"
1446,170,2025-05-26,2025-05-25 23:56:00,2025-05-26 00:02:30,2025-05-25 23:52:40,40,-0.224762386491544,-1333.8744045028,240.81998048781,0.418411358170564,0.505450261454854,0.439119434771606,6.48751593622283e-06,2.7369887854664e-07,3.18778489689284e-06,0.000354037875994033,1.76279001121964,0.363627106169014,2.036919,523.9492,344.1449,2.037344,528.4046,345.1924,2.03571,519.1017,343.3471,"No issues","No issues","No issues","No issues"
1447,180,2025-05-26,2025-05-26 00:08:20,2025-05-26 00:14:50,2025-05-26 00:05:00,40,-0.054694604127553,186.055753846151,28.5803257035527,0.157681169221662,0.0221194960287947,0.00698318546697389,0.0111787817755127,0.359715029406195,0.608193818065931,0.000168893403969181,1.6527921885581,0.455342883013033,2.036968,516.9814,344.0315,2.037149,522.118,345.2565,2.036306,514.4947,343.1469,"No issues","No issues","No issues","No issues"
1448,190,2025-05-26,2025-05-26 00:20:40,2025-05-26 00:27:10,2025-05-26 00:17:20,40,1.3352658011258,88.5664840525391,-15.716694934341,0.955064138701998,0.00627921284653938,0.00302391786628758,3.29559646772526e-27,0.62693834263897,0.7361055023151,0.000386961589586451,1.48856860667387,0.381275117969621,2.040351,519.8288,344.4816,2.047442,525.1577,344.7714,2.040351,517.8922,343.1717,"No issues","No issues","No issues","No issues"
1449,200,2025-05-26,2025-05-26 00:33:00,2025-05-26 00:39:30,2025-05-26 00:29:40,40,1.85700265666056,555.671225515921,-17.2124848030158,0.615408007601827,0.147819093116916,0.00446649643309201,2.10408458834786e-09,0.0143061635500693,0.68199876884747,0.00196133120799382,1.78253640217259,0.343326938292274,2.048041,520.3146,342.9294,2.058912,525.4672,344.184,2.048041,518.2546,342.6305,"No issues","No issues","No issues","No issues"
1450,210,2025-05-26,2025-05-26 00:45:20,2025-05-26 00:51:50,2025-05-26 00:42:00,40,0.274188697936187,-237.182183864937,-23.3972983114337,0.039050210586313,0.120963786024328,0.00809638383384028,0.221606028241917,0.0278720197740088,0.580839151446855,0.00181722236613356,0.854235523924558,0.34599894208175,2.050513,525.5117,343.1412,2.056373,526.0119,343.4662,2.049236,522.1016,342.0259,"No issues","No issues","No issues","No issues"
1451,220,2025-05-26,2025-05-26 00:57:40,2025-05-26 01:04:10,2025-05-26 00:54:20,40,-0.841131557223181,2599.74552495309,47.4062048780284,0.711806068954967,0.832050516633433,0.0205676923430224,8.17950236659503e-12,2.6628411477108e-16,0.377319202641911,0.0007150647434985,1.56050510771902,0.437068476883626,2.052302,525.2927,342.1986,2.053658,539.1563,342.8424,2.04965,525.2927,340.9167,"No issues","No issues","No issues","No issues"
1452,230,2025-05-26,2025-05-26 01:10:00,2025-05-26 01:16:30,2025-05-26 01:06:40,40,-0.511751414634204,83.7633410881698,-83.4426236397625,0.893558875766026,0.0124112672178501,0.0482465800510708,4.44043010564656e-20,0.493732008608957,0.173247595376811,0.000235978294591482,0.998283420369027,0.49514998856599,2.052676,539.7242,341.4101,2.052676,544.2128,343.219,2.050002,539.7242,340.9773,"No issues","No issues","No issues","No issues"
1453,240,2025-05-26,2025-05-26 01:22:20,2025-05-26 01:28:50,2025-05-26 01:19:00,40,-0.606502874296459,1034.56778386492,56.3048375234427,0.897617646172796,0.185915629866492,0.0467740073496686,2.11686235480208e-20,0.00547375013587802,0.18012073236398,0.000273665211980089,2.89238149306667,0.339594950710483,2.04995,537.0993,341.9505,2.050731,539.2694,342.7136,2.047605,529.634,341.2307,"No issues","No issues","No issues","No issues"
1454,10,2025-05-26,2025-05-26 01:34:40,2025-05-26 01:41:10,2025-05-26 01:31:20,40,0.577893613508313,-939.7883617261,-6.45025440898804,0.846810015206282,0.368376120343395,0.000404850985686777,4.59972527300706e-17,3.29410020073339e-05,0.901922691598554,0.000328390023658466,1.64411981851773,0.428214313649552,2.046595,534.9539,342.4549,2.050313,535.2443,342.6486,2.046415,527.267,340.9733,"No issues","No issues","No issues","No issues"
1455,20,2025-05-26,2025-05-26 01:47:00,2025-05-26 01:53:30,2025-05-26 01:43:40,40,-0.864034041275819,-87.448633395872,-60.4801621013188,0.768402509097776,0.0189797685074228,0.0295294232562215,1.23915032627119e-13,0.396583311409484,0.289022402019905,0.000633757712325095,0.839975114586759,0.463229828459859,2.055811,534.5725,341.3622,2.056455,536.7131,342.3316,2.05188,533.7589,340.4326,"No issues","No issues","No issues","No issues"
1456,30,2025-05-26,2025-05-26 01:59:20,2025-05-26 02:05:50,2025-05-26 01:56:00,40,-0.0550804052533313,-718.97362851784,282.140577861167,0.0296590353558983,0.284009270698814,0.329161877273849,0.287950516904185,0.000399601040578319,0.000108715195417005,0.000420921069834884,1.52517707457299,0.538132869794126,2.052383,538.245,341.6389,2.053224,542.6508,343.5437,2.051429,535.9467,340.9907,"No issues","No issues","No issues","No issues"
1457,40,2025-05-26,2025-05-26 02:11:40,2025-05-26 02:18:10,2025-05-26 02:08:20,40,-0.346091977485821,-1878.51739136962,-18.6508908067717,0.511104048359241,0.87137355285785,0.00168193754433804,2.18874200136949e-07,1.63974167616941e-18,0.801613254118009,0.000452235820484154,0.964268625302752,0.607084266670256,2.052756,536.1509,342.9657,2.054674,536.4659,344.2067,2.052133,527.9127,341.8671,"No issues","No issues","No issues","No issues"
1458,50,2025-05-26,2025-05-26 02:24:00,2025-05-26 02:30:30,2025-05-26 02:20:40,40,0.771487969981249,2059.57288705439,-26.2099992495278,0.10356306712573,0.665360654326844,0.00277283668422653,0.0428670566581837,1.44317394773471e-10,0.746922349494728,0.00303253933808894,1.95144796669931,0.664082107616787,2.051801,521.1713,343.5123,2.062866,533.1328,344.6792,2.051582,519.8007,341.5019,"No issues","No issues","No issues","No issues"
1459,60,2025-05-26,2025-05-26 02:36:20,2025-05-26 02:42:50,2025-05-26 02:33:00,40,-0.305602311444741,561.458323452144,84.893187241991,0.530703611446082,0.0693789357808658,0.0341499859644385,9.88822405725172e-08,0.100548531950907,0.253635338098161,0.000383949481697341,2.74732484192731,0.603187434687157,2.051973,537.4835,343.7995,2.053641,544.7564,345.3896,2.051451,534.2943,342.8887,"No issues","No issues","No issues","No issues"
1460,70,2025-05-26,2025-05-26 02:48:40,2025-05-26 02:55:10,2025-05-26 02:45:20,40,0.850780637898541,-1316.55420337712,63.5241005628422,0.194410122804504,0.557525395256863,0.0293633553117451,0.0044035463939902,3.16003694034027e-08,0.290402999956587,0.00231384906971575,1.56700527422509,0.487959629020475,2.050343,546.4647,343.5562,2.060121,548.904,344.6311,2.050343,539.7057,342.4547,"No issues","No issues","No issues","No issues"
1461,80,2025-05-26,2025-05-26 03:01:00,2025-05-26 03:07:30,2025-05-26 02:57:40,40,0.207423219512119,2587.85077373358,51.0218746716644,0.0378397237805741,0.838498382310192,0.0176234394625479,0.229054292291416,1.26105190828264e-16,0.414154027174099,0.00139742004882787,1.51738721224559,0.508943929149845,2.056196,537.7762,344.2581,2.060471,545.7972,345.401,2.054113,534.491,342.6495,"No issues","No issues","No issues","No issues"
1462,90,2025-05-26,2025-05-26 03:13:20,2025-05-26 03:19:50,2025-05-26 03:10:00,40,2.20028703939964,-2818.09121200752,52.9768975609972,0.325663450934653,0.788556075364871,0.0149154381004215,0.000120570583647929,2.17078844246958e-14,0.452812702622641,0.00423012349271465,1.94964808079345,0.575208290977147,2.069258,537.4501,343.4269,2.085495,539.5172,344.9109,2.066958,525.4024,342.1434,"No issues","No issues","No issues","No issues"
1463,100,2025-05-26,2025-05-26 03:25:40,2025-05-26 03:32:10,2025-05-26 03:22:20,40,0.0133506641650088,321.986215384614,-28.6030198874292,4.8278654186761e-05,0.0102723043794869,0.00657861659048434,0.966058832561801,0.533752476898008,0.61881473572887,0.00256705206025826,4.22261093175637,0.469603384682917,2.086348,532.5369,343.7277,2.086348,539.1718,344.8293,2.074207,524.9371,342.1489,"No issues","No issues","No issues","No issues"
1464,110,2025-05-26,2025-05-26 03:38:00,2025-05-26 03:44:30,2025-05-26 03:34:40,40,0.690898491557221,-5082.24187317076,41.5941433396064,0.52897013693556,0.953119005189561,0.0105245291192798,1.06216307632279e-07,7.37946511125499e-27,0.528745837747458,0.000871049337138729,1.50591355027691,0.538831814078621,2.078423,517.0135,343.0183,2.081376,517.0135,344.2645,2.07745,487.6022,341.9499,"No issues","No issues","No issues","No issues"
1465,120,2025-05-26,2025-05-26 03:50:20,2025-05-26 03:56:50,2025-05-26 03:47:00,40,1.28338365478421,85.1330971857353,25.4178101313561,0.597946078225188,0.0105969233588792,0.00705331923806968,4.95714248979862e-09,0.527324139105399,0.606392036707732,0.00140600708984462,1.09904387807424,0.402924978508358,2.080005,481.8953,342.9534,2.086473,486.7069,343.9709,2.078553,481.8953,342.1454,"No issues","No issues","No issues","No issues"
1466,130,2025-05-26,2025-05-26 04:02:40,2025-05-26 04:09:10,2025-05-26 03:59:20,40,-1.0447462063791,-1577.01478424014,100.130953846157,0.787961243452002,0.776007440348922,0.0710755040697002,2.29061445994309e-14,6.54055243336336e-14,0.0963307199846776,0.000724078855020616,1.13198190557694,0.483635813547913,2.079718,480.6688,342.9313,2.079718,480.6688,344.4829,2.073668,471.3022,341.9158,"No issues","No issues","No issues","No issues"
1467,140,2025-05-26,2025-05-26 04:15:00,2025-05-26 04:21:30,2025-05-26 04:11:40,40,0.285290206378849,590.911645778635,82.3113185741045,0.0189778779765247,0.223536761582727,0.0420146572637162,0.396607058205407,0.00206456237235448,0.204516432835445,0.0027404526648507,1.47139199026212,0.525119861543415,2.072309,472.2439,341.3345,2.081194,477.6211,344.1632,2.071683,471.5677,341.3345,"No issues","No issues","No issues","No issues"
1468,150,2025-05-26,2025-05-26 04:27:20,2025-05-26 04:33:50,2025-05-26 04:24:00,40,-2.48688135084446,-150.994617636003,-207.127141463419,0.453913306955273,0.0100624801887998,0.205709919849871,1.88988023601501e-06,0.537982228184144,0.00328957045082621,0.00364434321928181,2.00093373490482,0.543774490073953,2.071721,476.4039,343.1615,2.084387,485.0709,343.5961,2.0683,476.4039,341.3226,"No issues","No issues","No issues","No issues"
1469,160,2025-05-26,2025-05-26 04:39:40,2025-05-26 04:46:10,2025-05-26 04:36:20,40,1.81519105440896,-548.496783489701,90.6223339587239,0.322068631867327,0.24864144982929,0.0363865807372736,0.000134035578825978,0.00105722552939166,0.238384615558072,0.00351852676847878,1.27388669936988,0.623068658309173,2.062176,478.884,341.3586,2.078131,483.3629,343.7787,2.061538,476.9041,341.3275,"No issues","No issues","No issues","No issues"
1470,170,2025-05-26,2025-05-26 04:52:00,2025-05-26 04:58:30,2025-05-26 04:48:40,40,-2.78967849906189,447.149502439033,98.8170416510268,0.762796623539774,0.143617054174694,0.0641283404535293,1.95869603763946e-13,0.0158861804372173,0.114878757153145,0.00207840449940234,1.45882640681519,0.50435329419683,2.058927,473.7339,343.0095,2.063381,477.3228,344.4517,2.048188,470.7814,342.4641,"No issues","No issues","No issues","No issues"
1471,180,2025-05-26,2025-05-26 05:04:20,2025-05-26 05:10:50,2025-05-26 05:01:00,40,-1.03446817260783,-903.08092457785,-3.52294784240862,0.437586299273659,0.688511549244124,0.000139041694809264,3.36277036134128e-06,3.63785714161499e-11,0.942431447367056,0.00156687044089428,0.811543670440367,0.399138259127806,2.033197,467.8066,342.7722,2.033898,467.8066,344.032,2.026381,461.6913,342.4307,"No issues","No issues","No issues","No issues"
1472,190,2025-05-26,2025-05-26 05:16:40,2025-05-26 05:23:10,2025-05-26 05:13:20,40,1.16571755347097,660.303813883668,30.3192675421974,0.575049952550264,0.44910459490494,0.00608500813782396,1.44563485083032e-08,2.24318527083772e-06,0.63233561774218,0.00133884209157131,0.977067343015143,0.517705299551969,2.024524,460.866,342.5018,2.03082,462.6096,343.6676,2.023613,457.7512,341.4829,"No issues","No issues","No issues","No issues"
1473,200,2025-05-26,2025-05-26 05:29:00,2025-05-26 05:35:30,2025-05-26 05:25:40,40,1.04446496060031,1706.3605283302,19.1669403377177,0.630013972018959,0.621411931054881,0.00420097270956285,9.97398572119239e-10,1.5533924645326e-09,0.691113043716958,0.00106937816620985,1.77944402297815,0.394260779371809,2.0293,466.1858,342.164,2.034491,478.0424,343.1355,2.0293,465.946,341.4962,"No issues","No issues","No issues","No issues"
1474,210,2025-05-26,2025-05-26 05:41:20,2025-05-26 05:47:50,2025-05-26 05:38:00,40,0.139215039399542,-2441.36354521575,65.8455534709047,0.038687509590881,0.832889748191243,0.0397370080887107,0.22380785743216,2.41993221551129e-16,0.217505023066916,0.000927156242154563,1.46103328567688,0.432457897301284,2.030562,469.6563,342.7677,2.034053,470.5487,342.7677,2.030486,461.1329,341.0026,"No issues","No issues","No issues","No issues"
1475,220,2025-05-26,2025-05-26 05:53:40,2025-05-26 06:00:10,2025-05-26 05:50:20,40,-0.531167099437202,-19.2165433396019,106.393981238261,0.0604241208496205,0.000136186855770108,0.0472873821801835,0.126282309935928,0.943024543224425,0.177690686719297,0.00279841289056472,2.19987480040642,0.638036096262496,2.035329,463.1517,341.4279,2.042352,472.2024,343.0136,2.032914,463.1517,340.5143,"No issues","No issues","No issues","No issues"
1476,230,2025-05-26,2025-05-26 06:06:00,2025-05-26 06:12:30,2025-05-26 06:02:40,40,0.196484622889238,-1137.12036923077,46.2646874296454,0.509087692643876,0.74350775931964,0.0094632132852741,2.37104144792471e-07,8.75561957507362e-13,0.55040299010388,0.000257782894085643,0.892320085236434,0.632390721109173,2.031259,460.5665,342.1693,2.032741,460.6,343.5232,2.03087,454.9647,340.6869,"No issues","No issues","No issues","No issues"
1477,240,2025-05-26,2025-05-26 06:18:20,2025-05-26 06:24:50,2025-05-26 06:15:00,40,-0.672332217636015,-415.787437148191,-122.781127204497,0.174094521731979,0.405350603412454,0.104686318349568,0.00739276510190224,1.0034589090439e-05,0.041691845483428,0.00195648449247111,0.672831489471605,0.4797269642859,2.039717,459.2986,343.1166,2.046922,461.2904,343.6024,2.03768,457.3807,341.3834,"No issues","No issues","No issues","No issues"
1478,10,2025-05-26,2025-05-26 06:30:40,2025-05-26 06:37:10,2025-05-26 06:27:20,40,0.317753425891088,-933.748953095687,42.6204067542212,0.261577231360569,0.823348860536218,0.0180994826556863,0.000743875681654461,6.98732866496037e-16,0.407862478421388,0.000713284321984728,0.57785153522222,0.419409361733369,2.036508,458.4211,343.2319,2.038846,458.4211,343.2319,2.036018,452.3696,341.2841,"No issues","No issues","No issues","No issues"
1479,20,2025-05-26,2025-05-26 06:43:00,2025-05-26 06:49:30,2025-05-26 06:39:40,40,-0.027218431519719,-300.587950469041,13.6071894934261,0.00384500985631065,0.183969023106215,0.00234758749031712,0.703868033335773,0.00575244981376368,0.766547383698677,0.000585325830725457,0.845809200608443,0.374771912016266,2.035853,451.4681,342.414,2.037388,452.1646,342.922,2.035596,448.3837,341.3134,"No issues","No issues","No issues","No issues"
1480,30,2025-05-26,2025-05-26 06:55:20,2025-05-26 07:01:50,2025-05-26 06:52:00,40,-0.445180457786201,-844.846351969957,261.489032645381,0.854919243408203,0.832138495538859,0.337386394125057,1.629261704963e-17,2.63633130947824e-16,8.50747562449399e-05,0.000245018184520775,0.506961931093268,0.489598115045077,2.037614,451.493,343.1721,2.037614,453.0614,344.5544,2.035067,447.8877,342.0949,"No issues","No issues","No issues","No issues"
1481,40,2025-05-26,2025-05-26 07:07:40,2025-05-26 07:14:10,2025-05-26 07:04:20,40,0.00797538461530611,-189.346410506589,32.2424375234417,0.000443148414803098,0.229328239686508,0.00519024534017193,0.897412151498923,0.00177173313042954,0.658656641972712,0.000506058417120529,0.463748904674034,0.596381011548441,2.038803,450.2267,343.3002,2.039054,450.2267,345.2868,2.03716,447.7936,342.6016,"No issues","No issues","No issues","No issues"
1482,50,2025-05-26,2025-05-26 07:20:00,2025-05-26 07:26:30,2025-05-26 07:16:40,40,0.0779610056285227,468.71797373359,-8.4668757973641,0.00560309789108232,0.380782580669008,0.000632798595498636,0.64619813240163,2.22670478456557e-05,0.87754937473615,0.00138759611482591,0.79857281160606,0.449544665161108,2.038031,449.4911,344.189,2.044246,451.6757,344.9881,2.038031,447.4648,343.3391,"No issues","No issues","No issues","No issues"
1483,60,2025-05-26,2025-05-26 07:32:20,2025-05-26 07:38:50,2025-05-26 07:29:00,40,0.154105666041232,642.318024765482,-37.4646123827485,0.234929059714714,0.483481254896182,0.00825467939401749,0.00152689201989124,6.37813229330457e-07,0.577149471560463,0.000371553157374226,0.886999140560656,0.548644569508647,2.036938,445.9413,344.161,2.037295,448.6826,345.8839,2.035535,443.7908,343.2231,"No issues","No issues","No issues","No issues"
1484,70,2025-05-26,2025-05-26 07:44:40,2025-05-26 07:51:10,2025-05-26 07:41:20,40,0.00879156472796397,-462.94311444655,-137.794545591005,0.00026748413887248,0.628190513469123,0.161859635063909,0.920213870747425,1.09652617036513e-09,0.0100656006796623,0.000718090094187387,0.475841199656316,0.418929548136523,2.036445,445.753,344.5363,2.039656,446.308,345.1239,2.036445,443.1756,342.821,"No issues","No issues","No issues","No issues"
1485,80,2025-05-26,2025-05-26 07:57:00,2025-05-26 08:03:30,2025-05-26 07:53:40,40,-0.21852148592872,-436.320891557232,65.8227782363756,0.126239818486603,0.502993384620503,0.0327087388528717,0.0244587100473177,3.01389648346549e-07,0.26407971761668,0.00076808972490167,0.579463149382539,0.478236597400101,2.037608,445.019,344.1942,2.038924,445.5136,344.3681,2.036162,442.5976,342.3829,"No issues","No issues","No issues","No issues"
1486,90,2025-05-26,2025-05-26 08:09:20,2025-05-26 08:15:50,2025-05-26 08:06:00,40,-0.716240600375393,-968.222958348972,-109.581379362091,0.716188547889408,0.812063413394401,0.125878132598796,6.09592834074255e-12,2.28103772962265e-15,0.0246788350595273,0.000602393217883086,0.622308793700682,0.385804666081646,2.035483,444.0651,343.8074,2.037439,444.0651,343.8074,2.033251,437.767,341.6487,"No issues","No issues","No issues","No issues"
1487,100,2025-05-26,2025-05-26 08:21:40,2025-05-26 08:28:10,2025-05-26 08:18:20,40,-0.0748940487806246,208.06959849907,-92.6622168855391,0.149691155181965,0.228798426008669,0.0958111337730403,0.0136529601973168,0.00179676136478743,0.0519416810503447,0.000238483015195008,0.51037093387019,0.380315600431825,2.032501,439.4007,343.1609,2.033323,441.6377,343.4531,2.032198,439.4007,341.5089,"No issues","No issues","No issues","No issues"
1488,110,2025-05-26,2025-05-26 08:34:00,2025-05-26 08:40:30,2025-05-26 08:30:40,40,0.125899227016975,7.37382664164163,-33.4254529080839,0.272027107352705,0.000533958101566853,0.0093681420383748,0.000557980122373168,0.887451744349561,0.552421896792266,0.000275165791939075,0.426229221531075,0.459226116548443,2.033332,439.0607,342.1849,2.034252,441.044,343.4137,2.032758,439.0607,340.7821,"No issues","No issues","No issues","No issues"
1489,120,2025-05-26,2025-05-26 08:46:20,2025-05-26 08:52:50,2025-05-26 08:43:00,40,-0.342655429643485,81.7205403377208,-17.9481005628535,0.233453377907656,0.0224848766902662,0.00418247456215413,0.00158803458028915,0.355732061260536,0.691760246487274,0.000829557874706935,0.719892391230022,0.370008404622516,2.032896,439.336,342.5409,2.034687,442.3109,343.2154,2.030634,439.336,341.7147,"No issues","No issues","No issues","No issues"
1490,130,2025-05-26,2025-05-26 08:58:40,2025-05-26 09:05:10,2025-05-26 08:55:20,40,-0.148281365853634,138.225654033761,-159.083392120085,0.0943370780276375,0.0841724370465737,0.16520270274066,0.053875822521815,0.0693691781664438,0.00925369356822625,0.000613830590580861,0.609158662112249,0.477778554622508,2.028707,441.1155,344.5299,2.028707,442.9609,344.5299,2.026186,439.968,341.7701,"No issues","No issues","No issues","No issues"
1491,140,2025-05-26,2025-05-26 09:11:00,2025-05-26 09:17:30,2025-05-26 09:07:40,40,-0.333796592870482,-380.211305065664,78.70829268293,0.48367928971839,0.497756777541006,0.0620777146339826,6.33065302976827e-07,3.69558507969721e-07,0.121049300168326,0.000460768511901076,0.51026213703864,0.408748268243517,2.027394,442.0648,343.3653,2.027394,442.3874,344.7414,2.025231,439.1573,342.8123,"No issues","No issues","No issues","No issues"
1492,150,2025-05-26,2025-05-26 09:23:20,2025-05-26 09:29:50,2025-05-26 09:20:00,40,0.0267872420262348,-281.087729831141,52.5611076922863,0.0252190749498936,0.30746791971996,0.0190999122134338,0.327702150478718,0.000205035581042298,0.395078299656599,0.000222503477458789,0.563614032913562,0.503246863275981,2.024311,439.566,343.446,2.024811,439.566,344.3511,2.023869,436.6472,342.4072,"No issues","No issues","No issues","No issues"
1493,160,2025-05-26,2025-05-26 09:35:40,2025-05-26 09:42:10,2025-05-26 09:32:20,40,0.439731422138767,-248.905188742938,44.9117088180137,0.714176653484747,0.264019826515446,0.0227484349782793,6.9806809037735e-12,0.000695724329629024,0.352895582378318,0.000371666477944766,0.555224476569834,0.393284536970378,2.023321,436.1539,343.6459,2.026205,437.7871,345.3008,2.023321,435.0846,343.1117,"No issues","No issues","No issues","No issues"
1494,170,2025-05-26,2025-05-26 09:48:00,2025-05-26 09:54:30,2025-05-26 09:44:40,40,-0.121565448405187,42.0007744840786,398.264123076918,0.422357607013557,0.0156568430041166,0.466038705923787,5.67635909739761e-06,0.441708703972353,1.21891962587373e-06,0.000189941293691586,0.444936803021349,0.569554052778607,2.022555,439.9007,344.6728,2.022684,440.8152,347.607,2.021641,438.6284,344.6728,"No issues","No issues","No issues","No issues"
1495,180,2025-05-26,2025-05-26 10:00:20,2025-05-26 10:06:50,2025-05-26 09:57:00,40,-0.0486911819887543,-1703.01694559099,-21.8297786116127,0.140891184959345,0.869913106704942,0.00314640571557233,0.0170016400663088,2.03367345163195e-18,0.73100905919976,0.000160639506163434,0.87986829690692,0.519131672313156,2.021407,435.1685,345.8244,2.021922,435.9857,348.1203,2.021196,427.5666,345.8244,"No issues","No issues","No issues","No issues"
1496,190,2025-05-26,2025-05-26 10:12:40,2025-05-26 10:19:10,2025-05-26 10:09:20,40,0.152110198874351,-1409.5221433396,-122.311033395863,0.295995168647014,0.943460507299351,0.0845354292057658,0.000284820733892018,2.605357931731e-25,0.0687441657250399,0.000313417837024592,0.461005238365851,0.537758014433577,2.018828,433.0161,346.9818,2.019715,433.1902,347.7787,2.018192,426.7133,345.2698,"No issues","No issues","No issues","No issues"
1497,200,2025-05-26,2025-05-26 10:25:00,2025-05-26 10:31:30,2025-05-26 10:21:40,40,0.137263339587225,-492.910297936243,-55.3528975610035,0.287263239431564,0.539025734436937,0.0367396023932791,0.000364676191130458,6.98854803707584e-08,0.236077618278835,0.000288867697604005,0.609005687443523,0.378673447044197,2.017307,435.218,345.9441,2.018475,436.0674,347.0353,2.017163,432.356,345.1408,"No issues","No issues","No issues","No issues"
1498,210,2025-05-26,2025-05-26 10:37:20,2025-05-26 10:43:50,2025-05-26 10:34:00,40,-0.452304000000019,-105.438393996263,24.1326709193391,0.950825072440704,0.0536787390512146,0.00426286117109743,1.8311001826129e-26,0.150290051586647,0.688959582936641,0.000137426930584969,0.591475547123274,0.49277312641507,2.018658,433.2209,344.9695,2.018664,433.7018,346.0761,2.016503,430.8685,343.4842,"No issues","No issues","No issues","No issues"
1499,220,2025-05-26,2025-05-26 10:49:40,2025-05-26 10:56:10,2025-05-26 10:46:20,40,0.00245745590980522,-1172.19747242029,-77.8548292682679,0.000286331912345097,0.940609783118679,0.0426460618168891,0.917460050273939,6.64334731138024e-25,0.201074373827329,0.000194003041697141,0.393525932639168,0.492835769626342,2.013604,426.8625,343.9648,2.013761,426.8625,345.0409,2.012804,420.8968,342.418,"No issues","No issues","No issues","No issues"
1500,230,2025-05-26,2025-05-26 11:02:00,2025-05-26 11:08:30,2025-05-26 10:58:40,40,-0.321541733583511,122.983996998097,-132.116298686678,0.843851074347198,0.0309137944773477,0.143238163029193,6.62692242826113e-17,0.277822740831431,0.0160368057394069,0.000184796529866659,0.919969688132779,0.431694931688662,2.013925,430.3692,345.2719,2.013953,430.8677,345.2719,2.01219,427.2311,343.1111,"No issues","No issues","No issues","No issues"
1501,240,2025-05-26,2025-05-26 11:14:20,2025-05-26 11:20:50,2025-05-26 11:11:00,40,0.188505996247461,585.003377110667,-94.4630814258647,0.690362028236747,0.75299789213217,0.0671582501053746,3.24441220987954e-11,4.25218364636422e-13,0.106364552187367,0.000168668388172886,0.447642888090621,0.470366384308413,2.011126,428.4203,344.4734,2.012039,431.5729,344.9796,2.011126,428.1534,342.6053,"No issues","No issues","No issues","No issues"
1502,10,2025-05-26,2025-05-26 11:26:40,2025-05-26 11:33:10,2025-05-26 11:23:20,40,-0.921632690431604,-2111.20523527206,-79.4310213883704,0.80908188316738,0.967018848358719,0.0545266135208402,3.08150996595961e-15,9.18660140336001e-30,0.147017613221774,0.000598143062337901,0.520913675593253,0.441906515508218,2.011762,426.2298,344.0172,2.011762,426.4145,344.5768,2.005694,416.2562,342.4954,"No issues","No issues","No issues","No issues"
1503,20,2025-05-26,2025-05-26 11:39:00,2025-05-26 11:45:30,2025-05-26 11:35:40,40,0.305594206378975,-1751.89357148219,-235.632981613506,0.548107866263938,0.942470593787014,0.364162902888981,4.75189978348139e-08,3.62497528039475e-25,3.75670774737239e-05,0.000370722850709281,0.578280605159039,0.415988213134359,2.00225,425.3288,344.6232,2.003787,425.3288,345.2498,2.001787,417.0682,342.899,"No issues","No issues","No issues","No issues"
1504,30,2025-05-26,2025-05-26 11:51:20,2025-05-26 11:57:50,2025-05-26 11:48:00,40,0.342785921200752,-16.552084052528,542.090377485931,0.553090024900353,0.00272919536891745,0.782520872171045,3.83341396181378e-08,0.748856831800325,3.71884402242481e-14,0.000411675435829372,0.422728753620394,0.381814476665429,2.004612,429.0448,345.4,2.006681,430.0762,347.5478,2.004561,428.5115,344.6581,"No issues","No issues","No issues","No issues"
1505,40,2025-05-26,2025-05-26 12:03:40,2025-05-26 12:10:10,2025-05-26 12:00:20,40,-0.324718919324617,-1594.50527279547,276.496210131324,0.877340346450738,0.943496208351339,0.418217409437197,6.62879587554023e-19,2.57423158608015e-25,6.5301023487375e-06,0.000162216219298408,0.521332191038419,0.43570079872082,2.006155,425.0667,348.9825,2.006466,425.0667,350.8346,2.00474,416.8938,348.5038,"No issues","No issues","No issues","No issues"
1506,50,2025-05-26,2025-05-26 12:16:00,2025-05-26 12:22:30,2025-05-26 12:12:40,40,0.0941054859286346,659.616018011272,-110.809702063791,0.380307224819858,0.651089053792413,0.09085433694719,2.26066273202097e-05,3.22332273469382e-10,0.0587413897139365,0.000160492867441311,0.645131369695691,0.468318762597749,2.004806,429.9765,350.4162,2.005686,433.3146,350.4438,2.00469,429.68,348.2197,"No issues","No issues","No issues","No issues"
1507,60,2025-05-26,2025-05-26 12:28:20,2025-05-26 12:34:50,2025-05-26 12:25:00,40,-0.265156412757967,328.61267392121,123.568858536573,0.394917003587107,0.395701089276493,0.142262421275038,1.4128003350108e-05,1.37720010278948e-05,0.0164312030511347,0.000438507028908291,0.542558358468151,0.405378790013322,2.008259,430.3932,348.563,2.009075,432.9404,350.7173,2.006958,430.0721,348.563,"No issues","No issues","No issues","No issues"
1508,70,2025-05-26,2025-05-26 12:40:40,2025-05-26 12:47:10,2025-05-26 12:37:20,40,0.353487039399489,-1391.75721726077,-271.42795046904,0.770772898354556,0.946559367785769,0.327822473382686,1.01767078838171e-13,8.91387759442672e-26,0.000113116063351925,0.000257550931596801,0.441819839114839,0.519274584104,2.007025,429.2115,350.7408,2.008379,429.2115,351.0699,2.006578,422.1258,348.2157,"No issues","No issues","No issues","No issues"
1509,80,2025-05-26,2025-05-26 12:53:00,2025-05-26 12:59:30,2025-05-26 12:49:40,40,0.0545787016886083,-397.722947842392,-151.645535459649,0.0248828986474891,0.548155872133737,0.130880257828135,0.330988990394388,4.74212723794167e-08,0.0218012736998273,0.000456479173631376,0.482439436911063,0.522098243261492,2.009255,429.8984,348.4026,2.010498,429.8984,350.4613,2.008776,426.5697,347.8235,"No issues","No issues","No issues","No issues"
1510,90,2025-05-26,2025-05-26 13:05:20,2025-05-26 13:11:50,2025-05-26 13:02:00,40,0.158632345215808,-1568.41020337709,-196.690086303949,0.591598388014412,0.938828925298399,0.19702658626898,6.70853874571184e-09,1.16565365161739e-24,0.00411695316906809,0.000176092899326525,0.534883683149205,0.530506249008507,2.008311,427.8312,347.8136,2.009047,428.0505,348.1608,2.007962,419.6359,345.4554,"No issues","No issues","No issues","No issues"
1511,100,2025-05-26,2025-05-26 13:17:40,2025-05-26 13:24:10,2025-05-26 13:14:20,40,-0.00319744840523738,-144.377560975618,-91.2888135084469,0.000519265344014006,0.128323160930009,0.0642141204523329,0.889001260040186,0.0232281400543215,0.1146280330899,0.000187420009735548,0.502741568925741,0.465597246811409,2.008938,431.8873,346.6304,2.009431,432.4458,347.8871,2.008624,430.3016,345.6474,"No issues","No issues","No issues","No issues"
1512,110,2025-05-26,2025-05-26 13:30:00,2025-05-26 13:36:30,2025-05-26 13:26:40,40,-0.00355001876174821,-105.938071294553,-89.7986161350649,0.000522512066319096,0.106506685210757,0.0693074399317899,0.888656953557187,0.0398556439227637,0.100730475257674,0.000207438260023092,0.409948354743429,0.439645571338058,2.009276,430.84,345.0946,2.00961,431.1941,346.9125,2.008781,429.5448,344.8718,"No issues","No issues","No issues","No issues"
1513,120,2025-05-26,2025-05-26 13:42:20,2025-05-26 13:48:50,2025-05-26 13:39:00,40,-0.252942078799293,-84.9641876172433,-33.759381613524,0.39554684451407,0.0541153157786346,0.0122779409723773,1.38413507501063e-05,0.148595254219362,0.496076357000402,0.000417756592665238,0.474585837390188,0.404546972308818,2.009944,430.9807,345.6254,2.010764,432.0396,346.0821,2.008685,429.776,344.5229,"No issues","No issues","No issues","No issues"
1514,130,2025-05-26,2025-05-26 13:54:40,2025-05-26 14:01:10,2025-05-26 13:51:20,40,0.100571707317078,-45.5931827392197,-616.42939136961,0.313885940956143,0.0178601059540204,0.319923727166018,0.000170253900495655,0.411008820451372,0.000142742522155096,0.000198658849707417,0.451714921864982,1.20076712796685,2.009067,430.89,351.4327,2.009821,431.2656,352.2578,2.008823,429.1795,345.0601,"No issues","No issues","No issues","No issues"
1515,140,2025-05-26,2025-05-26 14:07:00,2025-05-26 14:13:30,2025-05-26 14:03:40,40,-0.077048375234527,-270.264873545953,-32.7430063789718,0.205446233744641,0.277905665152676,0.00162056313935198,0.0033121370742409,0.000473947268770045,0.805195260496844,0.000202439802300185,0.582046576523322,1.08580854378796,2.009427,432.0073,357.5205,2.009634,432.0073,358.6602,2.00876,429.2173,353.2266,"No issues","No issues","No issues","No issues"
1516,150,2025-05-26,2025-05-26 14:19:20,2025-05-26 14:25:50,2025-05-26 14:16:00,40,0.237801816135105,25.5484637898702,-254.708010506555,0.381648884041754,0.00455269249125412,0.363913179737839,2.16606630668315e-05,0.679107845278827,3.78598914832434e-05,0.000404408811318651,0.504730602474476,0.449905990929015,2.007874,429.4931,355.2448,2.010126,431.0086,355.3838,2.007874,428.8371,353.3495,"No issues","No issues","No issues","No issues"
1517,160,2025-05-26,2025-05-26 14:31:40,2025-05-26 14:38:10,2025-05-26 14:28:20,40,0.165789928705426,-596.199957973732,159.464087054401,0.522428895415432,0.722376250485805,0.192455669610395,1.38823323788906e-07,3.99395663718091e-12,0.00463015482596768,0.000211779265290206,0.49380830019729,0.436415923786933,2.008398,428.99,353.9061,2.009938,430.4869,355.221,2.008398,426.1738,353.1046,"No issues","No issues","No issues","No issues"
1518,170,2025-05-26,2025-05-26 14:44:00,2025-05-26 14:50:30,2025-05-26 14:40:40,40,0.404751579737301,257.61821538463,894.583411632287,0.872967724389812,0.460130906998632,0.68401728326261,1.29268638670864e-18,1.51103939314749e-06,4.79044128153234e-11,0.00020628438955446,0.372820653583519,0.812341861493797,2.0091,432.3003,358.4019,2.010416,433.1538,363.7309,2.008645,431.3491,357.3429,"No issues","No issues","No issues","No issues"
1519,180,2025-05-26,2025-05-26 14:56:20,2025-05-26 15:02:50,2025-05-26 14:53:00,40,-0.159987512195179,-1791.87740037527,-331.719831894932,0.397510545566028,0.951856723434917,0.350173117003051,1.29827989508897e-05,1.22330662087863e-26,5.77968281995015e-05,0.000263151802499254,0.538406370285698,0.603738315880573,2.011852,430.0009,362.0734,2.011852,430.0009,362.4509,2.010326,421.2779,359.184,"No issues","No issues","No issues","No issues"
1520,190,2025-05-26,2025-05-26 15:08:40,2025-05-26 15:15:10,2025-05-26 15:05:20,40,0.262949403377166,-1560.06384990622,-565.54230393997,0.598924212026527,0.945562385902624,0.548007149285859,4.72938564836114e-09,1.26708543373123e-25,4.772464942591e-08,0.000287487749889859,0.500111322626084,0.686210933941713,2.009834,429.5519,358.4635,2.01144,430.8847,359.7154,2.009381,423.1613,355.496,"No issues","No issues","No issues","No issues"
1521,200,2025-05-26,2025-05-26 15:21:00,2025-05-26 15:27:30,2025-05-26 15:17:40,40,-0.133486378986945,-75.5623114446534,-244.4114161351,0.322534983321397,0.0356570661083076,0.305346421710909,0.000132210910960766,0.243236601331883,0.000217959082985122,0.000258471011421658,0.525010572329996,0.492525901790597,2.010197,434.3414,354.9699,2.010332,435.9059,355.8148,2.009197,433.9144,353.041,"No issues","No issues","No issues","No issues"
1522,210,2025-05-26,2025-05-26 15:33:20,2025-05-26 15:39:50,2025-05-26 15:30:00,40,0.077995046904224,1.75385515948482,-231.281939212011,0.0931323172451676,2.06014150819786e-05,0.296399843600634,0.0555107916845597,0.977824683103706,0.000281559535970862,0.0003251686353014,0.516250625956512,0.476086169290232,2.008371,435.0824,353.0214,2.008587,436.0674,353.0214,2.007182,433.4762,350.5423,"No issues","No issues","No issues","No issues"
1523,220,2025-05-26,2025-05-26 15:45:40,2025-05-26 15:52:10,2025-05-26 15:42:20,40,0.296732938086298,-1657.45901988743,28.9107692307703,0.658648031829272,0.942226304900358,0.00591012612376411,2.1146876995034e-10,3.92937243726093e-25,0.63728658455784,0.00028540404862391,0.548340250408582,0.500949519067388,2.007583,431.7369,351.1544,2.009045,431.7369,351.9568,2.007432,423.4701,349.7391,"No issues","No issues","No issues","No issues"
1524,230,2025-05-26,2025-05-26 15:58:00,2025-05-26 16:04:30,2025-05-26 15:54:40,40,0.538718589118209,141.799501688534,70.309175234532,0.861907149070996,0.119838378532798,0.034026284462858,6.35316984161879e-18,0.0286592071104547,0.254512124442285,0.00028809597076333,0.513425958753245,0.500503662978955,2.010868,434.7313,350.3895,2.012679,436.1852,352.0064,2.010043,434.0362,350.039,"No issues","No issues","No issues","No issues"
1525,240,2025-05-26,2025-05-26 16:10:20,2025-05-26 16:16:50,2025-05-26 16:07:00,40,0.100229673545895,-167.000501313333,-124.425726078794,0.0792687571717278,0.179390863237365,0.0894622113280754,0.0784089957094267,0.00646338139003663,0.0608092910685005,0.000456385247699271,0.4772057362089,0.530345908658821,2.011984,434.6404,349.8671,2.013148,435.841,352.0616,2.011585,433.4612,349.856,"No issues","No issues","No issues","No issues"
1526,10,2025-05-26,2025-05-26 16:22:40,2025-05-26 16:29:10,2025-05-26 16:19:20,40,0.0603154671668824,-1609.81266191367,-83.5881906191269,0.0563769892354415,0.940592057547673,0.0507615557353867,0.140141564038268,6.68118093261088e-25,0.162171653745684,0.000329683251095641,0.540526271871588,0.482930893327758,2.010903,432.0093,350.4938,2.012041,432.1112,351.5962,2.010497,424.1696,349.5248,"No issues","No issues","No issues","No issues"
1527,20,2025-05-26,2025-05-26 16:35:00,2025-05-26 16:41:30,2025-05-26 16:31:40,40,0.231286153846267,-1670.98596923076,-314.18849380863,0.408093131398899,0.908377873061799,0.361801335398461,9.16317109034256e-06,2.55256296124941e-21,4.0424776458083e-05,0.00037214873551602,0.709021787688056,0.557510441323488,2.009013,431.683,351.2343,2.010565,432.3132,352.4196,2.008791,424.9183,349.2337,"No issues","No issues","No issues","No issues"
1528,30,2025-05-26,2025-05-26 16:47:20,2025-05-26 16:53:50,2025-05-26 16:44:00,40,-0.455871039399559,732.368141088155,944.47203602253,0.779043848689666,0.603821276959381,0.920538072613392,5.03728791923306e-14,3.73080420219139e-09,1.69535565441208e-22,0.000324364985188352,0.792575562980388,0.370738458652757,2.010628,434.7637,352.6619,2.010628,439.994,357.0173,2.007739,434.2914,352.2038,"No issues","No issues","No issues","No issues"
1529,40,2025-05-26,2025-05-26 16:59:40,2025-05-26 17:06:10,2025-05-26 16:56:20,40,-0.306274221388419,-1985.7562446529,-113.900244652923,0.549353023058179,0.92412774772225,0.0537716848095401,4.50450963349476e-08,7.03096289328352e-23,0.149927477723239,0.000370614820651062,0.760188484011775,0.638360007381511,2.007148,436.0202,358.6663,2.00722,436.0202,360.4012,2.00509,426.1869,357.4075,"No issues","No issues","No issues","No issues"
1530,50,2025-05-26,2025-05-26 17:12:00,2025-05-26 17:18:30,2025-05-26 17:08:40,40,-0.161272165103233,607.549724577832,-152.385609005621,0.336287680164593,0.220501790090583,0.148104257175689,8.7921193126474e-05,0.00223613480069998,0.014204718612552,0.00030270092195816,1.52617099683144,0.488284877656068,2.003985,444.1653,359.143,2.004388,445.6615,359.3212,2.002883,439.9967,357.17,"No issues","No issues","No issues","No issues"
1531,60,2025-05-26,2025-05-26 17:24:20,2025-05-26 17:30:50,2025-05-26 17:21:00,40,0.402625621013094,-1076.72814709195,-52.5361440900441,0.473383943309798,0.763353514640483,0.00952984465151943,9.30255276888512e-07,1.87250610842196e-13,0.548996132501643,0.00056736371931535,0.800964203675906,0.715576133545635,2.001773,448.1782,358.5993,2.003465,448.1782,360.506,2.000458,441.8524,357.1691,"No issues","No issues","No issues","No issues"
1532,70,2025-05-26,2025-05-26 17:36:40,2025-05-26 17:43:10,2025-05-26 17:33:20,40,0.302213583489635,-2179.55582138836,-382.010467542232,0.574622842110891,0.975203278169719,0.389967781118416,1.47399629235505e-08,4.05377171685528e-32,1.65859436127975e-05,0.00034739973800953,0.464341416146155,0.638347486069835,2.001263,441.1259,356.0196,2.002522,441.1259,357.6693,2.000743,431.3947,354.4647,"No issues","No issues","No issues","No issues"
1533,80,2025-05-26,2025-05-26 17:49:00,2025-05-26 17:55:30,2025-05-26 17:45:40,40,0.223896765478345,568.07862213884,-300.503657786137,0.536506031325379,0.21490761956402,0.425009829059318,7.76781601659898e-08,0.00258913229428381,5.18651579759199e-06,0.000278036892052114,1.45065048317655,0.46698222756147,2.003507,440.073,354.9587,2.004506,446.5459,356.0266,2.002891,440.073,353.1949,"No issues","No issues","No issues","No issues"
1534,90,2025-05-26,2025-05-26 18:01:20,2025-05-26 18:07:50,2025-05-26 17:58:00,40,-0.334839714821761,-454.769642026285,-153.838442026255,0.593826106625153,0.332707363262266,0.13055431698807,6.03590257305528e-09,9.78419488132301e-05,0.0219782101051644,0.000369984209540852,0.860475069914146,0.530408345375262,2.004109,453.1062,353.1978,2.004358,454.381,353.2348,2.002512,449.234,350.7717,"No issues","No issues","No issues","No issues"
1535,100,2025-05-26,2025-05-26 18:13:40,2025-05-26 18:20:10,2025-05-26 18:10:20,40,-0.191671834896808,1928.87991894935,-79.8984405253157,0.258056175702498,0.871275334521944,0.0527795417215935,0.000818958432473537,1.66378418874887e-18,0.153847570789092,0.000434216728033694,0.990554178575672,0.452221177379298,2.002578,454.8009,350.7998,2.003955,463.1194,352.0877,2.001693,453.9724,349.825,"No issues","No issues","No issues","No issues"
1536,110,2025-05-26,2025-05-26 18:26:00,2025-05-26 18:32:30,2025-05-26 18:22:40,40,-0.125875722326582,-3243.80151894931,-77.7588652907683,0.353306639743732,0.952422947308807,0.0414005801979617,5.25184679987707e-05,9.76762213937639e-27,0.207928621999532,0.000227528154088463,0.968630146337447,0.499902315055353,2.002186,474.1972,349.9245,2.002593,474.1972,350.5514,2.001474,459.9016,348.4629,"No issues","No issues","No issues","No issues"
1537,120,2025-05-26,2025-05-26 18:38:20,2025-05-26 18:44:50,2025-05-26 18:35:00,40,0.167436878048739,-1066.43309268291,-35.3738296435173,0.300979308784379,0.529093549369027,0.00709785621348234,0.000247060506647841,1.05677527955982e-07,0.60525368493898,0.000340916231798469,1.34417113828264,0.558973953955618,2.000509,475.938,348.7308,2.001359,477.3161,350.5376,1.999804,470.4361,347.6095,"No issues","No issues","No issues","No issues"
1538,130,2025-05-26,2025-05-26 18:50:40,2025-05-26 18:57:10,2025-05-26 18:47:20,40,1.16402521575984,-2682.22129530957,453.928984615379,0.937790892963512,0.852573672461863,0.353888639241151,1.60563316810938e-24,2.21254777574677e-17,5.159020564283e-05,0.000400549535986044,1.49017076003099,0.819460754399464,2.000285,478.807,345.6,2.004938,479.6323,349.403,2.000285,467.1642,345.3223,"No issues","No issues","No issues","No issues"
1539,140,2025-05-26,2025-05-26 19:03:00,2025-05-26 19:09:30,2025-05-26 18:59:40,40,0.179469658536667,934.442341463442,468.986899812422,0.0460394093809159,0.14691579893937,0.410526231104608,0.183662763401754,0.014632222893258,8.45087814636587e-06,0.00109146860446956,3.00838956943833,0.750831291861224,2.000512,474.081,346.1689,2.004135,484.2017,349.9914,2.000227,473.5984,345.7184,"No issues","No issues","No issues","No issues"
1540,150,2025-05-26,2025-05-26 19:15:20,2025-05-26 19:21:50,2025-05-26 19:12:00,40,-1.87506155347095,1098.5257485929,-67.5284893057987,0.873031258040172,0.0302872791761951,0.0320696389145784,1.28041364769293e-18,0.282823943021231,0.26887637275353,0.0009553640764982,8.30465362356363,0.495657773591331,2.010124,476.9473,349.5821,2.011647,508.892,349.899,2.002085,476.9473,347.75,"No issues","No issues","No issues","No issues"
1541,160,2025-05-26,2025-05-26 19:27:40,2025-05-26 19:34:10,2025-05-26 19:24:20,40,-0.108402821763643,1858.41739587245,120.071198499064,0.0537244786642193,0.425481407664851,0.0952647571733397,0.150111505762309,5.10374742076802e-06,0.052650244994858,0.000607831427889462,2.88519305811874,0.494371394603305,2.000903,491.486,348.6393,2.003494,495.5855,350.7479,2.000903,482.9715,348.1177,"No issues","No issues","No issues","No issues"
1542,170,2025-05-26,2025-05-26 19:40:00,2025-05-26 19:46:30,2025-05-26 19:36:40,40,0.0844766679174787,-369.641813133216,157.698074296402,0.444925599254029,0.109195928195303,0.152662815041556,2.60048700860955e-06,0.037290475114854,0.0126757108034724,0.000126063262962402,1.41055112880781,0.496372549513582,2.003384,483.8721,349.8894,2.003684,483.8721,351.597,2.00299,477.1818,349.4245,"No issues","No issues","No issues","No issues"
1543,180,2025-05-26,2025-05-26 19:52:20,2025-05-26 19:58:50,2025-05-26 19:49:00,40,0.138978371482037,3362.19845403376,-176.970299437154,0.275697293968047,0.763369553833559,0.164218123824088,0.000503982350104671,1.87007782969677e-13,0.0094859205511651,0.000300961461325428,2.50098510075808,0.533403896303082,2.005593,476.031,351.819,2.006631,489.3554,351.819,2.005108,473.8532,349.2813,"No issues","No issues","No issues","No issues"
1544,190,2025-05-26,2025-05-26 20:04:40,2025-05-26 20:11:10,2025-05-26 20:01:20,40,0.467723887429552,2763.42538086305,-116.025068667919,0.94318545749921,0.90688820764153,0.11627807010144,2.85740565785211e-25,3.47052747219614e-21,0.0312982423305721,0.000153370073580078,1.18302269021646,0.42734695039339,2.004711,488.6445,350.473,2.007083,502.1995,350.938,2.004711,488.6445,348.9463,"No issues","No issues","No issues","No issues"
1545,200,2025-05-26,2025-05-26 20:17:00,2025-05-26 20:23:30,2025-05-26 20:13:40,40,-0.887078363977451,-3068.76006303941,-60.8961951219605,0.953766574386291,0.858633732780275,0.0211883236471338,5.66383930673121e-27,9.93314803476288e-18,0.370140978864026,0.000260938908102425,1.66361076536335,0.552982383668661,2.010083,504.6977,349.8427,2.010083,504.6977,351.307,2.00589,490.1341,348.4056,"No issues","No issues","No issues","No issues"
1546,210,2025-05-26,2025-05-26 20:29:20,2025-05-26 20:35:50,2025-05-26 20:26:00,40,0.792456585365781,1779.76867542212,-110.557553470908,0.905057259298034,0.85042733525875,0.12348828729758,5.02915338856741e-21,2.91524463046776e-17,0.0261835310541717,0.000342916355352662,0.997219896609764,0.393526754904581,2.007557,488.9634,348.0293,2.01128,495.6818,349.1838,2.007241,488.251,347.0916,"No issues","No issues","No issues","No issues"
1547,220,2025-05-26,2025-05-26 20:41:40,2025-05-26 20:48:10,2025-05-26 20:38:20,40,0.288735669793587,290.475341088153,-65.1083977486006,0.237404170191422,0.0631074891926091,0.028089631814547,0.00142939833775433,0.11790768726925,0.301269301751216,0.000691390402643311,1.49531802894777,0.511678252101151,2.013561,500.4875,347.6561,2.015005,502.9919,348.8147,2.012232,496.4344,346.3875,"No issues","No issues","No issues","No issues"
1548,230,2025-05-26,2025-05-26 20:54:00,2025-05-26 21:00:30,2025-05-26 20:50:40,40,0.329700292682944,537.711210506563,14.5683692307705,0.539523104460584,0.146403132230259,0.00143925600162494,6.84377477965566e-08,0.0148205143727742,0.816217152385701,0.000406947230690972,1.7346832283983,0.512683128968418,2.011313,489.998,347.6859,2.012629,494.2217,348.5387,2.010283,486.2933,346.2628,"No issues","No issues","No issues","No issues"
1549,240,2025-05-26,2025-05-26 21:06:20,2025-05-26 21:12:50,2025-05-26 21:03:00,40,-0.0379843902439785,2065.93544465287,41.8694724202684,0.00768221378521236,0.503498614729185,0.0153354906413168,0.590718593333346,2.95486348512782e-07,0.446470122810844,0.000576776050639525,2.74092849207599,0.44824211604556,2.013502,496.4133,347.5372,2.015726,507.8208,348.7576,2.013502,496.0737,346.7055,"No issues","No issues","No issues","No issues"
1550,10,2025-05-26,2025-05-26 21:18:40,2025-05-26 21:25:10,2025-05-26 21:15:20,40,0.22486288930587,1304.00196923076,120.178671669756,0.369016813338668,0.762287248328394,0.172834722029385,3.22870366271876e-05,2.04081462985178e-13,0.00763229750728472,0.000392847025821027,0.972892881682707,0.351259368273928,2.012646,483.5396,347.1505,2.014788,487.8249,347.9046,2.011803,480.7128,346.2247,"No issues","No issues","No issues","No issues"
1551,20,2025-05-26,2025-05-26 21:31:00,2025-05-26 21:37:30,2025-05-26 21:27:40,40,-6.83210269418402,545.033245778584,245.184153095679,0.9096927612768,0.0502888619898952,0.469791006758485,1.93821132743856e-21,0.164192237057973,1.06220330005555e-06,0.00287599524866311,3.16448267374103,0.34800337756433,2.056651,500.5661,346.9663,2.056651,517.8498,348.1031,2.019789,500.5661,345.8101,"No issues","No issues","No issues","No issues"
1552,30,2025-05-26,2025-05-26 21:43:20,2025-05-26 21:49:50,2025-05-26 21:40:00,40,-0.0245121500938708,-1857.34063789869,114.301040150085,0.00253136373756262,0.62962133346012,0.106178150527114,0.75784627703177,1.01799631646461e-09,0.0401809220048796,0.000650090202524953,1.90324497527248,0.443075722317605,2.014588,495.317,347.1478,2.015126,495.5605,348.8258,2.012508,484.5788,346.9338,"No issues","No issues","No issues","No issues"
1553,40,2025-05-26,2025-05-26 21:55:40,2025-05-26 22:02:10,2025-05-26 21:52:20,40,5.48933322326449,7810.07085928703,23.5237373358331,0.643788997754748,0.767103764301145,0.00705944995294377,4.80215562425719e-10,1.3791515082364e-13,0.606235069989246,0.00545533406965522,5.74948596460292,0.372736891861564,2.018644,500.0541,348.2775,2.05145,532.6704,349.2557,2.017617,500.0541,347.4826,"No issues","No issues","No issues","No issues"
1554,50,2025-05-26,2025-05-26 22:08:00,2025-05-26 22:14:30,2025-05-26 22:04:40,40,-1.03734060788008,-3902.3517208255,-11.8022724202738,0.846806731602676,0.845655732939545,0.00207414467721701,4.60160733372784e-17,5.30827501316055e-17,0.780207283749239,0.00058947981110037,2.22738211962804,0.345871769261384,2.021827,508.8011,348.7897,2.021827,509.6095,349.3233,2.016933,494.9157,348.0336,"No issues","No issues","No issues","No issues"
1555,60,2025-05-26,2025-05-26 22:20:20,2025-05-26 22:26:50,2025-05-26 22:17:00,40,-0.0204466491556532,7.18457335833725,103.910508067558,0.00624398570157017,3.26432333353393e-05,0.0876785795825195,0.627909696812883,0.972088285215695,0.0635677199964272,0.000344628306915359,1.68003054071182,0.447823126642149,2.016417,493.3928,348.4791,2.017677,500.9315,350.8022,2.016417,493.3928,348.4791,"No issues","No issues","No issues","No issues"
1556,70,2025-05-26,2025-05-26 22:32:40,2025-05-26 22:39:10,2025-05-26 22:29:20,40,-0.404117763602352,-1373.17222063789,99.6185515947574,0.907375264276515,0.90285201957064,0.0680152323016589,3.14057272222219e-21,7.78868100150095e-21,0.104079223749131,0.000172503467900403,0.601801792272905,0.492675996522318,2.017606,504.2373,347.9283,2.017606,504.7261,349.7276,2.015564,497.9377,347.8011,"No issues","No issues","No issues","No issues"
1557,80,2025-05-26,2025-05-26 22:45:00,2025-05-26 22:51:30,2025-05-26 22:41:40,40,0.411901058161399,10.3382544090147,93.7341118199104,0.888229093823964,3.60076806165829e-05,0.0602191236355218,1.12672858154384e-19,0.970685753049282,0.126947710730172,0.000195215664247371,2.30176874520757,0.494724731088371,2.016596,503.0823,349.4481,2.018565,511.4707,350.6702,2.016596,503.0823,348.3592,"No issues","No issues","No issues","No issues"
1558,90,2025-05-26,2025-05-26 22:57:20,2025-05-26 22:59:50,2025-05-26 22:54:00,16,0.380312470588118,5009.08828235301,22.0879058823985,0.75266708850946,0.921309206015098,0.000926325473607658,1.34044244471964e-05,4.05601949752571e-09,0.910909180074527,0.00011631769376299,0.781058690451688,0.387023398296588,2.017876,505.183,348.8459,2.018491,512.6155,349.267,2.017735,504.7398,347.9824,"No issues","No issues","No issues","No issues"
1558,90,2025-05-27,2025-05-26 23:00:00,2025-05-26 23:03:50,2025-05-26 22:54:00,24,1.47521238260835,-1266.64841739131,103.09285565216,0.399894165678431,0.495210454010392,0.0494316685506727,0.000914694448760699,0.000124649704869279,0.296393942176586,0.00144785642099464,1.02458009814587,0.362198929310485,2.018495,512.2581,349.3498,2.024496,513.1229,349.5475,2.0184,507.7355,348.0627,"No issues","No issues","No issues","No issues"
1559,100,2025-05-27,2025-05-26 23:09:40,2025-05-26 23:16:10,2025-05-26 23:06:20,40,0.273788307692317,1940.20545140713,135.312207129447,0.605718919607186,0.670469167403701,0.202458238218647,3.40059189936744e-09,1.07358748097657e-10,0.00357855523003107,0.00029512239263501,1.81729825356351,0.358811070860493,2.019145,512.0157,347.3814,2.021191,521.0472,349.6264,2.019145,510.761,347.3814,"No issues","No issues","No issues","No issues"
1560,110,2025-05-27,2025-05-26 23:22:00,2025-05-26 23:28:30,2025-05-26 23:18:40,40,0.0291490581612426,223.526607129446,-15.2986356472965,0.0334344585377192,0.0321549189117172,0.00312127534838704,0.258757421621554,0.26823026274719,0.732045560095514,0.000209393357267064,1.63843156674978,0.365281510877843,2.021041,517.2094,348.4883,2.021373,520.2766,349.6107,2.020475,512.8317,347.9357,"No issues","No issues","No issues","No issues"
1561,120,2025-05-27,2025-05-26 23:34:20,2025-05-26 23:40:50,2025-05-26 23:31:00,40,-0.0842562101313963,914.530464540348,-54.9340277673622,0.0335987867671356,0.513836549729064,0.0319569242256634,0.257570213650529,1.96286371100679e-07,0.269733232935766,0.000603724391407989,1.18849319613817,0.403948652797013,2.022916,510.9601,348.2781,2.024975,516.0888,349.5497,2.021849,509.6161,347.8151,"No issues","No issues","No issues","No issues"
1562,130,2025-05-27,2025-05-26 23:46:40,2025-05-26 23:53:10,2025-05-26 23:43:20,40,2.53160429268286,2598.71909943712,243.216243151956,0.408839082885635,0.706528912489809,0.259483465893331,8.93892722897589e-06,1.15867945506392e-11,0.000787684640397489,0.004067170175296,2.23767441372821,0.548940125235562,2.055012,528.9496,346.7476,2.065771,541.8942,348.7515,2.04491,525.2253,345.9516,"No issues","No issues","No issues","No issues"
1563,140,2025-05-27,2025-05-26 23:59:00,2025-05-27 00:05:30,2025-05-26 23:55:40,40,-0.51964169605998,-4045.48572157597,291.582249906173,0.0200397790902038,0.449511270302262,0.38305558749177,0.383576417466842,2.21102772708974e-06,2.07094384306256e-05,0.00485491484223577,5.981284533181,0.494393857093058,2.04173,561.3292,346.8785,2.054664,566.5786,348.6974,2.033927,538.9813,345.8246,"No issues","No issues","No issues","No issues"
1564,150,2025-05-27,2025-05-27 00:11:20,2025-05-27 00:17:50,2025-05-27 00:08:00,40,-0.836719159474636,989.612307692308,4.64955196997133,0.492934939412853,0.221619387889052,0.000264721356869365,4.4509023661873e-07,0.00217141231642158,0.920625672245589,0.00113380044264643,2.4778618191668,0.381749952344842,2.02946,536.013,347.5388,2.02946,544.9894,348.7527,2.023362,533.1688,346.849,"No issues","No issues","No issues","No issues"
1565,160,2025-05-27,2025-05-27 00:23:40,2025-05-27 00:30:10,2025-05-27 00:20:20,40,-3.92140827016878,-4440.66611031894,69.4638979362316,0.94022124127281,0.802997032790551,0.0540169087339591,7.5210693167035e-25,5.61294537396702e-15,0.14897544614863,0.0013210533114136,2.93864686279706,0.388379089921902,2.048869,551.8441,348.1182,2.048869,552.9136,348.7786,2.030718,530.9509,347.3344,"No issues","No issues","No issues","No issues"
1566,170,2025-05-27,2025-05-27 00:36:00,2025-05-27 00:42:30,2025-05-27 00:32:40,40,0.552885433395915,1648.68034221389,118.493547467163,0.754638762785288,0.564650313597153,0.116277045179621,3.74257162102427e-13,2.30785307485665e-08,0.0312990358794784,0.000421200071314113,1.9341299820871,0.436441100789312,2.027477,529.4468,348.6523,2.030226,537.3439,349.3428,2.027129,527.195,347.4449,"No issues","No issues","No issues","No issues"
1567,180,2025-05-27,2025-05-27 00:48:20,2025-05-27 00:54:50,2025-05-27 00:45:00,40,0.242825335834842,-5631.38171257036,-19.6697786116264,0.875183187162339,0.954263198718898,0.00432392238563748,9.24261693651828e-19,4.6119899676863e-27,0.686852516491361,0.000122518289757377,1.64715185122151,0.398785565120675,2.034256,531.2018,348.6235,2.035134,534.0038,349.6199,2.033889,509.2098,347.9157,"No issues","No issues","No issues","No issues"
1568,190,2025-05-27,2025-05-27 01:00:40,2025-05-27 01:07:10,2025-05-27 00:57:20,40,-0.0292276772983156,114.397733583475,-109.074569606,0.0719146748444272,0.00885370818806567,0.11025871002486,0.0943133629211208,0.563590486523584,0.0363229561183183,0.000140281164471663,1.61712490300323,0.413969927595724,2.037377,497.2905,348.554,2.037726,502.4372,349.438,2.037227,495.7955,347.1495,"No issues","No issues","No issues","No issues"
1569,200,2025-05-27,2025-05-27 01:13:00,2025-05-27 01:19:30,2025-05-27 01:09:40,40,8.5729265290805,6155.92000300188,36.7762491557289,0.738138943615597,0.698035726685772,0.0124900173953155,1.30225340471176e-12,2.00366815071736e-11,0.492355876924977,0.00682205735707856,5.40943354268915,0.436894447295098,2.038659,502.9702,348.5351,2.080247,536.1119,349.5775,2.038524,502.6726,347.2751,"No issues","No issues","No issues","No issues"
1570,210,2025-05-27,2025-05-27 01:25:20,2025-05-27 01:31:50,2025-05-27 01:22:00,40,6.1668932082551,2847.53116097561,42.4988307692402,0.268858845990692,0.5347004452018,0.0140928066039696,0.000609020909438201,8.37628019768829e-08,0.465643515393684,0.0135870365614661,3.54894604969045,0.474915254825894,2.072192,530.2227,347.9224,2.124162,547.7932,349.0783,2.07127,529.8682,346.9993,"No issues","No issues","No issues","No issues"
1571,220,2025-05-27,2025-05-27 01:37:40,2025-05-27 01:44:10,2025-05-27 01:34:20,40,-1.52644403752339,-1034.82665966231,39.3830814258906,0.558438583833158,0.090623986799673,0.0209370241232451,3.03611747755023e-08,0.0590785446435448,0.373024819040399,0.00181346260042363,4.37963220145257,0.35981345281254,2.063893,539.5652,347.961,2.063893,560.7922,349.0832,2.052693,539.5652,347.4122,"No issues","No issues","No issues","No issues"
1572,230,2025-05-27,2025-05-27 01:50:00,2025-05-27 01:56:30,2025-05-27 01:46:40,40,0.3683039099438,-1127.00630093804,-16.0740472795405,0.646160264532145,0.633019480347986,0.00548344050452154,4.22262254514321e-10,8.52330524057711e-10,0.649750802000706,0.000364132441236295,1.14646071758278,0.28921748774928,2.045406,526.5552,348.662,2.046667,526.5552,349.3493,2.044526,519.885,347.8324,"No issues","No issues","No issues","No issues"
1573,240,2025-05-27,2025-05-27 02:02:20,2025-05-27 02:08:50,2025-05-27 01:59:00,40,0.401384735459619,-806.390571106928,72.0383909943615,0.14480822030195,0.0473761526340814,0.0605406570975903,0.0154216472888995,0.177274213068194,0.125905709842084,0.00130321439832592,4.83110122637416,0.379139733258213,2.049027,538.8502,348.1822,2.054411,545.208,349.199,2.049027,528.8047,347.2188,"No issues","No issues","No issues","No issues"
1574,10,2025-05-27,2025-05-27 02:14:40,2025-05-27 02:21:10,2025-05-27 02:11:20,40,-0.508702288930624,338.853586491549,24.9092172607791,0.841807496769039,0.0306451832654207,0.00597378148819017,8.49373851216256e-17,0.279953563989267,0.635474290863287,0.000294625350902668,2.54619832388423,0.429293388879303,2.049305,534.0881,347.6121,2.049305,537.6124,348.903,2.046418,527.7767,347.2017,"No issues","No issues","No issues","No issues"
1575,20,2025-05-27,2025-05-27 02:27:00,2025-05-27 02:33:30,2025-05-27 02:23:40,40,0.815830784240039,-1410.27121350845,-5.55107842402159,0.274133954441256,0.111862947343105,0.00045875012903286,0.000526339817653952,0.0349099003584754,0.895631643659429,0.00177364533293114,5.30908126581599,0.346185991802508,2.045161,523.0934,347.4526,2.051478,535.5895,348.2076,2.045074,518.8539,347.0018,"No issues","No issues","No issues","No issues"
1576,30,2025-05-27,2025-05-27 02:39:20,2025-05-27 02:45:50,2025-05-27 02:36:00,40,-0.260308772983062,-1492.58682776738,53.1796863039537,0.610988593197268,0.50772825306862,0.0240615827666224,2.62294437347154e-09,2.50199899369474e-07,0.339201202155641,0.000277506582000337,1.96356942496545,0.45249600444323,2.046566,530.1278,347.1123,2.04783,530.1278,348.9202,2.045724,518.6798,346.7575,"No issues","No issues","No issues","No issues"
1577,40,2025-05-27,2025-05-27 02:51:40,2025-05-27 02:58:10,2025-05-27 02:48:20,40,2.41193461913683,3744.02631444652,132.45881876174,0.593932107511415,0.851326207299371,0.171858837864122,6.00554955767907e-09,2.59848622405462e-17,0.00782302941311097,0.00266450366195885,2.090393121264,0.388478505707058,2.047899,519.5784,347.1993,2.062083,538.1687,348.5219,2.047301,519.5784,346.6283,"No issues","No issues","No issues","No issues"
1578,50,2025-05-27,2025-05-27 03:04:00,2025-05-27 03:10:30,2025-05-27 03:00:40,40,0.755280270168918,804.669865666029,-47.15794671671,0.114491482759731,0.201812753349121,0.0296839308833927,0.0327124408421499,0.00363877498318198,0.287745195120771,0.00280632385387842,2.13803934200813,0.360222353846243,2.049287,519.8007,347.6915,2.059114,524.4441,348.5087,2.04628,514.691,346.9823,"No issues","No issues","No issues","No issues"
1579,60,2025-05-27,2025-05-27 03:16:20,2025-05-27 03:22:50,2025-05-27 03:13:00,40,-0.204943069418347,1183.47713020638,-14.7329020638043,0.254472741087967,0.0711684111616419,0.00202782352320928,0.000902824652435869,0.0961051669515445,0.78261552986962,0.000468666846268054,5.71221558309732,0.436668944712204,2.049904,520.7201,347.3105,2.050695,540.4006,348.3759,2.048252,520.7201,346.3469,"No issues","No issues","No issues","No issues"
1580,70,2025-05-27,2025-05-27 03:28:40,2025-05-27 03:35:10,2025-05-27 03:25:20,40,0.337972322701788,-1115.08083151968,114.373337335846,0.843604148843921,0.666302269553659,0.127519758246359,6.82983281677075e-17,1.36704292654341e-10,0.0236952450189644,0.000194421488281273,1.05430725932455,0.399699605913128,2.047163,518.088,347.5242,2.048592,519.2725,348.026,2.04681,511.1272,346.0953,"No issues","No issues","No issues","No issues"
1581,80,2025-05-27,2025-05-27 03:41:00,2025-05-27 03:47:30,2025-05-27 03:37:40,40,-0.337237193245814,-168.020199624799,-7.71448255159663,0.84540925452261,0.035741550289387,0.000801307956348621,5.47242521651269e-17,0.24266877531441,0.862345565387117,0.000192669770195191,1.16598079266521,0.363959339677628,2.048491,507.7211,347.6434,2.048499,509.7528,348.1091,2.04693,505.2088,346.5203,"No issues","No issues","No issues","No issues"
1582,90,2025-05-27,2025-05-27 03:53:20,2025-05-27 03:59:50,2025-05-27 03:50:00,40,-0.138648495309671,-908.851569230759,-34.5029403377011,0.282869991127322,0.403382140443765,0.0133290776696342,0.000412570188467308,1.07081494576857e-05,0.47807393965775,0.000294944659451149,1.4767351746899,0.396608565166416,2.048543,512.2377,347.5922,2.049395,516.6819,347.7845,2.04795,509.8555,346.1214,"No issues","No issues","No issues","No issues"
1583,100,2025-05-27,2025-05-27 04:05:40,2025-05-27 04:12:10,2025-05-27 04:02:20,40,-0.0385639024391288,1954.32050431519,64.6352240150292,0.00197738863982265,0.724612917338217,0.0465642962201141,0.785271459816212,3.42001897053203e-12,0.181124049006308,0.0011575107015255,1.60966092570712,0.390758387342879,2.05024,514.0079,347.8645,2.054195,523.4207,348.1556,2.050065,513.4172,346.6098,"No issues","No issues","No issues","No issues"
1584,110,2025-05-27,2025-05-27 04:18:00,2025-05-27 04:24:30,2025-05-27 04:14:40,40,-1.23505233771124,-1796.6117313321,83.6548953095555,0.961598183054611,0.366011491600809,0.0770610555950202,1.65937936966307e-28,3.54657555175295e-05,0.0828676350800599,0.000329749615587214,3.1591295071761,0.386794451422637,2.051817,527.8291,347.195,2.052244,527.8291,348.0558,2.046471,511.9686,346.3647,"No issues","No issues","No issues","No issues"
1585,120,2025-05-27,2025-05-27 04:30:20,2025-05-27 04:36:50,2025-05-27 04:27:00,40,0.611974604127507,673.501535459654,-17.4777636022679,0.936131836133341,0.323756111988668,0.00380092338388111,2.6496546778625e-24,0.000127544929707335,0.705493992078004,0.000213563472776421,1.30047241634215,0.378036938125906,2.043516,514.0723,347.1262,2.046728,515.8967,348.2058,2.043478,510.5221,346.6765,"No issues","No issues","No issues","No issues"
1586,130,2025-05-27,2025-05-27 04:42:40,2025-05-27 04:49:10,2025-05-27 04:39:20,40,0.286494619137015,1779.03224915574,221.499773358341,0.88736526480966,0.861755255304913,0.40561482392871,1.30480829012543e-19,6.48780553511921e-18,9.94731460162162e-06,0.000136370770665646,0.951997991779529,0.358236825699166,2.050334,518.365,347.089,2.051689,524.6952,348.326,2.050334,517.4782,346.4068,"No issues","No issues","No issues","No issues"
1587,140,2025-05-27,2025-05-27 04:55:00,2025-05-27 05:01:30,2025-05-27 04:51:40,40,0.168261163227054,145.500031519698,182.464399249566,0.0327003795103097,0.0120645991041434,0.251139783026711,0.264141787010104,0.499866264004001,0.000988195704319454,0.00122266608463507,1.75910101857865,0.42095980570508,2.049909,521.7572,347.2523,2.052273,522.8065,348.8069,2.047225,516.9921,346.662,"No issues","No issues","No issues","No issues"
1588,150,2025-05-27,2025-05-27 05:07:20,2025-05-27 05:13:50,2025-05-27 05:04:00,40,0.896626941838629,1022.68267767355,-11.9877973733546,0.0858503376705639,0.483252203176427,0.00187213816099778,0.0665280503087129,6.43347036390103e-07,0.790933356981939,0.00390903265582641,1.41290564977476,0.369814045292013,2.050112,519.041,347.5977,2.064139,524.7329,348.7195,2.049956,517.3974,346.6964,"No issues","No issues","No issues","No issues"
1589,160,2025-05-27,2025-05-27 05:19:40,2025-05-27 05:26:10,2025-05-27 05:16:20,40,-0.30652466791755,808.987677298325,82.9861463414593,0.596777001195559,0.344249435975643,0.0686457624280238,5.24302836224251e-09,6.91903379068752e-05,0.102430821871572,0.000336629293539443,1.49174465517074,0.408390889258395,2.043821,505.9038,347.2831,2.043821,508.2249,348.7655,2.041757,501.3372,346.7757,"No issues","No issues","No issues","No issues"
1590,170,2025-05-27,2025-05-27 05:32:00,2025-05-27 05:38:30,2025-05-27 05:28:40,40,0.490327294559118,422.241744090034,133.038574108795,0.841436229439831,0.466338484599048,0.199736080317407,8.88244172079788e-17,1.20563198007818e-06,0.00383924771487241,0.000284378863542958,0.603480646790048,0.355783501446793,2.040654,502.9813,348.994,2.04248,505.1078,349.5758,2.040433,501.9536,347.5598,"No issues","No issues","No issues","No issues"
1591,180,2025-05-27,2025-05-27 05:44:20,2025-05-27 05:50:50,2025-05-27 05:41:00,40,5.91733661538461,577.254772232681,-15.1708187617138,0.823644049983115,0.148729191893292,0.00296189242645222,6.76764770872774e-16,0.0139848664825163,0.738729981415573,0.00365823345776869,1.84511381083156,0.371877690086252,2.061158,508.6088,348.6218,2.089176,512.4995,349.3625,2.05958,503.6023,347.8839,"No issues","No issues","No issues","No issues"
1592,190,2025-05-27,2025-05-27 05:56:40,2025-05-27 06:03:10,2025-05-27 05:53:20,40,-4.79794113320829,-1081.60691031894,-79.2689200750379,0.675342848549239,0.223307659711589,0.0754186287006827,8.06166594004394e-11,0.00207705749222036,0.0863545585232998,0.00444452256888185,2.69502017503155,0.370813948052877,2.100866,527.6992,348.6801,2.101686,534.4901,349.2883,2.073362,522.3348,347.5819,"No issues","No issues","No issues","No issues"
1593,200,2025-05-27,2025-05-27 06:09:00,2025-05-27 06:15:30,2025-05-27 06:05:40,40,-4.04668583864915,-1821.39799474669,-137.750210881776,0.966685708939221,0.929563781201618,0.161289666599438,1.11213182584553e-29,1.70748690622081e-23,0.0102108024541692,0.001003672430235,0.669858604664806,0.419676705074951,2.069237,513.6102,347.8446,2.072484,514.9934,348.2809,2.053366,506.3362,346.5093,"No issues","No issues","No issues","No issues"
1594,210,2025-05-27,2025-05-27 06:21:20,2025-05-27 06:27:50,2025-05-27 06:18:00,40,7.05100998123823,1134.7959174484,26.2040825515811,0.794885001006562,0.771314376082008,0.0103634218736933,1.21403151966715e-14,9.72634090544713e-14,0.531934131345376,0.00478539459075441,0.825546138020813,0.342117355140852,2.055916,503.4975,346.597,2.083307,509.2244,347.6718,2.052981,503.2005,346.1838,"No issues","No issues","No issues","No issues"
1595,220,2025-05-27,2025-05-27 06:33:40,2025-05-27 06:40:10,2025-05-27 06:30:20,40,2.05703000375222,631.378131332087,21.8275091932338,0.775858843600943,0.305388370888881,0.00597671524899693,6.62408231422798e-14,0.000217696146964658,0.635391049095768,0.00147716816499312,1.27219644938311,0.376089356205489,2.055254,498.9124,346.6909,2.062899,500.3607,347.7352,2.053974,494.7984,345.815,"No issues","No issues","No issues","No issues"
1596,230,2025-05-27,2025-05-27 06:46:00,2025-05-27 06:52:30,2025-05-27 06:42:40,40,-0.0371390318949911,632.097861163204,25.0088285178482,0.0203924730988954,0.69230272852865,0.0073681002314044,0.379380314175945,2.8753291665317e-11,0.598441015238807,0.000343907425333958,0.563012436397459,0.387819432375582,2.06365,502.7445,346.5342,2.064552,506.8864,347.8232,2.062852,502.7445,346.159,"No issues","No issues","No issues","No issues"
1597,240,2025-05-27,2025-05-27 06:58:20,2025-05-27 07:04:50,2025-05-27 06:55:00,40,0.157182348968211,-1280.41282401504,228.432360225118,0.214727498257299,0.78829537354808,0.396999534759099,0.00260134877119026,2.22255493306083e-14,1.3201197275522e-05,0.000401596578274219,0.886524142517465,0.376132896258243,2.062877,500.8648,347.0661,2.064531,502.5244,348.4523,2.062787,495.3763,346.4553,"No issues","No issues","No issues","No issues"
1598,10,2025-05-27,2025-05-27 07:10:40,2025-05-27 07:17:10,2025-05-27 07:07:20,40,-0.141107572232572,-2267.36561651032,-217.517187242025,0.62689572233255,0.975921984203874,0.241690786430969,1.17251684417701e-09,2.31744567281092e-32,0.00127456131981832,0.000145441266312259,0.475821673089351,0.514762100066108,2.061127,494.7871,348.6383,2.061127,494.7871,349.1648,2.060152,483.197,346.8418,"No issues","No issues","No issues","No issues"
1599,20,2025-05-27,2025-05-27 07:23:00,2025-05-27 07:29:30,2025-05-27 07:19:40,40,0.508007684803005,-2076.77426791745,-192.114371482191,0.94674498568311,0.976873909017703,0.279015450165579,8.34287570527448e-26,1.07636069465475e-32,0.000459509546228968,0.000160973317492832,0.426914612561767,0.412599382365145,2.059022,482.2102,349.3988,2.061334,483.1354,349.9821,2.05886,473.3646,347.6628,"No issues","No issues","No issues","No issues"
1600,30,2025-05-27,2025-05-27 07:35:20,2025-05-27 07:41:50,2025-05-27 07:32:00,40,1.92114371482189,-704.979260037552,205.780241651028,0.843307176893596,0.668926124680757,0.280066911042858,7.08167121998887e-17,1.17449371754231e-10,0.000446220497156763,0.00110639798233237,0.662627696223129,0.440797076915436,2.065962,481.2841,349.0967,2.075549,482.4437,350.5168,2.065604,477.6658,348.192,"No issues","No issues","No issues","No issues"
1601,40,2025-05-27,2025-05-27 07:47:40,2025-05-27 07:54:10,2025-05-27 07:44:20,40,0.35909088180106,-1448.71913245778,413.94572307692,0.668920636670755,0.921599109823633,0.44762782044702,1.17486815985811e-10,1.31250267234226e-22,2.36374463758754e-06,0.000337522712268232,0.564538461817881,0.614356743166413,2.082354,470.8236,349.4849,2.084528,471.9285,352.6431,2.082354,464.1939,349.3934,"No issues","No issues","No issues","No issues"
1602,50,2025-05-27,2025-05-27 08:00:00,2025-05-27 08:06:30,2025-05-27 07:56:40,40,-0.72153969230764,-255.214333958725,55.9863084427875,0.834714725616424,0.390965898940706,0.0229561618140745,1.96221275294488e-16,1.60595591112341e-05,0.350681169880469,0.000428971201404739,0.425575183213489,0.487987935652434,2.087276,465.0098,353.0052,2.087663,465.6203,353.6629,2.084173,463.2049,351.4668,"No issues","No issues","No issues","No issues"
1603,60,2025-05-27,2025-05-27 08:12:20,2025-05-27 08:18:50,2025-05-27 08:09:00,40,-1.01751723827393,-95.2675091932153,-39.259073921212,0.941809809471584,0.0275298054433941,0.0164648748706733,4.50492111023715e-25,0.306205971957033,0.430068276737197,0.000337913020787541,0.756486627840198,0.405392432333957,2.082056,465.6914,353.0323,2.082167,466.506,353.994,2.077987,463.2574,352.3327,"No issues","No issues","No issues","No issues"
1604,70,2025-05-27,2025-05-27 08:24:40,2025-05-27 08:31:10,2025-05-27 08:21:20,40,-1.30133070168854,-2749.48677523453,-243.414412007505,0.958916744671523,0.9551091379367,0.197463481080457,5.99058269403862e-28,3.23338156401362e-27,0.00407089412077966,0.000359873208170857,0.796386655293983,0.655624481470969,2.07512,467.8069,353.4408,2.075384,467.8069,354.6251,2.068922,455.4711,351.3038,"No issues","No issues","No issues","No issues"
1605,80,2025-05-27,2025-05-27 08:37:00,2025-05-27 08:43:30,2025-05-27 08:33:40,40,-0.674289590994404,-1323.76746866793,-83.5147587242217,0.948604927645051,0.920966358144993,0.0449582162305612,4.24199817384485e-26,1.52957345763844e-22,0.189018858694538,0.000209693213224971,0.518102496252457,0.51426829146521,2.06444,450.6396,353.2353,2.064675,451.1354,353.4991,2.061689,444.5068,351.1595,"No issues","No issues","No issues","No issues"
1606,90,2025-05-27,2025-05-27 08:49:20,2025-05-27 08:55:50,2025-05-27 08:46:00,40,-0.311164007504815,-1537.58574709197,-120.228517823648,0.826278854592908,0.944867199222909,0.118002642836557,5.07661239744302e-16,1.61311637094061e-25,0.0299909983546351,0.000190621659119438,0.496225242047611,0.439152272449212,2.059676,445.7274,351.899,2.059749,445.7274,352.3598,2.05768,438.1065,350.0255,"No issues","No issues","No issues","No issues"
1607,100,2025-05-27,2025-05-27 09:01:40,2025-05-27 09:08:10,2025-05-27 08:58:20,40,-1.48483181988747,-258.395896435272,-243.802401500948,0.968567518912474,0.167351213978221,0.377568954508523,3.68103002222879e-30,0.00876604276102997,2.46610225875279e-05,0.000357372815198763,0.770055401961373,0.418220512576224,2.054337,444.1127,351.8044,2.054337,445.7392,351.9909,2.048173,441.8685,350.0479,"No issues","No issues","No issues","No issues"
1608,110,2025-05-27,2025-05-27 09:14:00,2025-05-27 09:20:30,2025-05-27 09:10:40,40,-0.36042578611625,-240.387656285187,-128.22384090056,0.936835772275682,0.287377613073483,0.111324378499491,2.14576982019611e-24,0.000363503495068994,0.0353780443091223,0.000125037298881705,0.505749303946606,0.484022044667624,2.043403,439.8434,350.5585,2.043542,441.718,350.5585,2.041793,439.0989,348.6704,"No issues","No issues","No issues","No issues"
1609,120,2025-05-27,2025-05-27 09:26:20,2025-05-27 09:32:50,2025-05-27 09:23:00,40,-0.306378776735466,110.840906566605,114.613571482163,0.837775275508684,0.0378195706573154,0.105085408970183,1.37332263823897e-16,0.229180738756969,0.0412821403826428,0.000180124711077636,0.746947190405467,0.446864132374792,2.040573,440.9045,348.4841,2.040715,441.9858,350.726,2.039222,438.4303,348.4841,"No issues","No issues","No issues","No issues"
1610,130,2025-05-27,2025-05-27 09:38:40,2025-05-27 09:45:10,2025-05-27 09:35:20,40,0.000336360225097775,-1277.750472045,-514.89447804878,5.65083976409933e-06,0.858485913460307,0.372803493716292,0.988385065623699,1.0133183616434e-17,2.866777922076e-05,0.000189045688717334,0.693105214034564,0.892277473864581,2.039048,442.8443,353.2768,2.039509,443.744,353.2768,2.038509,436.8149,348.4895,"No issues","No issues","No issues","No issues"
1611,140,2025-05-27,2025-05-27 09:51:00,2025-05-27 09:57:30,2025-05-27 09:47:40,40,-0.880909598499234,-522.298779737341,30.974886303967,0.805542242448926,0.5737141912999,0.00259152328509395,4.37766757419623e-15,1.53610156617456e-08,0.755073174874555,0.000578255384304204,0.601508153632457,0.811873857096645,2.038553,441.0182,354.2058,2.03878,441.1891,354.2058,2.034472,437.5316,350.6359,"No issues","No issues","No issues","No issues"
1612,150,2025-05-27,2025-05-27 10:03:20,2025-05-27 10:09:50,2025-05-27 10:00:00,40,-0.515730191369666,-5.46856885554241,-75.688183114452,0.731291310187348,0.000160989762312098,0.0314135262348315,2.13595587307767e-12,0.938062345040727,0.273910974250411,0.000417674606234528,0.575783824707637,0.561511689343443,2.027179,433.3456,352.1737,2.027364,434.5864,352.9431,2.024454,432.35,350.0921,"No issues","No issues","No issues","No issues"
1613,160,2025-05-27,2025-05-27 10:15:40,2025-05-27 10:22:10,2025-05-27 10:12:20,40,-0.418127369605964,-919.44302589118,442.869946716689,0.582093136090936,0.761098659337711,0.539347619788871,1.04644616532919e-08,2.24531351070158e-13,6.89452593537597e-08,0.000473338658656355,0.688229848970687,0.546824988922892,2.020925,431.8974,351.6968,2.021375,432.342,355.2306,2.018831,427.3904,351.6968,"No issues","No issues","No issues","No issues"
1614,170,2025-05-27,2025-05-27 10:28:00,2025-05-27 10:34:30,2025-05-27 10:24:40,40,0.172314506566436,41.3013073170819,469.058791744845,0.612178432768661,0.016187164265902,0.417725100374995,2.47241637853062e-09,0.434016707643809,6.63940073072704e-06,0.000183239320676699,0.430184264318295,0.739887849672005,2.021618,434.2762,359.0989,2.023088,435.2401,360.994,2.021618,433.3617,356.7818,"No issues","No issues","No issues","No issues"
1615,180,2025-05-27,2025-05-27 10:40:20,2025-05-27 10:46:50,2025-05-27 10:37:00,40,-0.359727939962353,-1494.25217560976,-475.017554971867,0.781499188723327,0.904077083652324,0.419263046859999,4.06769185094119e-14,6.11602031951354e-21,6.3036180794615e-06,0.000254130211657398,0.650282729229475,0.746923225658231,2.022798,429.8339,360.2608,2.022798,430.219,360.8069,2.021051,422.1395,356.6868,"No issues","No issues","No issues","No issues"
1616,190,2025-05-27,2025-05-27 10:52:40,2025-05-27 10:59:10,2025-05-27 10:49:20,40,0.113825921200778,-1648.19241726079,-364.17178536586,0.37609370449081,0.930654217807261,0.477711849338004,2.58404531611469e-05,1.26874019533168e-23,7.91983599976387e-07,0.000195872150815971,0.601095710461724,0.508742759376773,2.016512,431.1094,356.6167,2.017147,431.2869,356.8458,2.016187,423.1697,354.1061,"No issues","No issues","No issues","No issues"
1617,200,2025-05-27,2025-05-27 11:05:00,2025-05-27 11:11:30,2025-05-27 11:01:40,40,-0.0352067842402761,33.0402191369838,-112.082926829263,0.0770548741494762,0.00605694603575731,0.0919012764991983,0.0828804810208025,0.633124174455789,0.0572335339711778,0.00016279239318416,0.565479264964194,0.470722643835855,2.015096,432.1239,353.6209,2.015137,434.1406,354.5179,2.014432,431.5376,352.2978,"No issues","No issues","No issues","No issues"
1618,210,2025-05-27,2025-05-27 11:17:20,2025-05-27 11:23:50,2025-05-27 11:14:00,40,0.163700442776577,70.299124953092,-313.298233395884,0.491060155027142,0.0271336779617432,0.578454359324417,4.78247570899074e-07,0.309760790091507,1.23739132265462e-08,0.000222656613183849,0.562395759245402,0.357326778908377,2.016286,432.5452,350.6662,2.017212,433.4274,351.4482,2.016047,430.6723,349.4543,"No issues","No issues","No issues","No issues"
1619,220,2025-05-27,2025-05-27 11:29:40,2025-05-27 11:36:10,2025-05-27 11:26:20,40,-0.00723458161345682,-1843.27567429641,-205.970548592865,0.00092119073567912,0.962512399460138,0.232736394125217,0.852512911252613,1.04937702178603e-28,0.00161858683500517,0.000318315934653272,0.486016275972939,0.499649135899376,2.017368,429.1654,350.5386,2.017986,429.2104,351.1367,2.016561,419.7847,348.5127,"No issues","No issues","No issues","No issues"
1620,230,2025-05-27,2025-05-27 11:42:00,2025-05-27 11:48:30,2025-05-27 11:38:40,40,-0.467206784240147,197.969551969984,-94.3877043151818,0.877447466748117,0.097803464148493,0.0490386908739683,6.51928917281562e-19,0.0494387590044896,0.169671405530962,0.000233281119635969,0.803325818910242,0.555325069462309,2.015394,430.0549,349.2554,2.015824,433.7966,350.5486,2.013246,430.0549,348.2873,"No issues","No issues","No issues","No issues"
1621,240,2025-05-27,2025-05-27 11:54:20,2025-05-27 12:00:50,2025-05-27 11:51:00,40,0.116878288930643,-569.012568855529,-81.5788637898803,0.0512581551560213,0.692870181326273,0.0311576065194293,0.160078316227654,2.77517452238096e-11,0.275905789120869,0.000671809674420152,0.506147133951636,0.607773893575366,2.008551,431.6379,349.7023,2.010888,431.6379,350.1499,2.00787,428.2932,347.8077,"No issues","No issues","No issues","No issues"
1622,10,2025-05-27,2025-05-27 12:06:40,2025-05-27 12:13:10,2025-05-27 12:03:20,40,-0.0159604953094561,-1559.58800150094,-199.10653058162,0.00127788065446932,0.92383239103631,0.245996020735848,0.826659833778187,7.57077040744756e-23,0.0011353693630413,0.000596133348873319,0.598299059784923,0.465723496350899,2.008218,426.4618,348.6816,2.009816,426.9014,349.4377,2.007476,419.7429,347.2857,"No issues","No issues","No issues","No issues"
1623,20,2025-05-27,2025-05-27 12:19:00,2025-05-27 12:25:30,2025-05-27 12:15:40,40,0.0156281876172239,-894.237325328324,-154.518862288942,0.00605546539136654,0.742167005010313,0.237760411049106,0.633165843000553,9.67552253017282e-13,0.00141586961754852,0.000267507396418933,0.704191996852404,0.369638626099638,2.008046,424.5808,348.072,2.008368,424.9985,349.0784,2.0071,419.1695,347.0789,"No issues","No issues","No issues","No issues"
1624,30,2025-05-27,2025-05-27 12:31:20,2025-05-27 12:37:50,2025-05-27 12:28:00,40,0.45702601125709,577.540962101311,410.370740712966,0.547494511860184,0.655574875004463,0.639894953183191,4.87845649541366e-08,2.51272377042239e-10,5.92069806242183e-10,0.000555114823950584,0.559292403075035,0.411297922697875,2.008516,427.2146,348.9631,2.010976,430.3572,351.2065,2.00806,426.9311,348.2758,"No issues","No issues","No issues","No issues"
1625,40,2025-05-27,2025-05-27 12:43:40,2025-05-27 12:50:10,2025-05-27 12:40:20,40,-0.193463864915526,-808.583315572228,138.045802626641,0.24198666520672,0.772964416023694,0.132556341014583,0.00126449187196202,8.46760852623867e-14,0.0209134228735641,0.000457469802376916,0.585479720610039,0.471805997294159,2.008105,426.0971,351.8735,2.008372,426.197,352.7132,2.006371,421.1101,350.8814,"No issues","No issues","No issues","No issues"
1626,50,2025-05-27,2025-05-27 12:56:00,2025-05-27 13:02:30,2025-05-27 12:52:40,40,-0.0383782964353682,957.112453283274,-134.593287804876,0.00707818998060519,0.818073085423268,0.0877437029718454,0.605755793031467,1.2258966069357e-15,0.0634647910944524,0.000607298176415308,0.603024917746384,0.579820710884869,2.008343,430.1532,352.0157,2.010151,434.46,352.821,2.00743,429.1216,350.1475,"No issues","No issues","No issues","No issues"
1627,60,2025-05-27,2025-05-27 13:08:20,2025-05-27 13:14:50,2025-05-27 13:05:00,40,-0.54704978611649,-889.913678048765,34.6740382739358,0.276531379078716,0.528450903687328,0.0125185655897688,0.000492429768309096,1.08511848423097e-07,0.491858565889542,0.00118218204440398,1.12312704269316,0.411444703125743,2.007814,433.5243,351.1083,2.011446,435.2535,352.2114,2.005873,429.6132,350.2597,"No issues","No issues","No issues","No issues"
1628,70,2025-05-27,2025-05-27 13:20:40,2025-05-27 13:27:10,2025-05-27 13:17:20,40,1.71327714821759,964.707061913684,-35.6990859286922,0.507067919944515,0.80207637993392,0.0156941769306221,2.56806436895439e-07,6.13616658906328e-15,0.441160518950437,0.00225687737309905,0.640259857066576,0.37772238006178,2.007126,429.0353,349.4537,2.022194,434.885,350.5232,2.007126,429.0353,348.8056,"No issues","No issues","No issues","No issues"
1629,80,2025-05-27,2025-05-27 13:33:00,2025-05-27 13:39:30,2025-05-27 13:29:40,40,0.671132667917381,299.781091181955,-222.489158724199,0.309529136710117,0.138514116173639,0.260169393064001,0.000193184051407248,0.0180370693959339,0.000773066527597848,0.00133921453892528,0.998852055352823,0.501264288618314,2.011109,431.8632,349.3126,2.016137,433.3,350.4616,2.010969,429.157,347.84,"No issues","No issues","No issues","No issues"
1630,90,2025-05-27,2025-05-27 13:45:20,2025-05-27 13:51:50,2025-05-27 13:42:00,40,-0.841595166979387,-35.4490446529276,-201.896456285172,0.949544312864652,0.00240832930877853,0.254060423573013,2.98642092797449e-26,0.763631778700211,0.000912988053066467,0.000259191373556647,0.963924177580434,0.462202061824692,2.018467,431.0626,348.4856,2.018467,433.3125,349.5098,2.014392,428.7097,347.0582,"No issues","No issues","No issues","No issues"
1631,100,2025-05-27,2025-05-27 13:57:40,2025-05-27 14:04:10,2025-05-27 13:54:20,40,0.107204893058175,-1219.29357748594,-47.3673005628482,0.242250490537989,0.70316114255395,0.0222068759244134,0.00125557790656625,1.4423936779841e-11,0.358757095166591,0.000253317371893215,1.05842745492608,0.419931311232919,2.013324,434.893,348.0267,2.014103,435.5551,348.5641,2.012853,429.0157,346.9254,"No issues","No issues","No issues","No issues"
1632,110,2025-05-27,2025-05-27 14:10:00,2025-05-27 14:16:30,2025-05-27 14:06:40,40,-0.113462814258875,-1698.20075347092,107.323875422123,0.0752135950839001,0.890250592316422,0.109236022470725,0.086800426126368,7.95697288443596e-20,0.0372535103581143,0.000531552251653793,0.796624855068711,0.409462936533132,2.015731,438.5753,347.7682,2.015937,438.5753,348.5411,2.01393,428.2904,346.5337,"No issues","No issues","No issues","No issues"
1633,120,2025-05-27,2025-05-27 14:22:20,2025-05-27 14:28:50,2025-05-27 14:19:00,40,-0.489512735459763,-350.818851782393,-68.1891332082609,0.472737862672114,0.193459485396348,0.0449709126888321,9.52770160042301e-07,0.00451239051595398,0.188954952473638,0.000690696031553966,0.957019680940163,0.419833882282844,2.021143,427.446,347.9106,2.021143,430.5301,348.636,2.01753,425.7056,346.797,"No issues","No issues","No issues","No issues"
1634,130,2025-05-27,2025-05-27 14:34:40,2025-05-27 14:41:10,2025-05-27 14:31:20,40,-0.0447115947466474,-468.757364352704,-57.030727204518,0.0258305130779012,0.410214859581607,0.0333004863120618,0.321831238937592,8.53899572250804e-06,0.259730177603012,0.00036685189897415,0.750946831474564,0.410534101218112,2.016689,427.3687,347.5112,2.017076,427.3727,348.6221,2.015538,423.9792,346.7652,"No issues","No issues","No issues","No issues"
1635,140,2025-05-27,2025-05-27 14:47:00,2025-05-27 14:53:30,2025-05-27 14:43:40,40,-0.0436028217634716,497.138386491545,437.451467166995,0.0126986451168727,0.429111031990957,0.508574959243408,0.48874048274026,4.50750354466821e-06,2.41964947116518e-07,0.000513665781155842,0.766104741403465,0.574514373430292,2.017378,429.3291,348.2245,2.018872,432.0183,351.0793,2.017018,428.7109,347.998,"No issues","No issues","No issues","No issues"
1636,150,2025-05-27,2025-05-27 14:59:20,2025-05-27 15:05:50,2025-05-27 14:56:00,40,0.685352195121942,244.154809756096,97.8449200750544,0.205802494419026,0.20691967348723,0.0501963823458126,0.00328168313475765,0.00318793105083408,0.164590787520086,0.00179875749556054,0.638620487029634,0.568641889962892,2.022116,428.358,350.3298,2.025798,429.0588,351.6449,2.018814,426.3845,349.3159,"No issues","No issues","No issues","No issues"
1637,160,2025-05-27,2025-05-27 15:11:40,2025-05-27 15:18:10,2025-05-27 15:08:20,40,1.63562980863028,608.49339737333,223.371151969981,0.626329048213393,0.587126273528628,0.351561577679946,1.20732415289597e-09,8.27965760529617e-09,5.53983399049628e-05,0.00168790607090369,0.681739727165186,0.405303746439373,2.026276,426.7029,350.9093,2.033753,429.6543,352.4003,2.024527,425.1541,350.0938,"No issues","No issues","No issues","No issues"
1638,170,2025-05-27,2025-05-27 15:24:00,2025-05-27 15:30:30,2025-05-27 15:20:40,40,-0.242789673545897,-863.770707692285,498.264828517824,0.1063505443015,0.833012749155202,0.620660343747807,0.040009906054143,2.38614713483686e-16,1.6139473162352e-09,0.000940294328557565,0.51669489628516,0.520435871472749,2.02638,429.6692,352.7137,2.026546,430.508,356.5307,2.022831,425.5538,352.7137,"No issues","No issues","No issues","No issues"
1639,180,2025-05-27,2025-05-27 15:36:20,2025-05-27 15:42:50,2025-05-27 15:33:00,40,-1.37047663789877,625.861742589131,-252.856003001867,0.544035253391421,0.459708729457648,0.228379709496338,5.65437351837668e-08,1.53428554264417e-06,0.00181678226314342,0.00167626861844254,0.906506393297843,0.620963676238845,2.029578,425.2195,354.3003,2.029578,426.9126,355.3959,2.021074,421.4783,352.7003,"No issues","No issues","No issues","No issues"
1640,190,2025-05-27,2025-05-27 15:48:40,2025-05-27 15:55:10,2025-05-27 15:45:20,40,0.71671798874302,1213.69500337711,-245.093052157609,0.229273522123928,0.380945314051792,0.336999671981824,0.00177430232168875,2.21519182906154e-05,8.60664418816941e-05,0.00175566382004639,2.06710539366327,0.459296355240363,2.015389,437.0772,352.5605,2.021725,442.6551,352.9255,2.014794,434.4933,350.3891,"No issues","No issues","No issues","No issues"
1641,200,2025-05-27,2025-05-27 16:01:00,2025-05-27 16:07:30,2025-05-27 15:57:40,40,-1.04765430393993,-1185.4426086304,-97.4427467166914,0.607077345568629,0.686996062157704,0.103602291007071,3.1814631894226e-09,3.99337668364439e-11,0.0428254621187753,0.00112608037362397,1.06905039009195,0.382943826899631,2.024706,435.6877,350.2697,2.026087,435.6877,351.2814,2.018094,427.712,349.5989,"No issues","No issues","No issues","No issues"
1642,210,2025-05-27,2025-05-27 16:13:20,2025-05-27 16:19:50,2025-05-27 16:10:00,40,0.492987377110738,43.4433951219448,71.1362161350832,0.325429444814221,0.00408616621199249,0.0474938785673351,0.000121406193048746,0.695156724465409,0.176723569063158,0.00094828948137325,0.906142484793563,0.425623595236617,2.014266,427.0251,348.569,2.018483,429.9607,349.5614,2.013946,426.2962,347.1828,"No issues","No issues","No issues","No issues"
1643,220,2025-05-27,2025-05-27 16:25:40,2025-05-27 16:32:10,2025-05-27 16:22:20,40,-0.368383339587289,-125.221481425926,-22.6108637898524,0.147379149101166,0.0289886284625366,0.00484628182547175,0.014464067363223,0.293548435626649,0.66949403366233,0.00118380398946322,0.968271229389016,0.432890217923975,2.009055,434.9849,346.6868,2.009055,434.9849,348.438,2.003861,430.3443,346.1371,"No issues","No issues","No issues","No issues"
1644,230,2025-05-27,2025-05-27 16:38:00,2025-05-27 16:44:30,2025-05-27 16:34:40,40,-0.918038093808613,-50.3930836773135,14.0379737336017,0.547278149434995,0.00265980179271549,0.00218418283390991,4.92385893355553e-08,0.751968138046335,0.774599904987606,0.00111555822485188,1.3037305002742,0.400871322713321,2.003501,437.457,346.3231,2.003501,437.457,347.5158,1.996619,431.8312,345.915,"No issues","No issues","No issues","No issues"
1645,240,2025-05-27,2025-05-27 16:50:20,2025-05-27 16:56:50,2025-05-27 16:47:00,40,-0.311772697936285,30.8580923077041,-27.4606919324872,0.299710523870551,0.00188832569147785,0.00496526134278075,0.000256190189605809,0.79005168150778,0.665695392472417,0.000636715981993658,0.947850965690085,0.519373046776642,1.997856,435.828,346.9379,1.998095,438.2686,347.5923,1.995414,434.4162,345.5408,"No issues","No issues","No issues","No issues"
1646,10,2025-05-27,2025-05-27 17:02:40,2025-05-27 17:09:10,2025-05-27 16:59:20,40,-0.26031687804884,-916.125298311446,17.4855444652979,0.352750178023805,0.76094466892883,0.00276895982536605,5.34208986311752e-05,2.27318730455427e-13,0.747093517942322,0.000471112407874864,0.686036811318602,0.443341710970353,1.993028,434.4218,345.2597,1.993434,435.7482,346.9813,1.99123,429.652,345.1394,"No issues","No issues","No issues","No issues"
1647,20,2025-05-27,2025-05-27 17:15:00,2025-05-27 17:21:30,2025-05-27 17:11:40,40,0.572591279549673,460.384426266419,14.6430979362278,0.697827730022135,0.478187055233712,0.00251468705842906,2.03033609728774e-11,7.78053099201462e-07,0.758621356467304,0.000503405304839388,0.642538280901556,0.389640520609782,1.989386,428.5254,346.2733,1.992322,432.4149,346.2907,1.989016,428.5254,344.7007,"No issues","No issues","No issues","No issues"
1648,30,2025-05-27,2025-05-27 17:27:20,2025-05-27 17:33:50,2025-05-27 17:24:00,40,-0.181990333958694,-100.504921575989,158.500313696067,0.833971638624883,0.0760025180457978,0.158373243485466,2.13767863249954e-16,0.085097818028897,0.0109864274358225,0.000108488495955455,0.468196969883173,0.488167490045253,1.987918,428.3492,345.7937,1.987928,429.557,347.6734,1.986875,427.086,345.0258,"No issues","No issues","No issues","No issues"
1649,40,2025-05-27,2025-05-27 17:39:40,2025-05-27 17:46:10,2025-05-27 17:36:20,40,-0.803393560975577,-1161.59977485929,183.091001876176,0.890555564593277,0.569318157462935,0.194229677641279,7.54598822208364e-20,1.8733272703393e-08,0.00442400892815697,0.000376282953989948,1.34982401087787,0.498235543886838,1.991775,437.8428,347.8597,1.991775,438.4095,349.3835,1.988094,431.3573,347.3485,"No issues","No issues","No issues","No issues"
1650,50,2025-05-27,2025-05-27 17:52:00,2025-05-27 17:58:30,2025-05-27 17:48:40,40,-0.0793915497186242,-742.698614634134,46.148622889314,0.0607304851548332,0.662290591792489,0.0222859507655652,0.125294829406158,1.72031692685579e-10,0.357893156044672,0.000417143887369437,0.708565115739762,0.408384223964528,1.988306,439.1682,348.8529,1.98917,440.6413,349.6921,1.987804,435.4866,347.8802,"No issues","No issues","No issues","No issues"
1651,60,2025-05-27,2025-05-27 18:04:20,2025-05-27 18:10:50,2025-05-27 18:01:00,40,-0.02851281050663,2224.20500712942,107.432078048779,0.0348346937375804,0.772750821139242,0.0775938431017551,0.248846781013622,8.62137378424538e-14,0.0817681412902346,0.000200518638469875,1.61148439440842,0.494881601513084,1.98908,439.7086,349.5346,1.989811,453.8246,351.3157,1.988859,439.7086,348.8414,"No issues","No issues","No issues","No issues"
1652,70,2025-05-27,2025-05-27 18:16:40,2025-05-27 18:23:10,2025-05-27 18:13:20,40,-0.442890776735482,-550.413793621046,-57.4838814259025,0.744666576999562,0.209378468831806,0.0270919997310374,8.02797183598803e-13,0.00299063012948175,0.310137833483833,0.000346488963086519,1.42898438882324,0.460236763810085,1.991439,451.6002,348.8938,1.992705,452.0886,350.0734,1.990076,445.4952,348.1082,"No issues","No issues","No issues","No issues"
1653,80,2025-05-27,2025-05-27 18:29:00,2025-05-27 18:35:30,2025-05-27 18:25:40,40,0.789710589118106,484.695408630376,-293.77142814256,0.536880949962357,0.155191499330532,0.412842893121276,7.64685263721012e-08,0.0118984071850054,7.82194672793676e-06,0.000979930225638682,1.51089382170561,0.468073630650785,1.990812,452.7871,349.6027,1.994706,458.6769,349.6394,1.989557,451.9282,347.2694,"No issues","No issues","No issues","No issues"
1654,90,2025-05-27,2025-05-27 18:41:20,2025-05-27 18:47:50,2025-05-27 18:38:00,40,-0.0504402551593964,2557.85343939961,0.173772607878994,0.0137548520620827,0.744434312255661,6.23460766782283e-07,0.471080068564939,8.16905611162595e-13,0.996141860479456,0.000570639222309518,2.00232054847093,0.294033277663109,1.990658,457.3978,347.724,1.991806,467.6269,348.4857,1.989684,454.3918,347.2972,"No issues","No issues","No issues","No issues"
1655,100,2025-05-27,2025-05-27 18:53:40,2025-05-27 19:00:10,2025-05-27 18:50:20,40,-1.01512624390241,-2898.77511444652,3.14152345217084,0.690006737446589,0.644188330750949,8.69002748434313e-05,3.31667477302577e-11,4.69954385995402e-10,0.954474034679336,0.000909053375586145,2.87831325405226,0.450226160885747,1.994959,465.4124,347.3698,1.994959,469.0593,348.0468,1.989175,454.2953,346.2786,"No issues","No issues","No issues","No issues"
1656,110,2025-05-27,2025-05-27 19:06:00,2025-05-27 19:12:30,2025-05-27 19:02:40,40,0.604353410881802,3444.05313320823,-38.6977981238227,0.66726723593141,0.880566022176822,0.0150692424077241,1.29298701100153e-10,3.98822316024212e-19,0.450474437238632,0.000570175730253461,1.69462143716529,0.417987468373405,1.988396,469.5492,346.5579,1.99309,486.016,347.2833,1.988067,469.5492,345.5998,"No issues","No issues","No issues","No issues"
1657,120,2025-05-27,2025-05-27 19:18:20,2025-05-27 19:24:50,2025-05-27 19:15:00,40,-0.78660715947461,-9502.88174409003,-166.274773733577,0.909428001435269,0.907086666440639,0.238902936999792,2.04935534039964e-21,3.33230168091759e-21,0.00137330767684104,0.00033165807504905,4.06340228664354,0.396511246938755,1.99152,503.7762,346.1487,1.99152,503.7762,346.8415,1.987828,463.5734,344.695,"No issues","No issues","No issues","No issues"
1658,130,2025-05-27,2025-05-27 19:30:40,2025-05-27 19:37:10,2025-05-27 19:27:20,40,0.136085673545975,464.562344465298,-65.0046529080752,0.481483806347966,0.147324776523163,0.0296700785102711,6.87634864787244e-07,0.0144837011163954,0.287859417966036,0.00018867857739434,1.49319936811823,0.496666278382843,1.987767,469.0883,344.7028,1.988557,475.4661,346.6918,1.987581,469.0883,344.2996,"No issues","No issues","No issues","No issues"
1659,140,2025-05-27,2025-05-27 19:43:00,2025-05-27 19:49:30,2025-05-27 19:39:40,40,0.781377771106765,-3022.91278649156,316.528507317065,0.621526989680613,0.682183562206753,0.4440769885304,1.54431485621911e-09,5.35384071249769e-11,2.67937771531478e-06,0.00081464496841335,2.75665893355768,0.473163120318519,1.988336,472.0631,344.2815,1.992914,476.5734,347.0645,1.988336,461.4077,344.2815,"No issues","No issues","No issues","No issues"
1660,150,2025-05-27,2025-05-27 19:55:20,2025-05-27 20:01:50,2025-05-27 19:52:00,40,-0.131683001876152,1050.999345591,-43.5773718574123,0.24336027827399,0.670290355569464,0.0135106435863928,0.00121873911083569,1.08484472625918e-10,0.475071381462429,0.00031021965208899,0.984819529210476,0.497495416760921,1.991191,469.1399,346.7365,1.992219,473.0026,347.6222,1.990581,466.4278,345.3145,"No issues","No issues","No issues","No issues"
1661,160,2025-05-27,2025-05-27 20:07:40,2025-05-27 20:14:10,2025-05-27 20:04:20,40,0.142521906191484,644.066368480308,174.578656660421,0.299799469968322,0.20886883960983,0.305721946177144,0.000255539776757447,0.00303052850226808,0.000215616090476762,0.000291002872468247,1.67470341761668,0.351491174303503,1.991074,476.7414,346.2713,1.992354,485.0685,347.8973,1.991074,476.6781,346.0734,"No issues","No issues","No issues","No issues"
1662,170,2025-05-27,2025-05-27 20:20:00,2025-05-27 20:26:30,2025-05-27 20:16:40,40,0.37410551594732,-2128.91456060037,272.504951594766,0.85319973792403,0.735190911031969,0.518588797693293,2.03998188049889e-17,1.61393233529343e-12,1.62184733535505e-07,0.000207325173157853,1.70704306517991,0.350784822931719,1.992745,475.7021,348.2213,1.994428,475.7021,349.6264,1.992745,463.2588,347.4724,"No issues","No issues","No issues","No issues"
1663,180,2025-05-27,2025-05-27 20:32:20,2025-05-27 20:38:50,2025-05-27 20:29:00,40,-0.735878363977393,3016.66661763604,-146.297083677311,0.370538297868958,0.821108155388871,0.201847830721265,3.0783314524642e-05,8.88946688350521e-16,0.00363547741920959,0.0012814273979676,1.8812316298751,0.38867476194136,1.999312,470.8501,349.6054,2.002186,484.8864,349.7151,1.996803,469.252,347.8926,"No issues","No issues","No issues","No issues"
1664,190,2025-05-27,2025-05-27 20:44:40,2025-05-27 20:51:10,2025-05-27 20:41:20,40,0.305255414634098,2428.55600150094,-76.216228142578,0.433267571867805,0.749233054358472,0.0613466855357916,3.90621575039961e-06,5.68137745084457e-13,0.123333592407694,0.000466438276214929,1.87713137842747,0.398312903582875,1.996391,479.3856,348.4276,1.997445,490.3146,349.1314,1.99542,479.3856,347.4633,"No issues","No issues","No issues","No issues"
1665,200,2025-05-27,2025-05-27 20:57:00,2025-05-27 21:03:30,2025-05-27 20:53:40,40,0.22014574108815,4857.28707242026,22.48158799249,0.11730456775281,0.937451562228396,0.0047563527481542,0.0305134595765307,1.78077173302459e-24,0.672401713266418,0.000806822743959956,1.6762834336105,0.434484742185019,1.998657,483.7281,347.7309,2.001909,505.1398,348.5658,1.998657,482.9114,346.6845,"No issues","No issues","No issues","No issues"
1666,210,2025-05-27,2025-05-27 21:09:20,2025-05-27 21:15:50,2025-05-27 21:06:00,40,0.0865150919324993,2236.16832720452,-19.8185876172714,0.0187920127180727,0.749140769647874,0.00490916187494123,0.39895153740087,5.7215642980287e-13,0.667479715920059,0.000835229122071026,1.72885147419477,0.376981688084904,2.003386,493.6117,347.4014,2.00564,502.0934,347.7175,2.002044,492.3763,346.0442,"No issues","No issues","No issues","No issues"
1667,220,2025-05-27,2025-05-27 21:21:40,2025-05-27 21:28:10,2025-05-27 21:18:20,40,0.199592105065657,2334.90415609757,-66.1877493433402,0.0517046036170407,0.841333349387968,0.0306096566860934,0.158221707824645,8.99310108576053e-17,0.280236883430581,0.00114201140094253,1.35471425137449,0.497642651230699,2.012527,494.9965,347.2206,2.01498,505.6782,347.6324,2.009678,494.445,345.5421,"No issues","No issues","No issues","No issues"
1668,230,2025-05-27,2025-05-27 21:34:00,2025-05-27 21:40:30,2025-05-27 21:30:40,40,0.568134303940003,-2238.25027542213,19.395260037513,0.73101246725333,0.770424781367562,0.00227479941090057,2.17885344763609e-12,1.04766172224223e-13,0.770095624942794,0.000460441609068039,1.63239739997093,0.542686965203709,2.005973,517.4993,346.6667,2.008519,517.8278,348.1311,2.005973,507.0105,345.1796,"No issues","No issues","No issues","No issues"
1669,240,2025-05-27,2025-05-27 21:46:20,2025-05-27 21:52:50,2025-05-27 21:43:00,40,0.308364517823588,1588.02892007505,-61.7787557223265,0.516884317498673,0.708318352980469,0.0363184601680675,1.73710605526559e-07,1.03034564679274e-11,0.23883282761302,0.00039830261351741,1.36150292286064,0.425169477839661,2.010786,497.534,346.8824,2.012909,503.0063,347.8011,2.010117,493.6251,345.6649,"No issues","No issues","No issues","No issues"
1670,10,2025-05-27,2025-05-27 21:58:40,2025-05-27 22:05:10,2025-05-27 21:55:20,40,-0.405465636022421,-605.315401125699,-31.092896060044,0.686063541744974,0.197848882993555,0.00850872453656778,4.22826241445601e-11,0.00403067852697687,0.57132298538253,0.000366448227941782,1.62840671724778,0.448428553142709,2.011733,500.5499,346.1305,2.011739,500.5499,347.3602,2.009271,494.1592,345.1891,"No issues","No issues","No issues","No issues"
1671,20,2025-05-27,2025-05-27 22:11:00,2025-05-27 22:17:30,2025-05-27 22:07:40,40,-1.89833849155707,-3634.13459212004,22.684214634161,0.944815502416549,0.930839460605283,0.00372558374476124,1.64214184601155e-25,1.20575722626918e-23,0.708297609653389,0.000612954956730021,1.32346562890569,0.49560529560407,2.007148,499.6505,345.9511,2.007664,500.7598,347.837,1.999639,485.584,345.401,"No issues","No issues","No issues","No issues"
1672,30,2025-05-27,2025-05-27 22:23:20,2025-05-27 22:29:50,2025-05-27 22:20:00,40,-0.189720135084503,4.02189568480053,207.81210056287,0.343998880036589,1.34769291687281e-05,0.245923507110235,6.97166973813088e-05,0.982063597341687,0.00113758773319668,0.00035003145049648,1.46370066162734,0.486181442728737,1.99799,484.4834,345.9847,1.999152,487.0333,347.2026,1.997449,479.4911,345.0709,"No issues","No issues","No issues","No issues"
1673,40,2025-05-27,2025-05-27 22:35:40,2025-05-27 22:42:10,2025-05-27 22:32:20,40,0.00737560975596798,1836.9024990619,55.2371572232706,0.00035842706328959,0.623205390125791,0.0258491131387477,0.90769141127191,1.41748934350501e-09,0.321654772766543,0.000520402715539887,1.90828269364055,0.453045141480917,1.997656,481.9807,346.9187,1.999654,495.0628,347.8353,1.997656,481.9807,345.9843,"No issues","No issues","No issues","No issues"
1674,50,2025-05-27,2025-05-27 22:48:00,2025-05-27 22:54:30,2025-05-27 22:44:40,40,0.238512630394022,2008.54793245778,-9.65297110694845,0.639179587916206,0.743494869958657,0.000593209454906194,6.15139884412862e-10,8.76405424530795e-13,0.881413519319692,0.000239422713581263,1.57619921249954,0.529356180927778,1.995123,486.8606,347.0992,1.996329,500.1582,347.9984,1.994847,486.8606,345.8423,"No issues","No issues","No issues","No issues"
1675,60,2025-05-28,2025-05-27 23:00:20,2025-05-27 23:06:50,2025-05-27 22:57:00,40,0.114938746716706,-901.551660787966,94.8875437148113,0.471617701683006,0.205942861989737,0.0536330103861694,9.93039761111405e-07,0.00326975877352354,0.150468786149029,0.000162541927200425,2.36517341744253,0.53252840178248,1.995239,490.7379,348.088,1.995606,490.7379,348.5635,1.994869,480.0176,345.9062,"No issues","No issues","No issues","No issues"
1676,70,2025-05-28,2025-05-27 23:12:40,2025-05-27 23:19:10,2025-05-27 23:09:20,40,-0.330184165103203,2989.84841425893,-148.573310318949,0.624296408428107,0.847619806170593,0.106986251206825,1.34042062118976e-09,4.15720229328338e-17,0.0393855716565264,0.000342218405268212,1.6936854209093,0.573489873691737,1.996349,480.8669,347.8018,1.996349,494.5166,347.9901,1.994216,480.2064,345.243,"No issues","No issues","No issues","No issues"
1677,80,2025-05-28,2025-05-27 23:25:00,2025-05-27 23:31:30,2025-05-27 23:21:40,40,-0.590607219512252,-4985.2085943715,-136.591996998119,0.903477085364685,0.902619440286461,0.112039480214722,6.88744614286177e-21,8.15169848665497e-21,0.0347578038023399,0.000257914203982446,2.1876961028654,0.513755408166731,1.995502,503.1982,346.9439,1.995502,503.1982,347.7188,1.992339,480.0223,345.5822,"No issues","No issues","No issues","No issues"
1678,90,2025-05-28,2025-05-27 23:37:20,2025-05-27 23:43:50,2025-05-27 23:34:00,40,-0.374339752345262,460.709358348991,0.130329455891004,0.361797563972755,0.0824200246693045,2.55952792905202e-07,4.04295019359401e-05,0.0724696677618854,0.997527967033193,0.000664251011880791,2.05377325506427,0.344177484853821,1.993241,480.5685,346.5927,1.995088,487.4816,347.0224,1.992099,480.0683,345.2952,"No issues","No issues","No issues","No issues"
1679,100,2025-05-28,2025-05-27 23:49:40,2025-05-27 23:56:10,2025-05-27 23:46:20,40,0.0546856885553777,-4097.76712345213,-154.712573358343,0.00957196286437747,0.743493745961013,0.223995675079776,0.548110258594611,8.76479014342878e-13,0.00203975123588358,0.000743197964539588,3.21571431886969,0.384731486574736,1.991596,484.4319,346.6639,1.99447,485.7013,347.1306,1.991371,466.4288,345.0913,"No issues","No issues","No issues","No issues"
1680,110,2025-05-28,2025-05-28 00:02:00,2025-05-28 00:08:30,2025-05-27 23:58:40,40,-0.23817140712938,-259.647075422137,-162.187632270149,0.523438926342824,0.087928117562228,0.204688829982425,1.33232235990199e-07,0.0631742429422328,0.00337779310113023,0.000303623766460423,1.11725922059043,0.427129010254575,1.992385,456.3711,346.1461,1.993189,457.8643,346.6245,1.991515,453.4071,344.8073,"No issues","No issues","No issues","No issues"
1681,120,2025-05-28,2025-05-28 00:14:20,2025-05-28 00:20:50,2025-05-28 00:11:00,40,0.00147106941847427,-128.077706566592,-100.617338836786,3.77873525183528e-05,0.0294366784155779,0.117049668160575,0.969970385009104,0.289792427440559,0.0307064865136733,0.00031972131855837,0.98256421798633,0.369211939576356,1.992179,455.8251,345.8686,1.992235,455.8251,346.0403,1.990819,451.8143,344.4866,"No issues","No issues","No issues","No issues"
1682,130,2025-05-28,2025-05-28 00:26:40,2025-05-28 00:33:10,2025-05-28 00:23:20,40,-1.09793083677304,1202.81054859285,102.489041651037,0.832956713177863,0.507548770181634,0.0674440321332324,2.40148289257073e-16,2.51979427688183e-07,0.105596632328719,0.000656898312729689,1.58292310340473,0.509170211868969,1.999271,454.3609,345.1347,1.999271,461.6522,345.9303,1.992271,454.1591,343.5896,"No issues","No issues","No issues","No issues"
1683,140,2025-05-28,2025-05-28 00:39:00,2025-05-28 00:45:30,2025-05-28 00:35:40,40,-0.340190679174567,-1229.77650731704,121.693022138839,0.878704155162634,0.698729088897156,0.148119191510584,5.35618868191741e-19,1.91714973253159e-11,0.0141994253467326,0.000168866654127489,1.07887280804064,0.389914417248023,1.992514,464.6277,345.2546,1.992547,465.3899,347.1431,1.990776,456.1199,345.2546,"No issues","No issues","No issues","No issues"
1684,150,2025-05-28,2025-05-28 00:51:20,2025-05-28 00:57:50,2025-05-28 00:48:00,40,0.664534333958696,606.671297560971,7.75857410884525,0.774556616093044,0.557986900504076,0.000506560876100508,7.40064503988764e-14,3.09682221570891e-08,0.89035919002758,0.000478993316764136,0.721404560022557,0.460443059347949,1.991202,460.2815,346.9292,1.995053,464.3886,347.4892,1.991202,459.7516,345.5327,"No issues","No issues","No issues","No issues"
1685,160,2025-05-28,2025-05-28 01:03:40,2025-05-28 01:10:10,2025-05-28 01:00:20,40,1.76773832645404,-81.8644863039189,78.139641275779,0.479338152232981,0.0143546458341704,0.0702216221290799,7.45268806551043e-07,0.46149884404558,0.0984298579071755,0.00246147099908115,0.90631570577648,0.379879250034153,1.997174,459.8206,346.327,2.011255,462.4639,347.4251,1.997174,458.4606,346.0048,"No issues","No issues","No issues","No issues"
1686,170,2025-05-28,2025-05-28 01:16:00,2025-05-28 01:22:30,2025-05-28 01:12:40,40,-3.48602845778618,-472.252754971849,127.688987617261,0.863645586680813,0.456940875342018,0.135080685297365,4.98930307261278e-18,1.69533442942902e-06,0.0196432425149823,0.0018506215495061,0.687840778761837,0.431682536841411,2.017345,465.6849,348.1726,2.017345,466.8906,348.9294,1.997545,462.5624,346.6042,"No issues","No issues","No issues","No issues"
1687,180,2025-05-28,2025-05-28 01:28:20,2025-05-28 01:34:50,2025-05-28 01:25:00,40,0.761401215759827,-906.084580863045,-145.80461988744,0.0683788209496465,0.658189788858044,0.15554221174287,0.103125312105897,2.16998305909439e-10,0.0117943566242496,0.00375484751398495,0.872379702561861,0.453895617012492,2.001032,467.5172,348.1492,2.013308,469.2423,348.5382,2.001019,464.2478,346.6019,"No issues","No issues","No issues","No issues"
1688,190,2025-05-28,2025-05-28 01:40:40,2025-05-28 01:47:10,2025-05-28 01:37:20,40,-0.778116292682919,882.173583489684,-116.942399999993,0.157503663082844,0.788520951593667,0.169969562663583,0.0112286463223549,2.17769557658008e-14,0.00820557248486183,0.00240437972220842,0.610380949187913,0.345265591555976,2.015393,462.9304,347.1106,2.015393,466.4911,347.4805,2.005206,461.7665,345.3797,"No issues","No issues","No issues","No issues"
1689,200,2025-05-28,2025-05-28 01:53:00,2025-05-28 01:59:30,2025-05-28 01:49:40,40,2.93266563602246,-235.166535084411,-1.69622814259364,0.598119849232669,0.212541504202552,4.98193297804547e-05,4.91593380600881e-09,0.00275412362069506,0.965521836475758,0.0032117119478966,0.60476597377564,0.321066040399983,2.006181,462.5413,345.275,2.022549,464.0344,346.3151,2.00564,461.4183,345.1498,"No issues","No issues","No issues","No issues"
1690,210,2025-05-28,2025-05-28 02:05:20,2025-05-28 02:11:50,2025-05-28 02:02:00,40,-1.99511216510319,40.5352165103058,-75.3491482176262,0.721518429525597,0.00300915838538968,0.0617137113178809,4.23741784643581e-12,0.736727294404983,0.122181028703251,0.00165600520890011,0.98576960768939,0.392531999229799,2.013493,460.8509,345.0514,2.017952,460.8509,345.4883,2.005067,456.8017,343.6631,"No issues","No issues","No issues","No issues"
1691,220,2025-05-28,2025-05-28 02:17:40,2025-05-28 02:24:10,2025-05-28 02:14:20,40,-1.12788715947465,881.339977485905,40.8458026266465,0.595987621926584,0.655926778471204,0.0228016756064606,5.44484353510016e-09,2.46377774959009e-10,0.352326257223197,0.00124069272132354,0.852827296909418,0.357252499687178,2.007621,461.7645,345.0585,2.00775,465.7447,345.3484,2.000528,459.9398,343.7158,"No issues","No issues","No issues","No issues"
1692,230,2025-05-28,2025-05-28 02:30:00,2025-05-28 02:36:30,2025-05-28 02:26:40,40,0.282171377110787,188.830523076904,-79.9216210131477,0.164861603355953,0.0986771047171914,0.0737646079318431,0.00933351112653546,0.0483800490435276,0.0900204527139028,0.000848500866518691,0.762472289749956,0.378373591137513,2.005573,463.7191,344.2277,2.00737,465.903,345.3311,2.003923,462.7337,343.6603,"No issues","No issues","No issues","No issues"
1693,240,2025-05-28,2025-05-28 02:42:20,2025-05-28 02:48:50,2025-05-28 02:39:00,40,1.44641542964355,-537.33497335837,47.5106791744838,0.906369256004671,0.220318301908992,0.0351457205085691,3.85811326275937e-21,0.00224693744285488,0.246707129433277,0.00062111149461125,1.35051171800709,0.332587362716431,2.013248,463.8631,343.9904,2.018713,467.2709,345.1643,2.012849,461.3474,343.8643,"No issues","No issues","No issues","No issues"
1694,10,2025-05-28,2025-05-28 02:54:40,2025-05-28 03:01:10,2025-05-28 02:51:20,40,0.756212352720485,859.83804878047,42.9202941838902,0.56726304051687,0.712070578740134,0.0257586944669789,2.05407575462808e-08,8.03664289708767e-12,0.322513777699856,0.000882436338784611,0.730496310402454,0.352658131259126,2.022593,461.8795,344.3578,2.028722,466.3043,345.4061,2.022554,461.2343,343.6158,"No issues","No issues","No issues","No issues"
1695,20,2025-05-28,2025-05-28 03:07:00,2025-05-28 03:13:30,2025-05-28 03:03:40,40,-0.379907121951308,624.514680675416,36.2513651031821,0.478326870697239,0.726537832712723,0.020499939835452,7.73999041859378e-07,2.98958221823223e-12,0.378114346702349,0.000530071123391642,0.511896343038283,0.334788222768236,2.020312,461.9576,344.3406,2.020312,465.2776,345.3128,2.016881,461.6162,343.7181,"No issues","No issues","No issues","No issues"
1696,30,2025-05-28,2025-05-28 03:19:20,2025-05-28 03:25:50,2025-05-28 03:16:00,40,0.251732803002045,60.8703399624657,155.033290806732,0.138068773278073,0.0116392647135029,0.184185982935754,0.0182378544177473,0.507568218059734,0.00572071727490323,0.000840326873399795,0.749411861680208,0.435925350548748,2.012679,461.3856,344.9424,2.013862,464.727,346.578,2.010497,461.3856,343.9852,"No issues","No issues","No issues","No issues"
1697,40,2025-05-28,2025-05-28 03:31:40,2025-05-28 03:38:10,2025-05-28 03:28:20,40,1.18405688555355,517.132205628515,85.9243136960659,0.80702122087786,0.430908914048337,0.079388442339872,3.78329175796446e-15,4.23733351246407e-06,0.0781744894900605,0.000773579110904583,0.793998357589572,0.390926858359822,2.017458,460.8758,346.235,2.025992,462.5363,347.538,2.017458,458.7064,345.6926,"No issues","No issues","No issues","No issues"
1698,50,2025-05-28,2025-05-28 03:44:00,2025-05-28 03:50:30,2025-05-28 03:40:40,40,-1.78489756097571,228.128177110696,67.0712015009595,0.953074736178021,0.267604960252252,0.0428910016787017,7.51315974927567e-27,0.000630434494872702,0.199756878792692,0.000529142987729516,0.5042250458829,0.423305155504916,2.018229,460.0902,345.6427,2.018843,461.477,347.5197,2.011561,458.4996,345.6427,"No issues","No issues","No issues","No issues"
1699,60,2025-05-28,2025-05-28 03:56:20,2025-05-28 04:02:50,2025-05-28 03:53:00,40,-1.32804499812382,-773.39420037521,96.3515617260642,0.976064259219804,0.605687295177999,0.103432408154367,2.0705079548892e-32,3.40586005026143e-09,0.0430059060610274,0.000277854150215925,0.833713685454504,0.379002281942641,2.007241,462.4414,347.2644,2.007479,462.4414,348.2036,2.00097,457.5143,346.5314,"No issues","No issues","No issues","No issues"
1700,70,2025-05-28,2025-05-28 04:08:40,2025-05-28 04:15:10,2025-05-28 04:05:20,40,-0.42530035272051,-92.9561065666397,-100.647327579723,0.893340569735775,0.0505991657443141,0.112360647836609,4.61722983180614e-20,0.162862703411939,0.0344827907296322,0.000196339061339067,0.537961155572232,0.377949061130595,1.997129,456.894,346.8307,1.997353,458.0225,347.4191,1.995159,455.7511,345.7676,"No issues","No issues","No issues","No issues"
1701,80,2025-05-28,2025-05-28 04:21:00,2025-05-28 04:27:30,2025-05-28 04:17:40,40,-0.284221148217714,-411.007312570336,-93.3831624765366,0.663529019089503,0.617420266634744,0.0722270261305602,1.60293656050199e-10,1.90160682041084e-09,0.0935737975919684,0.000270408352694274,0.432254929564125,0.447156384205291,1.994301,454.8882,346.4845,1.994657,455.5719,347.1619,1.99271,452.7634,345.028,"No issues","No issues","No issues","No issues"
1702,90,2025-05-28,2025-05-28 04:33:20,2025-05-28 04:39:50,2025-05-28 04:30:00,40,-0.140329485928685,146.407393621011,-114.214964352725,0.596984037802277,0.0805165186409625,0.109296616338521,5.19128458916318e-09,0.0759994416344471,0.0371977157425108,0.000154045339914971,0.66101657119961,0.435618251470499,1.991647,453.5012,345.664,1.991647,454.4765,346.175,1.990628,451.4164,344.1521,"No issues","No issues","No issues","No issues"
1703,100,2025-05-28,2025-05-28 04:45:40,2025-05-28 04:52:10,2025-05-28 04:42:20,40,-0.386771302063895,-333.528072044998,-170.618683677313,0.88819613917708,0.480729812654112,0.217097626282413,1.13307712229424e-19,7.07386720624662e-07,0.00244496135478287,0.000183336133852778,0.463125214126169,0.432885183025082,1.990592,452.8268,344.6601,1.990592,453.5331,345.6125,1.988694,450.9838,343.7747,"No issues","No issues","No issues","No issues"
1704,110,2025-05-28,2025-05-28 04:58:00,2025-05-28 05:04:30,2025-05-28 04:54:40,40,-0.107818446529128,-102.082977861153,-22.2845538461653,0.441639174306493,0.091708206966722,0.00830121669967524,2.91888162815741e-06,0.0575086100209954,0.576073489889312,0.000161970757123703,0.429221818851108,0.325418938902092,1.987561,451.0145,344.6976,1.98775,451.5643,344.9033,1.986927,449.5094,343.6407,"No issues","No issues","No issues","No issues"
1705,120,2025-05-28,2025-05-28 05:10:20,2025-05-28 05:16:50,2025-05-28 05:07:00,40,0.0455366904316271,257.184918574136,11.4727204502672,0.070446129839745,0.245749601369504,0.00100227463881379,0.0978733378762719,0.00114292494756481,0.846233347399208,0.000220998864302539,0.601972604744074,0.483921766575393,1.986802,450.5933,344.5992,1.987626,452.3989,344.8031,1.986645,449.0589,342.7079,"No issues","No issues","No issues","No issues"
1706,130,2025-05-28,2025-05-28 05:22:40,2025-05-28 05:29:10,2025-05-28 05:19:20,40,-0.0382453733584389,54.7656045028325,-87.3940863039489,0.0404370726286025,0.0266165265125803,0.0528116406806709,0.213414623812837,0.314480682665256,0.153719005441983,0.000248911892970308,0.442480408965372,0.494487432890933,1.986798,450.2234,342.9589,1.986798,451.4554,344.304,1.985773,449.6504,342.2259,"No issues","No issues","No issues","No issues"
1707,140,2025-05-28,2025-05-28 05:35:00,2025-05-28 05:41:30,2025-05-28 05:31:40,40,-0.308953756097521,-114.458359474681,187.713482926837,0.891471505909885,0.0729944950771806,0.224434494666646,6.42920083612666e-20,0.0917822414871412,0.00201629573459432,0.000144022883302019,0.5449585684782,0.466208055320509,1.986022,450.4131,343.5611,1.986022,451.4279,344.9082,1.984301,448.5178,342.602,"No issues","No issues","No issues","No issues"
1708,150,2025-05-28,2025-05-28 05:47:20,2025-05-28 05:53:50,2025-05-28 05:44:00,40,-0.253952780487775,-172.48236247657,-66.7067166979348,0.87949991174255,0.179307997274251,0.0402567348277706,4.72452002068792e-19,0.00647700587849689,0.214459787317992,0.00012558813783896,0.493008979226588,0.435158724124035,1.983704,449.5536,344.2799,1.983868,450.5313,345.1159,1.982681,448.3387,343.2466,"No issues","No issues","No issues","No issues"
1709,160,2025-05-28,2025-05-28 05:59:40,2025-05-28 06:06:10,2025-05-28 05:56:20,40,-0.0156978911819162,294.611518198861,97.1581778612022,0.041536410625149,0.35817051775375,0.0921605610308317,0.207168298563422,4.52267117234742e-05,0.0568662223895993,0.000100747553357398,0.526907647977247,0.407409541190288,1.982354,448.6931,344.2886,1.982457,450.3684,345.8098,1.98204,447.6943,344.0208,"No issues","No issues","No issues","No issues"
1710,170,2025-05-28,2025-05-28 06:12:00,2025-05-28 06:18:30,2025-05-28 06:08:40,40,0.152290131332111,109.116796998123,46.7655804878146,0.700294680277241,0.0646237723742274,0.0248471583235002,1.73464613515089e-11,0.113438651454162,0.331340934929084,0.000133106247404203,0.554636551194171,0.391421049946017,1.982724,448.9709,346.2989,1.98347,450.5996,346.618,1.982626,448.4091,344.9805,"No issues","No issues","No issues","No issues"
1711,180,2025-05-28,2025-05-28 06:24:20,2025-05-28 06:30:50,2025-05-28 06:21:00,40,0.0544871144465124,72.0824825515816,-64.6228232645428,0.252058809613849,0.0474074909370848,0.0299176344203613,0.000963910390571164,0.177127446788082,0.285826549469507,0.000125399689305257,0.431697662940841,0.491639166300659,1.983649,450.3087,346.8048,1.984068,451.3088,346.8048,1.9833,449.1737,344.6522,"No issues","No issues","No issues","No issues"
1712,190,2025-05-28,2025-05-28 06:36:40,2025-05-28 06:43:10,2025-05-28 06:33:20,40,0.103970971857356,54.9984630394059,-20.2788742964335,0.609755355204951,0.0139067812756001,0.00469261513155519,2.78812366165646e-09,0.468623717819155,0.674482110018447,0.000111127778921983,0.618751255934305,0.394579805486953,1.9838,450.7264,345.8953,1.984253,451.9149,346.5981,1.98359,449.529,344.7504,"No issues","No issues","No issues","No issues"
1713,200,2025-05-28,2025-05-28 06:49:00,2025-05-28 06:55:30,2025-05-28 06:45:40,40,-0.0363852607878788,-47.7590994371576,-72.7623354596572,0.190087499611737,0.0153824682426117,0.0416423670622096,0.00491991764431087,0.445769220514247,0.206577403502183,0.000100343126892048,0.51050119610908,0.466361398184633,1.984485,452.74,345.4348,1.984783,453.3146,346.3698,1.984346,451.1954,344.3615,"No issues","No issues","No issues","No issues"
1714,210,2025-05-28,2025-05-28 07:01:20,2025-05-28 07:07:50,2025-05-28 06:58:00,40,0.00560222138841133,152.019908442765,-19.3090221388249,0.00267925163183093,0.192396260665889,0.00425901240330816,0.751091645466806,0.00463721714412151,0.689092976225403,0.000144407852231527,0.416122481854613,0.394456290801493,1.98426,453.0046,344.2065,1.984725,453.76,345.8287,1.984001,451.6034,344.1541,"No issues","No issues","No issues","No issues"
1715,220,2025-05-28,2025-05-28 07:13:40,2025-05-28 07:20:10,2025-05-28 07:10:20,40,0.152589208255226,124.049083677312,-34.0100712945447,0.692843277031952,0.075085081383658,0.00951696001323024,2.77984738492571e-11,0.0870811123351494,0.549267662069004,0.000135739484370762,0.581684499864547,0.463555574628691,1.984041,450.8885,344.9742,1.984725,452.7267,345.2463,1.983714,450.2984,343.322,"No issues","No issues","No issues","No issues"
1716,230,2025-05-28,2025-05-28 07:26:00,2025-05-28 07:32:30,2025-05-28 07:22:40,40,0.0112279474672793,-0.759444652889976,-89.352027016874,0.00275566772598476,2.97725201760188e-06,0.0801503398776309,0.747681384406719,0.99156907880529,0.0766985410721333,0.000285369531214774,0.588040921417597,0.404417572075535,1.98533,451.359,344.2657,1.986454,453.6064,345.4181,1.985157,450.9713,343.4144,"No issues","No issues","No issues","No issues"
1717,240,2025-05-28,2025-05-28 07:38:20,2025-05-28 07:44:50,2025-05-28 07:35:00,40,-0.0701898686678558,-465.418887804853,-19.4474566604393,0.124777673844524,0.312375018894705,0.00325150119102718,0.0253607389755445,0.000177893865315985,0.726723636884997,0.00024836194222962,0.922574710671757,0.454918412658524,1.985005,452.0789,343.9759,1.985703,454.4118,345.0981,1.984449,449.4771,343.1377,"No issues","No issues","No issues","No issues"
1718,10,2025-05-28,2025-05-28 07:50:40,2025-05-28 07:57:10,2025-05-28 07:47:20,40,-0.218874056285209,-268.935561726109,-29.6051302063954,0.624979050266938,0.300466832143747,0.00618818761975666,1.29424062604143e-09,0.000250709933970884,0.629455173045206,0.00022652137425086,0.548244124665503,0.501253228398356,1.985964,451.1295,343.7682,1.986041,451.3304,344.2426,1.984666,448.8257,341.924,"No issues","No issues","No issues","No issues"
1719,20,2025-05-28,2025-05-28 08:03:00,2025-05-28 08:09:30,2025-05-28 07:59:40,40,-0.462533403377171,-551.52491707318,50.6970236397771,0.833655075033443,0.622054477894408,0.0286284693475951,2.21685980756619e-16,1.50333921431417e-09,0.296611600833961,0.000276041607075419,0.574361599274119,0.394544460963372,1.985519,450.4862,342.7939,1.985519,451.4257,343.9083,1.983334,447.618,342.0648,"No issues","No issues","No issues","No issues"
1720,30,2025-05-28,2025-05-28 08:15:20,2025-05-28 08:21:50,2025-05-28 08:12:00,40,-0.250227692307702,-365.953278799282,218.558769230723,0.47273203926333,0.420716741833419,0.426870904718808,9.52975434606481e-07,6.0011519700084e-06,4.86712392963818e-06,0.000353072107202772,0.573714861943876,0.33834990088495,1.984088,449.9839,342.959,1.984088,451.0866,344.1986,1.982482,448.0207,342.5363,"No issues","No issues","No issues","No issues"
1721,40,2025-05-28,2025-05-28 08:27:40,2025-05-28 08:34:10,2025-05-28 08:24:20,40,0.00856705440899688,-21.9077493433496,62.5428202626654,0.00299417448163415,0.00353098339794009,0.0504494199295691,0.73736027282034,0.715691375682191,0.1635028204836,0.000208863084344434,0.491701679513517,0.362516927654872,1.982092,446.8343,343.631,1.982871,448.4359,344.6377,1.981832,446.1566,342.6857,"No issues","No issues","No issues","No issues"
1722,50,2025-05-28,2025-05-28 08:40:00,2025-05-28 08:46:30,2025-05-28 08:36:40,40,0.148998664165064,-178.439585741092,24.8874956847985,0.473303289121965,0.0780801209649581,0.00489600647573011,9.33038039390259e-07,0.0807778150936258,0.667899878505843,0.000209996851345543,0.819195246843371,0.474039254978757,1.98295,449.4478,344.7644,1.984079,451.0609,345.5783,1.982802,447.9193,343.4137,"No issues","No issues","No issues","No issues"
1723,60,2025-05-28,2025-05-28 08:52:20,2025-05-28 08:58:50,2025-05-28 08:49:00,40,0.291172052532758,-175.710042776744,66.7564007504608,0.835117673670617,0.201292780715652,0.0576311039267137,1.87286446513044e-16,0.0036879977528308,0.135679536743595,0.000172855327790911,0.467623314799924,0.360657345491184,1.985773,448.6263,344.6202,1.987142,448.7977,346.073,1.985435,446.7805,344.4043,"No issues","No issues","No issues","No issues"
1724,70,2025-05-28,2025-05-28 09:04:40,2025-05-28 09:11:10,2025-05-28 09:01:20,40,0.540062409005635,-39.8567414634323,63.7033846153812,0.902148330429141,0.0108000042266837,0.0305552010876179,8.93673277051998e-21,0.523371601702987,0.280671841712467,0.000237634209285188,0.509626198850884,0.47940365759291,1.989256,448.3909,345.3352,1.991313,449.0822,346.0983,1.989111,446.6656,344.0938,"No issues","No issues","No issues","No issues"
1725,80,2025-05-28,2025-05-28 09:17:00,2025-05-28 09:23:30,2025-05-28 09:13:40,40,0.614963752345279,231.607762851811,-214.445367354607,0.307251351508416,0.128635163030804,0.238373442881477,0.000206320445310354,0.0230492083922047,0.00139287714423993,0.00123370216544948,0.805365724593203,0.512128140257083,1.992415,448.1125,345.7374,1.998173,450.9215,347.0219,1.992375,446.8612,343.7645,"No issues","No issues","No issues","No issues"
1726,90,2025-05-28,2025-05-28 09:29:20,2025-05-28 09:35:50,2025-05-28 09:26:00,40,0.267490671669864,-265.684944090047,-2.66753921200948,0.455383719627401,0.263516570098974,2.7557073916197e-05,1.79288138181887e-06,0.000705393483516652,0.974353994198726,0.000390827457518262,0.593422947357216,0.678903650520045,1.995842,448.519,344.5809,1.997428,449.936,346.0482,1.995467,446.9525,343.1961,"No issues","No issues","No issues","No issues"
1727,100,2025-05-28,2025-05-28 09:41:40,2025-05-28 09:48:10,2025-05-28 09:38:20,40,0.127062303939881,78.4926168855465,19.3235302063508,0.463566923376047,0.0428797953920175,0.00379265569761902,1.33391917518529e-06,0.199816941229979,0.705800106405015,0.000182615714305212,0.495456539094834,0.41841716925792,1.997045,449.9035,345.6659,1.997494,450.0133,345.6659,1.996587,448.1747,343.5916,"No issues","No issues","No issues","No issues"
1728,110,2025-05-28,2025-05-28 09:54:00,2025-05-28 10:00:30,2025-05-28 09:50:40,40,-0.143877073170802,-262.404661913716,35.1903309568473,0.692953473176472,0.227532439724654,0.0137763642737495,2.76075520970889e-11,0.00185795459729765,0.470731028743638,0.000127956254076704,0.645966321942116,0.397798931283423,1.99689,449.7231,344.6318,1.996967,450.7166,345.2034,1.995983,447.5367,343.4564,"No issues","No issues","No issues","No issues"
1729,120,2025-05-28,2025-05-28 10:06:20,2025-05-28 10:12:50,2025-05-28 10:03:00,40,-0.469751774859307,80.6441065666092,-46.8357703564804,0.914993962181279,0.0457013183153793,0.0272228310110212,6.1238530831853e-22,0.185319097031334,0.308956209481607,0.000191295198266788,0.492345869884288,0.374056818128311,1.996715,448.0088,344.6351,1.996718,449.4142,345.2264,1.994423,446.9676,343.6038,"No issues","No issues","No issues","No issues"
1730,130,2025-05-28,2025-05-28 10:18:40,2025-05-28 10:25:10,2025-05-28 10:15:20,40,-0.322348187617362,99.7169470919185,-7.72453283302667,0.845418191279266,0.0548614491337337,0.000640584598797343,5.46639035667809e-17,0.145746712053129,0.876804096766492,0.000184157112648066,0.552971745815448,0.407628647196801,1.992945,447.1835,343.7167,1.992945,447.8989,345.3462,1.991174,445.4505,343.6746,"No issues","No issues","No issues","No issues"
1731,140,2025-05-28,2025-05-28 10:31:00,2025-05-28 10:37:30,2025-05-28 10:27:40,40,-0.322294694183688,-218.349253283272,141.199483677303,0.856950722205988,0.239286315410693,0.175743833694607,1.24493390507105e-17,0.00135930402951493,0.0070902163055536,0.00017592920189843,0.520143601816401,0.408548884890374,1.989311,446.6776,345.3055,1.989462,447.8468,346.1794,1.987707,445.1645,344.2792,"No issues","No issues","No issues","No issues"
1732,150,2025-05-28,2025-05-28 10:43:20,2025-05-28 10:49:50,2025-05-28 10:40:00,40,-0.274782799249499,-292.278150844276,-153.42459737338,0.881955256827741,0.298219348725385,0.131968004458698,3.19089559619681e-19,0.000267333332498495,0.021220926567894,0.000134310343260482,0.599030594410505,0.525712617544287,1.985541,445.5318,346.2148,1.985541,447.611,347.5075,1.984113,443.9545,344.3603,"No issues","No issues","No issues","No issues"
1733,160,2025-05-28,2025-05-28 10:55:40,2025-05-28 11:02:10,2025-05-28 10:52:20,40,-0.0653827542214663,170.947100938093,149.709640525306,0.284443012768935,0.13404805396502,0.147308960564524,0.000394766982211487,0.0201533512962536,0.0144894171182954,0.000138550327254883,0.580494682661307,0.48122801372665,1.983314,443.5042,344.7784,1.983792,445.0614,346.6048,1.983082,442.1881,344.0842,"No issues","No issues","No issues","No issues"
1734,170,2025-05-28,2025-05-28 11:08:00,2025-05-28 11:14:30,2025-05-28 11:04:40,40,-0.034427887429577,-90.6991699812396,141.988917073148,0.154422962569974,0.0674908259411136,0.122075291170021,0.0121295733732519,0.105471451303631,0.0271156657815436,0.000107634349628672,0.450430058077009,0.508732010218293,1.982732,442.9386,346.649,1.9829,443.1108,347.87,1.982417,441.2677,345.2931,"No issues","No issues","No issues","No issues"
1735,180,2025-05-28,2025-05-28 11:20:20,2025-05-28 11:26:50,2025-05-28 11:17:00,40,0.10071921951206,-738.903174484077,-203.460166604151,0.527483704561643,0.860920603140685,0.313902337732751,1.1291414562175e-07,7.2772189746831e-18,0.000170172738597494,0.000127360891233846,0.396786828766879,0.401878670558751,1.982913,441.5895,347.2373,1.983536,442.0563,347.2373,1.982658,438.3721,345.3138,"No issues","No issues","No issues","No issues"
1736,190,2025-05-28,2025-05-28 11:32:40,2025-05-28 11:39:10,2025-05-28 11:29:20,40,0.0367532307691612,-679.946197373387,-72.289161726074,0.121259423748018,0.872931144133273,0.0490831580474018,0.0276688214700608,1.29980305161545e-18,0.169473086142112,0.000132186766182776,0.346596347132034,0.425106823316477,1.983851,441.3297,346.1721,1.984057,441.3297,346.4761,1.983463,437.4612,344.5788,"No issues","No issues","No issues","No issues"
1737,200,2025-05-28,2025-05-28 11:45:00,2025-05-28 11:51:30,2025-05-28 11:41:40,40,0.148589358349022,35.0223939962621,-76.791363602281,0.752292572571978,0.00865278179078413,0.0396287371243018,4.49088056216059e-13,0.568069458628738,0.218145671637986,0.000113915730936062,0.5008419711793,0.505064341643784,1.983623,441.3056,343.3864,1.984423,442.37,345.296,1.983568,440.4012,342.8228,"No issues","No issues","No issues","No issues"
1738,210,2025-05-28,2025-05-28 11:57:20,2025-05-28 12:03:50,2025-05-28 11:54:00,40,0.052062078799461,171.941511444622,-33.7761590994482,0.187872575648895,0.164918735802488,0.0118167132162949,0.00520680884632192,0.0093200953691919,0.504330890431751,0.000144617804800276,0.51692790604277,0.412667752222319,1.984612,440.4587,343.8674,1.985063,442.7812,344.9717,1.984312,440.2062,343.1866,"No issues","No issues","No issues","No issues"
1739,220,2025-05-28,2025-05-28 12:09:40,2025-05-28 12:16:10,2025-05-28 12:06:20,40,-0.0327136660413348,-844.645832645403,76.5585050656493,0.137681075518758,0.889835090115168,0.0928227014075833,0.0184144428563543,8.55114966587756e-20,0.0559390495824536,0.000109382014082205,0.397064799551886,0.319766008641861,1.985172,441.0225,343.536,1.985436,441.0225,344.2994,1.984952,436.6071,342.7524,"No issues","No issues","No issues","No issues"
1740,230,2025-05-28,2025-05-28 12:22:00,2025-05-28 12:28:30,2025-05-28 12:18:40,40,0.132578611632313,-213.542463039389,27.4580172607969,0.700222021659026,0.207145142703039,0.00408637024004852,1.74273804382479e-11,0.00316932682789206,0.695149480732535,0.000115897832476341,0.558166262345089,0.572705061941129,1.985256,442.3229,342.8551,1.986173,443.2848,344.6743,1.985256,440.8821,341.9364,"No issues","No issues","No issues","No issues"
1741,240,2025-05-28,2025-05-28 12:34:20,2025-05-28 12:40:50,2025-05-28 12:31:00,40,-0.00493112195126932,279.872618386493,-36.3058311444743,0.00369283533664945,0.380059573937294,0.01240412837208,0.709526309331218,2.27854929685451e-05,0.493857070769018,0.000108213704555633,0.47756162074042,0.432815451471474,1.986565,440.8456,343.1288,1.986865,443.3174,344.3845,1.986396,440.7847,342.5551,"No issues","No issues","No issues","No issues"
1742,10,2025-05-28,2025-05-28 12:46:40,2025-05-28 12:53:10,2025-05-28 12:43:20,40,0.0503316472795974,-552.38332457789,-21.3475272044855,0.280448260422358,0.641707003541197,0.00436465687504994,0.000441492481593307,5.37250700807527e-10,0.685456422648616,0.000107712386741315,0.551456418479153,0.430767114068595,1.986958,441.8021,343.2219,1.987357,441.8021,344.6378,1.986747,438.2492,342.7193,"No issues","No issues","No issues","No issues"
1743,20,2025-05-28,2025-05-28 12:59:00,2025-05-28 13:05:30,2025-05-28 12:55:40,40,0.111511114446583,-593.59012682928,-64.801702063777,0.44393247895137,0.705061385713101,0.0230907873146796,2.69303699893728e-06,1.27510005058975e-11,0.349255883811947,0.000166741355331664,0.512930929628739,0.563136933381739,1.986298,441.0033,343.6283,1.986904,442.088,345.1044,1.986043,438.4397,342.6013,"No issues","No issues","No issues","No issues"
1744,30,2025-05-28,2025-05-28 13:11:20,2025-05-28 13:17:50,2025-05-28 13:08:00,40,-0.230074446528995,121.434227392132,262.060034521596,0.770770986961126,0.0874431718368563,0.321927082029444,1.01783321307782e-13,0.0639412122239413,0.000134594161359297,0.00016763332727491,0.524116688878355,0.508136162317185,1.987024,444.4274,344.8939,1.987132,445.5439,346.8403,1.985695,443.5042,344.3342,"No issues","No issues","No issues","No issues"
1745,40,2025-05-28,2025-05-28 13:23:40,2025-05-28 13:30:10,2025-05-28 13:20:20,40,-0.36335657786131,-293.97770206378,228.91218011255,0.952699725590214,0.47134312129635,0.28308351097932,8.74148933990011e-27,1.00315517980587e-06,0.000410109216184317,0.000108169968465954,0.415961000577067,0.486704952916195,1.984343,444.2644,346.9136,1.984343,444.5892,348.3842,1.982368,442.2776,345.9873,"No issues","No issues","No issues","No issues"
1746,50,2025-05-28,2025-05-28 13:36:00,2025-05-28 13:42:30,2025-05-28 13:32:40,40,-0.036866701688577,399.84039624765,206.146428517805,0.171133031050871,0.502894558580479,0.217360367195934,0.0079678893892661,3.02557406832985e-07,0.00242819495931534,0.000108400090909549,0.531119596648304,0.522620474929532,1.981194,445.6814,347.1667,1.981311,448.0892,349.4331,1.980821,444.4599,347.0633,"No issues","No issues","No issues","No issues"
1747,60,2025-05-28,2025-05-28 13:48:20,2025-05-28 13:54:50,2025-05-28 13:45:00,40,-0.101748562851946,105.054132833031,345.331479174495,0.555029061987798,0.0775738677701716,0.417498981551569,3.52378153885129e-08,0.0818090897373625,6.69018381599755e-06,0.000121718365498062,0.483995233708977,0.544975112311271,1.980545,446.0499,349.2016,1.980732,447.2696,352.1155,1.979904,445.0934,349.2016,"No issues","No issues","No issues","No issues"
1748,70,2025-05-28,2025-05-28 14:00:40,2025-05-28 14:07:10,2025-05-28 13:57:20,40,0.00589643527204558,-433.402095309582,-372.628772983112,0.00482636398882462,0.562534223709393,0.504355629749155,0.670135289104375,2.53494240948862e-08,2.85723292559398e-07,0.000113122448568264,0.510632484866887,0.493529259166529,1.979342,444.5514,351.7328,1.979767,445.2057,351.7328,1.979176,442.2545,348.7384,"No issues","No issues","No issues","No issues"
1749,80,2025-05-28,2025-05-28 14:13:00,2025-05-28 14:19:30,2025-05-28 14:09:40,40,-0.0421965928706164,-285.833407879931,-158.217122701692,0.225246007789369,0.347539666076527,0.190220090158398,0.00197360311289717,6.26210830132634e-05,0.00490323936750932,0.000104556397745714,0.523248173355294,0.436142748441419,1.979188,444.4098,348.3759,1.979448,444.8501,349.1168,1.978872,441.6938,346.9437,"No issues","No issues","No issues","No issues"
1750,90,2025-05-28,2025-05-28 14:25:20,2025-05-28 14:31:50,2025-05-28 14:22:00,40,-0.0481351744841632,-457.501211257049,-5.73530656659807,0.260768973430208,0.561038329571742,0.000348687607423337,0.000760502423922158,2.70811350403582e-08,0.90894887595153,0.000108279078579011,0.54066611011991,0.410282050475181,1.979291,442.2467,346.8188,1.979291,442.8178,347.5179,1.978696,439.3296,345.5181,"No issues","No issues","No issues","No issues"
1751,100,2025-05-28,2025-05-28 14:37:40,2025-05-28 14:44:10,2025-05-28 14:34:20,40,-0.0302424315197851,55.6232825515727,59.8572878048682,0.0912660105838375,0.0195038682347509,0.0221652088383519,0.0581437103166851,0.390076515591245,0.35921345821001,0.000127497134730323,0.526913160967806,0.531170234078522,1.978615,444.2231,345.7881,1.97885,445.0302,347.528,1.978343,443.0466,345.1331,"No issues","No issues","No issues","No issues"
1752,110,2025-05-28,2025-05-28 14:50:00,2025-05-28 14:56:30,2025-05-28 14:46:40,40,0.0277525553471347,102.3611437148,-49.0352420262694,0.0732053124278576,0.0427684254697719,0.0361185388242645,0.0912964093429401,0.200414967841707,0.240153984823234,0.000131929924056795,0.646996413025254,0.338434724716211,1.978274,443.7475,345.2941,1.978516,443.8165,346.0103,1.977975,441.4028,344.2857,"No issues","No issues","No issues","No issues"
1753,120,2025-05-28,2025-05-28 15:02:20,2025-05-28 15:08:50,2025-05-28 14:59:00,40,0.0600682626641927,315.575918949328,-87.3537230769094,0.289113969293425,0.380923788090245,0.100242466091612,0.000346138232418346,2.21671146853556e-05,0.0465400361869385,0.000125843384379596,0.537497851861981,0.349653726169237,1.978533,442.9035,345.0434,1.978812,445.031,345.3292,1.978142,441.6634,343.8157,"No issues","No issues","No issues","No issues"
1754,130,2025-05-28,2025-05-28 15:14:40,2025-05-28 15:21:10,2025-05-28 15:11:20,40,0.237163947467156,269.061352345191,80.25141613509,0.293461939707498,0.0518773359974619,0.0641633318768826,0.00030607295071422,0.157509731048758,0.114776411460237,0.000491654960918416,1.53679032621476,0.409476654260849,1.980801,441.1643,341.549,1.98268,445.3152,343.5479,1.980347,437.6013,341.549,"No issues","No issues","No issues","No issues"
1755,140,2025-05-28,2025-05-28 15:27:00,2025-05-28 15:33:30,2025-05-28 15:23:40,40,-0.0656161801125513,-790.179061913694,404.254090806767,0.261854853009918,0.409014967008107,0.618481630448859,0.000738245714641244,8.88682106372212e-06,1.80240472168009e-09,0.000147187653331231,1.26900702108811,0.424197997388675,1.980861,446.8214,343.4714,1.981169,446.8214,346.3314,1.980263,439.854,343.4659,"No issues","No issues","No issues","No issues"
1756,150,2025-05-28,2025-05-28 15:39:20,2025-05-28 15:45:50,2025-05-28 15:36:00,40,0.133808960600542,199.251773358368,89.5998799249424,0.654700397362536,0.106100551393263,0.0627686138928564,2.63838131548595e-10,0.0402581403438634,0.11893182758274,0.000129832015952518,0.772694064086473,0.462572102145245,1.979619,440.4609,347.7362,1.980266,441.7763,348.8531,1.979418,437.7239,346.8938,"No issues","No issues","No issues","No issues"
1757,160,2025-05-28,2025-05-28 15:51:40,2025-05-28 15:58:10,2025-05-28 15:48:20,40,0.0800440075047546,-1764.74731407131,133.575291557215,0.336869899786264,0.880385998982195,0.108834639813518,8.64016900067742e-05,4.10439979790017e-19,0.0376252257165647,0.000150043420966789,0.869074167526593,0.510671444122667,1.980159,438.3908,347.4258,1.980713,438.6705,349.395,1.979947,429.9079,347.1584,"No issues","No issues","No issues","No issues"
1758,170,2025-05-28,2025-05-28 16:04:00,2025-05-28 16:10:30,2025-05-28 16:00:40,40,0.0723296060036433,34.9983219512183,459.194683677313,0.416074537768919,0.00691320261951571,0.64731650731969,7.01870396241133e-06,0.610003059679715,3.96473696551955e-10,0.0001144798634357,0.560429579723145,0.452846424610665,1.979131,445.7008,349.4738,1.979665,445.7038,351.8725,1.979073,443.7146,348.1759,"No issues","No issues","No issues","No issues"
1759,180,2025-05-28,2025-05-28 16:16:20,2025-05-28 16:22:50,2025-05-28 16:13:00,40,0.154625200750309,-4206.32102363976,-135.538014258915,0.724483925163431,0.987258570409958,0.119581535776534,3.45087149317972e-12,1.29116258466434e-37,0.0288419380661546,0.000127397010587874,0.638433848072282,0.491352864905431,1.979587,433.8158,351.2758,1.980495,433.8158,352.3334,1.979553,415.0134,349.9339,"No issues","No issues","No issues","No issues"
1760,190,2025-05-28,2025-05-28 16:28:40,2025-05-28 16:35:10,2025-05-28 16:25:20,40,0.389501088180087,-2348.03914446529,-319.837724577888,0.964191048461432,0.971262187725218,0.394247284701828,4.39084387475197e-29,6.69611382132309e-31,1.44390104566118e-05,0.000100286574377946,0.539614747353254,0.529679155899414,1.979771,437.3323,349.7104,1.981546,437.3323,350.4657,1.979771,426.3677,347.9561,"No issues","No issues","No issues","No issues"
1761,200,2025-05-28,2025-05-28 16:41:00,2025-05-28 16:47:30,2025-05-28 16:37:40,40,0.244589808630352,140.301523452185,-108.295915947469,0.770554489022896,0.123668050227628,0.087454139736636,1.03639051434765e-13,0.0260672491914282,0.0639237610975898,0.000178318469860102,0.498985377674971,0.467378907191426,1.979165,445.1467,347.5287,1.980335,446.9214,348.7827,1.978986,444.5989,346.3336,"No issues","No issues","No issues","No issues"
1762,210,2025-05-28,2025-05-28 16:53:20,2025-05-28 16:59:50,2025-05-28 16:50:00,40,0.131871039399546,202.444763977462,-159.940340712949,0.603420279959123,0.251668567762375,0.166492358157378,3.80437505087101e-09,0.000974151595861998,0.00895789227703617,0.000142831696819406,0.466400406128362,0.478118473082871,1.979956,445.3964,345.6803,1.980776,447.8536,346.6904,1.979839,445.0822,344.1783,"No issues","No issues","No issues","No issues"
1763,220,2025-05-28,2025-05-28 17:05:40,2025-05-28 17:12:10,2025-05-28 17:02:20,40,0.14935933958718,-3474.84030619136,-57.3079204503168,0.709822520734899,0.98894626826402,0.0284382198115173,9.33019483978045e-12,8.67267868674973e-39,0.298245764960954,0.000127587819634414,0.490820653138411,0.447526259344552,1.980675,439.8094,344.0793,1.981206,440.0154,344.8564,1.980196,424.6728,342.899,"No issues","No issues","No issues","No issues"
1764,230,2025-05-28,2025-05-28 17:18:00,2025-05-28 17:24:30,2025-05-28 17:14:40,40,0.30398535084416,270.968960600359,-26.2645463414761,0.692744818331623,0.0642322610568033,0.00511081728608539,2.79701187376728e-11,0.114575084814456,0.661120577082668,0.000270480204778833,1.38180525863046,0.48958933310662,1.984079,443.0553,344.1522,1.986013,448.0218,344.3831,1.984079,441.7943,342.4062,"No issues","No issues","No issues","No issues"
1765,240,2025-05-28,2025-05-28 17:30:20,2025-05-28 17:36:50,2025-05-28 17:27:00,40,-0.0919811482177053,-297.175636772987,-118.746830769222,0.0612288631421116,0.064422539115771,0.111009889888178,0.123706044706348,0.114021267329292,0.0356543085830444,0.0004811942834831,1.51305259491099,0.448961936698254,1.986641,443.8189,343.1789,1.988279,447.3601,343.7766,1.986125,440.8187,341.9206,"No issues","No issues","No issues","No issues"
1766,10,2025-05-28,2025-05-28 17:42:40,2025-05-28 17:49:10,2025-05-28 17:39:20,40,0.0378328255158541,-685.230294934305,19.1072060037437,0.140007194684179,0.783221661180799,0.00294474786285688,0.017379672738612,3.49617638143274e-14,0.739460776310945,0.00012527398017092,0.481639413392163,0.46973466119958,1.986493,439.9625,343.3324,1.987007,440.198,343.6083,1.98633,436.627,341.7039,"No issues","No issues","No issues","No issues"
1767,20,2025-05-28,2025-05-28 17:55:00,2025-05-28 18:01:30,2025-05-28 17:51:40,40,0.0740049230767895,340.023876923096,90.8349298311441,0.385337570798788,0.366526842754988,0.0543193563867728,1.92505497979097e-05,3.49002469374377e-05,0.147810312315108,0.00012487575710105,0.597228462074236,0.506369680196286,1.98624,438.5559,342.9222,1.986768,441.2094,344.0534,1.985963,438.3721,341.1856,"No issues","No issues","No issues","No issues"
1768,30,2025-05-28,2025-05-28 18:07:20,2025-05-28 18:13:50,2025-05-28 18:04:00,40,0.0670807654784995,184.598219887451,279.559600750465,0.313013130854841,0.167569536838008,0.470933130078255,0.000174628069105975,0.0087179170542285,1.01844173600395e-06,0.000132773320331774,0.549697577417038,0.395885813690966,1.985292,444.077,344.422,1.985686,446.0054,345.606,1.985035,443.5377,343.1358,"No issues","No issues","No issues","No issues"
1769,40,2025-05-28,2025-05-28 18:19:40,2025-05-28 18:26:10,2025-05-28 18:16:20,40,0.246422363977492,-427.239651782361,153.118550093795,0.860156697169519,0.506258603680611,0.140795494294034,8.07878071850077e-18,2.65129852658166e-07,0.0170421674913951,0.000132749237330124,0.563709015689256,0.505360820386132,1.984624,442.337,345.4823,1.985961,443.5302,347.7063,1.984624,440.2586,345.4823,"No issues","No issues","No issues","No issues"
1770,50,2025-05-28,2025-05-28 18:32:00,2025-05-28 18:38:30,2025-05-28 18:28:40,40,0.0304693733584042,305.581724577869,403.141751594729,0.106524488625175,0.196774105975138,0.645007450861115,0.0398380927003006,0.00414380042101239,4.49553992420968e-10,0.000117896248718984,0.824863563942147,0.399581063082636,1.984416,444.2576,347.452,1.984731,448.152,349.7646,1.984212,444.2244,347.0105,"No issues","No issues","No issues","No issues"
1771,60,2025-05-28,2025-05-28 18:44:20,2025-05-28 18:50:50,2025-05-28 18:41:00,40,0.127414874296442,340.213940712948,560.47201801125,0.514761458701357,0.147596420748906,0.679415395352656,1.89156211157151e-07,0.0143858719059747,6.32479848239551e-11,0.000165277840311785,1.09233711752168,0.514372143542907,1.984334,446.7237,350.3684,1.984724,448.1848,353.7091,1.983778,443.4433,350.3684,"No issues","No issues","No issues","No issues"
1772,70,2025-05-28,2025-05-28 18:56:40,2025-05-28 19:03:10,2025-05-28 18:53:20,40,0.240749628517844,1822.1755947467,-383.154173358355,0.869773940781402,0.960534304847827,0.393673103534192,2.07556706314677e-18,2.79039258811394e-28,1.47108382892025e-05,0.000124460415205382,0.493473153265172,0.635300170047194,1.985732,447.3407,353.7451,1.986561,455.8803,355.7924,1.985439,446.0248,351.9538,"No issues","No issues","No issues","No issues"
1773,80,2025-05-28,2025-05-28 19:09:00,2025-05-28 19:15:30,2025-05-28 19:05:40,40,0.0980623789868789,340.438288930579,-294.901598499048,0.599912660864926,0.194667742594138,0.447749431022596,4.50934320990245e-09,0.00437449120955686,2.35358822431532e-06,0.000106993078025258,0.925121590309592,0.437570018899284,1.987956,449.4266,352.2237,1.98864,453.2788,352.9684,1.987917,448.6947,350.4008,"No issues","No issues","No issues","No issues"
1774,90,2025-05-28,2025-05-28 19:21:20,2025-05-28 19:27:50,2025-05-28 19:18:00,40,0.119869868667773,1797.65760900562,-266.756514821756,0.559937388408793,0.947742223914977,0.446175758041938,2.84268038081786e-08,5.82260184827914e-26,2.48828378177302e-06,0.000141976804788857,0.563971542797252,0.397070750634652,1.987908,450.5009,350.0409,1.988366,459.334,350.0409,1.987582,450.5009,347.7574,"No issues","No issues","No issues","No issues"
1775,100,2025-05-28,2025-05-28 19:33:40,2025-05-28 19:40:10,2025-05-28 19:30:20,40,-0.0369047954972842,340.737609005624,-127.369891181977,0.140217662817072,0.23505387152059,0.115718512348129,0.0172889233753008,0.00152182598895399,0.0317344803622096,0.000122094349964081,0.821242958857242,0.470414272445049,1.98599,450.8206,347.2542,1.986193,455.1922,347.8749,1.985616,450.5993,345.8094,"No issues","No issues","No issues","No issues"
1776,110,2025-05-28,2025-05-28 19:46:00,2025-05-28 19:52:30,2025-05-28 19:42:40,40,0.283546806754264,-581.913077673557,-24.8519954972021,0.836235076639664,0.186441579907152,0.00691348773143953,1.64483295763565e-16,0.00540072851439713,0.609995665587025,0.000167645106093438,1.62405588180579,0.397947770700667,1.983874,457.9153,345.5715,1.985607,457.9153,347.1572,1.983713,448.3581,345.5715,"No issues","No issues","No issues","No issues"
1777,120,2025-05-28,2025-05-28 19:58:20,2025-05-28 20:04:50,2025-05-28 19:55:00,40,0.176157928705393,160.051866416495,-68.7486258912054,0.649661161334441,0.0139019571719854,0.0358655169179323,3.48695350652848e-10,0.468701401285963,0.241838414441823,0.000172831441603827,1.80095426714583,0.476227147918128,1.986213,453.1338,347.0281,1.987138,457.8022,347.0797,1.985997,450.0717,345.0183,"No issues","No issues","No issues","No issues"
1778,130,2025-05-28,2025-05-28 20:10:40,2025-05-28 20:17:10,2025-05-28 20:07:20,40,0.135957613508508,-133.871126454056,-111.818458536573,0.192661549602059,0.0103532829652531,0.102028887047515,0.00460576120482173,0.532135918824329,0.0445262714799394,0.000371837933632899,1.74866990723808,0.443203290141997,1.988474,451.4137,345.0351,1.990113,454.0551,346.7489,1.988273,447.0627,344.5472,"No issues","No issues","No issues","No issues"
1779,140,2025-05-28,2025-05-28 20:23:00,2025-05-28 20:29:30,2025-05-28 20:19:40,40,0.133195407129422,551.995497185726,509.980457786127,0.47256073384657,0.191428900387848,0.635716665308327,9.59032792210082e-07,0.00475369462974499,7.39405343359695e-10,0.000188003757434705,1.51569129494432,0.515776147878871,1.98852,448.1627,346.3377,1.989782,452.2884,348.2308,1.988357,446.1762,344.916,"No issues","No issues","No issues","No issues"
8,80,2025-05-12,NA,NA,2025-05-12 13:18:20,NA,NA,NA,NA,NA,NA,NA,NA,NA,NA,NA,NA,NA,NA,NA,NA,NA,NA,NA,NA,NA,NA,"No issues","No issues","No issues","No issues"
74,20,2025-05-12,NA,NA,2025-05-12 21:35:50,NA,NA,NA,NA,NA,NA,NA,NA,NA,NA,NA,NA,NA,NA,NA,NA,NA,NA,NA,NA,NA,NA,"No issues","No issues","No issues","No issues"
75,170,2025-05-14,NA,NA,2025-05-14 11:06:50,NA,NA,NA,NA,NA,NA,NA,NA,NA,NA,NA,NA,NA,NA,NA,NA,NA,NA,NA,NA,NA,NA,"No issues","No issues","No issues","No issues"
75,170,2025-05-15,NA,NA,2025-05-14 11:06:50,NA,NA,NA,NA,NA,NA,NA,NA,NA,NA,NA,NA,NA,NA,NA,NA,NA,NA,NA,NA,NA,NA,"No issues","No issues","No issues","No issues"
75,170,2025-05-16,NA,NA,2025-05-14 11:06:50,NA,NA,NA,NA,NA,NA,NA,NA,NA,NA,NA,NA,NA,NA,NA,NA,NA,NA,NA,NA,NA,NA,"No issues","Insufficient data","Insufficient data","Insufficient data"
76,10,2025-05-16,NA,NA,2025-05-16 15:07:20,NA,NA,NA,NA,NA,NA,NA,NA,NA,NA,NA,NA,NA,NA,NA,NA,NA,NA,NA,NA,NA,NA,"No issues","No issues","Insufficient data","No issues"
77,20,2025-05-16,NA,NA,2025-05-16 17:23:00,NA,NA,NA,NA,NA,NA,NA,NA,NA,NA,NA,NA,NA,NA,NA,NA,NA,NA,NA,NA,NA,NA,"No issues","No issues","Insufficient data","No issues"
78,30,2025-05-16,NA,NA,2025-05-16 17:32:20,NA,NA,NA,NA,NA,NA,NA,NA,NA,NA,NA,NA,NA,NA,NA,NA,NA,NA,NA,NA,NA,NA,"No issues","No issues","Insufficient data","No issues"
79,40,2025-05-16,NA,NA,2025-05-16 17:41:40,NA,NA,NA,NA,NA,NA,NA,NA,NA,NA,NA,NA,NA,NA,NA,NA,NA,NA,NA,NA,NA,NA,"No issues","No issues","Insufficient data","No issues"
80,50,2025-05-16,NA,NA,2025-05-16 17:51:00,NA,NA,NA,NA,NA,NA,NA,NA,NA,NA,NA,NA,NA,NA,NA,NA,NA,NA,NA,NA,NA,NA,"No issues","No issues","Insufficient data","No issues"
81,60,2025-05-16,NA,NA,2025-05-16 18:00:20,NA,NA,NA,NA,NA,NA,NA,NA,NA,NA,NA,NA,NA,NA,NA,NA,NA,NA,NA,NA,NA,NA,"No issues","No issues","Insufficient data","No issues"
82,70,2025-05-16,NA,NA,2025-05-16 18:09:40,NA,NA,NA,NA,NA,NA,NA,NA,NA,NA,NA,NA,NA,NA,NA,NA,NA,NA,NA,NA,NA,NA,"No issues","No issues","Insufficient data","No issues"
83,80,2025-05-16,NA,NA,2025-05-16 18:19:00,NA,NA,NA,NA,NA,NA,NA,NA,NA,NA,NA,NA,NA,NA,NA,NA,NA,NA,NA,NA,NA,NA,"No issues","No issues","Insufficient data","No issues"
84,90,2025-05-16,NA,NA,2025-05-16 18:28:20,NA,NA,NA,NA,NA,NA,NA,NA,NA,NA,NA,NA,NA,NA,NA,NA,NA,NA,NA,NA,NA,NA,"No issues","No issues","Insufficient data","No issues"
85,100,2025-05-16,NA,NA,2025-05-16 18:37:40,NA,NA,NA,NA,NA,NA,NA,NA,NA,NA,NA,NA,NA,NA,NA,NA,NA,NA,NA,NA,NA,NA,"No issues","No issues","Insufficient data","No issues"
86,110,2025-05-16,NA,NA,2025-05-16 18:47:00,NA,NA,NA,NA,NA,NA,NA,NA,NA,NA,NA,NA,NA,NA,NA,NA,NA,NA,NA,NA,NA,NA,"No issues","No issues","Insufficient data","No issues"
87,120,2025-05-16,NA,NA,2025-05-16 18:56:20,NA,NA,NA,NA,NA,NA,NA,NA,NA,NA,NA,NA,NA,NA,NA,NA,NA,NA,NA,NA,NA,NA,"No issues","No issues","Insufficient data","No issues"
88,130,2025-05-16,NA,NA,2025-05-16 19:05:40,NA,NA,NA,NA,NA,NA,NA,NA,NA,NA,NA,NA,NA,NA,NA,NA,NA,NA,NA,NA,NA,NA,"No issues","No issues","Insufficient data","No issues"
89,140,2025-05-16,NA,NA,2025-05-16 19:15:00,NA,NA,NA,NA,NA,NA,NA,NA,NA,NA,NA,NA,NA,NA,NA,NA,NA,NA,NA,NA,NA,NA,"No issues","No issues","Insufficient data","No issues"
90,150,2025-05-16,NA,NA,2025-05-16 19:24:20,NA,NA,NA,NA,NA,NA,NA,NA,NA,NA,NA,NA,NA,NA,NA,NA,NA,NA,NA,NA,NA,NA,"No issues","No issues","Insufficient data","No issues"
91,160,2025-05-16,NA,NA,2025-05-16 19:33:40,NA,NA,NA,NA,NA,NA,NA,NA,NA,NA,NA,NA,NA,NA,NA,NA,NA,NA,NA,NA,NA,NA,"No issues","No issues","Insufficient data","No issues"
92,170,2025-05-16,NA,NA,2025-05-16 19:43:00,NA,NA,NA,NA,NA,NA,NA,NA,NA,NA,NA,NA,NA,NA,NA,NA,NA,NA,NA,NA,NA,NA,"No issues","No issues","Insufficient data","No issues"
93,180,2025-05-16,NA,NA,2025-05-16 19:52:20,NA,NA,NA,NA,NA,NA,NA,NA,NA,NA,NA,NA,NA,NA,NA,NA,NA,NA,NA,NA,NA,NA,"No issues","No issues","Insufficient data","No issues"
94,190,2025-05-16,NA,NA,2025-05-16 20:01:40,NA,NA,NA,NA,NA,NA,NA,NA,NA,NA,NA,NA,NA,NA,NA,NA,NA,NA,NA,NA,NA,NA,"No issues","No issues","Insufficient data","No issues"
95,200,2025-05-16,NA,NA,2025-05-16 20:11:00,NA,NA,NA,NA,NA,NA,NA,NA,NA,NA,NA,NA,NA,NA,NA,NA,NA,NA,NA,NA,NA,NA,"No issues","No issues","Insufficient data","No issues"
96,210,2025-05-16,NA,NA,2025-05-16 20:20:20,NA,NA,NA,NA,NA,NA,NA,NA,NA,NA,NA,NA,NA,NA,NA,NA,NA,NA,NA,NA,NA,NA,"No issues","No issues","Insufficient data","No issues"
97,220,2025-05-16,NA,NA,2025-05-16 20:29:40,NA,NA,NA,NA,NA,NA,NA,NA,NA,NA,NA,NA,NA,NA,NA,NA,NA,NA,NA,NA,NA,NA,"No issues","No issues","Insufficient data","No issues"
98,230,2025-05-16,NA,NA,2025-05-16 20:39:00,NA,NA,NA,NA,NA,NA,NA,NA,NA,NA,NA,NA,NA,NA,NA,NA,NA,NA,NA,NA,NA,NA,"No issues","No issues","Insufficient data","No issues"
99,240,2025-05-16,NA,NA,2025-05-16 20:48:20,NA,NA,NA,NA,NA,NA,NA,NA,NA,NA,NA,NA,NA,NA,NA,NA,NA,NA,NA,NA,NA,NA,"No issues","No issues","Insufficient data","No issues"
100,10,2025-05-16,NA,NA,2025-05-16 20:57:40,NA,NA,NA,NA,NA,NA,NA,NA,NA,NA,NA,NA,NA,NA,NA,NA,NA,NA,NA,NA,NA,NA,"No issues","No issues","Insufficient data","No issues"
101,20,2025-05-16,NA,NA,2025-05-16 21:07:00,NA,NA,NA,NA,NA,NA,NA,NA,NA,NA,NA,NA,NA,NA,NA,NA,NA,NA,NA,NA,NA,NA,"No issues","No issues","Insufficient data","No issues"
102,30,2025-05-16,NA,NA,2025-05-16 21:16:20,NA,NA,NA,NA,NA,NA,NA,NA,NA,NA,NA,NA,NA,NA,NA,NA,NA,NA,NA,NA,NA,NA,"No issues","No issues","Insufficient data","No issues"
103,40,2025-05-16,NA,NA,2025-05-16 21:25:40,NA,NA,NA,NA,NA,NA,NA,NA,NA,NA,NA,NA,NA,NA,NA,NA,NA,NA,NA,NA,NA,NA,"No issues","No issues","Insufficient data","No issues"
104,50,2025-05-16,NA,NA,2025-05-16 21:35:00,NA,NA,NA,NA,NA,NA,NA,NA,NA,NA,NA,NA,NA,NA,NA,NA,NA,NA,NA,NA,NA,NA,"No issues","No issues","Insufficient data","No issues"
105,60,2025-05-16,NA,NA,2025-05-16 21:44:20,NA,NA,NA,NA,NA,NA,NA,NA,NA,NA,NA,NA,NA,NA,NA,NA,NA,NA,NA,NA,NA,NA,"No issues","No issues","Insufficient data","No issues"
106,70,2025-05-16,NA,NA,2025-05-16 21:53:40,NA,NA,NA,NA,NA,NA,NA,NA,NA,NA,NA,NA,NA,NA,NA,NA,NA,NA,NA,NA,NA,NA,"No issues","No issues","Insufficient data","No issues"
107,80,2025-05-16,NA,NA,2025-05-16 22:03:00,NA,NA,NA,NA,NA,NA,NA,NA,NA,NA,NA,NA,NA,NA,NA,NA,NA,NA,NA,NA,NA,NA,"No issues","No issues","Insufficient data","No issues"
108,90,2025-05-16,NA,NA,2025-05-16 22:12:20,NA,NA,NA,NA,NA,NA,NA,NA,NA,NA,NA,NA,NA,NA,NA,NA,NA,NA,NA,NA,NA,NA,"No issues","No issues","Insufficient data","No issues"
109,100,2025-05-16,NA,NA,2025-05-16 22:21:40,NA,NA,NA,NA,NA,NA,NA,NA,NA,NA,NA,NA,NA,NA,NA,NA,NA,NA,NA,NA,NA,NA,"No issues","No issues","Insufficient data","No issues"
110,110,2025-05-16,NA,NA,2025-05-16 22:31:00,NA,NA,NA,NA,NA,NA,NA,NA,NA,NA,NA,NA,NA,NA,NA,NA,NA,NA,NA,NA,NA,NA,"No issues","No issues","Insufficient data","No issues"
111,120,2025-05-16,NA,NA,2025-05-16 22:40:20,NA,NA,NA,NA,NA,NA,NA,NA,NA,NA,NA,NA,NA,NA,NA,NA,NA,NA,NA,NA,NA,NA,"No issues","No issues","Insufficient data","No issues"
112,130,2025-05-16,NA,NA,2025-05-16 22:49:40,NA,NA,NA,NA,NA,NA,NA,NA,NA,NA,NA,NA,NA,NA,NA,NA,NA,NA,NA,NA,NA,NA,"No issues","No issues","Insufficient data","No issues"
113,140,2025-05-16,NA,NA,2025-05-16 22:59:00,NA,NA,NA,NA,NA,NA,NA,NA,NA,NA,NA,NA,NA,NA,NA,NA,NA,NA,NA,NA,NA,NA,"No issues","Insufficient data","Insufficient data","Insufficient data"
113,140,2025-05-17,NA,NA,2025-05-16 22:59:00,NA,NA,NA,NA,NA,NA,NA,NA,NA,NA,NA,NA,NA,NA,NA,NA,NA,NA,NA,NA,NA,NA,"No issues","No issues","Insufficient data","No issues"
114,150,2025-05-17,NA,NA,2025-05-16 23:08:20,NA,NA,NA,NA,NA,NA,NA,NA,NA,NA,NA,NA,NA,NA,NA,NA,NA,NA,NA,NA,NA,NA,"No issues","No issues","Insufficient data","No issues"
115,160,2025-05-17,NA,NA,2025-05-16 23:17:40,NA,NA,NA,NA,NA,NA,NA,NA,NA,NA,NA,NA,NA,NA,NA,NA,NA,NA,NA,NA,NA,NA,"No issues","No issues","Insufficient data","No issues"
116,170,2025-05-17,NA,NA,2025-05-16 23:27:00,NA,NA,NA,NA,NA,NA,NA,NA,NA,NA,NA,NA,NA,NA,NA,NA,NA,NA,NA,NA,NA,NA,"No issues","No issues","Insufficient data","No issues"
117,180,2025-05-17,NA,NA,2025-05-16 23:36:20,NA,NA,NA,NA,NA,NA,NA,NA,NA,NA,NA,NA,NA,NA,NA,NA,NA,NA,NA,NA,NA,NA,"No issues","No issues","Insufficient data","No issues"
118,190,2025-05-17,NA,NA,2025-05-16 23:45:40,NA,NA,NA,NA,NA,NA,NA,NA,NA,NA,NA,NA,NA,NA,NA,NA,NA,NA,NA,NA,NA,NA,"No issues","No issues","Insufficient data","No issues"
119,200,2025-05-17,NA,NA,2025-05-16 23:55:00,NA,NA,NA,NA,NA,NA,NA,NA,NA,NA,NA,NA,NA,NA,NA,NA,NA,NA,NA,NA,NA,NA,"No issues","No issues","Insufficient data","No issues"
120,210,2025-05-17,NA,NA,2025-05-17 00:04:20,NA,NA,NA,NA,NA,NA,NA,NA,NA,NA,NA,NA,NA,NA,NA,NA,NA,NA,NA,NA,NA,NA,"No issues","No issues","Insufficient data","No issues"
121,220,2025-05-17,NA,NA,2025-05-17 00:13:40,NA,NA,NA,NA,NA,NA,NA,NA,NA,NA,NA,NA,NA,NA,NA,NA,NA,NA,NA,NA,NA,NA,"No issues","No issues","Insufficient data","No issues"
122,230,2025-05-17,NA,NA,2025-05-17 00:23:00,NA,NA,NA,NA,NA,NA,NA,NA,NA,NA,NA,NA,NA,NA,NA,NA,NA,NA,NA,NA,NA,NA,"No issues","No issues","Insufficient data","No issues"
123,240,2025-05-17,NA,NA,2025-05-17 00:32:20,NA,NA,NA,NA,NA,NA,NA,NA,NA,NA,NA,NA,NA,NA,NA,NA,NA,NA,NA,NA,NA,NA,"No issues","No issues","Insufficient data","No issues"
124,10,2025-05-17,NA,NA,2025-05-17 00:41:40,NA,NA,NA,NA,NA,NA,NA,NA,NA,NA,NA,NA,NA,NA,NA,NA,NA,NA,NA,NA,NA,NA,"No issues","No issues","Insufficient data","No issues"
125,20,2025-05-17,NA,NA,2025-05-17 00:51:00,NA,NA,NA,NA,NA,NA,NA,NA,NA,NA,NA,NA,NA,NA,NA,NA,NA,NA,NA,NA,NA,NA,"No issues","No issues","Insufficient data","No issues"
126,30,2025-05-17,NA,NA,2025-05-17 01:00:20,NA,NA,NA,NA,NA,NA,NA,NA,NA,NA,NA,NA,NA,NA,NA,NA,NA,NA,NA,NA,NA,NA,"No issues","No issues","Insufficient data","No issues"
127,40,2025-05-17,NA,NA,2025-05-17 01:09:40,NA,NA,NA,NA,NA,NA,NA,NA,NA,NA,NA,NA,NA,NA,NA,NA,NA,NA,NA,NA,NA,NA,"No issues","No issues","Insufficient data","No issues"
128,50,2025-05-17,NA,NA,2025-05-17 01:19:00,NA,NA,NA,NA,NA,NA,NA,NA,NA,NA,NA,NA,NA,NA,NA,NA,NA,NA,NA,NA,NA,NA,"No issues","No issues","Insufficient data","No issues"
129,60,2025-05-17,NA,NA,2025-05-17 01:28:20,NA,NA,NA,NA,NA,NA,NA,NA,NA,NA,NA,NA,NA,NA,NA,NA,NA,NA,NA,NA,NA,NA,"No issues","No issues","Insufficient data","No issues"
130,70,2025-05-17,NA,NA,2025-05-17 01:37:40,NA,NA,NA,NA,NA,NA,NA,NA,NA,NA,NA,NA,NA,NA,NA,NA,NA,NA,NA,NA,NA,NA,"No issues","No issues","Insufficient data","No issues"
131,80,2025-05-17,NA,NA,2025-05-17 01:47:00,NA,NA,NA,NA,NA,NA,NA,NA,NA,NA,NA,NA,NA,NA,NA,NA,NA,NA,NA,NA,NA,NA,"No issues","No issues","Insufficient data","No issues"
132,90,2025-05-17,NA,NA,2025-05-17 01:56:20,NA,NA,NA,NA,NA,NA,NA,NA,NA,NA,NA,NA,NA,NA,NA,NA,NA,NA,NA,NA,NA,NA,"No issues","No issues","Insufficient data","No issues"
133,100,2025-05-17,NA,NA,2025-05-17 02:05:40,NA,NA,NA,NA,NA,NA,NA,NA,NA,NA,NA,NA,NA,NA,NA,NA,NA,NA,NA,NA,NA,NA,"No issues","No issues","Insufficient data","No issues"
134,110,2025-05-17,NA,NA,2025-05-17 02:15:00,NA,NA,NA,NA,NA,NA,NA,NA,NA,NA,NA,NA,NA,NA,NA,NA,NA,NA,NA,NA,NA,NA,"No issues","No issues","Insufficient data","No issues"
135,120,2025-05-17,NA,NA,2025-05-17 02:24:20,NA,NA,NA,NA,NA,NA,NA,NA,NA,NA,NA,NA,NA,NA,NA,NA,NA,NA,NA,NA,NA,NA,"No issues","No issues","Insufficient data","No issues"
136,130,2025-05-17,NA,NA,2025-05-17 02:33:40,NA,NA,NA,NA,NA,NA,NA,NA,NA,NA,NA,NA,NA,NA,NA,NA,NA,NA,NA,NA,NA,NA,"No issues","No issues","Insufficient data","No issues"
137,140,2025-05-17,NA,NA,2025-05-17 02:43:00,NA,NA,NA,NA,NA,NA,NA,NA,NA,NA,NA,NA,NA,NA,NA,NA,NA,NA,NA,NA,NA,NA,"No issues","No issues","Insufficient data","No issues"
138,150,2025-05-17,NA,NA,2025-05-17 02:52:20,NA,NA,NA,NA,NA,NA,NA,NA,NA,NA,NA,NA,NA,NA,NA,NA,NA,NA,NA,NA,NA,NA,"No issues","No issues","Insufficient data","No issues"
139,160,2025-05-17,NA,NA,2025-05-17 03:01:40,NA,NA,NA,NA,NA,NA,NA,NA,NA,NA,NA,NA,NA,NA,NA,NA,NA,NA,NA,NA,NA,NA,"No issues","No issues","Insufficient data","No issues"
140,170,2025-05-17,NA,NA,2025-05-17 03:11:00,NA,NA,NA,NA,NA,NA,NA,NA,NA,NA,NA,NA,NA,NA,NA,NA,NA,NA,NA,NA,NA,NA,"No issues","No issues","Insufficient data","No issues"
141,180,2025-05-17,NA,NA,2025-05-17 03:20:20,NA,NA,NA,NA,NA,NA,NA,NA,NA,NA,NA,NA,NA,NA,NA,NA,NA,NA,NA,NA,NA,NA,"No issues","No issues","Insufficient data","No issues"
142,190,2025-05-17,NA,NA,2025-05-17 03:29:40,NA,NA,NA,NA,NA,NA,NA,NA,NA,NA,NA,NA,NA,NA,NA,NA,NA,NA,NA,NA,NA,NA,"No issues","No issues","Insufficient data","No issues"
143,200,2025-05-17,NA,NA,2025-05-17 03:39:00,NA,NA,NA,NA,NA,NA,NA,NA,NA,NA,NA,NA,NA,NA,NA,NA,NA,NA,NA,NA,NA,NA,"No issues","No issues","Insufficient data","No issues"
144,210,2025-05-17,NA,NA,2025-05-17 03:48:20,NA,NA,NA,NA,NA,NA,NA,NA,NA,NA,NA,NA,NA,NA,NA,NA,NA,NA,NA,NA,NA,NA,"No issues","No issues","Insufficient data","No issues"
145,220,2025-05-17,NA,NA,2025-05-17 03:57:40,NA,NA,NA,NA,NA,NA,NA,NA,NA,NA,NA,NA,NA,NA,NA,NA,NA,NA,NA,NA,NA,NA,"No issues","No issues","Insufficient data","No issues"
146,230,2025-05-17,NA,NA,2025-05-17 04:07:00,NA,NA,NA,NA,NA,NA,NA,NA,NA,NA,NA,NA,NA,NA,NA,NA,NA,NA,NA,NA,NA,NA,"No issues","No issues","Insufficient data","No issues"
147,240,2025-05-17,NA,NA,2025-05-17 04:16:20,NA,NA,NA,NA,NA,NA,NA,NA,NA,NA,NA,NA,NA,NA,NA,NA,NA,NA,NA,NA,NA,NA,"No issues","No issues","Insufficient data","No issues"
148,10,2025-05-17,NA,NA,2025-05-17 04:25:40,NA,NA,NA,NA,NA,NA,NA,NA,NA,NA,NA,NA,NA,NA,NA,NA,NA,NA,NA,NA,NA,NA,"No issues","No issues","Insufficient data","No issues"
149,20,2025-05-17,NA,NA,2025-05-17 04:35:00,NA,NA,NA,NA,NA,NA,NA,NA,NA,NA,NA,NA,NA,NA,NA,NA,NA,NA,NA,NA,NA,NA,"No issues","No issues","Insufficient data","No issues"
150,30,2025-05-17,NA,NA,2025-05-17 04:44:20,NA,NA,NA,NA,NA,NA,NA,NA,NA,NA,NA,NA,NA,NA,NA,NA,NA,NA,NA,NA,NA,NA,"No issues","No issues","Insufficient data","No issues"
151,40,2025-05-17,NA,NA,2025-05-17 04:53:40,NA,NA,NA,NA,NA,NA,NA,NA,NA,NA,NA,NA,NA,NA,NA,NA,NA,NA,NA,NA,NA,NA,"No issues","No issues","Insufficient data","No issues"
152,50,2025-05-17,NA,NA,2025-05-17 05:03:00,NA,NA,NA,NA,NA,NA,NA,NA,NA,NA,NA,NA,NA,NA,NA,NA,NA,NA,NA,NA,NA,NA,"No issues","No issues","Insufficient data","No issues"
153,60,2025-05-17,NA,NA,2025-05-17 05:12:20,NA,NA,NA,NA,NA,NA,NA,NA,NA,NA,NA,NA,NA,NA,NA,NA,NA,NA,NA,NA,NA,NA,"No issues","No issues","Insufficient data","No issues"
154,70,2025-05-17,NA,NA,2025-05-17 05:21:40,NA,NA,NA,NA,NA,NA,NA,NA,NA,NA,NA,NA,NA,NA,NA,NA,NA,NA,NA,NA,NA,NA,"No issues","No issues","Insufficient data","No issues"
155,80,2025-05-17,NA,NA,2025-05-17 05:31:00,NA,NA,NA,NA,NA,NA,NA,NA,NA,NA,NA,NA,NA,NA,NA,NA,NA,NA,NA,NA,NA,NA,"No issues","No issues","Insufficient data","No issues"
156,90,2025-05-17,NA,NA,2025-05-17 05:40:20,NA,NA,NA,NA,NA,NA,NA,NA,NA,NA,NA,NA,NA,NA,NA,NA,NA,NA,NA,NA,NA,NA,"No issues","No issues","Insufficient data","No issues"
157,100,2025-05-17,NA,NA,2025-05-17 05:49:40,NA,NA,NA,NA,NA,NA,NA,NA,NA,NA,NA,NA,NA,NA,NA,NA,NA,NA,NA,NA,NA,NA,"No issues","No issues","Insufficient data","No issues"
158,110,2025-05-17,NA,NA,2025-05-17 05:59:00,NA,NA,NA,NA,NA,NA,NA,NA,NA,NA,NA,NA,NA,NA,NA,NA,NA,NA,NA,NA,NA,NA,"No issues","No issues","Insufficient data","No issues"
159,120,2025-05-17,NA,NA,2025-05-17 06:08:20,NA,NA,NA,NA,NA,NA,NA,NA,NA,NA,NA,NA,NA,NA,NA,NA,NA,NA,NA,NA,NA,NA,"No issues","No issues","Insufficient data","No issues"
160,130,2025-05-17,NA,NA,2025-05-17 06:17:40,NA,NA,NA,NA,NA,NA,NA,NA,NA,NA,NA,NA,NA,NA,NA,NA,NA,NA,NA,NA,NA,NA,"No issues","No issues","Insufficient data","No issues"
161,140,2025-05-17,NA,NA,2025-05-17 06:27:00,NA,NA,NA,NA,NA,NA,NA,NA,NA,NA,NA,NA,NA,NA,NA,NA,NA,NA,NA,NA,NA,NA,"No issues","No issues","Insufficient data","No issues"
162,150,2025-05-17,NA,NA,2025-05-17 06:36:20,NA,NA,NA,NA,NA,NA,NA,NA,NA,NA,NA,NA,NA,NA,NA,NA,NA,NA,NA,NA,NA,NA,"No issues","No issues","Insufficient data","No issues"
163,160,2025-05-17,NA,NA,2025-05-17 06:45:40,NA,NA,NA,NA,NA,NA,NA,NA,NA,NA,NA,NA,NA,NA,NA,NA,NA,NA,NA,NA,NA,NA,"No issues","No issues","Insufficient data","No issues"
164,170,2025-05-17,NA,NA,2025-05-17 06:55:00,NA,NA,NA,NA,NA,NA,NA,NA,NA,NA,NA,NA,NA,NA,NA,NA,NA,NA,NA,NA,NA,NA,"No issues","No issues","Insufficient data","No issues"
165,180,2025-05-17,NA,NA,2025-05-17 07:04:20,NA,NA,NA,NA,NA,NA,NA,NA,NA,NA,NA,NA,NA,NA,NA,NA,NA,NA,NA,NA,NA,NA,"No issues","No issues","Insufficient data","No issues"
166,190,2025-05-17,NA,NA,2025-05-17 07:13:40,NA,NA,NA,NA,NA,NA,NA,NA,NA,NA,NA,NA,NA,NA,NA,NA,NA,NA,NA,NA,NA,NA,"No issues","No issues","Insufficient data","No issues"
167,200,2025-05-17,NA,NA,2025-05-17 07:23:00,NA,NA,NA,NA,NA,NA,NA,NA,NA,NA,NA,NA,NA,NA,NA,NA,NA,NA,NA,NA,NA,NA,"No issues","No issues","Insufficient data","No issues"
168,210,2025-05-17,NA,NA,2025-05-17 07:32:20,NA,NA,NA,NA,NA,NA,NA,NA,NA,NA,NA,NA,NA,NA,NA,NA,NA,NA,NA,NA,NA,NA,"No issues","No issues","Insufficient data","No issues"
169,220,2025-05-17,NA,NA,2025-05-17 07:41:40,NA,NA,NA,NA,NA,NA,NA,NA,NA,NA,NA,NA,NA,NA,NA,NA,NA,NA,NA,NA,NA,NA,"No issues","No issues","Insufficient data","No issues"
170,230,2025-05-17,NA,NA,2025-05-17 07:51:00,NA,NA,NA,NA,NA,NA,NA,NA,NA,NA,NA,NA,NA,NA,NA,NA,NA,NA,NA,NA,NA,NA,"No issues","No issues","Insufficient data","No issues"
171,240,2025-05-17,NA,NA,2025-05-17 08:00:20,NA,NA,NA,NA,NA,NA,NA,NA,NA,NA,NA,NA,NA,NA,NA,NA,NA,NA,NA,NA,NA,NA,"No issues","No issues","Insufficient data","No issues"
172,10,2025-05-17,NA,NA,2025-05-17 08:09:40,NA,NA,NA,NA,NA,NA,NA,NA,NA,NA,NA,NA,NA,NA,NA,NA,NA,NA,NA,NA,NA,NA,"No issues","No issues","Insufficient data","No issues"
173,20,2025-05-17,NA,NA,2025-05-17 08:19:00,NA,NA,NA,NA,NA,NA,NA,NA,NA,NA,NA,NA,NA,NA,NA,NA,NA,NA,NA,NA,NA,NA,"No issues","No issues","Insufficient data","No issues"
174,30,2025-05-17,NA,NA,2025-05-17 08:28:20,NA,NA,NA,NA,NA,NA,NA,NA,NA,NA,NA,NA,NA,NA,NA,NA,NA,NA,NA,NA,NA,NA,"No issues","No issues","Insufficient data","No issues"
175,40,2025-05-17,NA,NA,2025-05-17 08:37:40,NA,NA,NA,NA,NA,NA,NA,NA,NA,NA,NA,NA,NA,NA,NA,NA,NA,NA,NA,NA,NA,NA,"No issues","No issues","Insufficient data","No issues"
176,50,2025-05-17,NA,NA,2025-05-17 08:47:00,NA,NA,NA,NA,NA,NA,NA,NA,NA,NA,NA,NA,NA,NA,NA,NA,NA,NA,NA,NA,NA,NA,"No issues","No issues","Insufficient data","No issues"
177,60,2025-05-17,NA,NA,2025-05-17 08:56:20,NA,NA,NA,NA,NA,NA,NA,NA,NA,NA,NA,NA,NA,NA,NA,NA,NA,NA,NA,NA,NA,NA,"No issues","No issues","Insufficient data","No issues"
178,70,2025-05-17,NA,NA,2025-05-17 09:05:40,NA,NA,NA,NA,NA,NA,NA,NA,NA,NA,NA,NA,NA,NA,NA,NA,NA,NA,NA,NA,NA,NA,"No issues","No issues","Insufficient data","No issues"
179,80,2025-05-17,NA,NA,2025-05-17 09:15:00,NA,NA,NA,NA,NA,NA,NA,NA,NA,NA,NA,NA,NA,NA,NA,NA,NA,NA,NA,NA,NA,NA,"No issues","No issues","Insufficient data","No issues"
180,90,2025-05-17,NA,NA,2025-05-17 09:24:20,NA,NA,NA,NA,NA,NA,NA,NA,NA,NA,NA,NA,NA,NA,NA,NA,NA,NA,NA,NA,NA,NA,"No issues","No issues","Insufficient data","No issues"
181,100,2025-05-17,NA,NA,2025-05-17 09:33:40,NA,NA,NA,NA,NA,NA,NA,NA,NA,NA,NA,NA,NA,NA,NA,NA,NA,NA,NA,NA,NA,NA,"No issues","No issues","Insufficient data","No issues"
182,110,2025-05-17,NA,NA,2025-05-17 09:43:00,NA,NA,NA,NA,NA,NA,NA,NA,NA,NA,NA,NA,NA,NA,NA,NA,NA,NA,NA,NA,NA,NA,"No issues","No issues","Insufficient data","No issues"
183,120,2025-05-17,NA,NA,2025-05-17 09:52:20,NA,NA,NA,NA,NA,NA,NA,NA,NA,NA,NA,NA,NA,NA,NA,NA,NA,NA,NA,NA,NA,NA,"No issues","No issues","Insufficient data","No issues"
184,130,2025-05-17,NA,NA,2025-05-17 10:01:40,NA,NA,NA,NA,NA,NA,NA,NA,NA,NA,NA,NA,NA,NA,NA,NA,NA,NA,NA,NA,NA,NA,"No issues","No issues","Insufficient data","No issues"
185,140,2025-05-17,NA,NA,2025-05-17 10:11:00,NA,NA,NA,NA,NA,NA,NA,NA,NA,NA,NA,NA,NA,NA,NA,NA,NA,NA,NA,NA,NA,NA,"No issues","No issues","Insufficient data","No issues"
186,150,2025-05-17,NA,NA,2025-05-17 10:20:20,NA,NA,NA,NA,NA,NA,NA,NA,NA,NA,NA,NA,NA,NA,NA,NA,NA,NA,NA,NA,NA,NA,"No issues","No issues","Insufficient data","No issues"
187,160,2025-05-17,NA,NA,2025-05-17 10:29:40,NA,NA,NA,NA,NA,NA,NA,NA,NA,NA,NA,NA,NA,NA,NA,NA,NA,NA,NA,NA,NA,NA,"No issues","Insufficient data","Insufficient data","Insufficient data"
188,30,2025-05-17,NA,NA,2025-05-17 12:16:20,NA,NA,NA,NA,NA,NA,NA,NA,NA,NA,NA,NA,NA,NA,NA,NA,NA,NA,NA,NA,NA,NA,"No issues","Insufficient data","Insufficient data","Insufficient data"
189,40,2025-05-17,NA,NA,2025-05-17 12:21:40,NA,NA,NA,NA,NA,NA,NA,NA,NA,NA,NA,NA,NA,NA,NA,NA,NA,NA,NA,NA,NA,NA,"No issues","No issues","Insufficient data","No issues"
190,50,2025-05-17,NA,NA,2025-05-17 12:31:00,NA,NA,NA,NA,NA,NA,NA,NA,NA,NA,NA,NA,NA,NA,NA,NA,NA,NA,NA,NA,NA,NA,"No issues","No issues","Insufficient data","No issues"
191,60,2025-05-17,NA,NA,2025-05-17 12:40:20,NA,NA,NA,NA,NA,NA,NA,NA,NA,NA,NA,NA,NA,NA,NA,NA,NA,NA,NA,NA,NA,NA,"No issues","No issues","Insufficient data","No issues"
192,70,2025-05-17,NA,NA,2025-05-17 12:49:40,NA,NA,NA,NA,NA,NA,NA,NA,NA,NA,NA,NA,NA,NA,NA,NA,NA,NA,NA,NA,NA,NA,"No issues","No issues","Insufficient data","No issues"
193,80,2025-05-17,NA,NA,2025-05-17 12:59:00,NA,NA,NA,NA,NA,NA,NA,NA,NA,NA,NA,NA,NA,NA,NA,NA,NA,NA,NA,NA,NA,NA,"No issues","No issues","Insufficient data","No issues"
194,90,2025-05-17,NA,NA,2025-05-17 13:08:20,NA,NA,NA,NA,NA,NA,NA,NA,NA,NA,NA,NA,NA,NA,NA,NA,NA,NA,NA,NA,NA,NA,"No issues","No issues","Insufficient data","No issues"
195,100,2025-05-17,NA,NA,2025-05-17 13:19:30,NA,NA,NA,NA,NA,NA,NA,NA,NA,NA,NA,NA,NA,NA,NA,NA,NA,NA,NA,NA,NA,NA,"No issues","No issues","Insufficient data","No issues"
196,110,2025-05-17,NA,NA,2025-05-17 13:31:20,NA,NA,NA,NA,NA,NA,NA,NA,NA,NA,NA,NA,NA,NA,NA,NA,NA,NA,NA,NA,NA,NA,"No issues","No issues","Insufficient data","No issues"
272,150,2025-05-17,NA,NA,2025-05-17 22:56:20,NA,NA,NA,NA,NA,NA,NA,NA,NA,NA,NA,NA,NA,NA,NA,NA,NA,NA,NA,NA,NA,NA,"No issues","No issues","No issues","No issues"
468,190,2025-05-19,NA,NA,2025-05-18 22:53:40,NA,NA,NA,NA,NA,NA,NA,NA,NA,NA,NA,NA,NA,NA,NA,NA,NA,NA,NA,NA,NA,NA,"No issues","No issues","No issues","No issues"
539,180,2025-05-19,NA,NA,2025-05-19 07:34:20,NA,NA,NA,NA,NA,NA,NA,NA,NA,NA,NA,NA,NA,NA,NA,NA,NA,NA,NA,NA,NA,NA,"No issues","No issues","No issues","No issues"
811,20,2025-05-20,NA,NA,2025-05-20 22:59:00,NA,NA,NA,NA,NA,NA,NA,NA,NA,NA,NA,NA,NA,NA,NA,NA,NA,NA,NA,NA,NA,NA,"No issues","No issues","No issues","No issues"
925,200,2025-05-21,NA,NA,2025-05-21 12:55:00,NA,NA,NA,NA,NA,NA,NA,NA,NA,NA,NA,NA,NA,NA,NA,NA,NA,NA,NA,NA,NA,NA,"No issues","Insufficient data","Insufficient data","Insufficient data"
1208,190,2025-05-23,NA,NA,2025-05-23 22:57:20,NA,NA,NA,NA,NA,NA,NA,NA,NA,NA,NA,NA,NA,NA,NA,NA,NA,NA,NA,NA,NA,NA,"No issues","No issues","No issues","No issues"
1324,150,2025-05-25,NA,NA,2025-05-24 22:48:00,NA,NA,NA,NA,NA,NA,NA,NA,NA,NA,NA,NA,NA,NA,NA,NA,NA,NA,NA,NA,NA,NA,"No issues","Insufficient data","Insufficient data","Insufficient data"
1675,60,2025-05-27,NA,NA,2025-05-27 22:57:00,NA,NA,NA,NA,NA,NA,NA,NA,NA,NA,NA,NA,NA,NA,NA,NA,NA,NA,NA,NA,NA,NA,"No issues","No issues","No issues","No issues"
